player,hole,par,p_eagle_or_better,p_birdie,p_par,p_bogey,p_double_or_worse
"Aberg, Ludvig",1,4,0.010035658814402493,0.21291525906537878,0.5653332707039664,0.20265757386953132,0.00905823754672097
"Aberg, Ludvig",2,4,0.0030529324873417307,0.1279425602893498,0.5599900870985601,0.2919687466484736,0.017045673476274725
"Aberg, Ludvig",3,5,0.062325168882905235,0.4375013269349983,0.43774152338243594,0.061360907670138465,0.0010710731295220377
"Aberg, Ludvig",4,4,0.009158942001701087,0.21019721134358088,0.5717858236976228,0.20055122976128925,0.008306793195806073
"Aberg, Ludvig",5,4,0.026307630828095785,0.3507897898659801,0.5281154037376203,0.09312904131015154,0.0016581342581523106
"Aberg, Ludvig",6,3,0.008482232166049042,0.21684306145750654,0.5849239955730358,0.18374760097465392,0.006003109828754738
"Aberg, Ludvig",7,4,0.002895898193215507,0.14621624639620878,0.6022694400760586,0.24037455370376137,0.008243861630755633
"Aberg, Ludvig",8,4,0.00443530517799684,0.142476349051272,0.550670268432407,0.28386926919845656,0.0185488081398677
"Aberg, Ludvig",9,3,0.0018089049922739298,0.12954380127762144,0.6171088520716013,0.24457865595084394,0.006959785707659427
"Aberg, Ludvig",10,5,0.04334920783460855,0.36075952057123856,0.48609724281682254,0.10630589218698028,0.003488136590350077
"Aberg, Ludvig",11,4,0.008808052478092743,0.20591802791161617,0.5714814025681743,0.20506053533376223,0.008731981708354541
"Aberg, Ludvig",12,3,0.0021658861732380408,0.19266535625840608,0.6764511524552115,0.12782911643831774,0.0008884886748267151
"Aberg, Ludvig",13,4,0.012351624610781597,0.28753023600309485,0.5843734733934693,0.11398212949917785,0.001762536493476352
"Aberg, Ludvig",14,3,0.007856275310782979,0.24904725454285942,0.6095285102736273,0.1315303898930006,0.002037569979729703
"Aberg, Ludvig",15,4,0.008341464907770268,0.21127646887703622,0.58178795794702,0.19177762176951918,0.006816486498654295
"Aberg, Ludvig",16,5,0.04340047185867868,0.3671473617293904,0.48566215993774137,0.10077946852097697,0.0030105379532125998
"Aberg, Ludvig",17,3,0.0019523529236272763,0.1481000665861788,0.6419366293707476,0.20413734825176855,0.0038736028676777945
"Aberg, Ludvig",18,4,0.0033059377592274952,0.11424315688442666,0.5159476811959889,0.33573257661050016,0.03077064754985681
"An, Byeong Hun",1,4,0.00911183286629097,0.2032378155127162,0.5653513685955452,0.21232164276947585,0.009977340255971745
"An, Byeong Hun",2,4,0.0027229767997332677,0.12049377523368116,0.5544872548165376,0.3036079297169172,0.018688063433130786
"An, Byeong Hun",3,5,0.05809870437371367,0.4276111701856776,0.4473897595570564,0.06569525204935656,0.001205113834195748
"An, Byeong Hun",4,4,0.008295087158878722,0.2004144455887208,0.5717814618340048,0.2103372951945499,0.009171710223845775
"An, Byeong Hun",5,4,0.024104048886654517,0.3388487555250286,0.535781948774818,0.09939542621297526,0.0018698206005236528
"An, Byeong Hun",6,3,0.007651451029017153,0.2065335710931166,0.5856864472948766,0.19345380995050832,0.006674720632481312
"An, Byeong Hun",7,4,0.002563245784861945,0.1375337821085797,0.5985595399040744,0.25216405348777404,0.009179378714709863
"An, Byeong Hun",8,4,0.003987407087740258,0.13477319919875247,0.5460966690360585,0.2948898908429127,0.02025283383453602
"An, Byeong Hun",9,3,0.0015839524618269096,0.12117975413826532,0.6123634835462408,0.25707127929554263,0.00780153055812427
"An, Byeong Hun",10,5,0.04032070507781238,0.35071293794205355,0.4926734789094654,0.1124328606749837,0.003860017395684978
"An, Byeong Hun",11,4,0.00797413022195581,0.1962472810928957,0.5712007474468859,0.21494329543906576,0.00963454579919687
"An, Byeong Hun",12,3,0.0018725142102736791,0.18054976386268357,0.6789556792633842,0.13758437713798766,0.0010376655256709721
"An, Byeong Hun",13,4,0.011136003759199153,0.27509639422159055,0.5901000263991015,0.12166729731311843,0.002000278306990344
"An, Byeong Hun",14,3,0.00702147914708523,0.23695791553350343,0.6134958122806122,0.14020935449727912,0.002315438541520054
"An, Byeong Hun",15,4,0.007529122036481373,0.20120040704373077,0.5820992953709153,0.20161005582511748,0.007561119723755061
"An, Byeong Hun",16,5,0.040336966859796264,0.3569385820694023,0.49262103398752866,0.10676313761489287,0.003340279468379892
"An, Byeong Hun",17,3,0.0017035472941796526,0.13862352752096163,0.6392304666977187,0.21604919886241047,0.004393259624729584
"An, Byeong Hun",18,4,0.0029704567479035826,0.10777606607649565,0.5094091243579766,0.34654308919169396,0.03330126362593022
"Bairstow, Sam",1,4,0.0076389762470541744,0.186436520216946,0.5638895204463359,0.23020229131670034,0.011832691772963644
"Bairstow, Sam",2,4,0.0022103896848325033,0.10786639536466774,0.5432153019803566,0.3247329170297053,0.021974995940437836
"Bairstow, Sam",3,5,0.05107979544899832,0.40934478076415937,0.464037912270166,0.0740526439186664,0.0014848675980099202
"Bairstow, Sam",4,4,0.0069225381184416235,0.18345701792761726,0.5702288737665593,0.22846816144388016,0.010923408743501728
"Bairstow, Sam",5,4,0.020536892566656362,0.3174980435060831,0.548272132426028,0.11138056326701462,0.0023123682342178764
"Bairstow, Sam",6,3,0.006338363634268429,0.18867247898565165,0.5853960411855414,0.21154473713156297,0.008048379062975508
"Bairstow, Sam",7,4,0.0020515313417259207,0.12280741803994916,0.590143203076057,0.2739043282521353,0.01109351929013258
"Bairstow, Sam",8,4,0.0032838903030499855,0.12162944776896745,0.5365496609787069,0.3148917357026797,0.023645265246595937
"Bairstow, Sam",9,3,0.0012430414708038406,0.10710630144741345,0.6019712986737464,0.2801402118942258,0.009539146513810493
"Bairstow, Sam",10,5,0.03531627142818633,0.33256044651037936,0.5034885041604863,0.1240171286125823,0.004617649288365722
"Bairstow, Sam",11,4,0.006649971462826476,0.17949967984026632,0.569157345156544,0.233232421692253,0.011460581848110163
"Bairstow, Sam",12,3,0.0014348940948878952,0.15998273173366756,0.6809063994431269,0.15631164273090858,0.0013643319974090407
"Bairstow, Sam",13,4,0.00921315577466203,0.2532836832631201,0.5986762254944189,0.1363257133393314,0.002501222128467484
"Bairstow, Sam",14,3,0.0057175300374861515,0.2159685522512031,0.618711283395093,0.15670100946583343,0.0029016248503843656
"Bairstow, Sam",15,4,0.006244264800734589,0.18375660307955194,0.5810295987677263,0.21989058691735786,0.009078946434629254
"Bairstow, Sam",16,5,0.035279223661095205,0.3384754785225564,0.5041261817393579,0.11810454933643422,0.004014566740556336
"Bairstow, Sam",17,3,0.0013281110596254364,0.12263483838236505,0.6322426344406809,0.23831014877198897,0.005484267345339688
"Bairstow, Sam",18,4,0.002444285680437419,0.09680712686071163,0.49660196849639454,0.365873391551355,0.038273227411101396
"Berger, Daniel",1,4,0.008743092966720878,0.19920107316580588,0.5651789863544981,0.21648576625219673,0.010391081260778368
"Berger, Daniel",2,4,0.0025930386044900056,0.11742452324955205,0.5519832123802273,0.3085749892855012,0.019424236480229506
"Berger, Daniel",3,5,0.05637573314961608,0.4233517121983012,0.45140404964728403,0.0676020414342754,0.0012664635705232907
"Berger, Daniel",4,4,0.007950891817676553,0.19633702465450992,0.5715934647964819,0.21455691684461764,0.009561701886714014
"Berger, Daniel",5,4,0.023217483880006273,0.33379136863037034,0.5388832559875109,0.10214109753720446,0.0019667939649080646
"Berger, Daniel",6,3,0.007321327530071753,0.20223764341702483,0.5858102090997899,0.19765176890827707,0.006979051044836426
"Berger, Daniel",7,4,0.0024329100670205106,0.1339550255768031,0.5967727123546727,0.2572359578153123,0.009603394186191494
"Berger, Daniel",8,4,0.0038100119633939777,0.13158857691409664,0.5439940517256989,0.2995927531916619,0.02101460620514861
"Berger, Daniel",9,3,0.0014964969979101017,0.1177462745367569,0.6101227879235205,0.2624496891132734,0.008184751428539139
"Berger, Daniel",10,5,0.03908931318731129,0.3464352847943516,0.4953455327395612,0.11510168468432225,0.004028184594453643
"Berger, Daniel",11,4,0.007641969906165669,0.19221849279601494,0.5708960796056303,0.2192021577932941,0.010041299898895018
"Berger, Daniel",12,3,0.0017593874079721572,0.17555281768254305,0.6797124649379609,0.14186772274417536,0.0011076072273485948
"Berger, Daniel",13,4,0.010652737364155895,0.2698814280910166,0.5923260408386619,0.12503017338270905,0.002109620323456518
"Berger, Daniel",14,3,0.006691768960038258,0.2319143713477132,0.6149505461850158,0.14399999970799593,0.0024433137992367904
"Berger, Daniel",15,4,0.00720620826016416,0.1970033790936917,0.5820352167212637,0.20585723307851556,0.007897962846364903
"Berger, Daniel",16,5,0.039091908793759955,0.35258968002097263,0.4954559199620058,0.10937282172242768,0.0034896695008339584
"Berger, Daniel",17,3,0.0016070333977478146,0.13472775895780092,0.6378246348795247,0.22120872311085982,0.004631849654066711
"Berger, Daniel",18,4,0.0028376897563091585,0.10511074024886075,0.5065047568928529,0.35112174548070807,0.03442506762126918
"Bezuidenhout, Christiaan",1,4,0.008805005895681395,0.1998862562914867,0.5652159473317484,0.2157732732823756,0.010319517198707828
"Bezuidenhout, Christiaan",2,4,0.00261478320338987,0.11794391563127893,0.5524171047057769,0.3077271587069018,0.019297037752652457
"Bezuidenhout, Christiaan",3,5,0.05666653991810633,0.4240803521364369,0.4507232010812592,0.06727409856800315,0.0012558082961944272
"Bezuidenhout, Christiaan",4,4,0.008008658302355143,0.19702897453955087,0.5716333431555558,0.21383480562845125,0.009494218374086927
"Bezuidenhout, Christiaan",5,4,0.02336663274609324,0.33465298944727456,0.5383610752398942,0.10166935450179171,0.0019499480649463052
"Bezuidenhout, Christiaan",6,3,0.00737669500073479,0.20296662616960331,0.5857975267943663,0.19693282591235572,0.006926326122939974
"Bezuidenhout, Christiaan",7,4,0.0024546935342682485,0.1345606783276363,0.5970861932908618,0.25636850429603253,0.009529930551201216
"Bezuidenhout, Christiaan",8,4,0.003839740369938782,0.1321279376730385,0.5443592309098993,0.29879002113201814,0.020883069915105246
"Bezuidenhout, Christiaan",9,3,0.0015110855727195616,0.11832675184116931,0.6105142266133152,0.2615296529134753,0.008118283059320608
"Bezuidenhout, Christiaan",10,5,0.0392970181099514,0.34716502428083745,0.4948950897064981,0.11464380393948703,0.003999063963226024
"Bezuidenhout, Christiaan",11,4,0.007697712056942918,0.1929021087470566,0.5709558188176391,0.21847343544990905,0.009970924928452307
"Bezuidenhout, Christiaan",12,3,0.0017782196322434496,0.1763985709530797,0.679596376227547,0.14113144529555832,0.0010953878915715975
"Bezuidenhout, Christiaan",13,4,0.010733797694169434,0.2707677650059051,0.5919552461258664,0.12445258378307344,0.002090607390985655
"Bezuidenhout, Christiaan",14,3,0.006746983252330974,0.23277044923776158,0.6147122477629585,0.14334924476511812,0.002421074981830751
"Bezuidenhout, Christiaan",15,4,0.00726037147620201,0.19771551288493505,0.5820543978683816,0.2051300880686211,0.00783962970186014
"Bezuidenhout, Christiaan",16,5,0.03930189488157798,0.3533316628058644,0.49497770501483623,0.10892494877841086,0.0034637885193105067
"Bezuidenhout, Christiaan",17,3,0.0016231240372523437,0.13538661991856626,0.6380750674106965,0.22032480778767272,0.004590380845812092
"Bezuidenhout, Christiaan",18,4,0.0028599350595638895,0.10556180854457087,0.5070052425748486,0.35034167747245215,0.034231336348564456
"Bradbury, Dan",1,4,0.006978534302195638,0.17824948849291022,0.5624266394252511,0.23946745026823024,0.012877887511412833
"Bradbury, Dan",2,4,0.0019864172221881193,0.10185420780133997,0.5368766162065262,0.3354714321700538,0.023811326599891935
"Bradbury, Dan",3,5,0.04780299167182728,0.3999142478171586,0.4720753681350278,0.07855989344778191,0.0016474989282043717
"Bradbury, Dan",4,4,0.00630919137598257,0.17520694381168173,0.5686959220604012,0.23787473399684822,0.01191320875508628
"Bradbury, Dan",5,4,0.018913342245197307,0.3068019974918043,0.5539221905632626,0.11779249093912025,0.002569978760615488
"Bradbury, Dan",6,3,0.0057547157947008265,0.179988464473205,0.5844409894198067,0.22098413177745047,0.008831698534837007
"Bradbury, Dan",7,4,0.0018301880456397246,0.11579451206562258,0.5850635186427515,0.2851266295786976,0.012185151667288507
"Bradbury, Dan",8,4,0.0029730603671279665,0.11533084736353727,0.531103666846234,0.32506100128445814,0.025531424138642622
"Bradbury, Dan",9,3,0.0010977957547497197,0.10045761063322045,0.5958446420261343,0.29206175731849204,0.010538194267403544
"Bradbury, Dan",10,5,0.03299094441772066,0.32337253545889955,0.5084392288566812,0.13014901406153,0.005048277205168539
"Bradbury, Dan",11,4,0.006058614442321475,0.1713589552819249,0.5673805047096869,0.2427105520135191,0.012491373552547591
"Bradbury, Dan",12,3,0.0012515052490677525,0.15018927655529518,0.6806423822316305,0.16635416738902453,0.0015626685749819957
"Bradbury, Dan",13,4,0.008358042087977025,0.24255409129459132,0.602148189574363,0.1441447766761338,0.0027949003669348604
"Bradbury, Dan",14,3,0.005144924952551366,0.20574706491294736,0.6203975281687669,0.16546486849791187,0.0032456134678224835
"Bradbury, Dan",15,4,0.005672740652511443,0.17528111970963367,0.5796982706520956,0.22940613699112422,0.009941731994635106
"Bradbury, Dan",16,5,0.03293129275045581,0.3291226556922364,0.5094249188147056,0.12412197936267444,0.004399153379927689
"Bradbury, Dan",17,3,0.0011688764794055007,0.11506288576676094,0.6276997496236367,0.24994703682577057,0.0061214513044263175
"Bradbury, Dan",18,4,0.0022121241196480512,0.09158045468329423,0.4896469988787873,0.37555692674012753,0.04100349557814287
"Bridgeman, Jacob",1,4,0.008401398461302001,0.19536372228947801,0.5649126329614955,0.220519883778025,0.010802362509699459
"Bridgeman, Jacob",2,4,0.0024735685139075647,0.1145275731664579,0.5494852051874891,0.3133594803792169,0.020154172752928523
"Bridgeman, Jacob",3,5,0.054759440726536324,0.4192277907406791,0.45521268043498864,0.06947203939206825,0.001328048705727669
"Bridgeman, Jacob",4,4,0.007632270161316623,0.19246283256712227,0.5713087173381348,0.21864643208119805,0.009949747852228241
"Bridgeman, Jacob",5,4,0.022392174308675572,0.328941593715952,0.5417747298076636,0.10482731573666393,0.00206418643104489
"Bridgeman, Jacob",6,3,0.0070162166944121584,0.1981564977700253,0.5858170367401576,0.2017275095034401,0.007282739291964879
"Bridgeman, Jacob",7,4,0.0023134315369735536,0.13057669341746897,0.5949387833327894,0.2621445344286486,0.010026557284119497
"Bridgeman, Jacob",8,4,0.0036463645254686816,0.1285768716773648,0.5418852439257625,0.30412275747301654,0.02176876239838743
"Bridgeman, Jacob",9,3,0.001416688604194305,0.11451284124218952,0.6078452646998692,0.2676570091731757,0.00856819628057126
"Bridgeman, Jacob",10,5,0.03793588112405655,0.3423204142156274,0.4978440266277161,0.11770387213067657,0.004195805901923366
"Bridgeman, Jacob",11,4,0.007334547128043101,0.1883915738895966,0.5704996740560706,0.22332830449845098,0.010445900427838661
"Bridgeman, Jacob",12,3,0.0016566486944958325,0.17083467973255473,0.6802671308928336,0.14606273296559347,0.0011788077145222786
"Bridgeman, Jacob",13,4,0.010205986515971155,0.2649087727988071,0.5943480296209771,0.12831752377556782,0.0022196872886768304
"Bridgeman, Jacob",14,3,0.006388127365105911,0.2271200263259966,0.6162184055932318,0.1477013598548248,0.0025720808608408197
"Bridgeman, Jacob",15,4,0.006907696554761089,0.19301705811844438,0.5818637747169438,0.20997771168410873,0.008233758925741963
"Bridgeman, Jacob",16,5,0.03792599080398251,0.34840510572074834,0.4981109552335422,0.11191921088377754,0.0036387373579493953
"Bridgeman, Jacob",17,3,0.0015190742869515828,0.13105602139200107,0.6363312876305838,0.22622185308576614,0.004871763604697432
"Bridgeman, Jacob",18,4,0.002715265403852807,0.10259461821755322,0.5036442449200592,0.35551255163807705,0.03553331982045771
"Brown, Daniel",1,4,0.007885433834763644,0.18938026692343446,0.5642908676699339,0.2269624079262058,0.01148102364566217
"Brown, Daniel",2,4,0.002294937655823781,0.11005079704502418,0.5453550883683566,0.3209444368925236,0.02135474003827187
"Brown, Daniel",3,5,0.05228079205636871,0.4126490440992573,0.46113393633547706,0.07250528455879113,0.001430942950105818
"Brown, Daniel",4,4,0.007151774360878216,0.1864255717146971,0.5706511342343094,0.22518067655452367,0.010590843135591665
"Brown, Daniel",5,4,0.021138769409619285,0.32129663431915806,0.5461665568985598,0.109171039699961,0.0022269996727019015
"Brown, Daniel",6,3,0.006557023793782812,0.19179818242023228,0.5856041910703227,0.20825430517474652,0.007786297540915754
"Brown, Daniel",7,4,0.002135465394794922,0.12535533423673828,0.5918080995790749,0.2699728178069396,0.01072828298245232
"Brown, Daniel",8,4,0.0034006475887440324,0.12391123000021137,0.5383768706105203,0.31130447713372655,0.02300677466679768
"Brown, Daniel",9,3,0.0012984904390330176,0.10953064071152968,0.6039990217902897,0.27596571276648585,0.009206134292661705
"Brown, Daniel",10,5,0.03617031488600203,0.33580812410179306,0.5016542814059988,0.12189391575951536,0.0044733638466907255
"Brown, Daniel",11,4,0.006871049680811758,0.18243005731929623,0.5696665711499334,0.2299182360116887,0.011114085838269894
"Brown, Daniel",12,3,0.001505424869527261,0.16354160827284392,0.6807990622823639,0.15285402890125965,0.0012998756740052464
"Brown, Daniel",13,4,0.009533461797457732,0.25712574477893074,0.5973090778334376,0.1336274979334806,0.002404217656693297
"Brown, Daniel",14,3,0.005933224112418478,0.2196452675637156,0.6179620171976739,0.1536714392974169,0.002788051828775173
"Brown, Daniel",15,4,0.006458310868129313,0.18680813644222455,0.5813737139948754,0.216569985474373,0.008789853220397825
"Brown, Daniel",16,5,0.03614193152330564,0.3417802661922978,0.5021686926074124,0.11602319564124908,0.0038859140357351274
"Brown, Daniel",17,3,0.0013890235704023812,0.1253929166946104,0.6336879937708109,0.2342566537090326,0.005273412255143772
"Brown, Daniel",18,4,0.0025315430928612437,0.0987053642749593,0.4989852040189465,0.36243418768906677,0.03734370092416617
"Burns, Sam",1,4,0.009580703296922732,0.20822396854660113,0.5654164422003747,0.2072873967213671,0.009491489234734418
"Burns, Sam",2,4,0.0028896682885649616,0.12431566436212232,0.5574092281822536,0.2975643314106202,0.01782110775643897
"Burns, Sam",3,5,0.06025931048046734,0.43276287681236064,0.44242233455945656,0.06342161310341743,0.0011338650442980214
"Burns, Sam",4,4,0.008733256609503637,0.20545350917791905,0.5718606923366384,0.2052382924096463,0.008714249466292623
"Burns, Sam",5,4,0.0252254932558299,0.34503330634271323,0.5318712328113484,0.09611270232228653,0.0017572652678219391
"Burns, Sam",6,3,0.008072456556420082,0.2118435520554114,0.5853738733289169,0.18839120553685484,0.006318912522396802
"Burns, Sam",7,4,0.0027310081791249163,0.1419892190380148,0.6005703190902303,0.2460257407654718,0.008683712927158194
"Burns, Sam",8,4,0.004214125415952619,0.13873005238616737,0.5485340571545628,0.2891676169668045,0.0193541480765127
"Burns, Sam",9,3,0.0016970976390942583,0.12546586781988084,0.6149169775659905,0.25056517697110015,0.00735488000393425
"Burns, Sam",10,5,0.04186751259061838,0.35592561212392776,0.4893141631664319,0.10922957237742414,0.0036631397415978206
"Burns, Sam",11,4,0.008397069575397709,0.20122782389417115,0.57142294359812,0.20979490634166376,0.009157256590647478
"Burns, Sam",12,3,0.002019661702841069,0.186768508908224,0.677784017387445,0.13247008178344477,0.0009577302180452385
"Burns, Sam",13,4,0.01175213428220201,0.2815148596600519,0.5872162494805808,0.11764305580974743,0.0018737007674178852
"Burns, Sam",14,3,0.007443645464832671,0.24318725531148266,0.6115340868283397,0.13566754641431522,0.0021674659810297925
"Burns, Sam",15,4,0.007940834299669852,0.20638946119676216,0.5820190528567678,0.19648380062696513,0.007166851019835052
"Burns, Sam",16,5,0.04190141202800196,0.36223633830423596,0.48906320611211745,0.10363344174811451,0.0031656018075301162
"Burns, Sam",17,3,0.0018285950787713112,0.14348216445140094,0.6407396182331871,0.20983288332892258,0.0041167389077180205
"Burns, Sam",18,4,0.0031402249528560966,0.11109446233777104,0.5128516263104727,0.34094407397395,0.03196961242495022
"Campbell, Brian",1,4,0.006856319525303467,0.1766834680491291,0.5620866256830557,0.24128377108568422,0.013089815656827541
"Campbell, Brian",2,4,0.001945400011314824,0.10071478798273809,0.5355973790902475,0.33756002389564044,0.02418240902005908
"Campbell, Brian",3,5,0.04718675022469554,0.39806916926153996,0.47360526283876075,0.07945792303142851,0.001680894643575237
"Campbell, Brian",4,4,0.0061958499579018445,0.17362988529799273,0.5683404445942561,0.23971967479177436,0.01211414535807498
"Campbell, Brian",5,4,0.01861112645881674,0.30473375916149964,0.5549664460373899,0.1190657661224519,0.0026229022198418495
"Campbell, Brian",6,3,0.005647097362338704,0.17832896707547496,0.584192933934961,0.22283970506211626,0.008991296565109108
"Campbell, Brian",7,4,0.00178981941751577,0.1144654652223267,0.5840143008852606,0.28732285586191997,0.012407558612976932
"Campbell, Brian",8,4,0.002915880674464355,0.11413401587412914,0.5299991197098779,0.327039127246775,0.025911856494753582
"Campbell, Brian",9,3,0.001071467420545924,0.0992016741801201,0.5945887468128815,0.2943957213235735,0.010742390262878931
"Campbell, Brian",10,5,0.03255444123276374,0.32158847238293187,0.5093595408122753,0.1313616326572581,0.005135912914771001
"Campbell, Brian",11,4,0.005949363418304987,0.16980334744919534,0.5669780509473525,0.24456868869673642,0.012700549488410706
"Campbell, Brian",12,3,0.0012184889977445157,0.14833387658083702,0.6804939854873306,0.16834955292385267,0.0016040960102351454
"Campbell, Brian",13,4,0.00820034924563079,0.24049441179761677,0.6027543473453001,0.1456954911233327,0.0028554004881196082
"Campbell, Brian",14,3,0.0050398658476324965,0.20379276821206926,0.6206506204415201,0.1672002423742971,0.0033165031244810628
"Campbell, Brian",15,4,0.005567325160142245,0.17366187829261426,0.5793786084541794,0.2312748893090928,0.010117298783971274
"Campbell, Brian",16,5,0.032490714859141345,0.3273060221305512,0.5104126614052751,0.12531307420513094,0.004477527399901371
"Campbell, Brian",17,3,0.0011400662165616526,0.11363124455099616,0.6267403818679542,0.252235806793209,0.006252500571279018
"Campbell, Brian",18,4,0.002169437650242745,0.09058950891872342,0.48826041377345525,0.3774291760676751,0.04155146358990347
"Campillo, Jorge",1,4,0.00721483379825788,0.18123089118325086,0.5630197455318957,0.2360491753278039,0.012485354158791706
"Campillo, Jorge",2,4,0.002066108487219498,0.10403286463395373,0.5392520934470774,0.33152603249050594,0.023122900941243474
"Campillo, Jorge",3,5,0.048985534660777263,0.4033900394842205,0.46915569768198306,0.0768827146472304,0.0015860135257887986
"Campillo, Jorge",4,4,0.0065284774812758295,0.1782102756557125,0.5693166149030038,0.23440338742416655,0.011541244535841377
"Campillo, Jorge",5,4,0.019496067378238613,0.3107196476606389,0.5519009892972639,0.11541073476581154,0.002472560898047038
"Campillo, Jorge",6,3,0.005963141822037998,0.18314926198924153,0.584854337847162,0.21749649328365672,0.008536765057901796
"Campillo, Jorge",7,4,0.0019087706753522227,0.11833579761697649,0.5869913236544351,0.2809899697851542,0.011774138268082046
"Campillo, Jorge",8,4,0.003083921210464635,0.117616467982392,0.5331500679036387,0.32132451836592835,0.02482502453757629
"Campillo, Jorge",9,3,0.0011491934390593928,0.10286276533762273,0.5981602075894908,0.28766642902134165,0.01016140461248538
"Campillo, Jorge",10,5,0.03382929118273925,0.3267452503575168,0.5066629202117172,0.12787629783199927,0.004886240416027476
"Campillo, Jorge",11,4,0.0062700109019664385,0.1743219241598284,0.5680903481746095,0.23921363178956256,0.012104084974033147
"Campillo, Jorge",12,3,0.0013161648339808374,0.15373764072654722,0.6808366518580824,0.162622534556223,0.0014870080251665474
"Campillo, Jorge",13,4,0.008663433100920936,0.24646886513445554,0.6009417533076102,0.14124226745641533,0.002683681000597904
"Campillo, Jorge",14,3,0.005348867716094274,0.20946852129975363,0.6198529810858522,0.1622143137051687,0.0031153161931312123
"Campillo, Jorge",15,4,0.005876870636995546,0.17836560076042962,0.5802482915867484,0.22589214253313927,0.009617094482687105
"Campillo, Jorge",16,5,0.033777617535061144,0.3325564650864519,0.5075209980816495,0.1218905834863705,0.004254335810466858
"Campillo, Jorge",17,3,0.001225168400867005,0.11780337182803641,0.6294449359514107,0.24564617586774384,0.005880347951942033
"Campillo, Jorge",18,4,0.002294904460355074,0.09347484907301407,0.4922363273768635,0.3720102900971488,0.039983628992618536
"Canter, Laurie",1,4,0.008381552319522423,0.1951378666627685,0.5648937796772386,0.22075966464305163,0.01082713669741886
"Canter, Laurie",2,4,0.002466657804099659,0.11435769627364983,0.5493345503390027,0.3136430119458393,0.020198083637408493
"Canter, Laurie",3,5,0.05466496208632626,0.41898276917665156,0.45543659444235446,0.06958389711220447,0.0013317771824632452
"Canter, Laurie",4,4,0.0076137741133744385,0.19223486485353997,0.5712886715154498,0.21888955554289613,0.009973133974739645
"Canter, Laurie",5,4,0.022344124805459997,0.3286548609953433,0.5419431345966881,0.10498779543986236,0.002070084162646202
"Canter, Laurie",6,3,0.006998519699065342,0.1979163739176003,0.5858140015029998,0.20197003618385212,0.0073010686964825044
"Canter, Laurie",7,4,0.0023065311768281083,0.13037857597748653,0.594826662007162,0.2624361320470099,0.010052098791513364
"Canter, Laurie",8,4,0.0036368818795146085,0.12840008582734347,0.5417577280035628,0.30439120983343104,0.021814094456148014
"Canter, Laurie",9,3,0.0014120902739705454,0.11432345861442078,0.6077066634617252,0.2679664163637383,0.008591371286145177
"Canter, Laurie",10,5,0.03786851027298904,0.3420767354570176,0.4979897762572755,0.11785906093978715,0.0042059170729307205
"Canter, Laurie",11,4,0.007316702932456676,0.1881664202523649,0.5704730339590325,0.22357356248303906,0.010470280373106822
"Canter, Laurie",12,3,0.0016507442346218038,0.17055796908007786,0.6802946610503465,0.14631347633286873,0.0011831493020850736
"Canter, Laurie",13,4,0.010180071350888553,0.26461563583743425,0.594464102195134,0.12851383025418783,0.0022263603623553507
"Canter, Laurie",14,3,0.006370548666734088,0.22683785392119432,0.6162894487460602,0.14792225965550254,0.0025798890105088734
"Canter, Laurie",15,4,0.00689038034993944,0.19278253962780184,0.5818502575795886,0.21022280664882598,0.008254015793844105
"Canter, Laurie",16,5,0.037857900348719775,0.3481572642324183,0.4982659715389117,0.11207112946697884,0.003647734412971393
"Canter, Laurie",17,3,0.0015140098524519807,0.1308408790080965,0.636238541095082,0.22652026934888392,0.004886300695485568
"Canter, Laurie",18,4,0.0027081730436616103,0.10244705867208848,0.503472813121721,0.35577215209192836,0.03559980307060062
"Cauley, Bud",1,4,0.00872254031203823,0.19897294514779185,0.5651659742555986,0.21672350839026921,0.010415031894302151
"Cauley, Bud",2,4,0.0025858267972320714,0.11725173708216907,0.5518379394994818,0.30885770258173717,0.019466794039379898
"Cauley, Bud",3,5,0.056279059392424335,0.42310859952230795,0.4516306838810035,0.06771162354102833,0.0012700336632358589
"Cauley, Bud",4,4,0.00793171791109909,0.19610665627987733,0.5715794569055557,0.21479787952032492,0.00958428938314293
"Cauley, Bud",5,4,0.023167946025205277,0.33350420575686096,0.5390567231522344,0.1022986864976363,0.001972438568063062
"Cauley, Bud",6,3,0.007302953288103875,0.201994950379916,0.5858136680509256,0.19789172369650165,0.006996704584552926
"Cauley, Bud",7,4,0.0024256878687285988,0.13375353984961924,0.5966674077929368,0.25752537266819997,0.009627991820515325
"Cauley, Bud",8,4,0.0038001484424416976,0.13140910733430805,0.5438717089298988,0.2998604281454905,0.021058607147860897
"Cauley, Bud",9,3,0.0014916627675137795,0.11755321771166849,0.6099914440237179,0.2627566619410555,0.008207013556044362
"Cauley, Bud",10,5,0.039020277140866866,0.3461919876230012,0.4954952189966182,0.1152545826636382,0.004037933575875563
"Cauley, Bud",11,4,0.0076234683236880985,0.19199090634914368,0.5708754539748997,0.2194453169914221,0.010064854360846365
"Cauley, Bud",12,3,0.0017531504426064326,0.17527144916740578,0.6797499810441952,0.142113711327974,0.00111170801781868
"Cauley, Bud",13,4,0.010625835989936161,0.26958622163185164,0.592448846932064,0.12522310271024972,0.0021159927358984643
"Cauley, Bud",14,3,0.006673453145762176,0.23162934532338286,0.6150290939827043,0.1442173398470663,0.002450767701084322
"Cauley, Bud",15,4,0.007188233212784945,0.19676630141520546,0.582028068911292,0.2060999045759132,0.007917491884804395
"Cauley, Bud",16,5,0.03902211672980571,0.35234229289910113,0.49561486481159,0.10952239054741186,0.0034983350120912915
"Cauley, Bud",17,3,0.00160170223920314,0.13450861263021813,0.6377401731593645,0.22150376527715876,0.004645746694055486
"Cauley, Bud",18,4,0.002830309411753107,0.10496068053186397,0.5063374364618207,0.35138172902869425,0.0344898445658679
"Chacarra, Eugenio",1,4,0.00723919602066897,0.18153487757573078,0.5630762802659316,0.2357035292419427,0.012446116895725945
"Chacarra, Eugenio",2,4,0.0020743530755646944,0.10425569520068356,0.5394899305980824,0.33112601461388946,0.023054006511779912
"Chacarra, Eugenio",3,5,0.04910679729497436,0.4037417389655375,0.46885751297670036,0.07671405656641883,0.0015798941963689472
"Chacarra, Eugenio",4,4,0.006551096172060011,0.17851656474257488,0.5693758275699552,0.23405243287444089,0.011504078640969029
"Chacarra, Eugenio",5,4,0.019556027528588038,0.3111176366664278,0.5516925170957305,0.11517095179357972,0.002462866915673878
"Chacarra, Eugenio",6,3,0.005984655956093876,0.18347164345825445,0.5848922052982461,0.21714416263039693,0.008507332657008648
"Chacarra, Eugenio",7,4,0.0019169117341772957,0.1185957193484457,0.5871828086871358,0.2805714389184931,0.011733121311748085
"Chacarra, Eugenio",8,4,0.0030953734008202227,0.11785003291030549,0.5333546095362198,0.3209456985705186,0.024754285582135882
"Chacarra, Eugenio",9,3,0.0011545289919301926,0.10310903219089967,0.5983908096356166,0.2872217848390617,0.010123844342491806
"Chacarra, Eugenio",10,5,0.033915311438437346,0.32708739560957445,0.5064800607155064,0.12764716853298474,0.004870063703497074
"Chacarra, Eugenio",11,4,0.006291817587525228,0.17462413273842164,0.5681586294745801,0.2388600375245058,0.012065382674967262
"Chacarra, Eugenio",12,3,0.0013228922873906312,0.1541006060003422,0.6808500532996743,0.1622469262974413,0.0014795221151515658
"Chacarra, Eugenio",13,4,0.008694954892586704,0.24686754059651,0.6008149503767479,0.1409499299562018,0.002672624177953553
"Chacarra, Eugenio",14,3,0.005369953924701354,0.20984802178415307,0.6197929131484259,0.16188674680704518,0.003102364335674457
"Chacarra, Eugenio",15,4,0.0058979391573446005,0.1786802249844051,0.5803001184009897,0.22553703372247136,0.009584683734789268
"Chacarra, Eugenio",16,5,0.033864467514185315,0.33290477248334877,0.5073251835479012,0.12166569144783668,0.004239885006728006
"Chacarra, Eugenio",17,3,0.0012310156346148071,0.11808388815577953,0.629616961429367,0.24521176962710545,0.005856365153133258
"Chacarra, Eugenio",18,4,0.002303457302050005,0.09366857954333385,0.4924966583759736,0.3716499785711874,0.0398813262074551
"Cho, Wooyoung",1,4,0.005628889928084302,0.15993450173028628,0.5571429646111832,0.2616597182887802,0.015633925441666086
"Cho, Wooyoung",2,4,0.0015414564056004387,0.08874325993953358,0.5204904075763823,0.3606186039136373,0.028606272164846347
"Cho, Wooyoung",3,5,0.0408050961926299,0.37746926716963963,0.48976844285281795,0.0898649426728384,0.002092251112074117
"Cho, Wooyoung",4,4,0.005060569073667087,0.15678443521833146,0.5631870410043833,0.26043589380937715,0.014532060894240972
"Cho, Wooyoung",5,4,0.015542245904229146,0.2821542823458207,0.565307380143169,0.13372079915154522,0.0032752924552359453
"Cho, Wooyoung",6,3,0.004573640619834118,0.16061508371646593,0.5801177028595813,0.24376779767480372,0.010925775129314919
"Cho, Wooyoung",7,4,0.0013953850988050465,0.10050482053535426,0.5711294167516814,0.31186770140604947,0.0151026762081099
"Cho, Wooyoung",8,4,0.002347968088727892,0.10149498525009115,0.5168402251822999,0.34888641141472965,0.03043041006415148
"Cho, Wooyoung",9,3,0.0008171603134214944,0.08609226024372041,0.5793621467889903,0.3204958451263409,0.013232587527526873
"Cho, Wooyoung",10,5,0.028049414611138745,0.3019493384970907,0.5185980637895606,0.14520725367516396,0.006195929427045943
"Cho, Wooyoung",11,4,0.004855557638316799,0.1531981553074897,0.5613163909028699,0.2654142802659636,0.015215615885360023
"Cho, Wooyoung",12,3,0.0009037122523361529,0.12886749792755392,0.6767725915710794,0.19132415229210664,0.002132045956923956
"Cho, Wooyoung",13,4,0.006627315103182652,0.2183226224817238,0.6079502899765256,0.16349450475626415,0.0036052676823038476
"Cho, Wooyoung",14,3,0.004001898742592991,0.18291743553533557,0.6218302346306932,0.1870547237717224,0.004195707319655906
"Cho, Wooyoung",15,4,0.0045152077161392246,0.156385525790405,0.5745475206174024,0.25231180664793285,0.0122399392281205
"Cho, Wooyoung",16,5,0.027947061713980315,0.3072975979140429,0.5203892909939445,0.1389379038880303,0.005428145490002034
"Cho, Wooyoung",17,3,0.0008627784000114214,0.09866378707252371,0.6145375049516466,0.27806503301853713,0.007870896557281126
"Cho, Wooyoung",18,4,0.0017458457470240774,0.08016823039396415,0.47223296536612447,0.39785698128110736,0.04799597721177995
"Clanton, Luke",1,4,0.008228159882219144,0.19338085755192475,0.5647348741315992,0.22263403001232385,0.011022078421933146
"Clanton, Luke",2,4,0.002413350749216503,0.1130385568840066,0.5481486185140371,0.3158560932650494,0.020543380587690452
"Clanton, Luke",3,5,0.053932445196309076,0.4170678604412866,0.457177467203831,0.07046103789595604,0.0013611892626173017
"Clanton, Luke",4,4,0.007470854410029981,0.19046164088548767,0.5711200656905624,0.22079024075278875,0.010157198261131262
"Clanton, Luke",5,4,0.02197231542201522,0.3264193551444237,0.5432462926265623,0.10624542301918694,0.002116613787811805
"Clanton, Luke",6,3,0.006861830080960252,0.1960486804693845,0.5857771396386946,0.20386691053068762,0.00744543928027297
"Clanton, Luke",7,4,0.0022533448081227814,0.12884010056685247,0.5939383589807044,0.26471491697974514,0.01025327866457526
"Clanton, Luke",8,4,0.003563673446104587,0.12702661045680008,0.540752684005624,0.30648660384230697,0.022170428249164265
"Clanton, Luke",9,3,0.0013766883913021721,0.11285371826211965,0.6066109483215347,0.2703846137854379,0.008774031239605629
"Clanton, Luke",10,5,0.037346361997107,0.3401753761582456,0.4991185408897295,0.11907418586421248,0.004285535090705395
"Clanton, Luke",11,4,0.007178826725785181,0.1864152084722281,0.5702530450866647,0.225490768055719,0.010662151659603047
"Clanton, Luke",12,3,0.0016053432437221904,0.16840912186673374,0.6804890889745605,0.14827892649819774,0.0012175194167858283
"Clanton, Luke",13,4,0.009979895703208008,0.2623334831290411,0.5953557020419011,0.13005188167643777,0.002279037449411936
"Clanton, Luke",14,3,0.006234897785735771,0.2246427909121056,0.6168282857908074,0.14965249400733094,0.0026415315040202447
"Clanton, Luke",15,4,0.006756624425996838,0.1909585433270819,0.5817318981241756,0.2121394068349587,0.008413527287786993
"Clanton, Luke",16,5,0.03733021187519092,0.34622329261072576,0.4994670260183712,0.11326087020150755,0.0037185992942045942
"Clanton, Luke",17,3,0.001475032752027372,0.12917089461146375,0.6354983722734916,0.22885467722696917,0.0050010231360481106
"Clanton, Luke",18,4,0.00265342412751729,0.10130116067963368,0.5021274033751559,0.3577961326675644,0.036121879150128766
"Clark, Wyndham",1,4,0.00829275313930855,0.19412319662072203,0.564804666597279,0.2218401501069024,0.010939233535788073
"Clark, Wyndham",2,4,0.0024357752104173236,0.11359537809687376,0.5486526968509211,0.3149194620299528,0.020396687811835013
"Clark, Wyndham",3,5,0.054241402158100194,0.4178788185792447,0.4564421725410737,0.07008893271549121,0.001348674006090178
"Clark, Wyndham",4,4,0.007531029435514314,0.1912107840012109,0.5711940482890261,0.21998517197815382,0.010078966296094949
"Clark, Wyndham",5,4,0.022128976996364402,0.3273649229377321,0.5426972105451043,0.10571207590259046,0.0020968136182086816
"Clark, Wyndham",6,3,0.0069193698917864865,0.1968377158534919,0.5857955878899272,0.20306327112180256,0.007384055242991794
"Clark, Wyndham",7,4,0.002275709639710799,0.12948951409527226,0.5943171525601814,0.2637498842025855,0.01016773950225014
"Clark, Wyndham",8,4,0.0035944832464953613,0.12760651606301404,0.5411801461365258,0.30559977794798865,0.02201907660597624
"Clark, Wyndham",9,3,0.0013915659759482502,0.11347392163013514,0.6070776802166032,0.2693604915713661,0.008696340605947261
"Clark, Wyndham",10,5,0.037566548659916266,0.34097993739417526,0.49864273831946265,0.11855908808123339,0.004251687545212435
"Clark, Wyndham",11,4,0.007236876802046044,0.18715502534282735,0.5703487551898385,0.22467873789350368,0.010580604771784463
"Clark, Wyndham",12,3,0.0016244106545623693,0.16931619392149033,0.6804112252695382,0.14744530195535432,0.0012028681990547962
"Clark, Wyndham",13,4,0.010064162197490234,0.26329807167494335,0.594981468171371,0.12939968323297424,0.002256614723221251
"Clark, Wyndham",14,3,0.006291973223659708,0.22557019591757582,0.6166036282788858,0.14891891115627498,0.0026152914236037272
"Clark, Wyndham",15,4,0.006812930917494686,0.19172909694767537,0.5817847693404149,0.2113274884375147,0.008345714356900347
"Clark, Wyndham",16,5,0.037552726779667034,0.34704168214357256,0.4989606374021909,0.11275648501087043,0.003688468663699096
"Clark, Wyndham",17,3,0.0014914099388693702,0.1298756686269381,0.6358151406330759,0.22786558369351995,0.004952197107596756
"Clark, Wyndham",18,4,0.0026764639562050774,0.10178486797093189,0.502698394421417,0.35694003298328325,0.035900240668162775
"Clements, Todd",1,4,0.007296908487906206,0.1822525236741377,0.5632068874540079,0.23488962905216093,0.012354051331787241
"Clements, Todd",2,4,0.0020939049806993904,0.10478225795190399,0.5400482336730092,0.33018330718783995,0.022892296206547424
"Clements, Todd",3,5,0.04939357938513128,0.4045700596717193,0.4681532172664912,0.07631758855375326,0.0015655551229050158
"Clements, Todd",4,4,0.00660468606934328,0.17923969566524284,0.569512658796139,0.23322607510290427,0.011416884366370672
"Clements, Todd",5,4,0.019697982099586675,0.3120561360473226,0.5511986366719038,0.11460709249310519,0.0024401526880817315
"Clements, Todd",6,3,0.006035640334637105,0.18423279155060318,0.5849784978722841,0.21631476189251164,0.008438308349964063
"Clements, Todd",7,4,0.0019362263402567526,0.11920993131701235,0.5876311724154352,0.2795857410749438,0.011636928852351902
"Clements, Todd",8,4,0.0031225195023040775,0.11840181130818811,0.5338344977557248,0.32005295888981344,0.02458821254396959
"Clements, Todd",9,3,0.0011671955432827619,0.10369117318369708,0.5989312132074679,0.28617462970996077,0.01003578835559149
"Clements, Todd",10,5,0.034118785462166235,0.32789385739725707,0.5060471100076975,0.12710812553769113,0.004832121595188088
"Clements, Todd",11,4,0.0063434849386703185,0.17533765607685248,0.5683168539660705,0.23802742492500994,0.011974580093396803
"Clements, Todd",12,3,0.001338874397139811,0.15495834186050644,0.6808770441726412,0.16136372694809475,0.0014620126216178253
"Clements, Todd",13,4,0.008769654480982325,0.2478083746065054,0.6005128516556695,0.14026239499334103,0.002646724263501765
"Clements, Todd",14,3,0.005419949811860392,0.21074397955806456,0.6196478126734404,0.16111623137424247,0.003072026582392251
"Clements, Todd",15,4,0.00594786592900548,0.17942307769760812,0.5804193828571118,0.22470100902839008,0.009508664487884566
"Clements, Todd",16,5,0.03406991230390932,0.33372573261132565,0.506861690319825,0.1211366688368467,0.004205995928093342
"Clements, Todd",17,3,0.0012448995715234612,0.11874692680526355,0.6300187761931786,0.24418922017215106,0.005800177257883288
"Clements, Todd",18,4,0.0023237318990458333,0.09412635845667494,0.4931085652740835,0.37080031876797537,0.03964102560222038
"Cockerill, Aaron",1,4,0.006811597987025408,0.1761062109863062,0.5619562712054522,0.2419569596395834,0.013168960181632716
"Cockerill, Aaron",2,4,0.0019304252117385845,0.10029564297809479,0.535120301038699,0.33833274709688677,0.02432088367458085
"Cockerill, Aaron",3,5,0.04696044492451262,0.3973856524910525,0.4741685251535261,0.0797919755984351,0.0016934018324736844
"Cockerill, Aaron",4,4,0.00615438826161413,0.1730486437353264,0.5682042186164572,0.24040354421148824,0.012189205175114015
"Cockerill, Aaron",5,4,0.018500394265135167,0.3039695549308773,0.5553482789150329,0.119539047152453,0.0026427247365016227
"Cockerill, Aaron",6,3,0.005607748286668823,0.17771738609759058,0.5840960405789286,0.2235278622231801,0.009050962813631935
"Cockerill, Aaron",7,4,0.0017750949258326099,0.11397657075490192,0.5836211047915008,0.2881365246459021,0.012490704881862547
"Cockerill, Aaron",8,4,0.0028949844549342463,0.11369349432375875,0.5295867548091144,0.3277710057805381,0.026053760631654432
"Cockerill, Aaron",9,3,0.0010618771166693297,0.09874000832725294,0.5941188431448605,0.2952604885296465,0.010818782881570788
"Cockerill, Aaron",10,5,0.0323942064175925,0.3209286519625,0.5096965203726402,0.1318119536740232,0.005168667573244079
"Cockerill, Aaron",11,4,0.0059094002038250215,0.1692300563339078,0.5668244835098215,0.24525737974129558,0.01277868021115014
"Cockerill, Aaron",12,3,0.0012064808255792259,0.14765142757713257,0.6804311052727094,0.1690913160087142,0.0016196703158646297
"Cockerill, Aaron",13,4,0.008142690096282323,0.2397345985223503,0.6029729097316896,0.1462717268728304,0.002878074776847317
"Cockerill, Aaron",14,3,0.005001495014237578,0.20307247133779177,0.620738092643358,0.16784486775774288,0.0033430732468697766
"Cockerill, Aaron",15,4,0.0055287788915226455,0.17306516541277955,0.5792553534706695,0.2319677858036997,0.010182916421328625
"Cockerill, Aaron",16,5,0.032328998138821285,0.32663411216440985,0.5107745661826979,0.12575549404829645,0.00450682946577452
"Cockerill, Aaron",17,3,0.0011295762103799012,0.11310488900081739,0.6263792346381554,0.2530847035692574,0.006301596581389957
"Cockerill, Aaron",18,4,0.002153839642406119,0.0902249463525493,0.4877446430129072,0.3781209373273605,0.04175563366477686
"Conners, Corey",1,4,0.009665731118448595,0.20911142140434547,0.5654112976131537,0.2064037461423356,0.009407803721716679
"Conners, Corey",2,4,0.002920069033308048,0.12499945972894522,0.5579098349174472,0.2964991346225361,0.017671501697763436
"Conners, Corey",3,5,0.060647643568727205,0.4336672665562682,0.441537336223378,0.06302607256978954,0.0011216810818370782
"Conners, Corey",4,4,0.008812775916455295,0.2063506830366459,0.5718574864652038,0.20434354395364163,0.008635510628053344
"Conners, Corey",5,4,0.025428179954437025,0.3461268811131706,0.5311662872571605,0.0955406264538824,0.0017380252213494707
"Conners, Corey",6,3,0.008148947792181505,0.21278905301940632,0.585300188218411,0.18750400896006103,0.006257802009940194
"Conners, Corey",7,4,0.002761669438849812,0.14278624670632845,0.6009059096040237,0.24494758310743436,0.008598591143363699
"Conners, Corey",8,4,0.004255374546691115,0.1394369977950211,0.5489497133023358,0.2881590275014805,0.019198886854471464
"Conners, Corey",9,3,0.001717844206431729,0.12623393160881397,0.6153471047468277,0.24942279429855885,0.0072783251393677695
"Conners, Corey",10,5,0.042145834743839095,0.35684525011666385,0.48870970637746525,0.10866991368426349,0.003629295077768324
"Conners, Corey",11,4,0.008473835514380634,0.2021147614041201,0.571445048203498,0.20889126868962815,0.00907508618837316
"Conners, Corey",12,3,0.002046734995630739,0.18788064296168527,0.6775487531496274,0.1315796642595659,0.0009442046334906529
"Conners, Corey",13,4,0.011864054643329569,0.28265454886537095,0.5866879307220938,0.11694136438344904,0.0018521013857566437
"Conners, Corey",14,3,0.007520543179880046,0.24429588187306195,0.6111663780056247,0.1348749743702895,0.002142222571143826
"Conners, Corey",15,4,0.008015625731924714,0.20731358451913584,0.5819867446219865,0.1955849607117821,0.00709908441517082
"Conners, Corey",16,5,0.04218296160590235,0.3631707819876519,0.4884237211985044,0.10308693733268104,0.0031355978752602987
"Conners, Corey",17,3,0.0018515454028252276,0.1443522843836907,0.6409824300099051,0.20874422191053288,0.004069518293046137
"Conners, Corey",18,4,0.0031711228845748285,0.11168812562842512,0.5134478264365165,0.33995403869665,0.031738886353833484
"Coussaud, Ugo",1,4,0.006933109267244664,0.17766937716535108,0.5623029963398525,0.24013859368849233,0.0129559235390595
"Coussaud, Ugo",2,4,0.001971155834105842,0.10143172711944964,0.5364052888563534,0.33624381361153677,0.023948014578554333
"Coussaud, Ugo",3,5,0.047574320069430964,0.39923232840748507,0.47264240562724663,0.07889116620423231,0.0016597796916050234
"Coussaud, Ugo",4,4,0.006267058439697215,0.17462270472988772,0.5685666295397289,0.2385564189644861,0.011987188326200049
"Coussaud, Ugo",5,4,0.018801080835433637,0.30603668759828717,0.5543104414115417,0.11826235047424905,0.0025894396804884146
"Coussaud, Ugo",6,3,0.005714701427394608,0.17937366469797983,0.5843516114013456,0.22166958621967559,0.008890436253604417
"Coussaud, Ugo",7,4,0.001815161685188471,0.11530171770792241,0.5846778156403873,0.28593829912804025,0.01226700583846152
"Coussaud, Ugo",8,4,0.0029517950046291097,0.11488719805419184,0.5306969032245277,0.32579252033972517,0.02567158337692621
"Coussaud, Ugo",9,3,0.001087989542891632,0.0999917700351513,0.5953826197903123,0.29292429933000486,0.010613321301639944
"Coussaud, Ugo",10,5,0.032828939271611624,0.32271266287344047,0.5087811837040059,0.13059668012610381,0.0050805340248381015
"Coussaud, Ugo",11,4,0.006018001040482612,0.17078264225446255,0.5672338222351474,0.24339714469875995,0.012568389771147492
"Coussaud, Ugo",12,3,0.0012391995511694676,0.1495012874434814,0.6805911736736383,0.167090463309441,0.0015778760222698862
"Coussaud, Ugo",13,4,0.008299409748699527,0.2417913821608791,0.6023749735178207,0.14471709354859186,0.0028171410240088735
"Coussaud, Ugo",14,3,0.005105842453557219,0.2050230838382831,0.6204939596873497,0.1661054414934745,0.003271672527335512
"Coussaud, Ugo",15,4,0.005633546612678786,0.17468121869040787,0.5795823516250468,0.23009652782471735,0.010006355247149212
"Coussaud, Ugo",16,5,0.032767768892008664,0.32845075642052873,0.5097918203434298,0.12456165729549096,0.0044279970485417985
"Coussaud, Ugo",17,3,0.0011581438202393213,0.11453192218764524,0.6273478232113703,0.2507924755280988,0.006169635252646355
"Coussaud, Ugo",18,4,0.0021962480573018417,0.09121304205158814,0.4891355020826761,0.37624972609125484,0.04120548171717908
"Couvra, Martin",1,4,0.007708691143486768,0.18727506932653282,0.564010397964354,0.2292745676848471,0.011731273880779325
"Couvra, Martin",2,4,0.002234253483098414,0.10848742193513233,0.5438322021716191,0.32364987550974367,0.02179624690040649
"Couvra, Martin",3,5,0.05142067508680609,0.4102906255068812,0.4632113706687217,0.07360805435064788,0.001469274386943109
"Couvra, Martin",4,4,0.006987362805391251,0.18430252013433263,0.5703559340956659,0.22752670787637452,0.010827475088235783
"Couvra, Martin",5,4,0.02070735747617891,0.31858263095389894,0.5476761754800615,0.11074615633409635,0.0022876797557642714
"Couvra, Martin",6,3,0.006400169652690857,0.189562689543316,0.5854624372136711,0.21060198490999604,0.007972718680326008
"Couvra, Martin",7,4,0.002075201667783244,0.12353180112061762,0.5906259871864503,0.2727789315129634,0.010988078512185417
"Couvra, Martin",8,4,0.003316876070014796,0.12227851464044187,0.537077070261904,0.3138662024829394,0.02346133654469995
"Couvra, Martin",9,3,0.0012586587739917277,0.10779508519600872,0.6025581657857138,0.2789451482301104,0.009442942014175393
"Couvra, Martin",10,5,0.03555857901866044,0.3334885462020233,0.5029688154875105,0.12340805239405261,0.004576006897753171
"Couvra, Martin",11,4,0.006712485928392353,0.18033424587673325,0.5693092185839568,0.23228341148345277,0.011360638127464906
"Couvra, Martin",12,3,0.0014547314839364889,0.16099451680170002,0.6808864349130195,0.15531869262530773,0.0013456241760363419
"Couvra, Martin",13,4,0.009303696402289896,0.25437898813343474,0.5982929760470582,0.13555118779390796,0.002473151623309189
"Couvra, Martin",14,3,0.005778435269303661,0.21701583065290408,0.6185053286073525,0.1558316483363208,0.0028687571341189377
"Couvra, Martin",15,4,0.006304770416974637,0.18462564131300574,0.5811346937853874,0.21893938384546185,0.008995510639170368
"Couvra, Martin",16,5,0.035523970338243005,0.33941996367404353,0.5035712786502345,0.11750736217883229,0.00397742515864663
"Couvra, Martin",17,3,0.0013452606370777387,0.12341860089814743,0.6326642736138066,0.23714859333062033,0.005423271520347939
"Couvra, Martin",18,4,0.002468934508479126,0.09734683428541929,0.4972870670554217,0.3648914208037698,0.03800574334691009
"Crocker, Sean",1,4,0.006980221744780635,0.1782709943150947,0.5624311710794874,0.23944260774893655,0.0128750051117007
"Crocker, Sean",2,4,0.0019869845136991637,0.10186987895317517,0.5368940317448709,0.33544282808470816,0.023806276703546514
"Crocker, Sean",3,5,0.04781147786177903,0.39993949254268596,0.47205434012236136,0.07854764379442336,0.0016470456787502918
"Crocker, Sean",4,4,0.006310756659403116,0.1752286035337156,0.5687006613724073,0.23784950204104582,0.011910476393428127
"Crocker, Sean",5,4,0.0189175110021525,0.3068303499697902,0.5539077654684657,0.11777511302864652,0.0025692605309450833
"Crocker, Sean",6,3,0.0057562025718088106,0.1800112576378422,0.584444246297751,0.22095876388152358,0.008829529611074305
"Crocker, Sean",7,4,0.0018307467434766633,0.1158127914288713,0.5850777505485215,0.28509658213520395,0.012182129143926579
"Crocker, Sean",8,4,0.00297385061779587,0.11534730104400398,0.5311186922277782,0.3250339107245409,0.025526245385881108
"Crocker, Sean",9,3,0.0010981604987124194,0.10047489368774049,0.5958616977694006,0.29202982733890614,0.010535420705240384
"Crocker, Sean",10,5,0.03299695723817714,0.32339697539831674,0.5084265286385273,0.13013245270665308,0.005047086018325708
"Crocker, Sean",11,4,0.006060123296259157,0.17138032162377953,0.5673858884318195,0.2426851376832755,0.012488528964866408
"Crocker, Sean",12,3,0.001251963155172675,0.15021479697141138,0.6806441959123901,0.166326936050054,0.0015621079109718883
"Crocker, Sean",13,4,0.008360220622882553,0.24258236020855173,0.6021397318699638,0.1441236076088167,0.0027940796897851783
"Crocker, Sean",14,3,0.0051463775522189725,0.20577390509626586,0.620393893035881,0.16544117240250444,0.003244651913129726
"Crocker, Sean",15,4,0.005674196921478358,0.175303360856432,0.57970251179422,0.2293805848735987,0.009939345554270895
"Crocker, Sean",16,5,0.03293736208276998,0.32914754061089957,0.5094112945029485,0.12410571447625107,0.004398088327130845
"Crocker, Sean",17,3,0.0011692757288505051,0.11508258384841297,0.6277127182702632,0.2499157490179914,0.006119673134481918
"Crocker, Sean",18,4,0.0022127141143492013,0.09159408282914705,0.4896659126702897,0.37553126032677664,0.040996030059437416
"Dahmen, Joel",1,4,0.006897959377524299,0.1772189081016643,0.5622051122801748,0.24066111965438852,0.013016900586248048
"Dahmen, Joel",2,4,0.001959359567441088,0.10110398455927472,0.5360372264277292,0.336844646639068,0.024054782806486985
"Dahmen, Joel",3,5,0.04739707084377126,0.3987015337705746,0.47308247360175143,0.07914953280860237,0.0016693889753003344
"Dahmen, Joel",4,4,0.0062344608127044565,0.17416906187722592,0.5684642946199436,0.23908717957152203,0.012045003118603903
"Dahmen, Joel",5,4,0.018714158851183882,0.30544172524308166,0.554610776493687,0.11862867150531375,0.0026046679067337486
"Dahmen, Joel",6,3,0.005683750086821204,0.1788963088551525,0.584280172605109,0.22220341092202778,0.008936357530889505
"Dahmen, Joel",7,4,0.0018035521797004628,0.11491943086898049,0.5843759047234969,0.28657011305492364,0.012330999172898593
"Dahmen, Joel",8,4,0.002935350162815764,0.11454293745295407,0.5303790959140303,0.32636157555960255,0.025781040910597297
"Dahmen, Joel",9,3,0.0010804180751500803,0.09963051808807794,0.5950212492438892,0.29359573903489666,0.010672075557986105
"Dahmen, Joel",10,5,0.03270338915829929,0.3221994385743846,0.5090458788783728,0.1309455439914955,0.00510574939744779
"Dahmen, Joel",11,4,0.0059865798708719775,0.17033517043795982,0.5671179740503894,0.24393170050051638,0.012628575140262388
"Dahmen, Joel",12,3,0.0012297051012217786,0.1489676011677591,0.6805483596152194,0.16766453694750771,0.0015897971682919954
"Dahmen, Joel",13,4,0.008254056849340996,0.241198901360894,0.6025492608485576,0.14516323138229248,0.002834549558914823
"Dahmen, Joel",14,3,0.00507562790543481,0.20446092736944288,0.6205666719317738,0.1666047021767354,0.003292070616613074
"Dahmen, Joel",15,4,0.005603228798509441,0.1742154430533464,0.5794903154677958,0.23063414171453234,0.010056870965815978
"Dahmen, Joel",16,5,0.03264104700929765,0.32792816180422996,0.5100759132217912,0.12490433027602155,0.004450547688659601
"Dahmen, Joel",17,3,0.0011498586787951348,0.1141201295512781,0.6270717411287654,0.2514509270202294,0.006207343620932004
"Dahmen, Joel",18,4,0.002183971487076275,0.09092800603726403,0.48873657451211383,0.37678830884007797,0.041363139123467896
"Dean, Joe",1,4,0.006646582857546102,0.17395624870598697,0.561446680417643,0.24448179129888659,0.013468696719937334
"Dean, Joe",2,4,0.0018753323345130357,0.09873864742420557,0.5333169698209195,0.3412242514381304,0.024844798982231575
"Dean, Joe",3,5,0.0461216028608642,0.394823723853084,0.47626300377029823,0.08105072660423673,0.0017409429115168296
"Dean, Joe",4,4,0.0060014619647086875,0.1708842441305436,0.5676719385898399,0.24296878572943614,0.012473569585471633
"Dean, Joe",5,4,0.018091135029058847,0.3011146455661554,0.5567554424473817,0.12132069584428273,0.002718081113121329
"Dean, Joe",6,3,0.00546270405667898,0.1754402257252357,0.5837089740011999,0.22611085194263336,0.009277244274252028
"Dean, Joe",7,4,0.0017209864341076186,0.11216051595887017,0.5821258275151976,0.2911866444088307,0.012806025682993938
"Dean, Joe",8,4,0.0028180090348822184,0.11205586757257519,0.5280259628079151,0.33050979747299225,0.026590363111635207
"Dean, Joe",9,3,0.00102669607765965,0.09702668815933857,0.5923353846502519,0.2985024748907358,0.011108756222014127
"Dean, Joe",10,5,0.031800569424694725,0.3184607359167643,0.5109406613502812,0.13350518454673999,0.005292848761519808
"Dean, Joe",11,4,0.0057620110374106415,0.1670954738635636,0.5662274981801456,0.24784037170751116,0.01307464521136903
"Dean, Joe",12,3,0.0011625155689103939,0.1451167409660566,0.6801576366900034,0.1718839476796341,0.0016791590953955104
"Dean, Joe",13,4,0.007930148894594646,0.23690194787261032,0.6037634518970486,0.14844011121165301,0.002964340124093412
"Dean, Joe",14,3,0.004860256622358339,0.2003901912851564,0.6210358877325468,0.17026949412493908,0.003444170234999322
"Dean, Joe",15,4,0.005386681283219119,0.17084351748841003,0.578770271670637,0.2345678517391916,0.010431677818542262
"Dean, Joe",16,5,0.03172993692653575,0.324120772014604,0.5121118671879867,0.1274194588188562,0.004617965052017281
"Dean, Joe",17,3,0.0010911151524741203,0.11115101274491462,0.6249981803488475,0.2562714000815982,0.00648829167216558
"Dean, Joe",18,4,0.00209638907956744,0.08887053655024296,0.4858014093925292,0.3807050690518925,0.04252659592576791
"Del Rey, Alejandro",1,4,0.007078711776632662,0.17952079800603343,0.5626881710782123,0.2380035412932484,0.012708777845873098
"Del Rey, Alejandro",2,4,0.002020140208830401,0.10278170671702613,0.5378991030826352,0.3337841306278747,0.02351491936363348
"Del Rey, Alejandro",3,5,0.04830574417790301,0.40140225797368084,0.47083147777735174,0.0778395693287629,0.001620950742301508
"Del Rey, Alejandro",4,4,0.006402133362481743,0.17648745829271922,0.5689695120847533,0.2363879695331913,0.011752926726854351
"Del Rey, Alejandro",5,4,0.019160639859822692,0.3084757148423551,0.5530655704080408,0.11677016258539108,0.0025279123043903118
"Del Rey, Alejandro",6,3,0.005843021048430097,0.18133604276519627,0.584626613613079,0.21948979441688898,0.008704528156405655
"Del Rey, Alejandro",7,4,0.0018634177940685115,0.11687638389169708,0.5858966619658463,0.28335560536526316,0.012007930983124915
"Del Rey, Alejandro",8,4,0.0030200103024156655,0.11630433129876744,0.5319852706071939,0.32346300854889765,0.025227379242725334
"Del Rey, Alejandro",9,3,0.0011195066788453056,0.10148094430343563,0.5968440458851676,0.290179864614754,0.010375638517797547
"Del Rey, Alejandro",10,5,0.0333472490586032,0.32481450473486995,0.5076856210109237,0.12917420120767842,0.004978423987924696
"Del Rey, Alejandro",11,4,0.006148208628878271,0.17262218236254562,0.5676921556419524,0.24121295363195017,0.012324499734673533
"Del Rey, Alejandro",12,3,0.001278785433172669,0.15169978744634027,0.6807392517275936,0.16475227392124348,0.001529901471649886
"Del Rey, Alejandro",13,4,0.008487431710233417,0.24422444161706502,0.6016420685673349,0.14289920728256733,0.0027468508227993516
"Del Rey, Alejandro",14,3,0.005231255409237412,0.20733381322794492,0.6201752869240988,0.16407032615101702,0.003189318287701748
"Del Rey, Alejandro",15,4,0.005759230468710852,0.17659610351943844,0.5799421200167302,0.22790076103016776,0.009801784964952764
"Del Rey, Alejandro",16,5,0.033290963917956606,0.33059082270858764,0.508616772887708,0.12316473240523085,0.004336708080516893
"Del Rey, Alejandro",17,3,0.0011926469949714025,0.11622907950398931,0.6284568604256024,0.24810409394475696,0.006017319130679821
"Del Rey, Alejandro",18,4,0.0022471787894005057,0.09238699485966628,0.49075916596270897,0.37404174762144404,0.0405649127667802
"Detry, Thomas",1,4,0.009165300092600859,0.20381452114938325,0.5653671587798904,0.21173326766793377,0.00991975231019171
"Detry, Thomas",2,4,0.002741903187214234,0.12093408185741417,0.5548347976774048,0.3029037726927045,0.018585444585262234
"Detry, Thomas",3,5,0.05834676564312741,0.42821317804294823,0.44681569061941745,0.06542774218638725,0.0011966235081196652
"Detry, Thomas",4,4,0.00834502510674956,0.2009971214563509,0.5717991763162604,0.2097412185067754,0.009117458613863705
"Detry, Thomas",5,4,0.024232258976000454,0.33956758032601225,0.5353340668422304,0.09900968966637946,0.0018564041893773808
"Detry, Thomas",6,3,0.0076993911120758485,0.20714752627752997,0.5856592171477008,0.19286140827066833,0.0066324571920250985
"Detry, Thomas",7,4,0.0025822626445360375,0.13804713153651327,0.5988031012988961,0.251447006225922,0.009120498294132529
"Detry, Thomas",8,4,0.0040131963387241565,0.13522954162377676,0.5463875294503375,0.29422318250579904,0.020146550081362458
"Detry, Thomas",9,3,0.00159674611259647,0.12167294726289113,0.6126708241568863,0.25631108599140906,0.0077483964762169455
"Detry, Thomas",10,5,0.040498146718233374,0.3513198361645053,0.4922881996176623,0.11205717012687944,0.0038366473727196038
"Detry, Thomas",11,4,0.008022327335243218,0.1968231008050219,0.571235062823672,0.21434155685047007,0.009577952185592764
"Detry, Thomas",12,3,0.0018891089325602795,0.18126642286908506,0.6788333869072282,0.13698301526093204,0.0010280660301944522
"Detry, Thomas",13,4,0.011206173122402463,0.2758400699006437,0.5897739562100425,0.12119462954201687,0.0019851712248944997
"Detry, Thomas",14,3,0.007069457613786245,0.23767844342812616,0.6132781079473952,0.13967621653020246,0.002297774480489845
"Detry, Thomas",15,4,0.00757600935500391,0.2018003053925398,0.5820989217817135,0.20101044986482364,0.007514313605919143
"Detry, Thomas",16,5,0.04051640558644576,0.3575554859834104,0.4922126464428425,0.10639592977410628,0.003319532213195031
"Detry, Thomas",17,3,0.0017176766926322862,0.13918285844373057,0.6394177403389547,0.21532144955662713,0.004360274968055355
"Detry, Thomas",18,4,0.0029897630483947113,0.10815839371924924,0.5098154160795061,0.34589231629921824,0.03314411085363167
"Donald, Luke",1,4,0.005446063589961747,0.15726078245506286,0.5561177306636563,0.2650827142570731,0.016092709034245978
"Donald, Luke",2,4,0.0014826131723809644,0.08686889136015835,0.5178249739935825,0.36442520774324483,0.029398313730633285
"Donald, Luke",3,5,0.03982147162600713,0.37402834921142913,0.4923072627194479,0.09167451747071964,0.0021683989723961794
"Donald, Luke",4,4,0.0048919806755959305,0.15409912202287346,0.5621203806046511,0.2639193810921724,0.01496913560470714
"Donald, Luke",5,4,0.01507949523163521,0.2784703579851542,0.566803571161732,0.13625043985392404,0.003396135767554598
"Donald, Luke",6,3,0.004414995170028246,0.15779365851933164,0.579209973467255,0.24730334065857107,0.011278032184814046
"Donald, Luke",7,4,0.0013384500531862797,0.09831994366375502,0.5687752894419602,0.31597306611643483,0.015593250724663665
"Donald, Luke",8,4,0.002264432527742888,0.09950489729737688,0.5144993400573608,0.3524949316744038,0.031236398443115654
"Donald, Luke",9,3,0.0007809368491523139,0.08405502543484272,0.5766116669624809,0.3248636315638349,0.013688739189689159
"Donald, Luke",10,5,0.02735757354259022,0.29871617325181365,0.5199599492905795,0.1475777140731489,0.006388589841867742
"Donald, Luke",11,4,0.004693212114254441,0.1505530479156738,0.5601677174720802,0.26891613736788156,0.01566988513011003
"Donald, Luke",12,3,0.0008595612280054565,0.1258264743855172,0.675792172795006,0.19528871028080608,0.0022330813106652414
"Donald, Luke",13,4,0.006394854736654743,0.2147595600450249,0.6085432730899051,0.1665574019299627,0.003744910198452578
"Donald, Luke",14,3,0.003850180242257417,0.17959071126803816,0.6217400883201443,0.1904594903379513,0.0043595298316088105
"Donald, Luke",15,4,0.004359606880869893,0.15363507150748973,0.5735212183003553,0.2558586330499658,0.012625470261319327
"Donald, Luke",16,5,0.027249887649576643,0.30400188630405206,0.5218717962996966,0.14127502390719204,0.005601405839482654
"Donald, Luke",17,3,0.0008234477863476863,0.09633396106773068,0.6122419063869997,0.2824295707213518,0.008171114037570204
"Donald, Luke",18,4,0.0016835969092131586,0.07853467115640078,0.4694615034552153,0.4011862892877083,0.04913393919146247
"Echavarria, Nico",1,4,0.007468903289378548,0.18437093429007645,0.5635692006879149,0.23250411984688513,0.012086841885744937
"Echavarria, Nico",2,4,0.0021523475069251674,0.10634077096109917,0.5416704080636653,0.3274139846624132,0.022422488805897145
"Echavarria, Nico",3,5,0.05024429146168374,0.4069991431032609,0.46607147533126536,0.0751609989634986,0.0015240911402913948
"Echavarria, Nico",4,4,0.006764458588810973,0.18137469332726114,0.5698925481063714,0.23080439782608786,0.011163902151468674
"Echavarria, Nico",5,4,0.02012031722175678,0.3148177646801113,0.549726834809348,0.1129606036730395,0.0023744796157443293
"Echavarria, Nico",6,3,0.006187739416406546,0.1864802248994923,0.5852080133312381,0.21388576568691708,0.00823825666594602
"Echavarria, Nico",7,4,0.00199402751893879,0.12102786478624533,0.5889246668492971,0.27669530597218917,0.011358134873329595
"Echavarria, Nico",8,4,0.003203557844886129,0.12003372819225133,0.5352267444056632,0.31743050673877105,0.02410546281842829
"Echavarria, Nico",9,3,0.0012051679122141445,0.10541579051539418,0.6004938894565182,0.2831043361552257,0.009780815960647837
"Echavarria, Nico",10,5,0.034722693464809495,0.3302640924731697,0.5047589115460428,0.1255321866043756,0.004722115911602431
"Echavarria, Nico",11,4,0.0064975364824434445,0.17744450291069763,0.5687597628185264,0.2355870991804122,0.011711098607920412
"Echavarria, Nico",12,3,0.0013868791539858871,0.15749723491171042,0.6809189910249758,0.15878526032324158,0.0014116345860863966
"Echavarria, Nico",13,4,0.008992492843199529,0.2505827134060353,0.5995988553792452,0.1382540368569385,0.0025719015145815316
"Echavarria, Nico",14,3,0.0055693112462399386,0.2133890485485872,0.6191927826429319,0.15886446490184025,0.0029843926604007365
"Echavarria, Nico",15,4,0.006096796844797303,0.1816166519105366,0.580746360269465,0.22225193302039425,0.009288257954806811
"Echavarria, Nico",16,5,0.03467973598602825,0.3361383630928425,0.5054836747012645,0.11959044534572494,0.004107780874139766
"Echavarria, Nico",17,3,0.0012865435024205785,0.1207106824898786,0.6311699169621823,0.24119507865099654,0.005637778394521953
"Echavarria, Nico",18,4,0.0023842658795274474,0.09548113870514191,0.4948930413322082,0.3683000565749127,0.038941497508209744
"Elvira Mijares, Ignacio",1,4,0.006814901834613751,0.17614893446839663,0.5619660121334185,0.24190706808698692,0.013163083476584236
"Elvira Mijares, Ignacio",2,4,0.0019315308544948229,0.10032664849266426,0.5351557127748248,0.33827550436836473,0.02431060350965142
"Elvira Mijares, Ignacio",3,5,0.04697717837683191,0.39743630327044027,0.4741268502353522,0.07976719564099244,0.0016924724763831556
"Elvira Mijares, Ignacio",4,4,0.006157451047746176,0.17309166055298353,0.5682143972812592,0.24035285971939313,0.012183631398617889
"Elvira Mijares, Ignacio",5,4,0.018508577366332712,0.3040261483038742,0.5553200766682118,0.1195039458868894,0.0026412517746918773
"Elvira Mijares, Ignacio",6,3,0.005610654660344161,0.17776264746119863,0.5841033131207204,0.2234768535276188,0.009046531230118005
"Elvira Mijares, Ignacio",7,4,0.001776181837795543,0.11401273572908904,0.5836503251762711,0.28807622786061726,0.012484529396227018
"Elvira Mijares, Ignacio",8,4,0.0028965276801072304,0.11372608589244398,0.5296173711374157,0.32771678831951934,0.026043226970513755
"Elvira Mijares, Ignacio",9,3,0.0010625848009957473,0.09877415292670633,0.5941537504237983,0.2951964038524003,0.010813107996099358
"Elvira Mijares, Ignacio",10,5,0.032406053304565696,0.32097752661543655,0.5096716222302302,0.13177856290748946,0.005166234942278081
"Elvira Mijares, Ignacio",11,4,0.005912352256782327,0.1692724839273092,0.5668359461004605,0.24520633919144252,0.012772878524005438
"Elvira Mijares, Ignacio",12,3,0.0012073665913242548,0.1477019090638927,0.6804359110542013,0.169036301334615,0.0016185119559667394
"Elvira Mijares, Ignacio",13,4,0.008146948894636907,0.23979084401110246,0.6029568243761136,0.14622899306953663,0.002876389648610367
"Elvira Mijares, Ignacio",14,3,0.005004328349089815,0.20312577976036073,0.6207317269319524,0.16779706641151504,0.0033410985470819776
"Elvira Mijares, Ignacio",15,4,0.005531626018164759,0.1731093258345357,0.5792645764325214,0.2319164285587274,0.010178043156050753
"Elvira Mijares, Ignacio",16,5,0.03234095433283962,0.3266838831242141,0.5107478220176218,0.1257226874405577,0.004504653084766774
"Elvira Mijares, Ignacio",17,3,0.0011303502046698943,0.11314381991211386,0.6264061029424803,0.2530217787702609,0.006297948170475021
"Elvira Mijares, Ignacio",18,4,0.0021549915536910325,0.09025191488403134,0.48778290215697334,0.37806970926054895,0.04174048214475534
"English, Harris",1,4,0.009514038626532717,0.20752464969350992,0.5654169714751078,0.2079863243949318,0.009558015809917775
"English, Harris",2,4,0.0028658696080018364,0.12377758709882675,0.5570106367016454,0.298405926858763,0.017939979732763067
"English, Harris",3,5,0.05995410876023194,0.4320475589644145,0.4431195466710937,0.0637352161277589,0.0011435694765009607
"English, Harris",4,4,0.008670923285644505,0.20474659433800924,0.5718595714197932,0.20594605528046728,0.008776855676085882
"English, Harris",5,4,0.025066435296024092,0.344170038941878,0.5324248721186807,0.09656606218946329,0.00177259145395392
"English, Harris",6,3,0.008012515234148643,0.21109857728755022,0.5854281351152972,0.18909324213843492,0.00636753022456904
"English, Harris",7,4,0.002707019348506534,0.1413620127501558,0.6003011654740056,0.24687836700860843,0.008751435418723696
"English, Harris",8,4,0.004181813307172877,0.13817354744264743,0.5482026829799453,0.28996448111879314,0.01947747515144127
"English, Harris",9,3,0.0016808801933051454,0.12486173496725983,0.6145728918794149,0.25146867446622834,0.007415818493791804
"English, Harris",10,5,0.04164883739718761,0.35519920897716706,0.4897891071047378,0.10967278757710597,0.0036900589438015885
"English, Harris",11,4,0.008336896802047078,0.20052901353995978,0.5714018488970106,0.2105096534468387,0.009222587314143826
"English, Harris",12,3,0.001998518129072424,0.18589325953800012,0.6779637817428529,0.13317590684666059,0.0009685337434139907
"English, Harris",13,4,0.011664424456365452,0.2806162016128017,0.587629407885185,0.11819905168404432,0.0018909143616034907
"English, Harris",14,3,0.0073834269649747375,0.24231362611099483,0.6118199428432561,0.1362954189292287,0.0021875851515456013
"English, Harris",15,4,0.00788222261728555,0.20566136331760432,0.5820407139233138,0.19719494675984706,0.007220753381949274
"English, Harris",16,5,0.04168021242573722,0.36149819643571274,0.48956581715745406,0.10406630260794048,0.0031894713731555058
"English, Harris",17,3,0.001810659457464725,0.14279764230749387,0.6405428391394454,0.210694495052401,0.004154364043195025
"English, Harris",18,4,0.0031160235603975295,0.11062730029364448,0.5123783278301037,0.34172560683944775,0.032152741476406455
"Ferguson, Ewen",1,4,0.008200890474348188,0.1930663750450929,0.56470412983969,0.22297121535026554,0.011057389290603403
"Ferguson, Ewen",2,4,0.002403893904098453,0.11280289496153673,0.5479337339758785,0.3162535937754205,0.020605883383065793
"Ferguson, Ewen",3,5,0.05380179418866754,0.41672346471217014,0.45748886262424887,0.07061934772432199,0.0013665307505914548
"Ferguson, Ewen",4,4,0.007445453852226669,0.19014429663451787,0.5710875056167943,0.22113219660273575,0.010190547293725372
"Ferguson, Ewen",5,4,0.021906136387717712,0.32601830757273903,0.5434782347278972,0.10647225633689805,0.002125064974747959
"Ferguson, Ewen",6,3,0.006837547198683125,0.19571444587538472,0.5857680491206001,0.2042083412711917,0.007471616534140413
"Ferguson, Ewen",7,4,0.0022439170027225286,0.12856524751230974,0.5937763436607519,0.2651247346357185,0.010289757188497228
"Ferguson, Ewen",8,4,0.0035506744002494206,0.12678111288881477,0.5405703412223744,0.30686296872205554,0.02223490276650597
"Ferguson, Ewen",9,3,0.0013704206999926583,0.11259131451009535,0.6064115436487645,0.270819546848016,0.008807174293131492
"Ferguson, Ewen",10,5,0.03725326851314359,0.3398339879837115,0.49931961807503095,0.11929315813981589,0.004299967288298068
"Ferguson, Ewen",11,4,0.007154323761791814,0.18610182667053943,0.5702112724901892,0.22583566473764471,0.01069691233983483
"Ferguson, Ewen",12,3,0.0015973158340398808,0.16802521513474955,0.6805201743771758,0.14863351037229733,0.0012237842817374167
"Ferguson, Ewen",13,4,0.009944332762087393,0.2619246820988831,0.5955131445181144,0.13032922967885763,0.0022886109420574563
"Ferguson, Ewen",14,3,0.006210822803947524,0.22424991374530873,0.6169221260310174,0.149964402093408,0.0026527353263183784
"Ferguson, Ewen",15,4,0.006732861311139038,0.19063214693516312,0.5817082292839728,0.21248432024212915,0.008442442227595937
"Ferguson, Ewen",16,5,0.037236137571458494,0.34587602437426834,0.4996810797606188,0.11347530975068743,0.0037314485429669197
"Ferguson, Ewen",17,3,0.0014681345653803635,0.12887267828879784,0.635362383845525,0.2292749368772281,0.005021866423068677
"Ferguson, Ewen",18,4,0.002643703888985882,0.10109643672497765,0.5018843792267225,0.35815923465323596,0.03621624550607805
"Fitzpatrick, Alex",1,4,0.007714218726863564,0.1873413566978387,0.5640197295491864,0.2292013955935478,0.011723299432563561
"Fitzpatrick, Alex",2,4,0.0022361473737639304,0.10853655551014518,0.5438807168638327,0.32356439266354775,0.021782187588710533
"Fitzpatrick, Alex",3,5,0.051447663511758945,0.4103652378349421,0.46314600888073376,0.07357304004162935,0.0014680497309358387
"Fitzpatrick, Alex",4,4,0.00699250329269635,0.18436936101518903,0.5703657467315273,0.22745245625228183,0.010819932708305502
"Fitzpatrick, Alex",5,4,0.020720866118121795,0.31866828159448873,0.5476289336694042,0.11069617774776286,0.0022857408702223747
"Fitzpatrick, Alex",6,3,0.00640507171390825,0.18963306658364593,0.5854674431276827,0.21052764636038923,0.007966772214373807
"Fitzpatrick, Alex",7,4,0.0020770808904416738,0.12358911164999942,0.5906638603106896,0.2726901556521326,0.010979791496736668
"Fitzpatrick, Alex",8,4,0.0033194928543634483,0.12232985457837825,0.5371185260270935,0.31378525927509116,0.023446867265073612
"Fitzpatrick, Alex",9,3,0.0012598993311653817,0.10784959510175707,0.6026042418706805,0.2788508805093425,0.009435383187054613
"Fitzpatrick, Alex",10,5,0.035577766470476724,0.33356181122158785,0.5029276379623724,0.12336005068418343,0.004572733661379669
"Fitzpatrick, Alex",11,4,0.006717443329447903,0.1804002243381384,0.569320991336091,0.23220856080931251,0.011352780187010136
"Fitzpatrick, Alex",12,3,0.0014563082052676535,0.1610745663015407,0.6808844940514824,0.15524047416895193,0.0013441572727572737
"Fitzpatrick, Alex",13,4,0.00931087739207842,0.2544655427755423,0.5982624682059237,0.13549016391488033,0.0024709477115753
"Fitzpatrick, Alex",14,3,0.005783268008071496,0.2170986203346586,0.6184887920874298,0.15576314290083138,0.00286617666900868
"Fitzpatrick, Alex",15,4,0.006309569208819865,0.18469434618226077,0.5811427599698321,0.21886437233977862,0.008988952299308628
"Fitzpatrick, Alex",16,5,0.03554335158572047,0.33949451997890956,0.5035273208519497,0.11746030150715314,0.003974506076267037
"Fitzpatrick, Alex",17,3,0.001346623132655822,0.12348062196502502,0.6326972656555898,0.23705700740648505,0.005418481840244294
"Fitzpatrick, Alex",18,4,0.00247089001085421,0.09738953285626745,0.4973410121125495,0.3648138737218545,0.03798469129847437
"Fitzpatrick, Matt",1,4,0.010203998672247583,0.2146163871557612,0.5652694298524995,0.20100362284568918,0.008906561473802532
"Fitzpatrick, Matt",2,4,0.00311371159695617,0.12926514966647218,0.5608864273489629,0.2899610441030893,0.016773667284519456
"Fitzpatrick, Matt",3,5,0.06308225500322667,0.43919390762292826,0.4360428418698199,0.06063173553182977,0.0010492599721954043
"Fitzpatrick, Matt",4,4,0.009316576451006864,0.21191796331643636,0.5717238224898006,0.19887737910945558,0.008164258633300614
"Fitzpatrick, Matt",5,4,0.02670658205535953,0.3528623383498825,0.526736007600051,0.09207135922118304,0.001623712773523911
"Fitzpatrick, Matt",6,3,0.00863415875002066,0.21865676798079248,0.5847245614389145,0.18209161816297814,0.0058928936672941745
"Fitzpatrick, Matt",7,4,0.0029574216816661836,0.14775738237411823,0.6028404072987466,0.23835441418061087,0.008090374464858163
"Fitzpatrick, Matt",8,4,0.004517433363643519,0.143840423514621,0.5514080605669588,0.2819681266147336,0.0182659559400431
"Fitzpatrick, Matt",9,3,0.0018507681407711196,0.1310333215352465,0.617854257562351,0.24243944485773428,0.006822207903897093
"Fitzpatrick, Matt",10,5,0.043892872153086904,0.36249569957996525,0.4849178419600904,0.10526658864897087,0.0034269976578865657
"Fitzpatrick, Matt",11,4,0.008960265181573113,0.2076197545529771,0.571467459191594,0.203369343483494,0.008583177590361757
"Fitzpatrick, Matt",12,3,0.002220833247686238,0.19481440141675466,0.675914249110207,0.12618580639055377,0.0008647098347982496
"Fitzpatrick, Matt",13,4,0.012573834815583218,0.2897058025994084,0.5833127275907228,0.11268362523232323,0.0017240097619622974
"Fitzpatrick, Matt",14,3,0.008009674254802646,0.2511718355651798,0.6087641937000844,0.13006173148221567,0.001992564997717494
"Fitzpatrick, Matt",15,4,0.008489977250692782,0.2130496916482264,0.5816678797538024,0.19009834141269977,0.00669410993457864
"Fitzpatrick, Matt",16,5,0.043950618442407996,0.36891080331273296,0.48441662739627167,0.09976553838932745,0.0029564124592599272
"Fitzpatrick, Matt",17,3,0.0019987360103232987,0.14978565583224857,0.6423185254233426,0.20210780763857028,0.0037892750955152987
"Fitzpatrick, Matt",18,4,0.003367492809286887,0.11539129421476713,0.5170367752631881,0.3338562006947168,0.030348237018041013
"Fleetwood, Tommy",1,4,0.011761057807225639,0.22954756795348613,0.5639753209713678,0.18702794767612296,0.007688105591797445
"Fleetwood, Tommy",2,4,0.003684869083028619,0.1410434196996378,0.56788288304059,0.2728109019532645,0.014577926223479087
"Fleetwood, Tommy",3,5,0.06991263914891749,0.4534785998806901,0.42111560205795495,0.05461580199108884,0.0008773569213486043
"Fleetwood, Tommy",4,4,0.010777599176921282,0.22703506337196622,0.5704203377628811,0.18474552385042664,0.007021475837804769
"Fleetwood, Tommy",5,4,0.030361669133324165,0.3707184635088463,0.5142610984315573,0.08330599754331935,0.0013527713829528665
"Fleetwood, Tommy",6,3,0.01004665610278499,0.234593258809991,0.5821847659008268,0.1681609610318403,0.005014358154556975
"Fleetwood, Tommy",7,4,0.003538951893327813,0.16147347724422323,0.6068604402812077,0.22125965470662523,0.0068674758746160025
"Fleetwood, Tommy",8,4,0.005284083779279858,0.15594161309671234,0.5570736485452201,0.26572529048629967,0.01597536409248801
"Fleetwood, Tommy",9,3,0.002250075518035244,0.14435233703583478,0.6233101350426911,0.2243555698579005,0.005731882545538358
"Fleetwood, Tommy",10,5,0.04881351149253366,0.37736269057292504,0.47429353079106873,0.09659192023592555,0.002938346907547018
"Fleetwood, Tommy",11,4,0.010371587343416366,0.2225784011520942,0.570579002458576,0.18908160713923539,0.007389401906678028
"Fleetwood, Tommy",12,3,0.0027497987224763265,0.213913889809265,0.6700419749144098,0.11261170680798338,0.0006826297458655262
"Fleetwood, Tommy",13,4,0.014638262643402067,0.3086686505854318,0.5733625813992448,0.10190830468781176,0.0014222006841095869
"Fleetwood, Tommy",14,3,0.009445761937636965,0.2698075907084959,0.6012571480394511,0.11784921237110657,0.0016402869433094214
"Fleetwood, Tommy",15,4,0.009870176336663317,0.2286381989838998,0.5798241966453829,0.17595074362215368,0.005716684411900319
"Fleetwood, Tommy",16,5,0.04893244854679035,0.38400118936335603,0.4732263817960217,0.09131521697389022,0.0025247633199416697
"Fleetwood, Tommy",17,3,0.002442266338755883,0.1648299171986014,0.644528092229647,0.18507217818433175,0.003127546048663943
"Fleetwood, Tommy",18,4,0.00394267584602509,0.12561540566367702,0.5258543179848261,0.3176868844870677,0.026900716018404047
"Ford, David",1,4,0.00645985286389128,0.17148435312835741,0.5608131158396578,0.247419415288873,0.013823262879220533
"Ford, David",2,4,0.001813300985275379,0.09695648759300551,0.5311913928470752,0.3445753071699458,0.025463511404698158
"Ford, David",3,5,0.04516496649309154,0.3918463072616082,0.47866420031717183,0.08252699418775156,0.0017975317403768898
"Ford, David",4,4,0.005828528819381951,0.16839654198087156,0.5670106654389502,0.2459541166033875,0.012810147157408802
"Ford, David",5,4,0.01762671503480412,0.2978152619136965,0.558343480335428,0.12340674631699222,0.002807796399079132
"Ford, David",6,3,0.005298858292596076,0.17282335341020355,0.5832121072173297,0.2291201334080597,0.009545547671810928
"Ford, David",7,4,0.0016601858734783814,0.11008192831825159,0.5803457821285992,0.294732218234836,0.013179885444834838
"Ford, David",8,4,0.0027311512621376877,0.11017901903918115,0.5261822066359947,0.33368414002702873,0.027223483035657692
"Ford, David",9,3,0.0009872804066095586,0.09506879774885008,0.5902191400814829,0.3022716870283312,0.011453094734726221
"Ford, David",10,5,0.031124155790751118,0.3156027356385234,0.5123493111476762,0.1354837833876682,0.00544001403538108
"Ford, David",11,4,0.005595359029885061,0.1646424560804211,0.5654916060662423,0.2508456928739432,0.013424885949508414
"Ford, David",12,3,0.0011134225715033752,0.14221639666830999,0.6797654546373697,0.1751541711760245,0.0017505549467924375
"Ford, David",13,4,0.007690050254387626,0.23363977460667273,0.6046257092104637,0.15097728650683084,0.0030671794216451387
"Ford, David",14,3,0.004701096791260351,0.19730716381491253,0.6213227600353632,0.1731042693136613,0.0035647100448026325
"Ford, David",15,4,0.005226139621504311,0.16829073402080819,0.578161058024508,0.23759561431399234,0.010726454019187148
"Ford, David",16,5,0.031047471728989473,0.3212097693676731,0.5136282616643554,0.1293647384621932,0.004749758776788848
"Ford, David",17,3,0.0010480640162620625,0.10891730345376827,0.6233392872586698,0.25998468001915975,0.006710665252140036
"Ford, David",18,4,0.0020315776962046006,0.08731991216060431,0.48352329556168167,0.38369117568739985,0.04343403889410957
"Forrest, Grant",1,4,0.007617076638661402,0.18617213596426146,0.5638503177945553,0.2304955934794658,0.01186487612305609
"Forrest, Grant",2,4,0.0022029018821591584,0.10767079452114542,0.5430195761095569,0.3250750279858522,0.02203169950128636
"Forrest, Grant",3,5,0.050972523669420344,0.4090458039644567,0.4642983943310198,0.07419345498521968,0.001489823049883432
"Forrest, Grant",4,4,0.006902177780940433,0.1831904602865535,0.5701876842037892,0.2287658208764074,0.01095385685230954
"Forrest, Grant",5,4,0.020483309153294493,0.31715566749084345,0.5484593884265625,0.11158142035627994,0.0023202145730196744
"Forrest, Grant",6,3,0.006318956007725085,0.18839183495605416,0.5853739235745925,0.21184288287713704,0.008072402584491156
"Forrest, Grant",7,4,0.00204410756587986,0.12257926243148431,0.5899895686857464,0.2742600626311772,0.01112699868571232
"Forrest, Grant",8,4,0.0032735352048808286,0.12142495642791978,0.5363822250886001,0.31521568394426625,0.02370359933433297
"Forrest, Grant",9,3,0.0012381466482856984,0.10688943553824531,0.6017847274707455,0.2805179859608863,0.00956970438183724
"Forrest, Grant",10,5,0.03524003519589225,0.33226733456273283,0.5036518861015916,0.12420987454107923,0.004630869598704068
"Forrest, Grant",11,4,0.006630337260958075,0.17923658038242424,0.5691083257337732,0.23353245532767075,0.011492301295173757
"Forrest, Grant",12,3,0.0014286811535648147,0.15966405868644468,0.6809109248700735,0.156626046376926,0.001370288912990958
"Forrest, Grant",13,4,0.00918472467021797,0.252938204821658,0.598796024663048,0.13657089968139624,0.0025101461636797273
"Forrest, Grant",14,3,0.005698415543322677,0.21563836945794956,0.6187749702547105,0.15697617030125177,0.002912074442765422
"Forrest, Grant",15,4,0.006225264882900261,0.18348264171368195,0.5809952853383215,0.2201913730682662,0.009105434996830142
"Forrest, Grant",16,5,0.03520222320426242,0.3381771810473867,0.5043006830151466,0.11829355272331543,0.004026360009888763
"Forrest, Grant",17,3,0.0013227370625163437,0.12238804194355385,0.6321080462477457,0.23867751931399128,0.005503655432192778
"Forrest, Grant",18,4,0.00243654821639383,0.0966371322028936,0.49638493205430945,0.36618337325528116,0.038358014271121954
"Forsstrom, Simon",1,4,0.006091281617701005,0.16647703637354544,0.5593688705205961,0.2534869742665957,0.014575837221561638
"Forsstrom, Simon",2,4,0.0016918597594131057,0.09337262200969737,0.5267105344574405,0.35145188301992214,0.02677310075352679
"Forsstrom, Simon",3,5,0.043252610822284376,0.3857086903074584,0.483503357558238,0.08561646189613392,0.0019188794158853106
"Forsstrom, Simon",4,4,0.005487569063174935,0.16335985328307018,0.5655048373965808,0.2521225217149752,0.013525218542199013
"Forsstrom, Simon",5,4,0.01670583062475811,0.29107549878767086,0.5614581306435236,0.12776030317809817,0.0030002367659492934
"Forsstrom, Simon",6,3,0.004976378810792659,0.16752665005786233,0.5820305782353851,0.23534917481415674,0.010117218081803214
"Forsstrom, Simon",7,4,0.0015415470402115883,0.10590238938055269,0.5765355365442886,0.30204414669751545,0.01397638033743176
"Forsstrom, Simon",8,4,0.0025605023501947266,0.1063968054731042,0.5222819763525272,0.3401991265635289,0.028561589260645004
"Forsstrom, Simon",9,3,0.0009107399454428289,0.09114221709994452,0.5857117975061563,0.31004669833348664,0.012188547114969639
"Forsstrom, Simon",10,5,0.02977386201348281,0.30974483664862434,0.5151281533802624,0.13959982753954214,0.005753320418088292
"Forsstrom, Simon",11,4,0.005266846254822155,0.15967735193026084,0.56383391881404,0.25705313293076837,0.014168750070108649
"Forsstrom, Simon",12,3,0.0010186129016172552,0.13638750665267052,0.6787082939198597,0.18197986420975565,0.0019057223160969805
"Forsstrom, Simon",13,4,0.007217481385696556,0.22701418474533713,0.6062136894682526,0.15626639743627735,0.0032882469644363033
"Forsstrom, Simon",14,3,0.004389088739242986,0.19106520881372402,0.6217157322723221,0.17900607772236699,0.0038238924523439355
"Forsstrom, Simon",15,4,0.004910083535380083,0.16312470253088368,0.5767532013106385,0.24385811689918802,0.011353895723909768
"Forsstrom, Simon",16,5,0.029685523368109812,0.31524194260893523,0.5166274233242318,0.1334144614852777,0.005030649213445426
"Forsstrom, Simon",17,3,0.000964589751457301,0.10443462214925808,0.6197401266941904,0.26767266530132916,0.007187996103765082
"Forsstrom, Simon",18,4,0.0019042895236762725,0.08420043711154895,0.4787614410683387,0.38978946123006597,0.045344371066370126
"Fox, Ryan",1,4,0.009853746089820259,0.21105617573667623,0.5653826722133501,0.20448014791921143,0.009227258040941932
"Fox, Ryan",2,4,0.002987475511078641,0.12650168355993308,0.5589865856200131,0.2941758012871283,0.017348454021846815
"Fox, Ryan",3,5,0.06150265036359592,0.4356360275660314,0.43959716115786734,0.062168676075126994,0.0010954848373783133
"Fox, Ryan",4,4,0.008988673008890058,0.20831705688015956,0.5718325064903391,0.2023960684047924,0.008465695215818858
"Fox, Ryan",5,4,0.025875636932222668,0.34851578418986956,0.5296123619280193,0.09429955101249354,0.0016966659373949255
"Fox, Ryan",6,3,0.008318238916695253,0.2148614367067686,0.585120001700906,0.18557418221860722,0.006126140457022977
"Fox, Ryan",7,4,0.0028297229988915595,0.14453709071531962,0.6016181201921613,0.2425998575950512,0.008415208498576354
"Fox, Ryan",8,4,0.004346729195361887,0.14098903342580138,0.5498416702413118,0.28595912491378206,0.01886344222374281
"Fox, Ryan",9,3,0.0017639641274951878,0.1279225440415349,0.6162643211906118,0.2469356186812952,0.007113551959062825
"Fox, Ryan",10,5,0.04275895653107947,0.3588520218464953,0.48737838752865104,0.1074542888984884,0.003556345195285804
"Fox, Ryan",11,4,0.008643653462090062,0.20405889285995144,0.5714753887724104,0.2069242140751062,0.008897850830441922
"Fox, Ryan",12,3,0.0021070175098236166,0.19032328489331785,0.6770055320648816,0.1296488956095122,0.0009152699224648231
"Fox, Ryan",13,4,0.01211173225120099,0.2851491865684329,0.5855146686222671,0.11541870365298745,0.0018057089051115582
"Fox, Ryan",14,3,0.0076909415415017945,0.24672517789302267,0.610341416080541,0.1331544541351949,0.0020880103497395996
"Fox, Ryan",15,4,0.008181142884193637,0.20933927707485306,0.5818972497296973,0.1936292995857548,0.006953030725501241
"Fox, Ryan",16,5,0.04280324955604564,0.36520964310528486,0.4870159634451869,0.10190019247133209,0.003070951422150525
"Fox, Ryan",17,3,0.0019025869501396175,0.14626469176385115,0.6414877094372178,0.20637695123404587,0.003968060614745639
"Fox, Ryan",18,4,0.003239563867400652,0.1129922955190853,0.5147371177835646,0.3377913084895613,0.03123971434038819
"Frittelli, Dylan",1,4,0.006488275016362455,0.17186333607455634,0.5609136031120469,0.24696659007458244,0.013768195722451915
"Frittelli, Dylan",2,4,0.0018227211790353137,0.09722916768148493,0.5315209403456802,0.3440596775728797,0.0253674932209198
"Frittelli, Dylan",3,5,0.04531109347106416,0.39230502397213696,0.47829655711283775,0.08229860718832183,0.00178871825563931
"Frittelli, Dylan",4,4,0.005854842793980575,0.16877789286013606,0.5671155147562899,0.24549388949817086,0.012757860091422657
"Frittelli, Dylan",5,4,0.017697495063231705,0.2983222965624824,0.5581021192170619,0.12308426674737472,0.002793822409849378
"Frittelli, Dylan",6,3,0.005323777374976912,0.17322447443489086,0.5832919308458469,0.22865598361425787,0.0095038337300275
"Frittelli, Dylan",7,4,0.001669410637785751,0.11039995571202388,0.5806229633258877,0.29418590854421345,0.01312176178008917
"Frittelli, Dylan",8,4,0.00274435473039486,0.1104663545313947,0.5264683402398934,0.3331956813775996,0.027125269120717443
"Frittelli, Dylan",9,3,0.000993252533993405,0.0953681411078755,0.590548205079981,0.3016908778212861,0.011399523456864014
"Frittelli, Dylan",10,5,0.031227438035260735,0.316042351184117,0.5121348836603699,0.1351781880151144,0.00541713910513808
"Frittelli, Dylan",11,4,0.005620715888620231,0.16501846127881353,0.5656079110230132,0.2503824307562752,0.01337048105327776
"Frittelli, Dylan",12,3,0.0011208495516725758,0.14266009646599792,0.6798310530102769,0.17464860682322358,0.0017393941488290654
"Frittelli, Dylan",13,4,0.007726566877086782,0.2341402911279712,0.6044968025506383,0.15058518773977503,0.003051151704528632
"Frittelli, Dylan",14,3,0.004725276258819799,0.19777977771637678,0.6212826881964014,0.17266633549225086,0.0035459223361511416
"Frittelli, Dylan",15,4,0.00525055789870732,0.16868201099315416,0.5782580812367916,0.23712871285775095,0.010680637013596006
"Frittelli, Dylan",16,5,0.031151668963163126,0.3216575651147522,0.5133972712118892,0.12906422777006643,0.004729266940129095
"Frittelli, Dylan",17,3,0.0010545842345725531,0.10925888053771043,0.6235986091561011,0.25941190463443276,0.006676021437183155
"Frittelli, Dylan",18,4,0.0020414288170705897,0.08755719099579334,0.4838756454697198,0.3832323113481787,0.04329342336923758
"Gerard, Ryan",1,4,0.008636681049597417,0.1980162658163001,0.565107547063721,0.21772335530826192,0.010516150762119536
"Gerard, Ryan",2,4,0.0025557347208328696,0.1165279163653743,0.5512242954789923,0.3100456516960417,0.019646401738758756
"Gerard, Ryan",3,5,0.0558744560333051,0.42208626629979534,0.45258081588027016,0.0681733329978218,0.001285128788807599
"Gerard, Ryan",4,4,0.007851630840091717,0.19514065053070961,0.5715167200671716,0.2158113316100828,0.009679666951944332
"Gerard, Ryan",5,4,0.022960857708836657,0.33229837294603104,0.5397820376059845,0.10296242483804774,0.0019963069011000867
"Gerard, Ryan",6,3,0.0072262246683608145,0.2009772887093081,0.585823999531339,0.19890120648305998,0.007071280607932051
"Gerard, Ryan",7,4,0.0023955659815271257,0.1329094759325269,0.5962207074378648,0.2587423464941979,0.009731904153883253
"Gerard, Ryan",8,4,0.0037589711640258483,0.13065706822319512,0.5433545100814525,0.30098518720558287,0.021244263325743695
"Gerard, Ryan",9,3,0.0014715141940694343,0.11674475630471465,0.6094350887513618,0.2640475443458081,0.008301096404045971
"Gerard, Ryan",10,5,0.038731408998852024,0.34516987139673394,0.4961213749671007,0.11589823428060009,0.004079110356713267
"Gerard, Ryan",11,4,0.007546191664261459,0.19103660603644568,0.5707849368836537,0.2204679550023787,0.010164310413260491
"Gerard, Ryan",12,3,0.0017271742908275822,0.1740927034665392,0.6799011024379786,0.14314993608714077,0.0011290837175137458
"Gerard, Ryan",13,4,0.010513495356630764,0.2683476693928973,0.5929602999835379,0.1260355873136525,0.0021429479532815154
"Gerard, Ryan",14,3,0.006597009708996349,0.23043406265603522,0.615354157621729,0.1451324707912247,0.0024822992220148166
"Gerard, Ryan",15,4,0.007113169140607389,0.19577221865361494,0.581993931166203,0.2071207026878692,0.007999978351705517
"Gerard, Ryan",16,5,0.038730097083603865,0.3513029509234025,0.4962799133886551,0.11015209703245765,0.003534941571880834
"Gerard, Ryan",17,3,0.0015794869213309193,0.13359078589438395,0.6373800658337669,0.22274513995350897,0.004704521397009165
"Gerard, Ryan",18,4,0.0027995006790474952,0.1043320472142506,0.5056320132460921,0.35247343670749254,0.03476300215311723
"Gotterup, Chris",1,4,0.009641050245917993,0.20885433805262327,0.5654133010835001,0.20665934876540937,0.009431961852549353
"Gotterup, Chris",2,4,0.002911239301720381,0.12480126255028401,0.5577654145838165,0.29680738546925645,0.017714698094922654
"Gotterup, Chris",3,5,0.06053503058413451,0.43340566355996474,0.44179373309553027,0.06314037713701726,0.0011251956233532256
"Gotterup, Chris",4,4,0.008789692159682172,0.20609077427945854,0.5718589461471606,0.20460234838925584,0.008658239024442849
"Gotterup, Chris",5,4,0.025369367691003064,0.34581030923208145,0.5313707712223172,0.09570597695666538,0.0017435748979328647
"Gotterup, Chris",6,3,0.008126740364742313,0.21251514134344912,0.5853220873633556,0.18776059307824466,0.006275437850208343
"Gotterup, Chris",7,4,0.002752762017150079,0.14255523326869451,0.6008093789639187,0.24525946968467693,0.008623156065559745
"Gotterup, Chris",8,4,0.0042433970383291,0.13923212140708868,0.5488298617961813,0.2884508981234384,0.019243721634962463
"Gotterup, Chris",9,3,0.0017118150047918945,0.12601127215547425,0.6152232517707582,0.24975324788980025,0.007300413179175402
"Gotterup, Chris",10,5,0.04206511425242382,0.3565790942729547,0.48888500887251984,0.1088317193591406,0.003639063242961038
"Gotterup, Chris",11,4,0.00845155070592335,0.20185781240732137,0.5714391800133753,0.20915265117615456,0.009098805697225432
"Gotterup, Chris",12,3,0.002038864314820421,0.18755830928716044,0.6776177247753199,0.13183699984322983,0.0009481017794694679
"Gotterup, Chris",13,4,0.011831561938419777,0.2823244800936799,0.5868414372507337,0.11714419027521872,0.0018583304419479418
"Gotterup, Chris",14,3,0.007498211675351252,0.2439747311144853,0.6112734659329213,0.1351040889599482,0.0021495023172939387
"Gotterup, Chris",15,4,0.007993912152215565,0.20704586110193063,0.5819966568123003,0.19584492725168512,0.007118642681868459
"Gotterup, Chris",16,5,0.042101303421150926,0.36290034760301176,0.4886091614259614,0.10324493076103136,0.003144256788844557
"Gotterup, Chris",17,3,0.0018448751037544175,0.14410005607048237,0.6409128832019003,0.20905904831354838,0.004083137310314511
"Gotterup, Chris",18,4,0.0031621507288298045,0.11151605446384916,0.5132756235165286,0.3402406377335525,0.03180553355724003
"Greyserman, Max",1,4,0.009253581001874345,0.20476208256650352,0.5653883703882521,0.21077002981260584,0.00982593623076422
"Greyserman, Max",2,4,0.0027731996334234843,0.12165851941007877,0.5554003536533335,0.3017497390477212,0.018418188255443058
"Greyserman, Max",3,5,0.05875538608305986,0.4291988013988878,0.4458721782750016,0.0649908164058175,0.0011828178372332854
"Greyserman, Max",4,4,0.008427494890982434,0.20195457769402891,0.5718233854134596,0.20876544789289864,0.009029094108630398
"Greyserman, Max",5,4,0.024443763201141666,0.3407466536049442,0.5345956147568972,0.09837937782203054,0.0018345906149863644
"Greyserman, Max",6,3,0.007778585320339759,0.20815640868381813,0.5856093649346483,0.19189198390875517,0.006563657152438562
"Greyserman, Max",7,4,0.002613726442936004,0.13889171739343453,0.5991970006489791,0.2502729053911519,0.009024650123498512
"Greyserman, Max",8,4,0.004055814134091895,0.13598008495428743,0.5468603138576102,0.2931305183056556,0.01997326874835481
"Greyserman, Max",9,3,0.0016179317069155985,0.12248474006640042,0.6131689424105278,0.2550664399790744,0.007661945837081796
"Greyserman, Max",10,5,0.04079052295236796,0.3523147282803456,0.491653283952039,0.11144286985145235,0.0037985949637950878
"Greyserman, Max",11,4,0.008101925109557206,0.1977693417224361,0.5712865113202665,0.2133564542213071,0.00948576762643305
"Greyserman, Max",12,3,0.0019166138176397451,0.18244542742903985,0.6786248731373614,0.13600058653948432,0.0010124990764747155
"Greyserman, Max",13,4,0.011322083103519898,0.27706123312925346,0.5892339119064045,0.12042215210538854,0.0019606197554336013
"Greyserman, Max",14,3,0.007148768739471012,0.2388622987202756,0.612915133487342,0.13880472958798218,0.0022690694649292187
"Greyserman, Max",15,4,0.007653461331363631,0.2027861312622788,0.5820932061435311,0.2000290973086647,0.007438103954161779
"Greyserman, Max",16,5,0.04081208747758025,0.3585667242141437,0.49153984659041994,0.1057955842824142,0.003285757435441905
"Greyserman, Max",17,3,0.0017410799920489217,0.14010336735886791,0.6397181628875079,0.21413073073956457,0.0043066590220106615
"Greyserman, Max",18,4,0.0030216702503922943,0.10878742212799491,0.5104783338022628,0.34482487056109823,0.032887703258251744
"Guerrier, Julien",1,4,0.007207886456889356,0.1811440893691777,0.5630034696262911,0.23614797008771604,0.012496584459925852
"Guerrier, Julien",2,4,0.0020637583579855012,0.10396925997637085,0.5391840327870989,0.331640332003201,0.02314261687534369
"Guerrier, Julien",3,5,0.04895093216893287,0.40328952232456405,0.4692408266431033,0.07693095299416308,0.0015877658692367014
"Guerrier, Julien",4,4,0.006522027697276556,0.17812281857459716,0.5692995697808726,0.2345037014503123,0.01155188249694139
"Guerrier, Julien",5,4,0.019478964615289918,0.31060595447109146,0.5519604374123047,0.11547930656272509,0.0024753369385888124
"Guerrier, Julien",6,3,0.005957007534865777,0.18305721104400502,0.5848433809008129,0.21759720981185593,0.008545190708460382
"Guerrier, Julien",7,4,0.0019064504357991785,0.11826160570660632,0.5869364748341381,0.28110958879387615,0.01178588022958027
"Guerrier, Julien",8,4,0.003080656171364271,0.11754979235504098,0.5330915233468608,0.3214327613459844,0.024845266780749498
"Guerrier, Julien",9,3,0.0011476731491253944,0.10279248015576403,0.5980941748853132,0.28779351338748427,0.010172158422313116
"Guerrier, Julien",10,5,0.03380474696005581,0.3266474936504087,0.5067150763054187,0.12794181196303223,0.004890871121084661
"Guerrier, Julien",11,4,0.006263792724260808,0.17423563343313975,0.5680707128201644,0.23931469850011378,0.012115162522321254
"Guerrier, Julien",12,3,0.0013142484567988943,0.15363403734679665,0.6808326094306147,0.16272995157073566,0.0014891531950540493
"Guerrier, Julien",13,4,0.008654445302102742,0.2463550090331718,0.6009778337701803,0.14132586422396753,0.0026868476705775857
"Guerrier, Julien",14,3,0.005342856623040626,0.2093601586636359,0.6198699802753973,0.16230797878337555,0.003119025654550689
"Guerrier, Julien",15,4,0.0058708633336180815,0.17827576567983067,0.5802333494034162,0.22599364931042876,0.009626372272706352
"Guerrier, Julien",16,5,0.03375283694244352,0.3324569465338876,0.5075768553419395,0.12195488848913383,0.004258472692595494
"Guerrier, Julien",17,3,0.0012235024371151093,0.11772330883780646,0.6293956154356434,0.24577035712805206,0.005887216161382991
"Guerrier, Julien",18,4,0.002292466079583999,0.09341954987194168,0.49216186694404984,0.37211321960603516,0.04001289749838932
"Gumberg, Jordan",1,4,0.005570575048441551,0.15908726604115186,0.5568255256876813,0.26273905652175455,0.015777576700970797
"Gumberg, Jordan",2,4,0.0015226482112298823,0.08814821561711739,0.5196536981310951,0.36182098755797143,0.02885445048258628
"Gumberg, Jordan",3,5,0.04049237039256409,0.3763836233030535,0.49057437734204706,0.09043359739075352,0.0021160315715818
"Gumberg, Jordan",4,4,0.0050067800735558166,0.1559334080781567,0.5628567233388901,0.26153420607340117,0.014668882435996178
"Gumberg, Jordan",5,4,0.015394814795865963,0.2809893513858169,0.5657864869776674,0.13451631782844387,0.0033130290122058703
"Gumberg, Jordan",6,3,0.004523000855966686,0.15972084378734164,0.5798381718265406,0.2448820180661876,0.01103596546396346
"Gumberg, Jordan",7,4,0.001377171036674285,0.09981116356308717,0.5703927297547375,0.3131627940138161,0.015256141631684872
"Gumberg, Jordan",8,4,0.002321291860397201,0.10086354835475131,0.5161059515239563,0.35002615800185866,0.030683050259036504
"Gumberg, Jordan",9,3,0.0008055576179344381,0.08544503639441525,0.5785005443354508,0.3218736660687411,0.013375195583458344
"Gumberg, Jordan",10,5,0.027829381480023396,0.30092784679670426,0.519033265480267,0.14595330015036723,0.006256206092638106
"Gumberg, Jordan",11,4,0.004803757953322441,0.15235981270897697,0.5609601084170486,0.26651848950103285,0.015357831419619106
"Gumberg, Jordan",12,3,0.0008895496301227768,0.12790182449647575,0.6764741053741723,0.19257102571403084,0.0021634947851983943
"Gumberg, Jordan",13,4,0.006553112157781926,0.21719426746029252,0.6081457411864986,0.16445802725939385,0.0036488519360331484
"Gumberg, Jordan",14,3,0.003953419132681768,0.181863076085592,0.6218105038971153,0.18812616509997382,0.004246835784637137
"Gumberg, Jordan",15,4,0.004465543151446094,0.15551374269548984,0.5742303437663323,0.2534298016305089,0.012360568756222823
"Gumberg, Jordan",16,5,0.027725313981936395,0.3062563952554978,0.5208626330656273,0.13967332017220768,0.005482337524730818
"Gumberg, Jordan",17,3,0.0008501754122491878,0.09792371745068351,0.61382094708295,0.27944052349332416,0.007964636560793159
"Gumberg, Jordan",18,4,0.0017259655683190545,0.0796496984721557,0.47136137561996566,0.39890992831382033,0.04835303202573926
"Hall, Harry",1,4,0.009553988587799545,0.20794410289355741,0.5654170279144524,0.20756682948134153,0.009518051122849203
"Hall, Harry",2,4,0.002880127514758135,0.12410024698346356,0.5572501485696411,0.29790090125689084,0.017868575675246356
"Hall, Harry",3,5,0.060137084177067035,0.4324768894338606,0.4427013757630376,0.06354691289843029,0.0011377377276045042
"Hall, Harry",4,4,0.008708276289407235,0.20517059682267702,0.5718606306386969,0.20552125144256483,0.008739244806654112
"Hall, Harry",5,4,0.025161768872375312,0.3446879901294706,0.5320929958384424,0.09629386394512507,0.0017633812145866345
"Hall, Harry",6,3,0.008048432893696444,0.21154540584266962,0.5853959921786925,0.1886718490542062,0.0063383200307352006
"Hall, Harry",7,4,0.0027213897137441934,0.14173812195169244,0.6004631034761658,0.24636663828024474,0.00871074657815285
"Hall, Harry",8,4,0.00420117387238611,0.13850727990344497,0.5484018485602504,0.28948629860921815,0.019403399054700343
"Hall, Harry",9,3,0.0016905936421549583,0.12522397824931641,0.61477982054909,0.25092640532553345,0.007379202233905202
"Hall, Harry",10,5,0.04177993121261403,0.35563508984775666,0.48950438034858096,0.109406712383047,0.0036738862080013535
"Hall, Harry",11,4,0.0083729548660601,0.20094815089506285,0.5714148914992835,0.21008066263504122,0.009183340104552351
"Hall, Harry",12,3,0.0020111800255736,0.18641811759727545,0.6778565555759033,0.13275210852233787,0.000962038278909727
"Hall, Harry",13,4,0.01171698190203374,0.2811552797510368,0.5873819300293132,0.11786523927694637,0.0018805690406699105
"Hall, Harry",14,3,0.0074195063303536535,0.2428376335106069,0.611648899761357,0.13591846696561483,0.0021754934320676877
"Hall, Harry",15,4,0.007917343791803422,0.2060980657823689,0.5820281244735291,0.19676809672634832,0.007188369225950231
"Hall, Harry",16,5,0.041812818397861495,0.3619411258132553,0.4892644887568978,0.10380643675815704,0.0031751302738283194
"Hall, Harry",17,3,0.0018214015328634203,0.14320809989272532,0.6406614448058887,0.21017730155247105,0.004131752216051554
"Hall, Harry",18,4,0.0031305241649512427,0.1109074366597369,0.5126625832435465,0.3412566955138904,0.032042760417875016
"Harman, Brian",1,4,0.00829668215538476,0.19416823458464094,0.5648087756380857,0.22179207752859353,0.010934230093295083
"Harman, Brian",2,4,0.0024371403077950715,0.11362918498428454,0.5486831369865494,0.3148627117764229,0.020387825944948146
"Harman, Brian",3,5,0.05426017173960973,0.4179279298146685,0.4563975511505282,0.07006642839942923,0.001347918895764355
"Harman, Brian",4,4,0.007534690089112894,0.19125623697387212,0.5711984072169947,0.21993642381042555,0.010074241909594717
"Harman, Brian",5,4,0.02213850185918348,0.32742224077084936,0.5426638264408876,0.10567981190349396,0.0020956190255856377
"Harman, Brian",6,3,0.0069228708059362876,0.19688559011030177,0.5857965714927644,0.2030146182166559,0.0073803493743416215
"Harman, Brian",7,4,0.002277071524401042,0.1295289422499119,0.5943399697183511,0.2636914411301233,0.010162575377212657
"Harman, Brian",8,4,0.0035963581683481904,0.1276417174904284,0.5412059469284489,0.30554604553158426,0.02200993188119016
"Harman, Brian",9,3,0.0013924723500470249,0.11351158557421315,0.6071058181872178,0.2692984723580426,0.00869165153047946
"Harman, Brian",10,5,0.03757992730181364,0.34102869222474197,0.49861381911501296,0.11852791747587554,0.004249643882555887
"Harman, Brian",11,4,0.007240408255052233,0.18719991371623607,0.5703544314833013,0.22462956649987487,0.01057568004553544
"Harman, Brian",12,3,0.0016255728601856645,0.1693712649271974,0.6804062990895708,0.1473948776684023,0.0012019854546437836
"Harman, Brian",13,4,0.010069289154941874,0.2633565759282207,0.5949586466744429,0.12936022602704134,0.0022552622153532154
"Harman, Brian",14,3,0.006295447160967527,0.2256264625163571,0.6165898564771518,0.1488745251352862,0.0026137087102373613
"Harman, Brian",15,4,0.006816356715724059,0.19177585083313498,0.5817878418701865,0.21127833063109147,0.008341619949862933
"Harman, Brian",16,5,0.03756624726502322,0.3470912736082461,0.49892986457793786,0.11272596492535236,0.0036866496234404522
"Harman, Brian",17,3,0.0014924078074628477,0.12991846505625937,0.6358341681822957,0.2278057073038401,0.004949251650142039
"Harman, Brian",18,4,0.0026778660985155023,0.10181423519871963,0.5027329162114362,0.35688813857257917,0.03588684391874941
"Harrington, Padraig",1,4,0.006791804598387685,0.1758499921667508,0.5618975399959985,0.24225639519569764,0.013204268043165435
"Harrington, Padraig",2,4,0.0019238034208023391,0.10010975184558135,0.5349075869630888,0.33867621642377477,0.02438264134675272
"Harrington, Padraig",3,5,0.04686014456553922,0.39708168130790256,0.4744184122968661,0.07994077409657585,0.001698987733116275
"Harrington, Padraig",4,4,0.006136039870655308,0.172790670987719,0.568142851547728,0.24070774332931377,0.012222694264583889
"Harrington, Padraig",5,4,0.01845136032856548,0.3036300432506455,0.5555172176995182,0.11974980062196683,0.0026515780993039417
"Harrington, Padraig",6,3,0.00559033810581866,0.1774459555554595,0.5840520853433554,0.223834028735019,0.009077592260347433
"Harrington, Padraig",7,4,0.0017685861516089085,0.1137597469579989,0.5834454644493188,0.2884983890723768,0.012527813368696683
"Harrington, Padraig",8,4,0.0028857406619047787,0.11349807814291085,0.5294028193078406,0.32809632442950487,0.026117037457838888
"Harrington, Padraig",9,3,0.0010576400791916796,0.09853531828855389,0.5939090652165935,0.2956450897491646,0.010852886666496309
"Harrington, Padraig",10,5,0.03232320011660389,0.3206354074763184,0.5098456963014972,0.13201241132764907,0.005183284777931396
"Harrington, Padraig",11,4,0.005891715321587276,0.16897561993957205,0.566755415004482,0.24556371150262069,0.01281353823173803
"Harrington, Padraig",12,3,0.0012011787101618987,0.14734877485530212,0.680401773408708,0.16942163667355004,0.0016266363522778882
"Harrington, Padraig",13,4,0.008117178363799826,0.23939725009309115,0.6030690707299441,0.14652829655883637,0.0028882042543285635
"Harrington, Padraig",14,3,0.004984524990493844,0.20275277857469093,0.6207759047686237,0.16813184817187476,0.0033549434943167533
"Harrington, Padraig",15,4,0.005511723455380868,0.17280033917134352,0.5791997034387216,0.23227603515668305,0.01021219877787094
"Harrington, Padraig",16,5,0.03225733755020593,0.32633548721289934,0.5109348172552298,0.1259524505011329,0.004519907480531993
"Harrington, Padraig",17,3,0.001124942432632392,0.1128714996534198,0.6262176331690428,0.25346239837893014,0.006323526365974885
"Harrington, Padraig",18,4,0.0021469398911805326,0.09006325641839891,0.48751490737050157,0.3784282599717903,0.041846636348128685
"Hidalgo, Angel",1,4,0.006215059073879203,0.16817825716893464,0.5598841281792976,0.2514077206037888,0.0143148349740998
"Hidalgo, Angel",2,4,0.0017324932467149834,0.0945862772457684,0.5282595488884299,0.34910220983652807,0.026319470782558696
"Hidalgo, Angel",3,5,0.04389850751660568,0.3878100538155503,0.4818632312983453,0.08455160106110038,0.0018766063083983653
"Hidalgo, Angel",4,4,0.005602016350784056,0.16507065096809226,0.566041849256147,0.25000836293967144,0.013277120485305272
"Hidalgo, Angel",5,4,0.017015726615583426,0.2933738034890045,0.5604157064085041,0.12626157416346617,0.002933189323441776
"Hidalgo, Angel",6,3,0.0050845375849074,0.16932553185560473,0.5824587577461269,0.23321254840489514,0.009918624408465804
"Hidalgo, Angel",7,4,0.001581183356076321,0.107317689493653,0.5778612074357847,0.2995402209348349,0.013699698779651048
"Hidalgo, Angel",8,4,0.0026176920124695857,0.10767883377160509,0.5236322584387437,0.33797283702679326,0.028098378750388342
"Hidalgo, Angel",9,3,0.0009362555842210019,0.09247030386822558,0.5872767262612676,0.30738392332720554,0.011932790959080286
"Hidalgo, Angel",10,5,0.03022964010827134,0.3117454237139803,0.514195565104554,0.13818485313772721,0.005644517935467164
"Hidalgo, Angel",11,4,0.005377106071113802,0.1613636295761856,0.5644226269378836,0.2549259396444892,0.013910697770327829
"Hidalgo, Angel",12,3,0.001050139522202842,0.13836082051466364,0.6791076399145626,0.1796300456127473,0.0018513544358236267
"Hidalgo, Angel",13,4,0.007375980086013645,0.2292678073908146,0.605698545170774,0.15444651330497283,0.003211154047424891
"Hidalgo, Angel",14,3,0.004493546206106258,0.19318535745892312,0.621611050200455,0.17697654797488827,0.003733498159627313
"Hidalgo, Angel",15,4,0.005016100059332729,0.1648790633985388,0.5772580754009877,0.24171073789433584,0.01113602324680496
"Hidalgo, Angel",16,5,0.030145170522832165,0.3172802633416034,0.5156196746178872,0.13202183436083392,0.004933057156843335
"Hidalgo, Angel",17,3,0.0009923977368080927,0.10595123531744943,0.620999328835012,0.2650353952535158,0.007021642857214738
"Hidalgo, Angel",18,4,0.0019469407981373976,0.08525702068472368,0.4804016495983852,0.3877101753108866,0.04468421360786712
"Highsmith, Joe",1,4,0.0073709471304885255,0.18316813424909217,0.5633677228565668,0.23385546514166888,0.012237730622183585
"Highsmith, Joe",2,4,0.0021190309671865193,0.10545510991654061,0.5407540891930085,0.32898390379257225,0.02268786613069218
"Highsmith, Joe",3,5,0.04976050671774096,0.40562287795475144,0.4672539486829659,0.07581518963742484,0.001547477007116882
"Highsmith, Joe",4,4,0.0066734517400592885,0.18016240296681263,0.5696812362768152,0.2321761683541428,0.011306740662170078
"Highsmith, Joe",5,4,0.019879915926838965,0.3132513510908703,0.5505650343583639,0.1138921808104707,0.0024115178134560544
"Highsmith, Joe",6,3,0.006101086116343912,0.18520405663697675,0.5850822978244151,0.2152613889413102,0.008351170480954018
"Highsmith, Joe",7,4,0.001961064204926588,0.1199947830983854,0.5881957240269389,0.27833293581577556,0.011515492853973575
"Highsmith, Joe",8,4,0.0031573789770079075,0.11910657823555926,0.5344406920042286,0.3189171507589408,0.024378200024263386
"Highsmith, Joe",9,3,0.0011835006422637462,0.10443544412062511,0.5996125688928593,0.28484380196820347,0.009924684376048432
"Highsmith, Joe",10,5,0.03437920290040908,0.3289202028564461,0.50549218245414,0.12642419891870382,0.004784212870301063
"Highsmith, Joe",11,4,0.006409786327735034,0.17624815772835462,0.5685126936276859,0.2369694915504864,0.011859870765738134
"Highsmith, Joe",12,3,0.0013594704301566618,0.1560544208058805,0.6809020565163746,0.16024405087868432,0.001440001368903987
"Highsmith, Joe",13,4,0.008865539953715196,0.24900801969188435,0.6001218597367903,0.13939049192393393,0.0026140886936761865
"Highsmith, Joe",14,3,0.005484179098332764,0.21188716661640689,0.6194560115324623,0.16013884134930267,0.0030338014034954064
"Highsmith, Joe",15,4,0.006011950878651029,0.18037103702232277,0.5805652835979254,0.22363905298138376,0.00941267551971714
"Highsmith, Joe",16,5,0.034332868579725506,0.33477047567101226,0.5062678798107909,0.12046556107470252,0.004163214863768805
"Highsmith, Joe",17,3,0.0012627772071065468,0.11959449591677684,0.6305227026931469,0.2428906667008901,0.005729357482079589
"Highsmith, Joe",18,4,0.0023497695790883344,0.09471128007948604,0.49388382743756826,0.3697182301289993,0.03933689277485808
"Hill, Calum",1,4,0.007470694876023032,0.18439284302545922,0.5635727679208421,0.23247958072727348,0.012084113450402167
"Hill, Calum",2,4,0.0021529576342971257,0.10635692163450183,0.5416869839906776,0.32738544864077646,0.02241768809974698
"Hill, Calum",3,5,0.05025312212597549,0.4070241403245472,0.46604992511122234,0.07514914349600166,0.001523668942253309
"Hill, Calum",4,4,0.006766123359463361,0.18139677668515913,0.5698962909393861,0.23077948933895098,0.011161319677040371
"Hill, Calum",5,4,0.020124710875564444,0.31484625775457653,0.5497115060378185,0.11294371434612693,0.0023738109859136047
"Hill, Calum",6,3,0.00618932497039959,0.1865034727093779,0.5852101918238906,0.21386079433547467,0.008236216160857235
"Hill, Calum",7,4,0.0019946314810917465,0.121046703738737,0.5889378114585397,0.27666556212162174,0.011355291200009776
"Hill, Calum",8,4,0.003204403056723981,0.12005062998511662,0.5352409544438058,0.31740348472973867,0.02410052778461491
"Hill, Calum",9,3,0.0012055652019922758,0.10543367495102574,0.6005097984169123,0.2830727443078662,0.009778217122203392
"Hill, Calum",10,5,0.034728964738665546,0.3302885251688896,0.5047455104705729,0.12551600606058932,0.004720993561282638
"Hill, Calum",11,4,0.006499141727724589,0.17746629676610942,0.5687641563717507,0.23556199641303288,0.011708408721382346
"Hill, Calum",12,3,0.0013873821335330105,0.1575235462910876,0.6809191328613424,0.15875881513142465,0.0014111235826123059
"Hill, Calum",13,4,0.00899481574197375,0.2506113831138624,0.5995892310153764,0.13823342992572163,0.0025711402030658137
"Hill, Calum",14,3,0.005570869908943454,0.2134164062419152,0.6191878701572455,0.15884135262166243,0.002983501070233374
"Hill, Calum",15,4,0.006098349270718895,0.18163934385790875,0.5807495477174405,0.22222674995300884,0.00928600920092304
"Hill, Calum",16,5,0.034686069207552905,0.33616323111127716,0.5054693473968357,0.11957457315771236,0.00410677912662194
"Hill, Calum",17,3,0.0012869793780684313,0.12073104269386964,0.6311815510546122,0.24116430145264833,0.005636125420801497
"Hill, Calum",18,4,0.0023848973055495826,0.09549517700210952,0.4949113273150184,0.3682742598068991,0.03893433857042339
"Hillier, Daniel",1,4,0.007575256856833079,0.18566596506621358,0.5637737969563479,0.23105820600163396,0.011926775118971555
"Hillier, Daniel",2,4,0.002188614487515672,0.10729658059994762,0.5426432097560105,0.3257308685527811,0.022140726603744998
"Hillier, Daniel",3,5,0.0507674207091533,0.4084723808283675,0.4647969357814376,0.07446389948449028,0.0014993631965513066
"Hillier, Daniel",4,4,0.006863301558740709,0.1826801536466925,0.5701073089483353,0.2293368136616305,0.011012422184601078
"Hillier, Daniel",5,4,0.020380938690074568,0.31649961819018196,0.5488170305393621,0.11196709177260344,0.002335320807777874
"Hillier, Daniel",6,3,0.00628190504480769,0.1878545725233658,0.5853299883182088,0.21241491022495373,0.008118623888663912
"Hillier, Daniel",7,4,0.0020299467725087283,0.12214276491049664,0.5896935271690228,0.2749423479709846,0.011191413176987242
"Hillier, Daniel",8,4,0.0032537699822949295,0.12103365483788547,0.5360601205194755,0.3158367100519389,0.023815744608405187
"Hillier, Daniel",9,3,0.001228814167363368,0.10647464029585713,0.6014254658553423,0.28124256680021953,0.009628512881217688
"Hillier, Daniel",10,5,0.035094293096625595,0.33170550204334115,0.5039640529415986,0.12457984894975138,0.004656302968683246
"Hillier, Daniel",11,4,0.006592848241848748,0.17873290810175013,0.5690129512183388,0.2341079823520531,0.011553310086009239
"Hillier, Daniel",12,3,0.0014168416173226395,0.15905439359476092,0.680917211467142,0.15722978052485215,0.0013817727959222204
"Hillier, Daniel",13,4,0.009130446321630126,0.2522765869094149,0.5990239915477296,0.13704164414836295,0.0025273310728625153
"Hillier, Daniel",14,3,0.005661937926711269,0.21500624111453703,0.6188952223721373,0.15750440088113526,0.002932197705479145
"Hillier, Daniel",15,4,0.006188991432529933,0.18295818314372075,0.5809280083756683,0.2207684231136915,0.009156393934389495
"Hillier, Daniel",16,5,0.03505502437814789,0.3376053947323586,0.5046341603921684,0.1186563699914781,0.004049050505847029
"Hillier, Daniel",17,3,0.0013124924214359401,0.12191596432616875,0.6318481573695127,0.23938239965611285,0.005540986226769684
"Hillier, Daniel",18,4,0.0024217799831902087,0.0963118980882593,0.49596802329330225,0.36677734822122154,0.0385209504140267
"Hisatsune, Ryo",1,4,0.007861039382178803,0.1890914451859496,0.5642543215895586,0.22727820162014145,0.01151499222217156
"Hisatsune, Ryo",2,4,0.0022865462779287915,0.10983594892761633,0.5451483333999352,0.3213144648460601,0.021414706548459672
"Hisatsune, Ryo",3,5,0.05216242150356204,0.41232684317398544,0.46141914443676224,0.07265545706146448,0.0014361338242258048
"Hisatsune, Ryo",4,4,0.007129076250847299,0.18613426696833213,0.5706126337976061,0.22550106702826134,0.010622955954953106
"Hisatsune, Ryo",5,4,0.02107928870826159,0.32092503778553316,0.5463747943662891,0.10938566292854046,0.002235216211375679
"Hisatsune, Ryo",6,3,0.006535360699265136,0.1914914347081283,0.585586838585675,0.2085747868502401,0.007811579156691506
"Hisatsune, Ryo",7,4,0.0021271261088689486,0.12510473684848883,0.5916484386105552,0.27035618335183387,0.010763515080253194
"Hisatsune, Ryo",8,4,0.00338907293644386,0.12368695803932023,0.5382005879395353,0.3116548446888391,0.023068536395861594
"Hisatsune, Ryo",9,3,0.0012929725594994501,0.10929199526522126,0.6038040788021758,0.2763727238894478,0.009238229483655713
"Hisatsune, Ryo",10,5,0.036086098188171545,0.3354907707779823,0.5018354522807867,0.12210039154536234,0.004487287207697088
"Hisatsune, Ryo",11,4,0.006849157925904292,0.1821424715525019,0.5696195558000101,0.23024126735316464,0.011147547368419053
"Hisatsune, Ryo",12,3,0.0014983939929673618,0.1631915729554329,0.6808141786603874,0.15318980352623435,0.0013060508649780367
"Hisatsune, Ryo",13,4,0.009501730070312575,0.256749161965895,0.5974458866243298,0.1338896744427629,0.002413546896699703
"Hisatsune, Ryo",14,3,0.005911827605679543,0.21928450581306153,0.6180387606461346,0.1539659325783157,0.002798973356808565
"Hisatsune, Ryo",15,4,0.006437106561959061,0.1865086464721289,0.5813430080066504,0.21689348879090065,0.00881775016836106
"Hisatsune, Ryo",16,5,0.03605685210657844,0.3414573604562015,0.502361913671886,0.11622554959716724,0.0038983241681668224
"Hisatsune, Ryo",17,3,0.0013829591307350508,0.12512148857482663,0.6335504738660944,0.2346513790684167,0.005293699359927184
"Hisatsune, Ryo",18,4,0.002522891675872496,0.09851867802688596,0.4987540661628138,0.3627706281634988,0.037433735970928916
"Hodges, Lee",1,4,0.0076921293048697326,0.1870762827756453,0.563982217580836,0.22949414485921749,0.01175522547943153
"Hodges, Lee",2,4,0.0022285805284414373,0.10834011356393969,0.5436864929077263,0.3239063421676436,0.02183847083224899
"Hodges, Lee",3,5,0.051339777368331285,0.41006673598467414,0.4634073609375886,0.07371317175855718,0.0014729539508487877
"Hodges, Lee",4,4,0.006971961352977396,0.18410207707884757,0.5703263043529205,0.22774952752176225,0.010850129693492194
"Hodges, Lee",5,4,0.020666876291127456,0.31832570108385944,0.5478177319695128,0.11089618530214596,0.0022935053533543748
"Hodges, Lee",6,3,0.0063854833833501545,0.18935164375587604,0.5854472123423203,0.21082507901794878,0.00799058150050469
"Hodges, Lee",7,4,0.0020695732519456222,0.12335997700657475,0.5905121557094031,0.27304532181648156,0.01101297221559494
"Hodges, Lee",8,4,0.0033090368417042493,0.12212458071502258,0.536952543201968,0.31410904977586984,0.02350478946543544
"Hodges, Lee",9,3,0.0012549438036338345,0.10763167162559689,0.6024197129931343,0.2792280212984668,0.009465650279168125
"Hodges, Lee",10,5,0.035501067557062393,0.3332687457218755,0.5030922169316404,0.1235521306302606,0.004585839159161109
"Hodges, Lee",11,4,0.006697633118958879,0.18013639092847994,0.5692737095288547,0.23250802611151455,0.011384240312191873
"Hodges, Lee",12,3,0.0014500106638615784,0.16075451905934124,0.6808919372679318,0.15555349934129836,0.00135003366756703
"Hodges, Lee",13,4,0.009282182500248704,0.25411939712407866,0.5983842790195466,0.13573436732655042,0.0024797740295755544
"Hodges, Lee",14,3,0.005763958547874093,0.2167675579202602,0.6185546950683614,0.15603727735863981,0.002876511104864532
"Hodges, Lee",15,4,0.006290393422462848,0.18441961145448071,0.5811102925595321,0.21916449175030406,0.00901521081322032
"Hodges, Lee",16,5,0.03546587857675099,0.3391962873088413,0.5037030207580735,0.117648619427137,0.00398619392919719
"Hodges, Lee",17,3,0.001341180705359546,0.12323266510198916,0.6325650381052406,0.23742345293927913,0.005437663148131655
"Hodges, Lee",18,4,0.0024630763968254143,0.09721881769557389,0.49712510733726195,0.365124041961148,0.03806895660919074
"Hoge, Tom",1,4,0.007908010864207837,0.1896470798126203,0.5643240861062784,0.22667107789265362,0.011449745324239813
"Hoge, Tom",2,4,0.002302708287628019,0.11024937536660262,0.5455454760173812,0.32060292791027933,0.02129951241810879
"Hoge, Tom",3,5,0.05239024641200796,0.41294630928303633,0.46087040807941604,0.07236686964235395,0.0014261665831857284
"Hoge, Tom",4,4,0.00717278302087776,0.18669468784013282,0.5706861393952216,0.22488511411957135,0.010561275624196509
"Hoge, Tom",5,4,0.021193800638014793,0.32163970281916043,0.5459738726346324,0.10897318443002857,0.0022194394781638316
"Hoge, Tom",6,3,0.006577076833689854,0.19208156934810972,0.5856196329726728,0.20795869625010655,0.0077630245954209975
"Hoge, Tom",7,4,0.0021431895007344437,0.12558695364221806,0.5919548861007912,0.2696191205401791,0.010695850216077218
"Hoge, Tom",8,4,0.0034113634003342663,0.12411848884600857,0.5385391458123541,0.3109811144333109,0.022949887507992206
"Hoge, Tom",9,3,0.0013036029672914284,0.10975125231298083,0.6041783407780509,0.2755902093116288,0.009176594630048052
"Hoge, Tom",10,5,0.03624819614555119,0.3361010465153792,0.501486685650314,0.12170352591561118,0.004460545773144475
"Hoge, Tom",11,4,0.006891312279517059,0.18269574300540892,0.5697094389375197,0.2296202299442538,0.011083275833300488
"Hoge, Tom",12,3,0.0015119416072528757,0.16386513562490101,0.6807842195015097,0.15254450406301467,0.0012941992033217442
"Hoge, Tom",13,4,0.009562834813313936,0.25747355826424806,0.5971821832176911,0.13338578867871875,0.002395635026028131
"Hoge, Tom",14,3,0.005953035654725547,0.21997854300085118,0.6178905035776721,0.15339991320317026,0.0027780045635809048
"Hoge, Tom",15,4,0.006477938897435032,0.1870848224487474,0.5814014943115672,0.21627157345153858,0.008764170890711798
"Hoge, Tom",16,5,0.03622061220455419,0.3420783080937922,0.50198997341827,0.11583661632271403,0.003874489960669525
"Hoge, Tom",17,3,0.0013946430632920115,0.1256438200913398,0.6338142112074729,0.23389257853015855,0.005254747107736768
"Hoge, Tom",18,4,0.0025395528109113386,0.09887791034673349,0.49919821186502006,0.36212357624445946,0.03726074873287566
"Hojgaard, Nicolai",1,4,0.008976199408977537,0.20176518019087109,0.5653010869579226,0.21383143633677504,0.010126097105453757
"Hojgaard, Nicolai",2,4,0.0026750614980803333,0.11937150348950631,0.5535882848426483,0.30541218261561676,0.018952967554148326
"Hojgaard, Nicolai",3,5,0.057467443302024745,0.42606655932112897,0.4488550405617263,0.0663838558785651,0.0012271009365548702
"Hojgaard, Nicolai",4,4,0.008168440057351789,0.1989267443767897,0.5717259208605447,0.2118670107748677,0.009311883930446019
"Hojgaard, Nicolai",5,4,0.023778425577473117,0.3370090311411057,0.5369202231289113,0.10038775098267116,0.0019045691698387213
"Hojgaard, Nicolai",6,3,0.0075299199508482295,0.2049660666428454,0.5857452191977032,0.19497479261347062,0.006784001595132594
"Hojgaard, Nicolai",7,4,0.0025151380635158316,0.13622527767047998,0.5979243830722603,0.25400356993047235,0.009331631263271634
"Hojgaard, Nicolai",8,4,0.003922061578941982,0.13360947348835028,0.5453431948569392,0.29659818157862006,0.02052708849714846
"Hojgaard, Nicolai",9,3,0.0015516253389648016,0.11992339838286481,0.6115642620909676,0.25902169693617183,0.007939017251030966
"Hojgaard, Nicolai",10,5,0.03986933038212176,0.34915842820874,0.49365332826816793,0.11339848612533376,0.003920427015636552
"Hojgaard, Nicolai",11,4,0.00785190398801583,0.19477719126679782,0.5711027390125122,0.2164874066403456,0.009780759092328561
"Hojgaard, Nicolai",12,3,0.0018306337750431112,0.17872288641112188,0.6792519895354816,0.13913187417364892,0.0010626161047044835
"Hojgaard, Nicolai",13,4,0.010958108629148089,0.27319585423452114,0.5909236000451635,0.12288300786168493,0.0020394292294823035
"Hojgaard, Nicolai",14,3,0.006899961492456641,0.23511800332186705,0.6140406106510787,0.14158020431507046,0.002361220219527116
"Hojgaard, Nicolai",15,4,0.007410253294332869,0.19966887962254704,0.5820895103064947,0.2031492414612296,0.0076821153153958655
"Hojgaard, Nicolai",16,5,0.03988054329277657,0.35535832621792907,0.493660066456596,0.10770713938844789,0.003393924644250479
"Hojgaard, Nicolai",17,3,0.0016678568926927761,0.13719838997428935,0.6387369508138516,0.2179180838248822,0.004478718494284051
"Hojgaard, Nicolai",18,4,0.0029215435511221743,0.10680153798444253,0.5083618923477107,0.34820865339309937,0.0337063727236252
"Hojgaard, Rasmus",1,4,0.009692718659703725,0.20939205135256495,0.565408634129367,0.206125084720998,0.009381511137366294
"Hojgaard, Rasmus",2,4,0.0029297289954834937,0.12521591312124125,0.5580669264686666,0.29616295051183417,0.017624480902774464
"Hojgaard, Rasmus",3,5,0.060770680916158726,0.4339524705188277,0.441257433276034,0.06290155677844878,0.0011178585105308114
"Hojgaard, Rasmus",4,4,0.008838018783270118,0.2066344058722463,0.5718554000159739,0.2040613996167817,0.00861077571172797
"Hojgaard, Rasmus",5,4,0.025492468982660388,0.34647224140587424,0.5309428235830407,0.09536047666122371,0.0017319893672009812
"Hojgaard, Rasmus",6,3,0.008173234874572166,0.21308806426207655,0.5852757693344529,0.18722431855283206,0.006238612976066316
"Hojgaard, Rasmus",7,4,0.002771416285773265,0.14303853535543676,0.6010106447740692,0.2446075405082384,0.008571863076482389
"Hojgaard, Rasmus",8,4,0.004268475388318982,0.13966071697210714,0.5490800231778318,0.2878407069782458,0.019150077483496286
"Hojgaard, Rasmus",9,3,0.0017244435580093809,0.1264771350796426,0.6154816054954702,0.2490625195507754,0.007254296316102415
"Hojgaard, Rasmus",10,5,0.04223403638001633,0.35713555001656055,0.4885181628991501,0.10849358496568573,0.003618665738587268
"Hojgaard, Rasmus",11,4,0.008498205012483828,0.20239525858119956,0.5714509568418267,0.20860630743291098,0.009049272131578912
"Hojgaard, Rasmus",12,3,0.0020553526328275784,0.18823265120000837,0.6774727043405696,0.1312993218404237,0.0009399699861707411
"Hojgaard, Rasmus",13,4,0.011899589495434681,0.28301477065786995,0.5865199380056422,0.11672037413566272,0.001845327705390476
"Hojgaard, Rasmus",14,3,0.007544971615311924,0.24464644365644495,0.6110489550541278,0.1346253231404938,0.002134306533621566
"Hojgaard, Rasmus",15,4,0.008039372393398636,0.2076058449678464,0.5819754111379152,0.19530156928870768,0.007077802212132167
"Hojgaard, Rasmus",16,5,0.04227218938331817,0.36346574255886477,0.4882211202621937,0.10291477152173778,0.0031261762738855614
"Hojgaard, Rasmus",17,3,0.0018588470923804334,0.14462776913523273,0.6410576104948804,0.2084010657096732,0.004054707567833216
"Hojgaard, Rasmus",18,4,0.0031809368146496486,0.1118760452798595,0.5136353292058156,0.33964137674383355,0.0316663119558418
"Hoshino, Rikuya",1,4,0.007337371837730033,0.18275361875219076,0.5632957122908753,0.23432306330438002,0.012290233814823859
"Hoshino, Rikuya",2,4,0.0021076307705488184,0.1051503523854338,0.5404354285471729,0.3295264332805672,0.022780155016277392
"Hoshino, Rikuya",3,5,0.04959424731683587,0.4051467997940877,0.46766116053627227,0.07604216085942528,0.001555631493378895
"Hoshino, Rikuya",4,4,0.006642265458261631,0.17974466093140418,0.5696057482539095,0.23265087269339702,0.01135645266302765
"Hoshino, Rikuya",5,4,0.019797436656602496,0.3127105543071527,0.5508523602747615,0.1142152149504716,0.0024244338110117614
"Hoshino, Rikuya",6,3,0.006071402201576204,0.1847643241338825,0.5850361770217083,0.21573760499219496,0.008390491650637988
"Hoshino, Rikuya",7,4,0.0019497924023788027,0.11963929712851107,0.5879411780431952,0.278899441240956,0.011570291184958892
"Hoshino, Rikuya",8,4,0.0031415660577749915,0.11878740775837365,0.5341670966556286,0.31943091112007493,0.024473018408147862
"Hoshino, Rikuya",9,3,0.001176098866239761,0.10409828311901842,0.5993052300916658,0.28544557594165487,0.009974811981421139
"Hoshino, Rikuya",10,5,0.03426119339256917,0.32845591322784595,0.5057437612223847,0.12673329900315244,0.004805833154047701
"Hoshino, Rikuya",11,4,0.00637971726096026,0.1758359341893473,0.5684248679904562,0.23744783609831743,0.011911644460918747
"Hoshino, Rikuya",12,3,0.0013501175824041645,0.15555796322967236,0.6808920371707737,0.16074996092063776,0.0014499210965119858
"Hoshino, Rikuya",13,4,0.008822049973510215,0.24846501618007644,0.6002996383729675,0.13978448837003676,0.00262880710340907
"Hoshino, Rikuya",14,3,0.005455039682950247,0.21136961217593903,0.6195437671662121,0.16058054061616445,0.0030510403587342694
"Hoshino, Rikuya",15,4,0.005982884638508046,0.17994185043637723,0.5805000983282437,0.22411917297875417,0.009455993618116887
"Hoshino, Rikuya",16,5,0.034213706293508006,0.33429787097552477,0.506537049895206,0.12076885308799035,0.004182519747770841
"Hoshino, Rikuya",17,3,0.00125466081584652,0.11921055806509967,0.6302957739273439,0.2434777078142656,0.0057612993774442955
"Hoshino, Rikuya",18,4,0.002337958087268721,0.09444635427459946,0.49353360431903476,0.37020784264064255,0.03947424067845451
"Hovland, Viktor",1,4,0.010175772133600214,0.21433241987922763,0.5652813158901948,0.20127880687224342,0.008931685224733865
"Hovland, Viktor",2,4,0.0031035066939752443,0.1290440966394235,0.5607382493536066,0.2902954051751625,0.016818742137832077
"Hovland, Viktor",3,5,0.06295557894999693,0.4389123093402634,0.43632644412887134,0.060752800610989977,0.0010528669698783855
"Hovland, Viktor",4,4,0.009290140335396602,0.2116306975710583,0.5717354441869817,0.19915585378534728,0.008187864121216082
"Hovland, Viktor",5,4,0.026639741413224616,0.3525169174271231,0.5269668999129606,0.0922470371524895,0.0016294040942022026
"Hovland, Viktor",6,3,0.008608673095164554,0.21835397866759554,0.5847591767971241,0.18236703397938125,0.005911137460734572
"Hovland, Viktor",7,4,0.0029470866535893925,0.14749981396679507,0.6027467482246425,0.2386905712344456,0.008115779920527477
"Hovland, Viktor",8,4,0.0045036517322283864,0.14361251237664535,0.551286249658822,0.2822847450587431,0.018312841173561134
"Hovland, Viktor",9,3,0.0018437303458658794,0.13078427867001252,0.6177316359084708,0.2427953857104339,0.006844969365216835
"Hovland, Viktor",10,5,0.04380188142081576,0.3622064937200148,0.48511518440451407,0.10543932031626446,0.0034371201383909256
"Hovland, Viktor",11,4,0.008934737479100285,0.2073356508516656,0.5714710694310419,0.2036507195178019,0.00860782272039029
"Hovland, Viktor",12,3,0.0022115885608960384,0.19445526976192978,0.676005825765279,0.12645868402108051,0.0008686318908146529
"Hovland, Viktor",13,4,0.012536561192094786,0.28934284975366453,0.5834908824570418,0.11289932941852177,0.0017303771786770783
"Hovland, Viktor",14,3,0.007983926326121216,0.2508171963846727,0.6088931284426414,0.13030574626101554,0.00200000258554911
"Hovland, Viktor",15,4,0.008465065203316358,0.21275364861591262,0.5816892479468583,0.19037766803722256,0.006714370196690189
"Hovland, Viktor",16,5,0.04385853873944934,0.36861707241244335,0.4846249856130638,0.09993403120995059,0.0029653720250929494
"Hovland, Viktor",17,3,0.0019909366739043755,0.1495038743149662,0.6422566825046223,0.20244529209283346,0.0038032144136737056
"Hovland, Viktor",18,4,0.003357162625890031,0.11519940061973621,0.5168562044760271,0.3341689290447737,0.030418303233572974
"Hughes, Mackenzie",1,4,0.007896715252903252,0.18951364839651486,0.564307538862666,0.22681672226813165,0.01146537521978419
"Hughes, Mackenzie",2,4,0.002298819998181434,0.11015005536460026,0.5454503377968238,0.3207736757287676,0.021327111111626884
"Hughes, Mackenzie",3,5,0.05233549651424052,0.412797694857975,0.46100220327746644,0.07243605240616668,0.00142855294415134
"Hughes, Mackenzie",4,4,0.007162271896139161,0.18656010345815294,0.5706687008653564,0.2250328734019903,0.01057605037836129
"Hughes, Mackenzie",5,4,0.021166269894647816,0.32146816185038546,0.5460702705406643,0.10907208105103883,0.0022232166632636385
"Hughes, Mackenzie",6,3,0.0065670435451907205,0.19193984767569577,0.5856119811174489,0.20810647425633055,0.007774653405334009
"Hughes, Mackenzie",7,4,0.0021393242865502815,0.12547110808941275,0.591881564008295,0.2697959477048154,0.01071205591092661
"Hughes, Mackenzie",8,4,0.0034060017076049665,0.12401483079441239,0.5384580619101174,0.3111427893284079,0.022978316259457343
"Hughes, Mackenzie",9,3,0.0013010444071733795,0.10964090768601331,0.6040887567267152,0.27577793710619103,0.009191354073907032
"Hughes, Mackenzie",10,5,0.03620923837247203,0.3359545876345085,0.5015705268354301,0.12179869645408958,0.0044669507034997835
"Hughes, Mackenzie",11,4,0.006881174393625622,0.18256287354646006,0.5696880687708614,0.2297692117510397,0.01109867153801325
"Hughes, Mackenzie",12,3,0.0015086800287421598,0.16370332181737351,0.6807917475926841,0.15269921596186664,0.001297034599333613
"Hughes, Mackenzie",13,4,0.00954813843103286,0.25729962772337955,0.5972457036503802,0.13350660732571695,0.002399922869490423
"Hughes, Mackenzie",14,3,0.005943122563479786,0.2198118735549502,0.61792634119494,0.15353563858176322,0.0027830241048667492
"Hughes, Mackenzie",15,4,0.006468118296132308,0.1869464514118384,0.5813876717989599,0.21642075467224187,0.008777003820827467
"Hughes, Mackenzie",16,5,0.036181254352367076,0.3419292901682659,0.5020793763399137,0.11592988090855771,0.003880198230895582
"Hughes, Mackenzie",17,3,0.0013918307265446406,0.1255183258660793,0.633751189397758,0.23407458168709416,0.005264072322523905
"Hughes, Mackenzie",18,4,0.0025355450927677103,0.09879161087036964,0.49909174999591743,0.3622788880499612,0.037302205990983994
"Im, Sungjae",1,4,0.008545512413869971,0.19699387492338227,0.5650381786546574,0.218796993351416,0.010625440656674368
"Im, Sungjae",2,4,0.002523844765127903,0.11575576527949472,0.5505605664507074,0.31131942551097636,0.019840397993693637
"Im, Sungjae",3,5,0.055443502652329335,0.4209886730044638,0.45359568825318936,0.0686706520319269,0.0013014840580906073
"Im, Sungjae",4,4,0.007766613470794159,0.19410841581267801,0.5714425061025146,0.216899688049203,0.009782776564810192
"Im, Sungjae",5,4,0.022740709815498195,0.33100688215947577,0.5405533187459207,0.1036769184158236,0.0020221708632817137
"Im, Sungjae",6,3,0.007144805171482083,0.19988990239991172,0.5858275468356624,0.19998578456058425,0.0071519610323594884
"Im, Sungjae",7,4,0.0023636685146085634,0.13200902297759975,0.5957341883047164,0.2600487953994811,0.009844324803594207
"Im, Sungjae",8,4,0.0037152970358587667,0.12985441968743666,0.542794360750247,0.30219120756784035,0.021444714958617217
"Im, Sungjae",9,3,0.0014502022895043765,0.11588280651340749,0.6088305671093583,0.2654334748435332,0.0084029492441966
"Im, Sungjae",10,5,0.03842384310628916,0.3440742844361806,0.4967877130670328,0.11659051437172208,0.004123645018775379
"Im, Sungjae",11,4,0.007464161622555032,0.19001695063283758,0.5706809846797622,0.22156608224575458,0.010271820819090616
"Im, Sungjae",12,3,0.0016997318510623138,0.17283514969830055,0.680051457260425,0.14426568481560587,0.0011479763746062854
"Im, Sungjae",13,4,0.010394280182677462,0.26702302509587955,0.5935005033525208,0.12691001762185894,0.002172173747063244
"Im, Sungjae",14,3,0.006515966151652064,0.2291566916957682,0.6156937588432878,0.14611709359410785,0.0025164897151841448
"Im, Sungjae",15,4,0.007033511602032139,0.19471008469806173,0.5819499760671033,0.2082172334081851,0.008089194224617735
"Im, Sungjae",16,5,0.03841919698514351,0.3501888226190532,0.49698793273278014,0.11082950344313636,0.0035745442198867883
"Im, Sungjae",17,3,0.00155599676280882,0.1326120385677247,0.6369846260662504,0.2240791090974421,0.0047682295057740465
"Im, Sungjae",18,4,0.0027668273807067156,0.10366140937143198,0.5048714206592013,0.35364270292440403,0.0350576396642559
"Johnston, Ryggs",1,4,0.005898068776551635,0.1637800716918722,0.5584989427807483,0.25682161590201935,0.015001300848808574
"Johnston, Ryggs",2,4,0.001628742653013382,0.09145696426798805,0.5241975875522782,0.3552053666439938,0.02751133888272661
"Johnston, Ryggs",3,5,0.04223669531720037,0.3823428755622414,0.486094466291505,0.08733775167764357,0.00198821115140968
"Johnston, Ryggs",4,4,0.005309039905590118,0.16064856753981682,0.564598631824214,0.2555138873702347,0.013929873360144285
"Johnston, Ryggs",5,4,0.016220773701197233,0.287413918820953,0.5630762199020769,0.1301788696984293,0.0031102178773435574
"Johnston, Ryggs",6,3,0.004807837220243583,0.1646762845640526,0.5812939624925351,0.23878023173706164,0.01044168398610712
"Johnston, Ryggs",7,4,0.0014801020202198645,0.10366864394279746,0.5743669153895956,0.3060559482776569,0.014428390369730204
"Johnston, Ryggs",8,4,0.002471478295911156,0.1043706685845478,0.5200871790860118,0.3437559090883546,0.0293147649451746
"Johnston, Ryggs",9,3,0.0008712999878351946,0.08904941569387886,0.5831587454693621,0.31431354736831674,0.012606991480607066
"Johnston, Ryggs",10,5,0.029057567195038103,0.30655108214495536,0.5165814180936872,0.14187892895505327,0.0059310036112660836
"Johnston, Ryggs",11,4,0.005094868892372595,0.15700536011161276,0.5628455515731853,0.26046465794297924,0.014589561479850133
"Johnston, Ryggs",12,3,0.0009700446271587171,0.13327424052426368,0.6779883576664189,0.18577176275759644,0.001995594424562319
"Johnston, Ryggs",13,4,0.006970498387015189,0.22343605642302888,0.6069773956299778,0.15920118406996953,0.0034148654900086894
"Johnston, Ryggs",14,3,0.004226708456519235,0.18770535005377736,0.6218192070951967,0.18227635636783224,0.003972378026674495
"Johnston, Ryggs",15,4,0.004744854741232818,0.1603451766304374,0.5758954551348119,0.24730486660428153,0.01170964688923637
"Johnston, Ryggs",16,5,0.028963285403564576,0.3119875501552005,0.518200483267004,0.13565855233616808,0.005190128838062802
"Johnston, Ryggs",17,3,0.0009216458983190567,0.10204384284912693,0.6176655511376654,0.27190798733649846,0.007460972778390196
"Johnston, Ryggs",18,4,0.0018379104875913543,0.0825322794198598,0.47611313607662864,0.39310140570285323,0.04641526831306697
"Jordan, Matthew",1,4,0.008679517578874807,0.19849431070214751,0.5651375231412501,0.21722316368185213,0.01046548489587551
"Jordan, Matthew",2,4,0.0025707409668447867,0.11688944690620617,0.5515318231895998,0.3094515661606989,0.019556422776650262
"Jordan, Matthew",3,5,0.05607646992869142,0.4225976865261159,0.452106100353958,0.06794218235434912,0.0012775608368855718
"Jordan, Matthew",4,4,0.007891585018416192,0.19562334185538122,0.5715488766713703,0.21530432146439848,0.00963187499043372
"Jordan, Matthew",5,4,0.023064206138261434,0.33290123780403724,0.5394200368678567,0.10263017904173588,0.0019843401481087763
"Jordan, Matthew",6,3,0.007264499657195611,0.20148578621755125,0.5858196810955225,0.1983961276612839,0.0070339053684467245
"Jordan, Matthew",7,4,0.0024105843532434834,0.13333106846498166,0.5964449498649461,0.2581335711712366,0.009679826145592152
"Jordan, Matthew",8,4,0.0037795095255126476,0.1310327377878957,0.5436137872930388,0.3004227024776692,0.02115126291588365
"Jordan, Matthew",9,3,0.001481557228249164,0.11714850707578467,0.6097142169824716,0.26340178147431415,0.008253937239180331
"Jordan, Matthew",10,5,0.038875624556854727,0.345680982992061,0.4958088076316214,0.11557610959873033,0.004058475220732549
"Jordan, Matthew",11,4,0.00758474332869763,0.19151344035109602,0.5708309807084402,0.21995635988444562,0.010114475727320604
"Jordan, Matthew",12,3,0.0017401182552218009,0.1746814698898887,0.6798268435922967,0.14263120326007805,0.0011203650025146672
"Jordan, Matthew",13,4,0.010569535645660655,0.2689666793229284,0.5927054488625314,0.12562890450451702,0.0021294316643625244
"Jordan, Matthew",14,3,0.006635134106264151,0.23103133462029918,0.6151926029019052,0.14467444048263256,0.002466487888898916
"Jordan, Matthew",15,4,0.007150614287383894,0.19626892786387895,0.5820118313106895,0.20660998538843955,0.007958641149608203
"Jordan, Matthew",16,5,0.038875883601420747,0.35182268504891073,0.4959478984729726,0.10983693735850641,0.0035165955181895026
"Jordan, Matthew",17,3,0.001590559231227251,0.13404917673189648,0.6375612030022935,0.2221240093924718,0.004675051642111017
"Jordan, Matthew",18,4,0.0028148670200282555,0.10464603732177014,0.5059852648562182,0.35192762867691707,0.034626202125066396
"Katsuragawa, Yuto",1,4,0.0069398223857182195,0.17775525311928997,0.5623214705957379,0.24003911699087754,0.012944336908376375
"Katsuragawa, Yuto",2,4,0.0019734100409364297,0.10149423893190668,0.5364752498279187,0.3361293782059108,0.02392772299332735
"Katsuragawa, Yuto",3,5,0.04760814194981944,0.3993333913225544,0.47255848767354425,0.07884202398034779,0.0016579550737341187
"Katsuragawa, Yuto",4,4,0.006273284593904971,0.17470918885293013,0.568585945940264,0.23845537730043398,0.011976203312466849
"Katsuragawa, Yuto",5,4,0.01881767629389336,0.3061500415309585,0.5542530721474717,0.11819266182377508,0.002586548203901362
"Katsuragawa, Yuto",6,3,0.005720613854505119,0.1794646711845062,0.584365028085625,0.22156797404905249,0.008881712826311228
"Katsuragawa, Yuto",7,4,0.0018173807098348926,0.11537463321027958,0.5847351321464778,0.28581800462158025,0.01225484931182752
"Katsuragawa, Yuto",8,4,0.0029549367535862126,0.11495285085915441,0.5307572956297002,0.32568413826611153,0.0256507784914477
"Katsuragawa, Yuto",9,3,0.0010894372301869515,0.1000606859033874,0.5954512520251565,0.2927964628247893,0.010602162016479788
"Katsuragawa, Yuto",10,5,0.032852898571017974,0.3228104209720594,0.5087306395358303,0.13053029723426957,0.005075743686822731
"Katsuragawa, Yuto",11,4,0.006024002572175169,0.17086795156701334,0.5672557138110959,0.24329537796306244,0.01255695408665325
"Katsuragawa, Yuto",12,3,0.0012410156044389553,0.1496030824940056,0.6805990326020731,0.16698125471196712,0.0015756145875152061
"Katsuragawa, Yuto",13,4,0.008308073164909113,0.24190430889697767,0.6023415675140996,0.14463221435500417,0.0028138360690094233
"Katsuragawa, Yuto",14,3,0.005111615725797269,0.20513025457330925,0.6204798825200051,0.1660104470910687,0.00326780008981975
"Katsuragawa, Yuto",15,4,0.005639337921854726,0.17477001865423725,0.5795996961513472,0.229994188916244,0.009996758356316748
"Katsuragawa, Yuto",16,5,0.03279195232201565,0.3285502977362616,0.5097375808449949,0.12449645581686208,0.004423713279865793
"Katsuragawa, Yuto",17,3,0.0011597281277919702,0.11461047582643458,0.6274001761068904,0.25066714418214475,0.006162475756738339
"Katsuragawa, Yuto",18,4,0.002198593531199111,0.09126740696592472,0.48921137960080574,0.3761471128597895,0.0411755070422809
"Kim, Hongtaek",1,4,0.005264589719447155,0.15455462975595435,0.555009078267708,0.26859797845939803,0.016573723797492446
"Kim, Hongtaek",2,4,0.0014245687339047852,0.08498219034109433,0.5150519891698186,0.36831428705781444,0.030226964697367853
"Kim, Hongtaek",3,5,0.03883568031387552,0.37050108202562626,0.4948627035344032,0.09355167965417421,0.0022488544719208026
"Kim, Hongtaek",4,4,0.004724783203303107,0.15138235213894646,0.5609674333507999,0.2674977238683387,0.01542770743861177
"Kim, Hongtaek",5,4,0.014618599950972921,0.2747189145820027,0.5682698046092102,0.13886884713517222,0.003523833722641978
"Kim, Hongtaek",6,3,0.004257872977071198,0.15493991769221693,0.5782137978951387,0.25094000983653386,0.011648401599039349
"Kim, Hongtaek",7,4,0.0012824333870818383,0.09612106724038277,0.5663042116217187,0.3201833187489799,0.01610896900183678
"Kim, Hongtaek",8,4,0.0021818055930423186,0.09749846811430596,0.5120586583963764,0.35618232347217516,0.03207874442410019
"Kim, Hongtaek",9,3,0.0007454302700668491,0.08200888625040625,0.57373302515241,0.3293435125899682,0.01416914573714867
"Kim, Hongtaek",10,5,0.026664902568745874,0.2954151355870738,0.5213032001886725,0.15002570189502173,0.006591059760486129
"Kim, Hongtaek",11,4,0.00453222916511975,0.14787749679832368,0.5589315535617754,0.27251233580812906,0.01614638466665208
"Kim, Hongtaek",12,3,0.0008164731341378517,0.12276800011479644,0.6746834606674194,0.19939120259363707,0.0023408634900092817
"Kim, Hongtaek",13,4,0.006164641398630821,0.21114680400751568,0.6090710832912969,0.1697247718464825,0.003892699456074178
"Kim, Hongtaek",14,3,0.0037003900766830466,0.17622562129999952,0.6215643090620715,0.19397674392038955,0.004532935640856328
"Kim, Hongtaek",15,4,0.004205468874243723,0.15085346086329565,0.5724057468492336,0.2595048012784257,0.013030522134801381
"Kim, Hongtaek",16,5,0.026552051177872016,0.30063651986738094,0.5233378864883882,0.1436899063523963,0.005783636113962487
"Kim, Hongtaek",17,3,0.0007849418319414991,0.0939929401591102,0.6098149611940737,0.28691869510165013,0.008488461713224482
"Kim, Hongtaek",18,4,0.0016220401229916082,0.07688974537295401,0.46659343667227016,0.4045750280623419,0.05031974976944231
"Kim, Michael",1,4,0.008563678296315103,0.19719813549256615,0.5650526123205402,0.2185820700209795,0.010603503869599074
"Kim, Michael",2,4,0.0025301938281718783,0.11590991658240085,0.5506938286324976,0.3110645917471263,0.019801469209803413
"Kim, Michael",3,5,0.05552948272622554,0.4212083752466234,0.45339297395039846,0.06857097021773029,0.0012981978590222987
"Kim, Michael",4,4,0.0077835518475831145,0.19431463284629635,0.5714579277442773,0.21668180933774916,0.00976207822409414
"Kim, Michael",5,4,0.022784596522277656,0.33126513968015375,0.540399547266737,0.10353374266510129,0.0020169738657302982
"Kim, Michael",6,3,0.007161024026887897,0.20010713362420796,0.5858274599069851,0.19976862215370073,0.007135760288218274
"Kim, Michael",7,4,0.002370017082344744,0.13218879068886819,0.5958321459629525,0.2597872958949796,0.009821750370854865
"Kim, Michael",8,4,0.0037239952759857142,0.13001469215326245,0.5429068868852369,0.30194992847164215,0.02140449721387272
"Kim, Michael",9,3,0.0014544419965782929,0.11605484418972495,0.6089521676172422,0.2651560548440858,0.008382491352368793
"Kim, Michael",10,5,0.038485196497934915,0.3442934388907549,0.4966548224180195,0.11645183875727094,0.004114703436019718
"Kim, Michael",11,4,0.007480504498946217,0.19022064870912014,0.570702351740483,0.22134625530331686,0.010250239748133771
"Kim, Michael",12,3,0.001705188372253419,0.17308621411258818,0.6800223434185306,0.14404207926079193,0.0011441748358358428
"Kim, Michael",13,4,0.010418028505359445,0.2672877560709017,0.5933931077412948,0.12673480784103508,0.002166299841408925
"Kim, Michael",14,3,0.006532104055956889,0.22941189272255275,0.6156265577258776,0.1459198277493048,0.0025096177463079794
"Kim, Michael",15,4,0.007049379833909242,0.19492226639070803,0.5819593776838541,0.20799769467686147,0.008071281414667175
"Kim, Michael",16,5,0.03848121372202129,0.35041169233992,0.49684670503070993,0.11069379693328518,0.0035665919740636154
"Kim, Michael",17,3,0.0015606691563787023,0.13280740419593534,0.6370645085437907,0.2238119914251162,0.00475542667877904
"Kim, Michael",18,4,0.002773334376403036,0.1037952972285816,0.505023933762358,0.353408885849553,0.03499854878310438
"Kim, Si Woo",1,4,0.00950960877052337,0.2074780693906969,0.565416895944014,0.20803296052173192,0.009562465373033735
"Kim, Si Woo",2,4,0.002864289331797054,0.12374177053191643,0.5569839582169822,0.29846205340277376,0.017947928516530598
"Kim, Si Woo",3,5,0.05993380510182539,0.4319998297724101,0.4431659810754811,0.06375616491425362,0.0011442191360298004
"Kim, Si Woo",4,4,0.008666781637859389,0.20469951009718584,0.5718593821236668,0.20599328273338036,0.00878104340790764
"Kim, Si Woo",5,4,0.0250558613909862,0.3441124906021999,0.5324616902818801,0.09659634021406183,0.0017736175108720165
"Kim, Si Woo",6,3,0.008008533094759462,0.21104895865148343,0.5854316298536364,0.189140095255371,0.006370783144749703
"Kim, Si Woo",7,4,0.002705426877673278,0.14132026257941988,0.6002830898402719,0.24693525403199068,0.008755966670644266
"Kim, Si Woo",8,4,0.004179667067361281,0.13813649763900998,0.5481804903506906,0.29001762430498024,0.01948572063795795
"Kim, Si Woo",9,3,0.0016798040641599066,0.12482152949235586,0.6145498114765231,0.2515289581331098,0.007419896833851247
"Kim, Si Woo",10,5,0.041634292008222495,0.3551507706128334,0.48982069898720254,0.10970237854078468,0.00369185985095688
"Kim, Si Woo",11,4,0.008332898779297548,0.20048247031895639,0.5714003282807455,0.21055734545689286,0.009226957164107707
"Kim, Si Woo",12,3,0.0019971157286133856,0.18583499599938597,0.6779755786104447,0.1332230517196522,0.0009692579419038339
"Kim, Si Woo",13,4,0.011658597392487258,0.2805563257197916,0.5876568281086094,0.11823618175052542,0.0018920670285862418
"Kim, Si Woo",14,3,0.00737942770680744,0.24225543462539917,0.611838860452631,0.1363373447855225,0.0021889324296398005
"Kim, Si Woo",15,4,0.007878328736231899,0.2056128697921446,0.5820420373426145,0.19724240457742193,0.007224359551587067
"Kim, Si Woo",16,5,0.04166549947952897,0.36144897392992337,0.4895992539190301,0.10409520425023921,0.0031910684212783647
"Kim, Si Woo",17,3,0.0018094694570893188,0.14275208326485833,0.6405295610951651,0.2107520028927795,0.004156883290107771
"Kim, Si Woo",18,4,0.003114416120550356,0.1105962038162977,0.5123466927796972,0.34177770647633154,0.032164980807123156
"Kim, Tom",1,4,0.00817370049394922,0.19275216065752143,0.5646727093152197,0.22330863102120868,0.011092798512100988
"Kim, Tom",2,4,0.0023944706042130504,0.11256756969410708,0.5477182350789072,0.316651177436326,0.02066854718644673
"Kim, Tom",3,5,0.053671393943225454,0.4163788601626883,0.45779993034999195,0.07077792416232576,0.0013718913817685197
"Kim, Tom",4,4,0.007420129416970955,0.1898272352779019,0.5710542465956621,0.22147439691204895,0.010223991797416065
"Kim, Tom",5,4,0.021840125748184835,0.3256173223955029,0.543709578799081,0.1066994263034724,0.002133546753758875
"Kim, Tom",6,3,0.00681334025083008,0.1953805142835625,0.5857582056371173,0.20455006499060147,0.007497874837888552
"Kim, Tom",7,4,0.002234524950426975,0.1282907850795243,0.5936135458634906,0.26553479527655477,0.010326348830003385
"Kim, Tom",8,4,0.00353771794079788,0.12653592691921406,0.540387406457415,0.3072394132646309,0.022299535417942162
"Kim, Tom",9,3,0.001364179087468942,0.11232933522131172,0.6062113078074107,0.2712547508508343,0.008840427032974274
"Kim, Tom",10,5,0.03716036471006107,0.3394925656919764,0.4995202306063275,0.119512396073292,0.004314442918343042
"Kim, Tom",11,4,0.007129894603460529,0.1857887312247633,0.570168804095945,0.22618079841061234,0.010731771665218881
"Kim, Tom",12,3,0.0015893250227848599,0.16764185189002062,0.6805500992368081,0.1489886452162883,0.0012300786340981862
"Kim, Tom",13,4,0.00990888050657357,0.2615161314416159,0.5956697976668887,0.13060696954111628,0.0022982208438055984
"Kim, Tom",14,3,0.006186830190559378,0.2238573754592002,0.6170150905492751,0.15027672175009554,0.0026639820508698175
"Kim, Tom",15,4,0.006709172079226944,0.19030605198418188,0.5816838226647061,0.21282950892043062,0.008471444351454416
"Kim, Tom",16,5,0.037142257057905415,0.345528714020415,0.49989466917239683,0.11369002215299329,0.0037443375962894487
"Kim, Tom",17,3,0.001461265830907832,0.1285749258029686,0.6352254419908265,0.2296955793339891,0.005042787041308006
"Kim, Tom",18,4,0.002634015824936997,0.10089200170221713,0.501640888236516,0.35852228063504077,0.03631081360128907
"Knapp, Jake",1,4,0.008587952169036905,0.19747065230333555,0.5650714216934289,0.21829565763913705,0.01057431619506155
"Knapp, Jake",2,4,0.002538681705564483,0.11611566856797739,0.5508711101888372,0.3107248745110751,0.01974966502654585
"Knapp, Jake",3,5,0.05564428651872044,0.42150116913868024,0.4531224855102231,0.06843823077096112,0.001293828061415092
"Knapp, Jake",4,4,0.007806186909530832,0.19458976784076465,0.5714780397483393,0.21639146554868627,0.009734539952678922
"Knapp, Jake",5,4,0.02284322313365772,0.3316095150049865,0.5401941412870219,0.10334305717809622,0.00201006339623766
"Knapp, Jake",6,3,0.007182699682273586,0.20039696676640684,0.5858268598091335,0.1994792640810482,0.007114209661137849
"Knapp, Jake",7,4,0.0023785058472242104,0.13242873210287542,0.595962247860293,0.25943879272465165,0.009791721464955772
"Knapp, Jake",8,4,0.003735621339259032,0.13022858886385308,0.5430565359663104,0.3016282810675356,0.021350972763041876
"Knapp, Jake",9,3,0.0014601125375091617,0.1162845017125087,0.609113760444234,0.264786343117301,0.008355282188447166
"Knapp, Jake",10,5,0.03856712520117178,0.3445856162926167,0.49647734145379335,0.11626710873658752,0.004102808315830653
"Knapp, Jake",11,4,0.0075023440335686975,0.19049242749300221,0.5707303927155765,0.22105330925293531,0.010221526504917366
"Knapp, Jake",12,3,0.0017124885399368295,0.17342131391955046,0.6799827804517351,0.14374429303354497,0.0011391240552326432
"Knapp, Jake",13,4,0.010449766494777968,0.2676408849133363,0.5932494116321253,0.1265014465910469,0.002158490368713517
"Knapp, Jake",14,3,0.0065536762442715,0.22975237345093397,0.6155363967541896,0.14565707203538258,0.002500481515222419
"Knapp, Jake",15,4,0.007070586618425634,0.19520536608206196,0.5819714382830945,0.20770515710987203,0.008047451906545877
"Knapp, Jake",16,5,0.03856402960140953,0.35070881800012693,0.4966581086038765,0.11051303010898317,0.003556013685603876
"Knapp, Jake",17,3,0.0015669189123527216,0.13306819023073524,0.6371704007503993,0.2234560861732371,0.004738403933275626
"Knapp, Jake",18,4,0.002782031851828015,0.10397400078670127,0.505226977946083,0.3530971012924694,0.03491988812291835
"Kruyswijk, Jacques",1,4,0.007531834526429582,0.1851385805053521,0.56369201268221,0.23164590846679678,0.011991663819211462
"Kruyswijk, Jacques",2,4,0.0021737955025808997,0.10690705976045584,0.54224876628773,0.32641539931705876,0.022254979132174446
"Kruyswijk, Jacques",3,5,0.05055410144174516,0.4078734917060887,0.4653161461529416,0.07474688317682665,0.0015093775223978811
"Kruyswijk, Jacques",4,4,0.00682294137454964,0.1821484954125805,0.5700214380246296,0.2299333011257665,0.011073824062473814
"Kruyswijk, Jacques",5,4,0.020274579979272234,0.3158152889070482,0.5491884462620356,0.11237050612999588,0.0023511787216481395
"Kruyswijk, Jacques",6,3,0.006243448368066062,0.18729484707537292,0.5852819808892935,0.21301262104600727,0.008167102621260192
"Kruyswijk, Jacques",7,4,0.0020152652801747606,0.12168841104711087,0.5893824093718398,0.27565494059139395,0.01125897370948059
"Kruyswijk, Jacques",8,4,0.003233259910449371,0.12062623710319514,0.535722352555298,0.3164849094650519,0.023933240966005576
"Kruyswijk, Jacques",9,3,0.0012191445917003607,0.10604302102158919,0.6010482522406595,0.28199936736623377,0.009690214779817241
"Kruyswijk, Jacques",10,5,0.034942742070459776,0.33111919659356087,0.5042884140320105,0.12496667235856285,0.004682974945405927
"Kruyswijk, Jacques",11,4,0.006553929206147724,0.1782081812482349,0.5689114401942663,0.23470917824737025,0.011617271103980809
"Kruyswijk, Jacques",12,3,0.00140458289297557,0.15841979821853852,0.6809204263663231,0.1578613428745046,0.0013938496476582074
"Kruyswijk, Jacques",13,4,0.009074107661194097,0.2515869753872113,0.5992595582814036,0.137533982185836,0.002545376484354933
"Kruyswijk, Jacques",14,3,0.005624095507918647,0.2143476428159457,0.619018159249946,0.15805677297312415,0.0029533294530654786
"Kruyswijk, Jacques",15,4,0.006151340591851795,0.18241181171888354,0.5808556916913465,0.2213713215039247,0.009209834493993374
"Kruyswijk, Jacques",16,5,0.034901964515594686,0.3370086820166157,0.5049807562409803,0.11903574770318137,0.004072849523627964
"Kruyswijk, Jacques",17,3,0.0013018797388865688,0.12142469080175267,0.6315742699450937,0.24011897975266716,0.005580179761599857
"Kruyswijk, Jacques",18,4,0.002406456042717664,0.09597334823964615,0.4955316990320938,0.3673969250178052,0.03869157166773718
"Lacroix, Frederic",1,4,0.007365636782667051,0.18310265033846135,0.5633564349825132,0.23392927023997645,0.012246007656381952
"Lacroix, Frederic",2,4,0.002117227225965135,0.10540694942111689,0.5407038463884345,0.32906955988951136,0.022702417074972114
"Lacroix, Frederic",3,5,0.049734225711193625,0.40554772944259926,0.4673182891091594,0.07585099377610482,0.0015487619609428904
"Lacroix, Frederic",4,4,0.006668519002222428,0.18009640783148784,0.5696694020683363,0.23225109376794995,0.011314577330003517
"Lacroix, Frederic",5,4,0.019866873530746898,0.31316595077610726,0.550610478002874,0.11394314465687738,0.002413553033394522
"Lacroix, Frederic",6,3,0.00609639064978823,0.18513458670678307,0.585075107468163,0.21533654686536674,0.008357368309898972
"Lacroix, Frederic",7,4,0.0019592805211618436,0.11993860605965839,0.5881556256100873,0.278422357601115,0.01152413020797749
"Lacroix, Frederic",8,4,0.003154877447236304,0.11905614474273174,0.5343975626074232,0.3189982643913408,0.024393150811267916
"Lacroix, Frederic",9,3,0.0011823291124228308,0.10438215685532387,0.599564139966102,0.28493878945667994,0.009932584609471329
"Lacroix, Frederic",10,5,0.03436054764448432,0.32884689509791093,0.5055319646783583,0.1264729717561447,0.004787620823101801
"Lacroix, Frederic",11,4,0.00640503025867456,0.17618303359100895,0.5684989108597331,0.23704499273296986,0.011868032557613484
"Lacroix, Frederic",12,3,0.0013579897399829122,0.1559759655219366,0.6809006168450724,0.16032386438135426,0.0014415635116538095
"Lacroix, Frederic",13,4,0.008858660648620786,0.24892224866349855,0.6001500289911867,0.13945265400434348,0.0026164076923504975
"Lacroix, Frederic",14,3,0.005479568962202752,0.21180540379354357,0.6194699762259671,0.16020853352084097,0.003036517497445601
"Lacroix, Frederic",15,4,0.006007353166620322,0.18030323254506747,0.5805550809955213,0.22371482963346723,0.009419503659323647
"Lacroix, Frederic",16,5,0.03431403083763096,0.33469585585208095,0.5063104397604643,0.12051341585583175,0.004166257693992037
"Lacroix, Frederic",17,3,0.0012614924870126276,0.11953381770872507,0.6304869859309397,0.2429833134073427,0.005734390465979899
"Lacroix, Frederic",18,4,0.0023479010225893604,0.09466941470298801,0.4938285830436747,0.3697955478324102,0.039358553398337714
"Langasque, Romain",1,4,0.007034410434312799,0.17895994206872562,0.5625743834575523,0.23864820157080102,0.012783062468608275
"Langasque, Romain",2,4,0.002005215695980278,0.10237225082523727,0.5374497782266037,0.33452760048845775,0.023645154763720977
"Langasque, Romain",3,5,0.04808367338928632,0.4007468844963634,0.4713804431025175,0.07815639747860481,0.001632601533227973
"Langasque, Romain",4,4,0.006361027588699553,0.17592251459892194,0.5688504591308947,0.23704267130412704,0.011823327377356696
"Langasque, Romain",5,4,0.019051324515903523,0.307737915008491,0.5534444517482004,0.11721993597985059,0.0025463727475544262
"Langasque, Romain",6,3,0.0058039597874881554,0.1807414977680698,0.5845464510725071,0.220147721267142,0.008760370104792914
"Langasque, Romain",7,4,0.0018487071629418317,0.11639877684729344,0.5855311549204967,0.284135610181688,0.012085750887580127
"Langasque, Romain",8,4,0.0029992387957210598,0.11587465713974787,0.5315979954571646,0.32416711945090637,0.025360989156460123
"Langasque, Romain",9,3,0.0011098911168710979,0.10102907233253339,0.5964053585404494,0.2910086761113959,0.010447001898750141
"Langasque, Romain",10,5,0.03318984482735832,0.3241790586680164,0.5080187953410076,0.12960320121171598,0.0050090999519016854
"Langasque, Romain",11,4,0.0061085827924499125,0.17206485128880783,0.5675563199303657,0.24187244814735687,0.012397797841019687
"Langasque, Romain",12,3,0.0012666973232875467,0.1510329336108489,0.6806991054875589,0.16545700037069255,0.0015442632076121399
"Langasque, Romain",13,4,0.008430197481454182,0.24348773325583217,0.6018668884523253,0.1434472482563669,0.002767932554021524
"Langasque, Romain",14,3,0.005193053894773703,0.20663377231442026,0.6202751711560281,0.16468398548793972,0.0032140171468381107
"Langasque, Romain",15,4,0.0057209731162155,0.17601592852284847,0.579836260499715,0.2285635947947361,0.009863243066484895
"Langasque, Romain",16,5,0.033132068012882765,0.3299438459806366,0.5089739850209911,0.12358597293407891,0.004364128051410621
"Langasque, Romain",17,3,0.0011821178357644402,0.11571415871380075,0.6281252354014664,0.24891547524514945,0.006063012803818935
"Langasque, Romain",18,4,0.0022316694054841935,0.09203094846574278,0.4902699992122815,0.374709667943265,0.040757714973226555
"Laporta, Francesco",1,4,0.008067648005610162,0.19152034920412453,0.5645427270040093,0.2246364132105002,0.011232862575755842
"Laporta, Francesco",2,4,0.002357773265523777,0.11164633547446856,0.5468656993988725,0.31821390067871325,0.020916291182421887
"Laporta, Francesco",3,5,0.05316152926388629,0.41502305350084906,0.45901879173491883,0.07140348800027407,0.0013931375000717505
"Laporta, Francesco",4,4,0.007321373889978111,0.18858438218139645,0.5709168218869309,0.2228211125963655,0.010356309445328948
"Laporta, Francesco",5,4,0.021582422304527338,0.3240426457831188,0.5446126250942732,0.10759514076197418,0.002167166056106451
"Laporta, Francesco",6,3,0.006718972864871442,0.19407158072786362,0.5857122460076256,0.20589537929272939,0.0076018211069099895
"Laporta, Francesco",7,4,0.0021979714628486136,0.12721632117535664,0.5929664202654701,0.26714808482167374,0.010471202274650926
"Laporta, Francesco",8,4,0.003487227550209304,0.1255757132757035,0.5396630151932318,0.3087190580777759,0.022554985903079583
"Laporta, Francesco",9,3,0.0013399090974083316,0.11130423744719625,0.6054166363898703,0.2729670866661936,0.008972130399331424
"Laporta, Francesco",10,5,0.03679721673391745,0.33815094840188825,0.5003038411371257,0.12037625964677123,0.004371734080297451
"Laporta, Francesco",11,4,0.007034633889943465,0.18456149161255359,0.5699952308278459,0.2275389653128379,0.010869678356819179
"Laporta, Francesco",12,3,0.0015582840440960255,0.16614104787879458,0.6806564231451917,0.1503891506429147,0.0012550942890030559
"Laporta, Francesco",13,4,0.009770669977173796,0.2599135498409839,0.5962775672568329,0.13170188409180306,0.002336328833206336
"Laporta, Francesco",14,3,0.0060933663889413126,0.22231855282617524,0.6173718229801055,0.15150767410870736,0.002708583696070521
"Laporta, Francesco",15,4,0.006616818837122784,0.18902788953465016,0.5815807987635921,0.21418826340772557,0.008586229456909344
"Laporta, Francesco",16,5,0.036775311619926976,0.344163888256684,0.5007292625297267,0.11453617704633656,0.0037953605473257657
"Laporta, Francesco",17,3,0.0014345645169998034,0.12740967324374652,0.6346782374840616,0.23135179625194202,0.005125728503249993
"Laporta, Francesco",18,4,0.002596265285021382,0.1000916596441303,0.5006798118610405,0.3599479733393972,0.036684289870410614
"Larrazabal, Pablo",1,4,0.005772774399486924,0.16200319385983203,0.5578895255718253,0.2590447835630565,0.015289722605799305
"Larrazabal, Pablo",2,4,0.0015880186616689662,0.09020046682172728,0.5225029737377229,0.35769760352892266,0.02801093724995818
"Larrazabal, Pablo",3,5,0.04157273586644694,0.3801019378039606,0.4877952036480524,0.08849461800576153,0.00203550467577851
"Larrazabal, Pablo",4,4,0.005193347432287498,0.15886283887567187,0.5639640928335626,0.2577753758969412,0.014204344961536775
"Larrazabal, Pablo",5,4,0.01590534636464641,0.28498933191748566,0.5641184961248231,0.1318015746155221,0.0031852509775227578
"Larrazabal, Pablo",6,3,0.004698735898887196,0.16279931271759046,0.5807691273336678,0.2410706764869971,0.010662147562857438
"Larrazabal, Pablo",7,4,0.0014405388261072294,0.10220365625751043,0.5728924824672562,0.30872783538935966,0.014735487059766461
"Larrazabal, Pablo",8,4,0.00241391237471289,0.10303997906366841,0.5186042544129554,0.34611783031516985,0.029824023833493474
"Larrazabal, Pablo",9,3,0.0008459814609628191,0.08767908784536538,0.5814275791737296,0.31715564012336184,0.012891711396580408
"Larrazabal, Pablo",10,5,0.028589817786925986,0.3044318506108494,0.5175215164963323,0.14340513534803334,0.00605167975785903
"Larrazabal, Pablo",11,4,0.004983435251643797,0.155245803676271,0.5621567474455569,0.26273907642549876,0.014874937201029503
"Larrazabal, Pablo",12,3,0.0009389742174157889,0.1312332903036864,0.6774546532835889,0.18831569317424846,0.0020573890210604517
"Larrazabal, Pablo",13,4,0.006810623014502415,0.22107501199753266,0.6074441907744741,0.16116881494545687,0.0035013592680339656
"Larrazabal, Pablo",14,3,0.0041218582086006705,0.1854926153159031,0.6218445719404917,0.18446713132577341,0.004073823209231109
"Larrazabal, Pablo",15,4,0.004637880815647533,0.1585150486987023,0.5752911371882912,0.2496047126308184,0.01195122066654064
"Larrazabal, Pablo",16,5,0.028491747845221294,0.30982781694119305,0.5192199350170899,0.13716198652963485,0.00529851366686096
"Larrazabal, Pablo",17,3,0.0008941042486280137,0.10047781394948446,0.6162453423754739,0.2747354676980862,0.007647271728327354
"Larrazabal, Pablo",18,4,0.0017949966461917044,0.08143782265380445,0.47433562795919115,0.39529392580597844,0.047137626934834254
"Lawrence, Thriston",1,4,0.008503256780890811,0.1965176909725156,0.5650034114414901,0.21929886052556236,0.01067678027954111
"Lawrence, Thriston",2,4,0.0025090862618219467,0.11539662111133009,0.5502486191771119,0.3119141889723026,0.019931484477433536
"Lawrence, Thriston",3,5,0.05524329124278665,0.4204756799200415,0.45406818001676297,0.06890366736707165,0.0013091814533372492
"Lawrence, Thriston",4,4,0.007727216678392268,0.19362769067742858,0.571405396948885,0.21740847386153428,0.00983122183375984
"Lawrence, Thriston",5,4,0.022638584480005775,0.3304043627500247,0.5409111741419583,0.10401153413481035,0.0020343444932008348
"Lawrence, Thriston",6,3,0.007107087135636125,0.1993835089584935,0.5858265391867865,0.20049297571063784,0.007189889008445971
"Lawrence, Thriston",7,4,0.002348915011711694,0.13159019282818119,0.5955043506286768,0.2606593667588363,0.009897174772593997
"Lawrence, Thriston",8,4,0.0036950719675715726,0.12948095087839728,0.5425308363262062,0.3027543359793442,0.021538804848480697
"Lawrence, Thriston",9,3,0.0014403534736071588,0.11548206996448679,0.6085454809047415,0.26608124080133033,0.0084508548558343
"Lawrence, Thriston",10,5,0.03828099521797884,0.343562853960572,0.497097056652391,0.11691451780689666,0.004144576362161478
"Lawrence, Thriston",11,4,0.007426150521229413,0.18954210902946783,0.5706300072995114,0.22207940234586399,0.010322330803927304
"Lawrence, Thriston",12,3,0.0016870617353796913,0.17225020130662483,0.6801175279315441,0.1447883173607375,0.0011568916657138661
"Lawrence, Thriston",13,4,0.010339050865736499,0.2664057063141855,0.5937498371413392,0.12731946996013022,0.0021859357186085893
"Lawrence, Thriston",14,3,0.006478448106727375,0.22856175537001622,0.6158491620489585,0.14657804395794483,0.002532590516353128
"Lawrence, Thriston",15,4,0.006996608266076121,0.1942154715918012,0.5819268518251197,0.2087299415992636,0.008131126717739301
"Lawrence, Thriston",16,5,0.03827480806677491,0.3496687096682572,0.4973167308862686,0.11114658998784976,0.003593161390849531
"Lawrence, Thriston",17,3,0.0015451440688979967,0.13215693171597692,0.6367966900916242,0.22470301174937424,0.004798222374126637
"Lawrence, Thriston",18,4,0.002751697939816611,0.1033494702899374,0.5045147914261866,0.354188203527361,0.035195836816698356
"Lee, Junghwan",1,4,0.005749990637075486,0.16167765339312645,0.5577747041232382,0.25945437088504664,0.015343280961513273
"Lee, Junghwan",2,4,0.0015806310129168333,0.08997074996175836,0.5221891087788063,0.3581558752024664,0.02810363504405211
"Lee, Junghwan",3,5,0.041451553858189716,0.37968934463234133,0.48810621830376477,0.08870857052168812,0.0020443126840160586
"Lee, Junghwan",4,4,0.005172316579920955,0.15853572767634605,0.5638445623852033,0.2581920668603238,0.014255326498205823
"Lee, Junghwan",5,4,0.0158479129236353,0.28454407107657975,0.5643073551573586,0.13210143466062774,0.0031992261817985757
"Lee, Junghwan",6,3,0.004678913454474243,0.1624555192411326,0.580669517027288,0.24149291931668715,0.010703130960417973
"Lee, Junghwan",7,4,0.0014333688061161087,0.10193583633672576,0.572618371900562,0.30921985044020206,0.014792572516394098
"Lee, Junghwan",8,4,0.002403458580736928,0.10279654832292856,0.5183293519644524,0.3465521661018607,0.02991847503002143
"Lee, Junghwan",9,3,0.0008413995167139143,0.08742876552022694,0.5811061344340682,0.3176790258217532,0.012944674707237702
"Lee, Junghwan",10,5,0.02850448037246095,0.3040422807506431,0.5176922205845622,0.14368690982473686,0.006074108467596817
"Lee, Junghwan",11,4,0.0049631797020753265,0.15492351195418308,0.5620272639984365,0.263158105019503,0.014927939325802053
"Lee, Junghwan",12,3,0.0009333606262839633,0.13086025599307488,0.6773516807968653,0.1887857617881561,0.0020689407956198114
"Lee, Junghwan",13,4,0.006781575887134406,0.22064213700095087,0.6075265205288838,0.16153228789838192,0.0035174786846490225
"Lee, Junghwan",14,3,0.004102830773978994,0.18508730207263108,0.6218454689363837,0.1848716679821455,0.004092730234860786
"Lee, Junghwan",15,4,0.0046184434176486655,0.15817985207004204,0.575176994016674,0.25002859499667063,0.011996115498964621
"Lee, Junghwan",16,5,0.0284057273652375,0.3094307792209817,0.5194052138842358,0.13743961530159887,0.005318664227946135
"Lee, Junghwan",17,3,0.0008891222374382557,0.10019169207995826,0.6159804901047725,0.27525671962588705,0.007681975951943976
"Lee, Junghwan",18,4,0.0017872043908852553,0.08123770418405518,0.47400712476966583,0.39569651615426304,0.047271450501130685
"Li, Haotong",1,4,0.008743092966720878,0.19920107316580588,0.5651789863544981,0.21648576625219673,0.010391081260778368
"Li, Haotong",2,4,0.0025930386044900056,0.11742452324955205,0.5519832123802273,0.3085749892855012,0.019424236480229506
"Li, Haotong",3,5,0.05637573314961608,0.4233517121983012,0.45140404964728403,0.0676020414342754,0.0012664635705232907
"Li, Haotong",4,4,0.007950891817676553,0.19633702465450992,0.5715934647964819,0.21455691684461764,0.009561701886714014
"Li, Haotong",5,4,0.023217483880006273,0.33379136863037034,0.5388832559875109,0.10214109753720446,0.0019667939649080646
"Li, Haotong",6,3,0.007321327530071753,0.20223764341702483,0.5858102090997899,0.19765176890827707,0.006979051044836426
"Li, Haotong",7,4,0.0024329100670205106,0.1339550255768031,0.5967727123546727,0.2572359578153123,0.009603394186191494
"Li, Haotong",8,4,0.0038100119633939777,0.13158857691409664,0.5439940517256989,0.2995927531916619,0.02101460620514861
"Li, Haotong",9,3,0.0014964969979101017,0.1177462745367569,0.6101227879235205,0.2624496891132734,0.008184751428539139
"Li, Haotong",10,5,0.03908931318731129,0.3464352847943516,0.4953455327395612,0.11510168468432225,0.004028184594453643
"Li, Haotong",11,4,0.007641969906165669,0.19221849279601494,0.5708960796056303,0.2192021577932941,0.010041299898895018
"Li, Haotong",12,3,0.0017593874079721572,0.17555281768254305,0.6797124649379609,0.14186772274417536,0.0011076072273485948
"Li, Haotong",13,4,0.010652737364155895,0.2698814280910166,0.5923260408386619,0.12503017338270905,0.002109620323456518
"Li, Haotong",14,3,0.006691768960038258,0.2319143713477132,0.6149505461850158,0.14399999970799593,0.0024433137992367904
"Li, Haotong",15,4,0.00720620826016416,0.1970033790936917,0.5820352167212637,0.20585723307851556,0.007897962846364903
"Li, Haotong",16,5,0.039091908793759955,0.35258968002097263,0.4954559199620058,0.10937282172242768,0.0034896695008339584
"Li, Haotong",17,3,0.0016070333977478146,0.13472775895780092,0.6378246348795247,0.22120872311085982,0.004631849654066711
"Li, Haotong",18,4,0.0028376897563091585,0.10511074024886075,0.5065047568928529,0.35112174548070807,0.03442506762126918
"MacIntyre, Robert",1,4,0.011133867469074132,0.2236990937876303,0.564635532704358,0.192389148354023,0.008142357684914558
"MacIntyre, Robert",2,4,0.0034529026342555724,0.13639363196309112,0.5653254530728484,0.27942921800090526,0.015398794328899568
"MacIntyre, Robert",3,5,0.06719722915442028,0.44800412765834885,0.4269649479034412,0.05689295888920287,0.0009407363945868052
"MacIntyre, Robert",4,4,0.010188467037413718,0.22111088739815354,0.5710895543543937,0.19016405726129038,0.0074470339487486825
"MacIntyre, Robert",5,4,0.0288967564698982,0.3637956137839197,0.5192228856985439,0.08663215072864938,0.0014525933189888374
"MacIntyre, Robert",6,3,0.009476175179768842,0.22834748197786314,0.5833443464236817,0.17349158593446912,0.005340410484217184
"MacIntyre, Robert",7,4,0.003302067568952627,0.15606063925983865,0.6054937860594184,0.22782230522492275,0.007321201886867579
"MacIntyre, Robert",8,4,0.004973791900382218,0.1511741381872279,0.5550245876684381,0.2719942097336514,0.016833272510300312
"MacIntyre, Robert",9,3,0.0020866613659185074,0.13908305421512923,0.621401266328675,0.23129385312674777,0.006135164963529505
"MacIntyre, Robert",10,5,0.046853952980836,0.3716180032729492,0.47851105068502,0.0998970020636809,0.0031199909975139217
"MacIntyre, Robert",11,4,0.00980237991831473,0.21671446433384595,0.5710871256838695,0.1945619248342979,0.007834105229671873
"MacIntyre, Robert",12,3,0.002532313890257376,0.2063830029452951,0.67258357786611,0.11775248184909559,0.0007486234492419808
"MacIntyre, Robert",13,4,0.01380481881052703,0.3012696305917925,0.5773923958643913,0.1060000732586982,0.0015330814745909693
"MacIntyre, Robert",14,3,0.008863684117856152,0.26251112994232,0.6043634805747129,0.12249205794399842,0.001769647421112519
"MacIntyre, Robert",15,4,0.00931285495607076,0.22252712606322017,0.5807112958265997,0.18136886260297347,0.006079860551135852
"MacIntyre, Robert",16,5,0.04694799704925301,0.37817238930930486,0.4776624693637471,0.09453212967515245,0.002685014602542557
"MacIntyre, Robert",17,3,0.0022605245038103128,0.158884140231357,0.6439019505307966,0.19158249581449005,0.0033708889195460667
"MacIntyre, Robert",18,4,0.003709753702272278,0.1215791765578133,0.5225565869596188,0.3239567753903809,0.028197707389914672
"Manassero, Matteo",1,4,0.007803135712065368,0.18840366458293578,0.5641648259607175,0.22803202708494996,0.011596346659331402
"Manassero, Matteo",2,4,0.002266648105938407,0.10932478683929064,0.5446532004971486,0.3221970862178505,0.021558278339771864
"Manassero, Matteo",3,5,0.05188101224803299,0.4115578355871134,0.46209807306596135,0.07301449759327494,0.0014485815056173301
"Manassero, Matteo",4,4,0.00707520627931546,0.18544061635126224,0.5705183991872291,0.2262659030390295,0.010699875143163728
"Manassero, Matteo",5,4,0.020938021352670366,0.32003918337468856,0.5468692424180712,0.10989863239736308,0.002254920457206766
"Manassero, Matteo",6,3,0.0064839577976760765,0.19076103038261777,0.5855428420540099,0.20934001201933627,0.007872157746360076
"Manassero, Matteo",7,4,0.0021073591793424606,0.12450851657362427,0.5912650163635278,0.2712711710245692,0.010847936858936258
"Manassero, Matteo",8,4,0.003361614597196083,0.12315324040675402,0.5377781910383553,0.31249057594905716,0.023216378008637406
"Manassero, Matteo",9,3,0.0012799009540590545,0.10872438775463611,0.6033363617527812,0.27734418990458964,0.009315159633934034
"Manassero, Matteo",10,5,0.03588592165140636,0.3347339218150463,0.5022658305423369,0.12259368062442932,0.004520645366781095
"Manassero, Matteo",11,4,0.006797202939864411,0.1814577003843219,0.5695050288549119,0.23101237385542905,0.01122769396547274
"Manassero, Matteo",12,3,0.001481748784799175,0.16235877394628406,0.6808461821514724,0.1539924104171959,0.0013208847002483814
"Manassero, Matteo",13,4,0.009426434522295857,0.2558520631872648,0.5977693486957991,0.1345162277259121,0.002435925868728095
"Manassero, Matteo",14,3,0.005861081081770914,0.21842543341206822,0.618218700420746,0.1546696121519736,0.0028251729334412
"Manassero, Matteo",15,4,0.006386790840517076,0.18579554226131761,0.5812672237788719,0.2176658560808924,0.008884587038401115
"Manassero, Matteo",16,5,0.03585463221569474,0.3406872448406819,0.5028210259557606,0.11670903601267169,0.00392806097519105
"Manassero, Matteo",17,3,0.0013685952507672683,0.12447584769541398,0.6332192529629781,0.23559394741176642,0.005342356679074234
"Manassero, Matteo",18,4,0.0025023691415616556,0.09807450433247611,0.49820130282938346,0.36357267318280306,0.03764915051377571
"Mansell, Richard",1,4,0.007930644725473113,0.1899140923712883,0.5643568087033595,0.22637991314654327,0.01141854105333584
"Mansell, Richard",2,4,0.0023105027396924105,0.11044820044282011,0.5457354185848575,0.3202614726023284,0.0212444056303015
"Mansell, Richard",3,5,0.05249988262081262,0.41324342882722825,0.460606631556764,0.07222865221870867,0.0014214047764864457
"Mansell, Richard",4,4,0.007193846097420076,0.18696401441993504,0.570720632105377,0.22458972732336113,0.010531780053906759
"Mansell, Richard",5,4,0.021248953000601034,0.3219828247731829,0.5457807424323533,0.1087755772443173,0.002211902549545508
"Mansell, Richard",6,3,0.0065971840832214634,0.19236518183155327,0.5856345220863499,0.20766329911317882,0.007739812885696473
"Mansell, Richard",7,4,0.0021509389327495354,0.1258188598580211,0.5921011030617382,0.2692655952824523,0.01066350286503881
"Mansell, Richard",8,4,0.003422109544401253,0.12432597671957796,0.5387009912202225,0.3106578036357165,0.02289311888008183
"Mansell, Richard",9,3,0.0013087338928471914,0.10997217457391734,0.6043570559514743,0.2752148976105472,0.009147137971214025
"Mansell, Richard",10,5,0.03632621463488184,0.33639395007898476,0.5013187436259582,0.1215133311451515,0.004447760515023713
"Mansell, Richard",11,4,0.006911627627789074,0.18296164152532463,0.5697517968517032,0.22932239385726272,0.011052540137920452
"Mansell, Richard",12,3,0.0015184840670470212,0.1641890639684075,0.6807685231415322,0.1522353834161274,0.0012885454068858326
"Mansell, Richard",13,4,0.009592286910926728,0.25782156189599337,0.597054703790082,0.13314436727193024,0.002387080131067698
"Mansell, Richard",14,3,0.005972905830692765,0.22031207207794706,0.6178183436092786,0.1531286884995412,0.002767989982540353
"Mansell, Richard",15,4,0.006497619679257383,0.1873617326215964,0.581428733424675,0.21597335990509914,0.008738554369372098
"Mansell, Richard",16,5,0.03629943306440098,0.3423763255402333,0.5018109078170234,0.11565023758840765,0.0038630959899346173
"Mansell, Richard",17,3,0.0014002833125732472,0.12589506372801113,0.6339397331717662,0.23352877903458258,0.005236140753066887
"Mansell, Richard",18,4,0.0025475854304317647,0.09905066797214906,0.49941088303023934,0.36181291641911895,0.037177947148060886
"McCarthy, Denny",1,4,0.008879808415248935,0.2007100541018239,0.5652561907164557,0.21491973887487648,0.010234207891594904
"McCarthy, Denny",2,4,0.0026410940972345087,0.11856923402095743,0.5529339533966471,0.3067103841677451,0.01914533431741594
"McCarthy, Denny",3,5,0.05701706652981736,0.42495332721784623,0.44990432039371475,0.06688215561493238,0.0012431302436892722
"McCarthy, Denny",4,4,0.008078464879781533,0.19786098299989535,0.571676948742749,0.21296981520265024,0.009413788174923887
"McCarthy, Denny",5,4,0.023546674893924757,0.33568718539800774,0.5377309449378631,0.10110528873159419,0.0019299060386102074
"McCarthy, Denny",6,3,0.007443622826508345,0.20384319014549845,0.5857777434916626,0.19607192283610442,0.006863520700226222
"McCarthy, Denny",7,4,0.002481066483440708,0.13528982861351962,0.5974575471819168,0.25532913459668016,0.009442423124442767
"McCarthy, Denny",8,4,0.003875688771938557,0.13277705510219506,0.5447937780568928,0.2978273310956254,0.02072614697334818
"McCarthy, Denny",9,3,0.001528763042579595,0.11902591326839079,0.6109788105070058,0.2604273656408407,0.008039147541183178
"McCarthy, Denny",10,5,0.03954744856525699,0.34804040198174785,0.4943518242662748,0.11409595705498443,0.003964368131735951
"McCarthy, Denny",11,4,0.007765074808777694,0.19372414017620398,0.5710232721780824,0.2176004692186302,0.009887043618305835
"McCarthy, Denny",12,3,0.0018010602720480717,0.17741673406293812,0.6794500626902553,0.14025125513127545,0.001080887843483036
"McCarthy, Denny",13,4,0.010831778577040041,0.2718327809320129,0.5915055946978864,0.12376184865078121,0.002067997142279454
"McCarthy, Denny",14,3,0.0068137714819354045,0.2337997152612531,0.6144210377809188,0.14257084523688346,0.00239463023900921
"McCarthy, Denny",15,4,0.007325840915979487,0.19857185274402456,0.5820729355736343,0.20425924026458964,0.007770130501771999
"McCarthy, Denny",16,5,0.03955508879462766,0.35422167951708494,0.49440112144486714,0.10838915122011139,0.003432959023308868
"McCarthy, Denny",17,3,0.001642626498689459,0.13618006869796068,0.6383697346075793,0.21926651427825172,0.004541055917518855
"McCarthy, Denny",18,4,0.0028868369474145394,0.10610485174105833,0.5076028954388412,0.34940537316389864,0.034000042708787315
"McCarty, Matt",1,4,0.007883554977260399,0.18935804153529046,0.5642880770879599,0.22698669288004303,0.011483633519446146
"McCarty, Matt",2,4,0.002294291176393959,0.11003425998822347,0.5453392026561237,0.32097289837878906,0.021359347800469886
"McCarty, Matt",3,5,0.05227167906284791,0.41262426544571856,0.46115588579860095,0.07251682805368032,0.0014313416391522615
"McCarty, Matt",4,4,0.007150026091838901,0.18640315487683534,0.570648194009001,0.22520531467564653,0.010593310346678209
"McCarty, Matt",5,4,0.021134188935461373,0.3212680477089105,0.5461825937754609,0.10918753883908483,0.0022276307410824536
"McCarty, Matt",6,3,0.006555355150246522,0.1917745770312686,0.5856028792941879,0.20827894880294662,0.007788239721350454
"McCarty, Matt",7,4,0.0021348228602121044,0.12533604556529587,0.5917958416730071,0.2700023003272185,0.010730989574266325
"McCarty, Matt",8,4,0.003399755971299989,0.12389396876789788,0.538363328289439,0.3113314263518392,0.02301152061952394
"McCarty, Matt",9,3,0.001298065223603484,0.10951227043112216,0.6039840513029857,0.2759970133583697,0.009208599683918961
"McCarty, Matt",10,5,0.03616383097021442,0.33578371306500143,0.5016682320769115,0.12190979038488237,0.0044744335029903715
"McCarty, Matt",11,4,0.006869363508387738,0.18240792645838255,0.5696629758227195,0.22994307751302234,0.011116656697487848
"McCarty, Matt",12,3,0.0015048829663029673,0.1635146657642681,0.6808002606494854,0.15287984088069073,0.0013003497392527485
"McCarty, Matt",13,4,0.009531017610350134,0.2570967689198131,0.5973196259752973,0.13364765336420315,0.002404934130336267
"McCarty, Matt",14,3,0.005931575792647359,0.2196175060708443,0.6179679474836878,0.15369408007371366,0.0027888905791069174
"McCarty, Matt",15,4,0.006456677576492542,0.1867850894000772,0.5813713745415245,0.21659486209249512,0.008791996389410528
"McCarty, Matt",16,5,0.03613538112197695,0.34175542827917693,0.5021835702237007,0.11603875297213895,0.0038868674030064776
"McCarty, Matt",17,3,0.0013885562141198182,0.1253720234347107,0.6336774442710034,0.2342870057373042,0.005274970342861951
"McCarty, Matt",18,4,0.0025308766483163603,0.09869099498306905,0.49896743818334477,0.36246006977440515,0.03735062041086468
"McGreevy, Max",1,4,0.007611610381468625,0.18610607150082448,0.5638404398444464,0.23056894420608254,0.011872934067177932
"McGreevy, Max",2,4,0.0022010335272080184,0.1076219327579081,0.5429705761133508,0.32516056292637285,0.02204589467516027
"McGreevy, Max",3,5,0.05094573376293088,0.40897103823072,0.4643634748813197,0.0742286888568563,0.0014910642681731368
"McGreevy, Max",4,4,0.006897095966300282,0.1831238541490734,0.5701773069442907,0.2288402625323127,0.010961480408022917
"McGreevy, Max",5,4,0.02046993182479956,0.31707008301757666,0.5485061317429176,0.11163167349385661,0.0023221799208495986
"McGreevy, Max",6,3,0.006314112328210886,0.18832170962975003,0.5853683079023522,0.2119174518357929,0.008078418303893997
"McGreevy, Max",7,4,0.0020422554354456723,0.12252226829328366,0.5899510719720851,0.2743490220487632,0.011135382250422321
"McGreevy, Max",8,4,0.0032709510231841987,0.1213738693776692,0.5363402997935962,0.31529667805585715,0.02371820174969319
"McGreevy, Max",9,3,0.001236925701367464,0.10683526739197463,0.6017379914447385,0.2806124582557027,0.009577357206216774
"McGreevy, Max",10,5,0.035220997246124486,0.3321940545988601,0.5036926767312289,0.1242580914745165,0.0046341799492700675
"McGreevy, Max",11,4,0.006625436725257283,0.17917083913701692,0.5690959914531233,0.23360748962336086,0.011500243061241644
"McGreevy, Max",12,3,0.0014271317605834555,0.15958445329966564,0.6809119227855018,0.15670471030442545,0.0013717818498235612
"McGreevy, Max",13,4,0.009177628905263857,0.2528518658661859,0.598825882350915,0.13663224121171091,0.002512381665924268
"McGreevy, Max",14,3,0.005693645792225865,0.215555864090951,0.6187907905623558,0.15704500741819594,0.0029146921362713796
"McGreevy, Max",15,4,0.006220522910592441,0.18341418679908955,0.5809866225875996,0.2202666000016077,0.009112067701110727
"McGreevy, Max",16,5,0.03518299464810065,0.33810260386865754,0.5043442533960223,0.11834083491781555,0.004029313169403914
"McGreevy, Max",17,3,0.0013213966725292292,0.12232639588298233,0.6320742913754895,0.23876940410952086,0.005508511959478102
"McGreevy, Max",18,4,0.0024346173157989703,0.09659466646844905,0.4963306213455826,0.3662608599751984,0.03837923489497097
"McIlroy, Rory",1,4,0.01133359802093159,0.2255846455071125,0.5644437480891915,0.19064518618322068,0.007992822199543781
"McIlroy, Rory",2,4,0.0035265014721765353,0.13788761743915262,0.5661752741976127,0.2772817273721411,0.01512887951891706
"McIlroy, Rory",3,5,0.06806700306276836,0.44978589033504657,0.4250792761243085,0.056148053048763136,0.000919777429113422
"McIlroy, Rory",4,4,0.010375989359004745,0.22302044712682972,0.5708955990830096,0.18840108589135895,0.007306878539797057
"McIlroy, Rory",5,4,0.029364308998221733,0.366037527386098,0.5176333737342029,0.08554521678376004,0.0014195730977173415
"McIlroy, Rory",6,3,0.009657631461209348,0.2303606489526996,0.582993112825889,0.17175572971018194,0.005232877050020179
"McIlroy, Rory",7,4,0.0033771267309151143,0.15780009331032185,0.6059630874247737,0.22568815067744297,0.007171541856546448
"McIlroy, Rory",8,4,0.005072393912927187,0.1527073020209353,0.5557087016766125,0.26996020733138393,0.016551395058141072
"McIlroy, Rory",9,3,0.0021383323990961656,0.14077453951497343,0.6220481949686043,0.22903696015843322,0.006001972958892932
"McIlroy, Rory",10,5,0.04748114028675138,0.3734810348836065,0.4771588951080616,0.09881880523904174,0.003060124482538784
"McIlroy, Rory",11,4,0.009983543598959088,0.2186043458780405,0.5709453166044496,0.1927791282970347,0.0076876656215161265
"McIlroy, Rory",12,3,0.0026009385264344487,0.20880410774915542,0.6717972186494208,0.11607108773189279,0.0007266473430965759
"McIlroy, Rory",13,4,0.014069968596346405,0.3036591482757333,0.5761111941187592,0.10466332852393678,0.0014963604852242796
"McIlroy, Rory",14,3,0.00904853681800638,0.26486401368725027,0.6033846506810522,0.12097600096524352,0.0017267978484476476
"McIlroy, Rory",15,4,0.009490141564820809,0.224496635501989,0.5804479490466781,0.17960513296133107,0.0059601409251810455
"McIlroy, Rory",16,5,0.04758307884557972,0.3800630145177595,0.4762394104935948,0.09348232504356746,0.002632171099498537
"McIlroy, Rory",17,3,0.0023179581605302646,0.16079365408086205,0.6441367932407347,0.18946126495174442,0.0032903295661286247
"McIlroy, Rory",18,4,0.0037837517387177,0.12287601056383268,0.5236413755518872,0.3219265094952085,0.027772352650353938
"McNealy, Maverick",1,4,0.009301257329813739,0.2052714308259937,0.565397352764009,0.21025404300331674,0.009775916076866786
"McNealy, Maverick",2,4,0.0027901254127009056,0.12204843798768467,0.5557015565489161,0.3011309093896827,0.018328970661015687
"McNealy, Maverick",3,5,0.05897556990613473,0.4297268101750694,0.44536486591554014,0.06475728382021273,0.0011754701830429815
"McNealy, Maverick",4,4,0.008472041211173564,0.2024692884953866,0.5718338950554396,0.20824278630206583,0.008981988935934493
"McNealy, Maverick",5,4,0.02455789069722275,0.3413794224101316,0.5341973680575243,0.09804233674093144,0.0018229820941899622
"McNealy, Maverick",6,3,0.00782137456208204,0.2086987792561667,0.5855799547034729,0.19137289061916118,0.006527000859117171
"McNealy, Maverick",7,4,0.0026307518674972274,0.13934628869382382,0.5994055190429262,0.24964385639646036,0.008973583999292378
"McNealy, Maverick",8,4,0.004078848839379701,0.13638391206263406,0.5471118340238594,0.29254459414668577,0.019880810927441095
"McNealy, Maverick",9,3,0.0016294048757095614,0.12292185087756535,0.6134331877102708,0.25439964787736247,0.007615908659091897
"McNealy, Maverick",10,5,0.04094811243609059,0.3528483512985378,0.4913110362730516,0.11111418360339231,0.0037783163889276716
"McNealy, Maverick",11,4,0.008144921589521015,0.1982780494407257,0.5713116441137647,0.21282876155131825,0.009436623304670322
"McNealy, Maverick",12,3,0.0019315220699777647,0.18307994823213797,0.6785089160804495,0.13547537808746968,0.0010042355299650918
"McNealy, Maverick",13,4,0.011384707174320108,0.2777172713562577,0.5889414283552261,0.12000903332557866,0.0019475597886174922
"McNealy, Maverick",14,3,0.0071916486777091615,0.2394986545775618,0.6127173284004033,0.13833856728970995,0.0022538010546158116
"McNealy, Maverick",15,4,0.007695307626409631,0.20331612857407383,0.5820875255613762,0.19950354584759278,0.007397492390547544
"McNealy, Maverick",16,5,0.04097146638267035,0.3591090856865715,0.49117727799575084,0.1054744078613914,0.0032677620736158985
"McNealy, Maverick",17,3,0.0017537571457079126,0.14059894100916398,0.6398759269763283,0.21349324174664475,0.004278133122155081
"McNealy, Maverick",18,4,0.003038917355550008,0.10912598002956092,0.5108322985031127,0.344252009988512,0.032750794123264315
"Migliozzi, Guido",1,4,0.006356578441600758,0.1700988352153196,0.560435296856048,0.249082485522233,0.014026803964798606
"Migliozzi, Guido",2,4,0.001779137867716385,0.09596131337166108,0.5299752187982006,0.3464661439475042,0.0258181860149177
"Migliozzi, Guido",3,5,0.04463240891730713,0.3901623745561513,0.480006658736957,0.08336837096062066,0.0018301868289638534
"Migliozzi, Guido",4,4,0.005732939688220251,0.16700253946694432,0.5666165448028309,0.24764452056806097,0.01300345547394366
"Migliozzi, Guido",5,4,0.017369251628745475,0.29595793861084263,0.5592192436831414,0.12459399060433884,0.002859575472931697
"Migliozzi, Guido",6,3,0.00520837352951431,0.1713571799944683,0.58290891124577,0.230825663958792,0.00969987127145533
"Migliozzi, Guido",7,4,0.001626757562635639,0.10892128149027308,0.5793191491657326,0.29673789889171276,0.013394912889645894
"Migliozzi, Guido",8,4,0.0026832277162746054,0.1091298399884405,0.5251253845955438,0.33547540544108234,0.02758614225865874
"Migliozzi, Guido",9,3,0.0009656635137690328,0.09397700990382485,0.5890017787294285,0.30440414972416774,0.011651398128809887
"Migliozzi, Guido",10,5,0.03074786920476391,0.3139910957265275,0.5131283953576266,0.13660801470036898,0.005524625010713047
"Migliozzi, Guido",11,4,0.005503250917025748,0.16326808315886582,0.565055558632058,0.2525470982100886,0.013626009081961876
"Migliozzi, Guido",12,3,0.00108657450131322,0.14059729735261267,0.6795085694566885,0.17701552104829377,0.0017920376410918148
"Migliozzi, Guido",13,4,0.007557452419665656,0.23180880573113188,0.6050866805553665,0.15242046283841937,0.0031265984554165183
"Migliozzi, Guido",14,3,0.004613380278373824,0.19557955513944753,0.6214570434971289,0.174715655841159,0.0036343652438907137
"Migliozzi, Guido",15,4,0.005137468088315333,0.166860604817481,0.5777950628294295,0.23931094727012736,0.01089591699464676
"Migliozzi, Guido",16,5,0.03066787949789712,0.31956805657775633,0.5144680329498175,0.13047045632654974,0.0048255746479793915
"Migliozzi, Guido",17,3,0.0010244716169656165,0.10767128388339225,0.62237571519497,0.262089473630142,0.006839055674530137
"Migliozzi, Guido",18,4,0.0019958249757596747,0.0864538595065652,0.4822255781407357,0.38537195095833476,0.04395278641860467
"Mitchell, Keith",1,4,0.008065731026018264,0.19149799111172106,0.5645402671440426,0.22466058735721506,0.011235423361003027
"Mitchell, Keith",2,4,0.002357110779391325,0.1116296338192811,0.5468501113882317,0.3182423252291048,0.020920818783991102
"Mitchell, Keith",3,5,0.05315229466613963,0.4149983731434758,0.4590409055496172,0.07141490008105911,0.001393526559708258
"Mitchell, Keith",4,4,0.007319589111083047,0.18856182543815703,0.5709142234704192,0.22284563300489646,0.01035872897544432
"Mitchell, Keith",5,4,0.021577760675721702,0.32401402470869123,0.5446289582555811,0.10761147462281995,0.002167781737186014
"Mitchell, Keith",6,3,0.006717267838960539,0.19404782541592336,0.5857113028328893,0.20591988118583793,0.007603722726388873
"Mitchell, Keith",7,4,0.002197311899953147,0.1271968412626523,0.592954542902369,0.2671774516529788,0.01047385228204667
"Mitchell, Keith",8,4,0.0034863155644570543,0.12555829936841129,0.5396497602032679,0.30874597166400464,0.022559653199859087
"Mitchell, Keith",9,3,0.0013394715004227398,0.11128565986926298,0.6054020695175595,0.2729982582816052,0.008974540831149569
"Mitchell, Keith",10,5,0.036790641002719504,0.33812655089043103,0.5003180219028651,0.12039200420325813,0.004372782000726216
"Mitchell, Keith",11,4,0.007032912324416718,0.18453921923471184,0.5699919756318477,0.2275636928473057,0.010872199961718065
"Mitchell, Keith",12,3,0.0015577248144889588,0.16611383829025383,0.6806581904443663,0.15041469305466482,0.0012555533962261833
"Mitchell, Keith",13,4,0.009768172724727187,0.2598844481670804,0.5962885045288335,0.13172184760901184,0.0023370269703471003
"Mitchell, Keith",14,3,0.006091678691108826,0.22229062295133656,0.6173781837225818,0.15153011379626802,0.0027094008387048563
"Mitchell, Keith",15,4,0.0066151501422117565,0.18900469345851,0.5815788202540184,0.21421300711852675,0.00858832902673301
"Mitchell, Keith",16,5,0.036768667426452684,0.34413906764776914,0.5007443702774785,0.11455160066924819,0.003796293979051457
"Mitchell, Keith",17,3,0.0014340831882060923,0.12738855306498487,0.6346681524241786,0.2313819636183574,0.005127247704272975
"Mitchell, Keith",18,4,0.0025955834597615746,0.10007714920104349,0.5006622714598377,0.3599738865566414,0.0366911093227158
"Molinari, Francesco",1,4,0.006516807732529495,0.1722427956773378,0.5610129945878183,0.2465140841101222,0.013713317892192212
"Molinari, Francesco",2,4,0.0018321858546129222,0.09750239217630591,0.5318495686483399,0.3435440748005829,0.025271778520158383
"Molinari, Francesco",3,5,0.045457600521174424,0.3927635064175642,0.4779282668290722,0.08207068213467728,0.0017799440975119207
"Molinari, Francesco",4,4,0.005881262098435425,0.16915974357134395,0.5672192322647753,0.24503400429363142,0.01270575777181393
"Molinari, Francesco",5,4,0.01776851747367736,0.29882953861418127,0.5578596823032629,0.12276235040738925,0.002779911201489238
"Molinari, Francesco",6,3,0.005348800615640248,0.1736261325405235,0.5833705251653113,0.22819226241696489,0.00946227926156007
"Molinari, Francesco",7,4,0.0016786820586321416,0.11071862103041596,0.5808989369970328,0.29363990014133357,0.013063859772585507
"Molinari, Francesco",8,4,0.0027576157850182637,0.11075420272904896,0.5267535748476594,0.33270725560180003,0.027027351036473357
"Molinari, Francesco",9,3,0.0009992578034114796,0.0956681638978325,0.5908760047140535,0.3011104035625709,0.011346170022131563
"Molinari, Francesco",10,5,0.031331003592795614,0.316481996981552,0.5119196225523246,0.13487302715896354,0.005394349714364255
"Molinari, Francesco",11,4,0.005646174740298604,0.16539496974776835,0.5657230930708738,0.24991949577657757,0.013316266664481713
"Molinari, Francesco",12,3,0.0011283219007313106,0.1431047079411124,0.6798947384249734,0.17414393358714153,0.0017282981460413627
"Molinari, Francesco",13,4,0.007763236025969844,0.2346413028657246,0.6043665315563123,0.1501937300899947,0.0030351994619985945
"Molinari, Francesco",14,3,0.004749566588786336,0.19825301045014382,0.6212411386914534,0.17222906069046728,0.0035272235791492523
"Molinari, Francesco",15,4,0.005275077617651169,0.1690738192294689,0.5783539060345123,0.23666220658571568,0.010634990532651933
"Molinari, Francesco",16,5,0.0312561553087517,0.3221053817688273,0.5131654422096866,0.1287641667204955,0.0047088539922388595
"Molinari, Francesco",17,3,0.001061141634296825,0.10960120992954764,0.6238564401623139,0.25883967247578843,0.006641535798053155
"Molinari, Francesco",18,4,0.0020513232720164587,0.08779493439331548,0.4842273177862856,0.38277324887289166,0.04315317567549082
"Moore, Taylor",1,4,0.008469184243797612,0.19613264420348725,0.5649741503981607,0.21970552213465355,0.010718499019900962
"Moore, Taylor",2,4,0.002497196102931809,0.1151064412349242,0.5499950641766711,0.31239581768529057,0.020005480800182385
"Moore, Taylor",3,5,0.05508163394201682,0.4200600380684493,0.4544501504228364,0.06909273443073938,0.0013154431359581054
"Moore, Taylor",4,4,0.007695452968397631,0.1932389922040499,0.5713742024680029,0.21782075959640967,0.009870592763139951
"Moore, Taylor",5,4,0.022556195001629753,0.32991669427382353,0.541199896321939,0.10428296638892487,0.002044248013682859
"Moore, Taylor",6,3,0.0070766822721619604,0.19897406373334353,0.5858244822515721,0.20090404931299533,0.007220722429927107
"Moore, Taylor",7,4,0.002337032814480944,0.1312517836502004,0.5953169906290524,0.2611540535403014,0.009940139365964828
"Moore, Taylor",8,4,0.0036787716894126077,0.1291791320285276,0.5423165202383817,0.3032103478607031,0.0216152281829749
"Moore, Taylor",9,3,0.0014324253851464297,0.11515836605028895,0.60831331228638,0.26660608528966223,0.008489810988522417
"Moore, Taylor",10,5,0.03816567386045244,0.3431487683995038,0.4973467232355183,0.11717724415200603,0.004161590352519395
"Moore, Taylor",11,4,0.0073955046627262044,0.18915817949338276,0.5705875907498402,0.22249534677635086,0.010363378317699956
"Moore, Taylor",12,3,0.0016768680271165293,0.17177756278675133,0.6801691044169154,0.14521230956702202,0.0011641552021947055
"Moore, Taylor",13,4,0.010294528984217899,0.2659063702053036,0.5939503896912509,0.1276515769219655,0.002197134197262085
"Moore, Taylor",14,3,0.006448216454175093,0.2280806876642673,0.6159735289090957,0.1469518743302607,0.0025456926422011694
"Moore, Taylor",15,4,0.006966859424892724,0.19381556081697182,0.5819069150214448,0.20914545288715747,0.008165211849533227
"Moore, Taylor",16,5,0.03815824614008345,0.34924758163557645,0.4975821477992728,0.1114037282968533,0.003608296128214006
"Moore, Taylor",17,3,0.0015364091573343286,0.1317892770610024,0.6366429697374777,0.22520871864988867,0.004822625394296898
"Moore, Taylor",18,4,0.0027395050301389223,0.10309742578875186,0.5042253082171965,0.35462972319825814,0.03530803776565461
"Morikawa, Collin",1,4,0.010429879354053262,0.21687071127455093,0.5651577476288745,0.19883182050850567,0.008709841234015636
"Morikawa, Collin",2,4,0.0031955726569685705,0.13102392475054503,0.5620423266983822,0.2873177176452072,0.01642045824889704
"Morikawa, Collin",3,5,0.0640921251031506,0.441416090413612,0.4337908575659929,0.05967982479851908,0.0010211021187254143
"Morikawa, Collin",4,4,0.009528195543847484,0.21419879339882358,0.5716136362370647,0.19667989194353142,0.00797948287673278
"Morikawa, Collin",5,4,0.027240696220891036,0.35559675974946725,0.524894189016148,0.09068906320023606,0.001579291813257555
"Morikawa, Collin",6,3,0.00883826654882286,0.2210609268884428,0.5844311078393047,0.1799194812134174,0.0057502175100122566
"Morikawa, Collin",7,4,0.0030404004628544756,0.14980651269178757,0.6035606227953141,0.23570076110836735,0.007891702941676515
"Morikawa, Collin",8,4,0.004627873754057654,0.14565269175845735,0.5523560474310909,0.2794650085898134,0.01789837846658071
"Morikawa, Collin",9,3,0.001907351827850734,0.13301605893622687,0.618802183640653,0.2396300452411918,0.006644360354077672
"Morikawa, Collin",10,5,0.044618607916346475,0.36478294118416754,0.483344668629655,0.10390598021635289,0.003347802053478066
"Morikawa, Collin",11,4,0.009164624591279424,0.20987567884988734,0.5714207191880414,0.20114873191515537,0.008390245455636491
"Morikawa, Collin",12,3,0.0022952653758301356,0.19767099630942908,0.6751597747764516,0.12403973325155127,0.0008342302867379026
"Morikawa, Collin",13,4,0.012872318391423887,0.2925841438860782,0.5818831639604312,0.11098602484945619,0.0016743489126105349
"Morikawa, Collin",14,3,0.008216101570834633,0.253986974403134,0.6077216606850179,0.12814069861715183,0.0019345647238616648
"Morikawa, Collin",15,4,0.008689478770075754,0.2154004603601854,0.5814795923944496,0.18789485436870068,0.00653561410658865
"Morikawa, Collin",16,5,0.04468509744781407,0.3712336003659589,0.482756337814926,0.09843862512430934,0.002886339246991665
"Morikawa, Collin",17,3,0.0020614665667310628,0.1520284161870566,0.6427825793452657,0.1994470090068935,0.0036805288940531256
"Morikawa, Collin",18,4,0.00345028708652223,0.11691804093127273,0.5184528831907992,0.3313805354414835,0.029798253349922366
"Naidoo, Dylan",1,4,0.006003578488684269,0.16525919262079714,0.5589841800562916,0.2549868932238003,0.014766155610426712
"Naidoo, Dylan",2,4,0.0016631623300951137,0.09250631408918775,0.5255845463976482,0.3531424606398412,0.027103516543227735
"Naidoo, Dylan",3,5,0.04279264479261413,0.38419408788329,0.48467480635428706,0.08638863231711946,0.0019498286526893338
"Naidoo, Dylan",4,4,0.005406512871639291,0.16213541112950874,0.5651040393656739,0.2536478422420114,0.013706194391166604
"Naidoo, Dylan",5,4,0.01648585501410138,0.28942482236084915,0.5621941045885972,0.12884588895601135,0.0030493290804408657
"Naidoo, Dylan",6,3,0.004899829979100823,0.166239318391468,0.5817068133211181,0.2368917917724097,0.010262246535903463
"Naidoo, Dylan",7,4,0.0015135910168710964,0.10489220315205339,0.5755665276286914,0.30384925429171994,0.01417842391066415
"Naidoo, Dylan",8,4,0.002520054869718291,0.10548092691082667,0.5212991816006451,0.3418010469303515,0.02889878968845838
"Naidoo, Dylan",9,3,0.0008927781483428765,0.09019526800391975,0.5845699755828456,0.31196648499409063,0.012375493270801119
"Naidoo, Dylan",10,5,0.029449463013141053,0.30830605132966726,0.5157882673747958,0.14062346577860318,0.005832752503792782
"Naidoo, Dylan",11,4,0.005188761724650881,0.15847058919753892,0.5633960506676454,0.25858763469495694,0.014356963715207893
"Naidoo, Dylan",12,3,0.0009964689199286059,0.13497937921989,0.6783965121240814,0.18368190594279643,0.00194573379330365
"Naidoo, Dylan",13,4,0.007105305232575243,0.225399264654215,0.6065666841450885,0.15758400433990705,0.0033447416282141873
"Naidoo, Dylan",14,3,0.004315278068155626,0.18954783405005005,0.6217720446007415,0.1804747026109088,0.0038901406701439267
"Naidoo, Dylan",15,4,0.004835043220697277,0.16186932003646737,0.5763746676556306,0.24540802888412183,0.011512940203082911
"Naidoo, Dylan",16,5,0.02935841176800541,0.31377590008369616,0.5173415349535397,0.13442222545155813,0.005101927743200507
"Naidoo, Dylan",17,3,0.0009450261613204725,0.10335297983520969,0.6188153207973335,0.269576842998278,0.007309830207858359
"Naidoo, Dylan",18,4,0.0018741285520540996,0.08344612082463637,0.47757291972790084,0.39128263293752186,0.045824197957886836
"Nakajima, Keita",1,4,0.00736386741620354,0.18308082520845664,0.5633526655058771,0.2339538741238939,0.012248767745568823
"Nakajima, Keita",2,4,0.0021166262884219633,0.1053908993301223,0.540687092781015,0.3290981124631378,0.02270726913730292
"Nakajima, Keita",3,5,0.049725467836952586,0.4055226781247168,0.467339732269758,0.07586293127354293,0.001549190495029662
"Nakajima, Keita",4,4,0.00666687547260264,0.18007441244089467,0.5696654502520303,0.23227607123308636,0.011317190601386029
"Nakajima, Keita",5,4,0.019862527679311626,0.31313748494694355,0.5506256195209498,0.11396013606746391,0.002414231785331178
"Nakajima, Keita",6,3,0.006094826206003434,0.1851114332690849,0.585072703025969,0.21536160234879997,0.008359435150142591
"Nakajima, Keita",7,4,0.001958686287425848,0.11991988435324069,0.5881422517139122,0.2784521670693665,0.011527010576054764
"Nakajima, Keita",8,4,0.003154044000474643,0.11903933675805028,0.5343831803169152,0.319025302807316,0.02439813611724384
"Nakajima, Keita",9,3,0.0011819388384906038,0.10436439871072456,0.599547988799399,0.2849704544109565,0.009935219240429394
"Nakajima, Keita",10,5,0.034354331074780586,0.3288224590814625,0.5055452204834538,0.12648923207201668,0.004788757288286427
"Nakajima, Keita",11,4,0.006403445596430857,0.17616132856177796,0.5684943095664107,0.2370701620378336,0.01187075423754691
"Nakajima, Keita",12,3,0.0013574965041358578,0.15594981936397717,0.6809001250936266,0.160350474468691,0.0014420845695692908
"Nakajima, Keita",13,4,0.008856368586734331,0.2488936611207545,0.6001594104992838,0.13947337868840348,0.0026171811048238958
"Nakajima, Keita",14,3,0.005478033015615447,0.2117781531591006,0.6194746220797203,0.1602317683968395,0.0030374233487242552
"Nakajima, Keita",15,4,0.006005821288742996,0.1802806342327749,0.5805516726433552,0.22374009116675597,0.00942178066837096
"Nakajima, Keita",16,5,0.0343077534782798,0.33467098241163556,0.5063246214617833,0.12052937023553456,0.00416727241276682
"Nakajima, Keita",17,3,0.0012610645127341669,0.11951359634331826,0.6304750708329063,0.243014199311945,0.005736068999096178
"Nakajima, Keita",18,4,0.0023472784694123505,0.09465546249341805,0.49381016374329706,0.369821319531496,0.03936577576237654
"Neergaard-Petersen, Rasmus",1,4,0.00949190737558575,0.20729179945197723,0.5654164552997248,0.2082195561344482,0.009580281738263974
"Neergaard-Petersen, Rasmus",2,4,0.0028579760824288813,0.12359857332565771,0.5568771122605646,0.2986865846396485,0.01797975369170035
"Neergaard-Petersen, Rasmus",3,5,0.05985264431602161,0.43180886152280723,0.44335166050303254,0.06384001250181581,0.0011468211563228081
"Neergaard-Petersen, Rasmus",4,4,0.008650232390705948,0.20451122748190043,0.5718584817294761,0.20618224654195894,0.008797811855958626
"Neergaard-Petersen, Rasmus",5,4,0.025013603154301123,0.34388230096578276,0.5326088488527185,0.09671751988297084,0.0017777271442267484
"Neergaard-Petersen, Rasmus",6,3,0.007992621931161625,0.21085054213182963,0.5854454553962785,0.1893275710030734,0.006383809537656937
"Neergaard-Petersen, Rasmus",7,4,0.0026990654488976418,0.14115334138639268,0.6002106223294417,0.24716285858184828,0.00877411225341973
"Neergaard-Petersen, Rasmus",8,4,0.004171091958225626,0.13798836159634276,0.5480915936663638,0.2902302205387801,0.019518732240287662
"Neergaard-Petersen, Rasmus",9,3,0.0016755058183760552,0.1246607951418513,0.6144573133003439,0.25177015577472905,0.007436229964699725
"Neergaard-Petersen, Rasmus",10,5,0.041576151597187416,0.3549570029518387,0.4899469775783753,0.10982079650614707,0.003699071366451534
"Neergaard-Petersen, Rasmus",11,4,0.00831692351858393,0.20029635267981816,0.5713941029443672,0.21074816616673875,0.009244454690491954
"Neergaard-Petersen, Rasmus",12,3,0.0019915150572484275,0.18560204994484275,0.6780225317247,0.13341174356267027,0.0009721597105385449
"Neergaard-Petersen, Rasmus",13,4,0.01163531440035609,0.2803168656234482,0.5877663542666028,0.11838478162479438,0.0018966840847984834
"Neergaard-Petersen, Rasmus",14,3,0.0073634497591473225,0.2420227318965975,0.6119143564604517,0.136505132817209,0.002194329066594447
"Neergaard-Petersen, Rasmus",15,4,0.007862770126911278,0.20541895368927965,0.5820471801981535,0.19743229586818822,0.007238800117467359
"Neergaard-Petersen, Rasmus",16,5,0.04160668975865883,0.36125206775967716,0.48973291252419826,0.10421086614532604,0.0031974638121397003
"Neergaard-Petersen, Rasmus",17,3,0.001804716565185549,0.14256994181195015,0.6404762497000656,0.21098211797208744,0.004166973950711306
"Neergaard-Petersen, Rasmus",18,4,0.003107993824004396,0.11047187747195919,0.5122200504446252,0.3419861016633141,0.03221397659609715
"Noren, Alex",1,4,0.00876162664526886,0.1994065023309713,0.5651904015240526,0.21627190274525165,0.01036956675445555
"Noren, Alex",2,4,0.0025995447648709535,0.11758017811881272,0.5521136836321843,0.308320591201938,0.019386002282194115
"Noren, Alex",3,5,0.05646285140061108,0.4235704143402277,0.4511999438443893,0.06750353207706716,0.001263258337704798
"Noren, Alex",4,4,0.007968183169698217,0.19654447664990587,0.5716057662060419,0.21434016103328746,0.009541412941066585
"Noren, Alex",5,4,0.023262144158063214,0.33404983426857465,0.5387268818067892,0.10199941339731655,0.0019617263692564
"Noren, Alex",6,3,0.007337899178986251,0.20245619600912307,0.5858067675123381,0.19743594080982818,0.0069631964897244325
"Noren, Alex",7,4,0.0024394266724043767,0.13413653310432855,0.5968671399212462,0.2569755970059626,0.009581303296058219
"Noren, Alex",8,4,0.003818908747522165,0.13175023520797674,0.5441038968592026,0.2993518872844295,0.020975071900869002
"Noren, Alex",9,3,0.0015008600212710332,0.11792021187942892,0.6102406280967813,0.2621735391092449,0.008164760893273892
"Noren, Alex",10,5,0.039151530612725804,0.34665423075689195,0.4952106177111957,0.11496419238501332,0.004019428534173253
"Noren, Alex",11,4,0.007658655118441771,0.1924234427404174,0.5709143380760393,0.21898342203480115,0.010020142030300327
"Noren, Alex",12,3,0.0017650179315628067,0.17580628421205324,0.6796781958802782,0.14164657360253896,0.0011039283735667649
"Noren, Alex",13,4,0.010676999297045464,0.2701472163337484,0.592215176563196,0.12485670776531466,0.0021039000406954944
"Noren, Alex",14,3,0.006708291165019253,0.23217103738383915,0.614879474725194,0.14380457389729118,0.0024366228286564207
"Noren, Alex",15,4,0.007222419684783266,0.1972168774449044,0.5820413273825372,0.20563895253956443,0.007880422948210675
"Noren, Alex",16,5,0.03915480850156716,0.35281230316256584,0.4953126727406163,0.10923832856619886,0.0034818870290518333
"Noren, Alex",17,3,0.0016118452603299804,0.1349251932818118,0.6379002297909759,0.22094335761883732,0.004619374048044911
"Noren, Alex",18,4,0.002844346903593753,0.10524592068246263,0.5066551351704462,0.35088774337039086,0.03436685387310645
"Norgaard, Niklas",1,4,0.008433238097343032,0.19572537308300825,0.5649420797871765,0.2201364825839709,0.01076282644850135
"Norgaard, Niklas",2,4,0.002484662077897548,0.11479973394941223,0.549725594947639,0.3129059252947559,0.020084083730295355
"Norgaard, Niklas",3,5,0.054910874992435244,0.419619595996924,0.45485407767936586,0.0692933483480862,0.0013221029831886888
"Norgaard, Niklas",4,4,0.007661946128434793,0.19282787844283517,0.5713400480537351,0.2182576977439763,0.009912429631018682
"Norgaard, Niklas",5,4,0.02246923477672308,0.32940042471157344,0.5415046540899706,0.10457090465363184,0.0020547817681010327
"Norgaard, Niklas",6,3,0.007044614047975073,0.1985410144696913,0.5858210938563279,0.20133978099974348,0.00725349662626229
"Norgaard, Niklas",7,4,0.002324511003107821,0.1308940959135823,0.595117342063114,0.26167824233683856,0.0099858086833573
"Norgaard, Niklas",8,4,0.0036615829102850106,0.1288600595313748,0.5420886362749853,0.3036933246520849,0.021696396631269987
"Norgaard, Niklas",9,3,0.0014240743785496335,0.11481630494774647,0.6080661381474948,0.26716225218626677,0.008531230339942297
"Norgaard, Niklas",10,5,0.038043877872056986,0.34271025787434595,0.49761033901117147,0.11745585199589503,0.004179673246530569
"Norgaard, Niklas",11,4,0.007363177637853657,0.18875212107856537,0.5705415586931375,0.2229361471678314,0.010406995422612142
"Norgaard, Niklas",12,3,0.001666135850931838,0.17127799162848922,0.6802218523669801,0.14566212864634864,0.0011718915072502778
"Norgaard, Niklas",13,4,0.010247570474772039,0.2653780513943767,0.5941614808787617,0.12800384918748609,0.002209048064603425
"Norgaard, Niklas",14,3,0.006416342577949596,0.2275718570434826,0.6161038103794689,0.14734835776391253,0.0025596322351864043
"Norgaard, Niklas",15,4,0.006935482416286165,0.19339260482509635,0.5818846185628501,0.20958585543291453,0.008201438762852842
"Norgaard, Niklas",16,5,0.03803514334872893,0.34880160098918395,0.497862441652646,0.1116764305264788,0.0036243834829623456
"Norgaard, Niklas",17,3,0.0015272095291534171,0.1314007418161628,0.6364786656722093,0.22574479855727125,0.004848584425203195
"Norgaard, Niklas",18,4,0.0027266480637417323,0.10283102075976902,0.503918034272602,0.35509713853491365,0.03542715836897359
"Norlander, Henrik",1,4,0.0072793771750312986,0.18203489118758004,0.5631677030747789,0.23513614107366543,0.01238188748894431
"Norlander, Henrik",2,4,0.0020879625790440337,0.10462249778936783,0.5398793943663236,0.33046894715571806,0.022941198109546423
"Norlander, Henrik",3,5,0.04930653487663522,0.4043191555073218,0.4683668520535405,0.0764375698448656,0.0015698877176368864
"Norlander, Henrik",4,4,0.006588405921765739,0.17902039264580072,0.569471601435888,0.23347635395642563,0.011443246040119925
"Norlander, Henrik",5,4,0.019654873470965617,0.3117716860507487,0.5513486650251873,0.11477775975957849,0.002447015693519905
"Norlander, Henrik",6,3,0.006020150019194037,0.18400195557107507,0.5849527885735412,0.21656593312307137,0.008459172713118357
"Norlander, Henrik",7,4,0.0019303548421271688,0.11902357817392956,0.5874957489704804,0.27988431249184553,0.01166600552161734
"Norlander, Henrik",8,4,0.0031142708648255746,0.11823442295248071,0.5336894104503267,0.3203234570454493,0.02463843868691773
"Norlander, Henrik",9,3,0.0011633438198429547,0.10351452132212524,0.5987679234036634,0.28649181032370097,0.010062401130667475
"Norlander, Henrik",10,5,0.03405702094878593,0.3276494789037301,0.5061785923226312,0.1272713165438143,0.004843591281038506
"Norlander, Henrik",11,4,0.0063277886485383905,0.17512126284119384,0.5682693112638738,0.23827960401057824,0.012002033235815723
"Norlander, Henrik",12,3,0.0013340127977516936,0.15469809944623886,0.6808695470294719,0.16163104227307223,0.0014672984534653821
"Norlander, Henrik",13,4,0.008746959052733705,0.24752311078384648,0.6006048718945413,0.14047050958908813,0.002654548679790425
"Norlander, Henrik",14,3,0.0054047560277097895,0.21047226675367786,0.6196923031471525,0.16134948256549952,0.0030811915059603123
"Norlander, Henrik",15,4,0.005932697175918322,0.1791977873066951,0.5803836720701907,0.22495419868726085,0.009531644759934954
"Norlander, Henrik",16,5,0.034007548361449313,0.3334769646604608,0.50700242875661,0.12129681854964391,0.004216239671836042
"Norlander, Henrik",17,3,0.0012406772636993635,0.1185457358088341,0.6298975593328433,0.2444988744270843,0.0058171531675389465
"Norlander, Henrik",18,4,0.0023175710839579144,0.09398747016453013,0.4929233959777236,0.37105784346489057,0.03971371930889778
"Norris, Shaun",1,4,0.007135294824392957,0.1802340526556691,0.5628292701984358,0.2371863506559122,0.01261503166558997
"Norris, Shaun",2,4,0.002039228046778363,0.1033030529950163,0.5384665255998059,0.3328407032749232,0.023350490083476227
"Norris, Shaun",3,5,0.048588783888239395,0.40223325117911046,0.4701328853468457,0.07743880727846886,0.0016062723073355656
"Norris, Shaun",4,4,0.006454644478590454,0.1772059724696996,0.5691171838530046,0.23555810302275082,0.011664096175954541
"Norris, Shaun",5,4,0.0193001537563523,0.309412664117213,0.5525815415438605,0.1162009845738683,0.0025046560087058634
"Norris, Shaun",6,3,0.005892934544602768,0.18209223584776363,0.5847246397207845,0.21865608839252415,0.008634101494324975
"Norris, Shaun",7,4,0.0018822421912074172,0.11748450713397196,0.5863568428125312,0.2823666222655846,0.011909785596704858
"Norris, Shaun",8,4,0.0030465607279680507,0.11685123319996604,0.5324740173396435,0.32256954141656047,0.025058647315861937
"Norris, Shaun",9,3,0.001131820962379515,0.1020565444973045,0.5973969096978242,0.28912905067071193,0.010285674171779835
"Norris, Shaun",10,5,0.03354791608987229,0.32562102880454313,0.5072603103573822,0.1286310145866183,0.0049397301615841105
"Norris, Shaun",11,4,0.006198830797244703,0.17333104719073716,0.5678611512980354,0.2403769623250045,0.01223200838897831
"Norris, Shaun",12,3,0.0012942799401552962,0.1525489123119808,0.6807844370240446,0.16386052216809543,0.0015118485557238381
"Norris, Shaun",13,4,0.008560566032610573,0.24516089804339275,0.6013526783467049,0.14220555558906145,0.002720301988230367
"Norris, Shaun",14,3,0.00528010188114042,0.20822412748045133,0.6200440940972319,0.16329346078587426,0.003158215755302063
"Norris, Shaun",15,4,0.005808114740869175,0.17733404368859773,0.5800728481788074,0.22706073106472646,0.009724262326999189
"Norris, Shaun",16,5,0.0334935427468131,0.33141194947229874,0.5081609439905668,0.12263143618586192,0.004302127604459471
"Norris, Shaun",17,3,0.0012061345554255087,0.11688491476719265,0.6288731835155243,0.2470760040978086,0.005959763064048884
"Norris, Shaun",18,4,0.0022670043870712253,0.09284031247908547,0.4913778875792163,0.37319352642212067,0.04032126913250633
"Novak, Andrew",1,4,0.00881328992088437,0.19997770446740037,0.5652206402369594,0.21567835750733177,0.010310007867424087
"Novak, Andrew",2,4,0.0026176948965078717,0.11801328513703208,0.5524747384346551,0.30761415000734593,0.019280131524459065
"Novak, Andrew",3,5,0.05670540328315565,0.4241774246591828,0.45063231441912327,0.06723046383276066,0.0012543938057776316
"Novak, Andrew",4,4,0.00801638831188789,0.19712133013064392,0.571638417110077,0.21373861233583846,0.009485252111552711
"Novak, Andrew",5,4,0.023386580048709193,0.3347678868482018,0.5382912498064876,0.10160657142200047,0.0019477118746009658
"Novak, Andrew",6,3,0.007384105142919983,0.20306392613265206,0.5857955745437351,0.19683707140786733,0.006919322772825476
"Novak, Andrew",7,4,0.0024576112878035294,0.13464156751792722,0.597127714825091,0.2562529337522952,0.009520172616883094
"Novak, Andrew",8,4,0.003843719825557146,0.13219996032078624,0.5444077116772206,0.29868302366309873,0.02086558451333731
"Novak, Andrew",9,3,0.0015130404869023173,0.11840429696054106,0.6105661242859525,0.26140708171922233,0.008109456547381821
"Novak, Andrew",10,5,0.03932477983174415,0.3472623053621113,0.49483487398538817,0.11458284533182705,0.003995195488929348
"Novak, Andrew",11,4,0.007705171319352777,0.19299335449742194,0.5709635417389368,0.2183763582380216,0.009961574206266866
"Novak, Andrew",12,3,0.0017807444035871645,0.17651152468902137,0.6795804965830727,0.14103346630851044,0.001093768015808294
"Novak, Andrew",13,4,0.010744646214158549,0.2708860242811548,0.5919055377518401,0.12437570763990657,0.0020880841129400363
"Novak, Andrew",14,3,0.006754375490837405,0.23288470603484618,0.6146801739043984,0.14326262088555575,0.002418123684362228
"Novak, Andrew",15,4,0.0072676202926851285,0.1978105660043719,0.5820566989503995,0.20503323409585272,0.007831880656690826
"Novak, Andrew",16,5,0.03932996224802521,0.35343057330522243,0.49491378682685816,0.1088653268390809,0.003460350780813304
"Novak, Andrew",17,3,0.0016252805110776314,0.1354746292082843,0.6381081235959392,0.2202070899021361,0.004584876782562808
"Novak, Andrew",18,4,0.002862912952634633,0.1056220517782806,0.5070718064897073,0.350237655424419,0.03420557335495844
"Olesen, Thorbjorn",1,4,0.009176026434742968,0.20392996019826015,0.5653700571644729,0.21161568659260366,0.009908269609920306
"Olesen, Thorbjorn",2,4,0.0027457026830825515,0.12102227259151938,0.5549040617833656,0.30276298445556227,0.018564978486470207
"Olesen, Thorbjorn",3,5,0.058396477577918715,0.42833348738578053,0.4467007634765108,0.06537433953195448,0.0011949320278354936
"Olesen, Thorbjorn",4,4,0.00835504431256967,0.20111376029468053,0.5718024507836017,0.20962210253789226,0.009106642071255888
"Olesen, Thorbjorn",5,4,0.024257969603071805,0.33971135673392294,0.5352442725516642,0.09893266967955516,0.00185373143178591
"Olesen, Thorbjorn",6,3,0.007709010792741389,0.2072704280955922,0.5856534831397436,0.19274304502239215,0.006624032949530623
"Olesen, Thorbjorn",7,4,0.002586081281261532,0.13814995070489333,0.5988515065859643,0.25130369945575015,0.009108761972130619
"Olesen, Thorbjorn",8,4,0.004018372074486631,0.1353209288509742,0.5464454674230208,0.2940898814640718,0.020125350187446656
"Olesen, Thorbjorn",9,3,0.001599316116148164,0.1217717497238548,0.6127319643355886,0.25615916186598364,0.007737807958424825
"Olesen, Thorbjorn",10,5,0.04053371100910558,0.3514411927353186,0.4922109740522282,0.11198213358881437,0.003831988614533266
"Olesen, Thorbjorn",11,4,0.008031997430986537,0.19693837000042957,0.5712416582531845,0.21422130591686195,0.009566668398537481
"Olesen, Thorbjorn",12,3,0.0018924438725633763,0.18140995898585516,0.6788084873995035,0.13686295380695612,0.0010261559351218974
"Olesen, Thorbjorn",13,4,0.011220253029620597,0.27598889041278474,0.5897084487407821,0.12110024554730991,0.001982162269502652
"Olesen, Thorbjorn",14,3,0.007079087948731688,0.23782267060112083,0.6132342376810457,0.1395697474215175,0.002294256347584289
"Olesen, Thorbjorn",15,4,0.007585417614794143,0.20192039564835895,0.5820985641937437,0.20089063947409458,0.007504983069008597
"Olesen, Thorbjorn",16,5,0.040552370978791996,0.3576788401992653,0.4921307999513342,0.10632259217808804,0.003315396692520456
"Olesen, Thorbjorn",17,3,0.0017205153411617435,0.13929490236212366,0.6394548234755325,0.2151760541650104,0.004353704656171686
"Olesen, Thorbjorn",18,4,0.002993637849191766,0.1082349707084082,0.5098964861555993,0.3457621515567201,0.0331127537300806
"Otaegui, Adrian",1,4,0.006369018229889778,0.17026643428408794,0.5604818763455759,0.24888067561515625,0.014001995525290134
"Otaegui, Adrian",2,4,0.0017832474339825044,0.09608155145162489,0.5301232874887907,0.3462369374575288,0.025774976168073116
"Otaegui, Adrian",3,5,0.04469669071721727,0.39036665056232417,0.47984440430230807,0.08326605430981138,0.0018262001083391155
"Otaegui, Adrian",4,4,0.005744451661448213,0.16717115044456388,0.5666651259462172,0.2474393813102611,0.012979890637509595
"Otaegui, Adrian",5,4,0.017400287266996106,0.29618291592423746,0.5591138642812203,0.1244496788437005,0.0028532536838455913
"Otaegui, Adrian",6,3,0.005219267661391469,0.17153451215067989,0.582946541327318,0.23061862885478668,0.009681050005823977
"Otaegui, Adrian",7,4,0.0016307765586426881,0.1090615097848247,0.5794444499060137,0.29649457511059774,0.013368688639921134
"Otaegui, Adrian",8,4,0.002688995908352254,0.10925664638873961,0.525254124171072,0.33525826333618547,0.027541970195650745
"Otaegui, Adrian",9,3,0.0009682603966819636,0.09410886255548817,0.5891502384464535,0.3041454349311934,0.011627203670182995
"Otaegui, Adrian",10,5,0.030793278136791835,0.3141864207183141,0.5130345604191984,0.13647143348379487,0.005514307241900829
"Otaegui, Adrian",11,4,0.005514343317220838,0.16343431242558093,0.5651092152827235,0.2523406361263547,0.013601492848120067
"Otaegui, Adrian",12,3,0.0010897969041894218,0.14079289901465697,0.679541075549818,0.17678926628415514,0.0017869622471804458
"Otaegui, Adrian",13,4,0.007573416907630359,0.23203038361831346,0.6050317841707855,0.1522450739316723,0.0031193413715983054
"Otaegui, Adrian",14,3,0.004623934214076808,0.19578851702658068,0.621441825419228,0.17451986570817857,0.0036258576319359026
"Otaegui, Adrian",15,4,0.0051481443528421655,0.16703357227157373,0.5778402825831828,0.23910274809021115,0.010875252702190141
"Otaegui, Adrian",16,5,0.030713685004794322,0.31976703329113076,0.5143668457691488,0.1303361081919865,0.004816327742939608
"Otaegui, Adrian",17,3,0.0010273051209045425,0.10782177885020328,0.6224935749220785,0.26183396260573366,0.006823378501080057
"Otaegui, Adrian",18,4,0.002000128001848289,0.08655850364677359,0.4823833581116924,0.3851683671936075,0.04388964304607823
"Parry, John",1,4,0.007660931269983018,0.18670110656141736,0.5639282283843204,0.2299091505870069,0.011800583197272285
"Parry, John",2,4,0.0022179005466777535,0.10806224231616252,0.5434105888842234,0.32439085260956013,0.021918415643376155
"Parry, John",3,5,0.05118724681534814,0.4096436192905416,0.46377717487120507,0.07391203183315087,0.0014799271897543154
"Parry, John",4,4,0.006942951468526248,0.18372378837269643,0.5702695520875098,0.22817067376254685,0.010893034308720684
"Parry, John",5,4,0.020590594688799868,0.3178404800794408,0.5480844244207013,0.11117995488005694,0.0023045459310011562
"Parry, John",6,3,0.006357824004424639,0.18895335121470985,0.5854176066260259,0.2112467997458961,0.008024418408943523
"Parry, John",7,4,0.0020589795771240316,0.12303586016010137,0.5902962731880161,0.2735487595384076,0.011060127536350772
"Parry, John",8,4,0.003294274849629464,0.12183416813707498,0.5367166720890068,0.3145678329875653,0.023587051936723502
"Parry, John",9,3,0.0012479539917104043,0.10732347675729559,0.602157272808151,0.2797626224563672,0.009508673986475813
"Parry, John",10,5,0.03539264287835575,0.33285354544494394,0.5033247714210554,0.12382457758553,0.004604462670114939
"Parry, John",11,4,0.006669657043429811,0.17976299432773757,0.5692058561627924,0.23293255398803936,0.01142893847800086
"Parry, John",12,3,0.0014411316921870698,0.16030180710676467,0.680901020004256,0.1559976424470264,0.0013583987497658434
"Parry, John",13,4,0.009241663878523931,0.2536293575479675,0.5985558371228504,0.1360808146599468,0.002492326790711319
"Parry, John",14,3,0.005736701422209001,0.21629899290893395,0.6186469476755145,0.15642614891617979,0.002891209077162671
"Parry, John",15,4,0.006263316051517975,0.18403079103160408,0.5810633720094784,0.21958999553317526,0.009052525374224185
"Parry, John",16,5,0.03535636221825489,0.3387737576375992,0.5039513291601341,0.11791574657512782,0.004002804408884009
"Parry, John",17,3,0.0013335050054449904,0.12288197438295922,0.6323765322345627,0.23794304840370895,0.005464939973324201
"Parry, John",18,4,0.002452045364873423,0.09697733231942735,0.4968186743300477,0.36556335455892874,0.03818859342672276
"Paul, Yannik",1,4,0.00663850638231156,0.17385020166606602,0.5614205535840894,0.24460705141765238,0.013483686949880669
"Paul, Yannik",2,4,0.0018726424601654412,0.09866201544252279,0.533226932899303,0.34136742980105417,0.024870979396954596
"Paul, Yannik",3,5,0.046080390708781116,0.39469669197718316,0.4763661728992259,0.08111341673147399,0.001743327683335849
"Paul, Yannik",4,4,0.005993979635737445,0.17077750149019816,0.567644658854894,0.24309606497488634,0.012487795044283989
"Paul, Yannik",5,4,0.01807107675355768,0.3009734721412034,0.5568242329074172,0.12140935666879071,0.0027218615290309778
"Paul, Yannik",6,3,0.005455611052050058,0.17532793097045374,0.5836888040794048,0.2262390800891687,0.009288573808922673
"Paul, Yannik",7,4,0.0017183472121828358,0.11207113544291059,0.5820508057286817,0.29133789869113924,0.012821812925085663
"Paul, Yannik",8,4,0.0028142467837662943,0.1119752169592384,0.527947951172081,0.3306454194004871,0.02661716568442718
"Paul, Yannik",9,3,0.0010249825422533054,0.09694242903621259,0.5922460465787278,0.2986632565611155,0.01112328528169082
"Paul, Yannik",10,5,0.03177141647183629,0.3183385773495205,0.5110015773492871,0.1335893641207988,0.005299064708557344
"Paul, Yannik",11,4,0.005754800041694819,0.16699021037510997,0.5661970220953536,0.24796851787438456,0.013089449613457038
"Paul, Yannik",12,3,0.0011603776726737403,0.1449920068372203,0.6801425313061038,0.17202292905455097,0.001682155129451246
"Paul, Yannik",13,4,0.007919754972251059,0.2367621145760267,0.6038014770905735,0.14854798276066505,0.0029686706004836694
"Paul, Yannik",14,3,0.004853357896693389,0.20025790575231356,0.621049423383488,0.17039006731754947,0.0034492456499555235
"Paul, Yannik",15,4,0.005379731859664727,0.17073396644629274,0.5787452741814403,0.23469689834848917,0.01044412916411308
"Paul, Yannik",16,5,0.03170052029825615,0.3239963566633812,0.5121773916379746,0.12750220159126946,0.0046235298091186205
"Paul, Yannik",17,3,0.0010892426942810673,0.11105490382604916,0.6249285810667606,0.25642961260454344,0.006497659808365697
"Paul, Yannik",18,4,0.0020935814421296217,0.08880386825404735,0.4857046447482125,0.38083284611481993,0.04256505944079059
"Pavon, Matthieu",1,4,0.006986975117588612,0.17835703203436465,0.5624492636025054,0.23934324815366137,0.012863481091879958
"Pavon, Matthieu",2,4,0.0019892551511137557,0.10193258050746551,0.5369636645573944,0.3353284136633523,0.02378608612067401
"Pavon, Matthieu",3,5,0.04784543468424812,0.40004046315816194,0.4719702090897757,0.07849865925125787,0.0016452338165563463
"Pavon, Matthieu",4,4,0.006317021231479758,0.17531525758146,0.5687195833969344,0.2377485854080028,0.011899552382123035
"Pavon, Matthieu",5,4,0.018934193846946445,0.30694376532376094,0.5538500326649894,0.11770561873835161,0.002566389425951554
"Pavon, Matthieu",6,3,0.005762153089767519,0.18010244657266,0.5844572356463658,0.22085730610736132,0.008820858583845403
"Pavon, Matthieu",7,4,0.001832983085986617,0.11588592868559877,0.5851346400048503,0.2849764026760515,0.012170045547512776
"Pavon, Matthieu",8,4,0.0029770135136945597,0.11541313164196698,0.5311787651991053,0.324925550474912,0.025505539170321168
"Pavon, Matthieu",9,3,0.001099620585589045,0.10054404712775039,0.5959298805673614,0.29190211890350926,0.010524332815789905
"Pavon, Matthieu",10,5,0.03302101755151576,0.32349473527995215,0.5083757026274787,0.13006622076759278,0.0050423237734607
"Pavon, Matthieu",11,4,0.006066162042790313,0.17146580227827468,0.5674073883368748,0.24258349111961885,0.012477156222441388
"Pavon, Matthieu",12,3,0.0012537963126826313,0.1503169067316379,0.6806513913930805,0.16621803847421612,0.0015598670883828492
"Pavon, Matthieu",13,4,0.008368939748813198,0.242695450429172,0.6021058594286012,0.14403895123837118,0.002790799155042434
"Pavon, Matthieu",14,3,0.005152191601824008,0.20588128443204562,0.6203793070874186,0.1653464086223343,0.0032408082563774032
"Pavon, Matthieu",15,4,0.0056800253169072,0.17539234156947897,0.5797194391004107,0.22927838921992005,0.009929804793283092
"Pavon, Matthieu",16,5,0.032961648631911256,0.32924708008422715,0.5093567720175903,0.12404066884685461,0.0043938304194166555
"Pavon, Matthieu",17,3,0.0011708739757336217,0.1151613995837587,0.6277645459223109,0.24979061548783055,0.006112565030366168
"Pavon, Matthieu",18,4,0.002215075519509724,0.09164860989640344,0.48974154599367903,0.37542858958212777,0.040966179008280035
"Pendrith, Taylor",1,4,0.009118234480703313,0.20330697706117012,0.5653533776613312,0.2122509964682191,0.00997041432857626
"Pendrith, Taylor",2,4,0.0027252417223933567,0.12054655509121676,0.5545290674488818,0.3035234119742355,0.018675723763272645
"Pendrith, Taylor",3,5,0.05812842789783085,0.4276834516043919,0.4473209212641109,0.06566310714199297,0.001204092091673381
"Pendrith, Taylor",4,4,0.00830106582325002,0.20048432103847613,0.5717837056768535,0.2102657223165204,0.009165185144899946
"Pendrith, Taylor",5,4,0.024119403945306983,0.33893500935616433,0.5357282989169361,0.09934908179087187,0.0018682059907206838
"Pendrith, Taylor",6,3,0.007657189929665742,0.20660719692439455,0.5856833063940212,0.19338267026954292,0.006669636482375507
"Pendrith, Taylor",7,4,0.0025655211055896077,0.13759531835084216,0.5985889022889026,0.2520779627148879,0.00917229553977772
"Pendrith, Taylor",8,4,0.003990493942226836,0.1348279080368363,0.5461316752331862,0.29480986805118803,0.02024005473656265
"Pendrith, Taylor",9,3,0.001585482751199685,0.12123886523430744,0.6124005086364872,0.2569800057913647,0.0077951375866409656
"Pendrith, Taylor",10,5,0.04034196467984852,0.3507857757948927,0.49262732013655264,0.11238773311549832,0.003857206273207847
"Pendrith, Taylor",11,4,0.007979900400681306,0.19631633310745905,0.5712049830488259,0.21487104427247694,0.009627739170556704
"Pendrith, Taylor",12,3,0.0018744985567848982,0.18063567300735067,0.6789411982724785,0.13751212090280251,0.001036509260583518
"Pendrith, Taylor",13,4,0.01114440385973725,0.2751855976449328,0.5900610271647347,0.12161051136826839,0.0019984599623268373
"Pendrith, Taylor",14,3,0.007027221348264334,0.23704432530637415,0.6134698327512609,0.1401453082129268,0.0023133123811738265
"Pendrith, Taylor",15,4,0.007534734986562874,0.20127234614412814,0.5820993750031949,0.20153805440073058,0.007555489465383536
"Pendrith, Taylor",16,5,0.04035846537207238,0.3570126221385955,0.4925721019105747,0.1067190269210494,0.0033377836577079822
"Pendrith, Taylor",17,3,0.00170523721712329,0.1386905690269482,0.6392531029849224,0.2159618010419232,0.0043892897290828126
"Pendrith, Taylor",18,4,0.0029727675569111156,0.10782189635702105,0.5094579621229793,0.3464650010113194,0.03328237295176917
"Penge, Marco",1,4,0.009338245201006068,0.2056654476735254,0.5654031458274066,0.20985574467209256,0.009737416625969386
"Penge, Marco",2,4,0.002803268204849385,0.12235031088068754,0.555933217973058,0.3006529207391667,0.01826028220223841
"Penge, Marco",3,5,0.05914615491861541,0.4301344013583338,0.444972358630212,0.06457726399098185,0.0011698211018569271
"Penge, Marco",4,4,0.00850660477183579,0.202867474555733,0.5718408294513929,0.20783935415593735,0.008945737065100934
"Penge, Marco",5,4,0.024646386115212582,0.3418684224989075,0.5338886761796782,0.09778245753895842,0.0018140576672434072
"Penge, Marco",6,3,0.007854580675272615,0.209118369824478,0.5855559562886201,0.19097229354036238,0.006498799671266875
"Penge, Marco",7,4,0.0026439764237051744,0.13969820777198966,0.5995652855817344,0.2491582328621349,0.008934297360435828
"Penge, Marco",8,4,0.004096728508731717,0.13669648461304756,0.5473051511594755,0.29209202048372496,0.019809615235020228
"Penge, Marco",9,3,0.0016383212204000852,0.12326034311657741,0.6136359218972351,0.25388491229544397,0.007580501470343393
"Penge, Marco",10,5,0.041070224070640926,0.35326058781240766,0.4910458274660297,0.11086064753380631,0.0037627131171154016
"Penge, Marco",11,4,0.008178283340651127,0.19867160394715672,0.571329881405055,0.21242143050645756,0.009398800800679563
"Penge, Marco",12,3,0.001943114152414438,0.18357115992685563,0.6784173663574153,0.135070467058641,0.0009978925046736364
"Penge, Marco",13,4,0.011433304426738566,0.2782245802770842,0.5887141273928809,0.11969046573036124,0.001937522172935191
"Penge, Marco",14,3,0.007224938388614266,0.23999091594715655,0.6125630273030187,0.13797905180557235,0.002242066555638189
"Penge, Marco",15,4,0.007727781206959439,0.2037261573940245,0.5820818858055927,0.199097930899934,0.007366244693489343
"Penge, Marco",16,5,0.04109496826854786,0.3595280589235558,0.4908963702508799,0.10522668522471945,0.003253917332296963
"Penge, Marco",17,3,0.0017636105933852564,0.1409826696761063,0.6399961894491062,0.2130013240730435,0.004256206208358759
"Penge, Marco",18,4,0.003052305343029249,0.10938808604884992,0.511104978525192,0.3438093072353412,0.03264532284758759
"Perez, Victor",1,4,0.008995165358626822,0.20197194435440008,0.5653090144805296,0.21361881387114756,0.010105061935295923
"Perez, Victor",2,4,0.002681753255891206,0.11952889605076739,0.5537155055345785,0.305158321656925,0.018915523501837894
"Perez, Victor",3,5,0.05755588696223196,0.4262840695143274,0.4486493644775858,0.06628669206850013,0.0012239869773547074
"Perez, Victor",4,4,0.008186146521452997,0.19913560825914295,0.5717346169158275,0.21165156887884184,0.009292059424734767
"Perez, Victor",5,4,0.023823991681427292,0.3372676993978548,0.5367608770157355,0.10024778445157678,0.0018996474534056507
"Perez, Victor",6,3,0.007546906868689585,0.20518612911812806,0.585737905002303,0.19476051994942234,0.006768539061456913
"Perez, Victor",7,4,0.0025218535148988086,0.1364087932659664,0.5980147121930434,0.25374455290525366,0.009310088120837778
"Perez, Victor",8,4,0.003931192443489051,0.13377273027234554,0.5454499217557036,0.29635782320379067,0.020488332324671177
"Perez, Victor",9,3,0.0015561346946757482,0.1200995332020316,0.6116777310102817,0.2587470457623091,0.007919555330701877
"Perez, Victor",10,5,0.039932555663959424,0.34937710311866815,0.49351610040517524,0.11326235976091392,0.003911881051283261
"Perez, Victor",11,4,0.00786899185656581,0.19498357341648204,0.5711174042950752,0.21626994900188667,0.009760081429990297
"Perez, Victor",12,3,0.0018364712846570264,0.17897911504470382,0.6792117779981892,0.13891356117342546,0.001059074499024537
"Perez, Victor",13,4,0.01098297476774368,0.27346283147577755,0.5908087570893978,0.12271155473860229,0.0020338819284786425
"Perez, Victor",14,3,0.00691693691851103,0.23537633620763698,0.6139650880113376,0.14138690581972257,0.002354733042791768
"Perez, Victor",15,4,0.0074268686503723425,0.19988388364239895,0.5820918197814722,0.20293242995335525,0.007664997972401277
"Perez, Victor",16,5,0.03994447306025278,0.3555806330260134,0.49351451382383854,0.10757404578750296,0.0033863343023923242
"Perez, Victor",17,3,0.0016728343629965892,0.1373982133529174,0.6388075752749882,0.21765476519196247,0.004466611817135258
"Perez, Victor",18,4,0.0029283778075704925,0.10693821347953297,0.5085097767736253,0.34797447154661776,0.03364916039265342
"Potgieter, Aldrich",1,4,0.008324231070534871,0.19448365279609847,0.5648371522776332,0.2214557021357384,0.010899261719995113
"Potgieter, Aldrich",2,4,0.0024467153846506884,0.11386602570907695,0.5488958652124611,0.31446550949233165,0.020325884201479516
"Potgieter, Aldrich",3,5,0.05439170274189975,0.41827158704004386,0.45608501619497144,0.06990905009161419,0.001342643931470766
"Potgieter, Aldrich",4,4,0.007560358575171289,0.19157456870716527,0.5712285200681388,0.21959532736975895,0.010041225279765587
"Potgieter, Aldrich",5,4,0.02220527282538054,0.32782349918410536,0.5424297977803998,0.10545415606054853,0.0020872741495657765
"Potgieter, Aldrich",6,3,0.006947421027474143,0.19722088223113615,0.5858030263811187,0.20267421620122528,0.007354454159045787
"Potgieter, Aldrich",7,4,0.0022866254063755864,0.1298051625664467,0.5944992413097996,0.2632824801912055,0.010126490526172649
"Potgieter, Aldrich",8,4,0.003609507218095831,0.12788830549336244,0.5413862128442237,0.30516996590379397,0.021946008540524087
"Potgieter, Aldrich",9,3,0.0013988320811400556,0.1137754760280203,0.6073023072375006,0.2688644946157942,0.008658890037544942
"Potgieter, Aldrich",10,5,0.03767368675815003,0.34136995485829497,0.498411120505,0.11830987505658508,0.004235362821969901
"Potgieter, Aldrich",11,4,0.007265171003490389,0.18751429527716817,0.570393767621419,0.22428550325658148,0.010541262841340937
"Potgieter, Aldrich",12,3,0.0016337295351429582,0.1697570720207603,0.6803711530032079,0.1470422226123057,0.001195822828583104
"Potgieter, Aldrich",13,4,0.010105241716703461,0.2637662470664902,0.5947984465199332,0.12908424949184605,0.0022458152050270908
"Potgieter, Aldrich",14,3,0.006319812304787231,0.22602052105782494,0.616492954307613,0.1485640584050395,0.002602653924735354
"Potgieter, Aldrich",15,4,0.006840379939843155,0.1921032995287053,0.581808927808257,0.21093438426995748,0.008313008453237125
"Potgieter, Aldrich",16,5,0.037661001992707666,0.34743838803551635,0.49871419091673763,0.11251248019617355,0.0036739388588648003
"Potgieter, Aldrich",17,3,0.0014994099606769895,0.13021830522251382,0.6359668149286295,0.22738679277462548,0.0049286771135541585
"Potgieter, Aldrich",18,4,0.0026876996820921484,0.10201997107838695,0.5029743002957212,0.3565248476342754,0.03579318130952436
"Putnam, Andrew",1,4,0.007684778546846294,0.18698796959554753,0.5639696035968131,0.22959176401113046,0.011765884249662628
"Putnam, Andrew",2,4,0.0022260634074799945,0.1082746876389531,0.5436216537411646,0.3240203360254498,0.021857259186952582
"Putnam, Andrew",3,5,0.05130385533886561,0.4099672042831794,0.4634944218903468,0.07375992647747509,0.0014745920101331134
"Putnam, Andrew",4,4,0.0069651258879437905,0.18401302961149874,0.5703130432216725,0.22784858963627508,0.010860211642609863
"Putnam, Andrew",5,4,0.020648906179117466,0.318211520694991,0.5478805645821234,0.1109629097258722,0.002296098817895942
"Putnam, Andrew",6,3,0.006378965731221209,0.18925788673195632,0.5854403460084079,0.21092426970841416,0.007998531820000432
"Putnam, Andrew",7,4,0.0020670761828184836,0.12328366247824685,0.5904614618530177,0.2731637476635148,0.01102405182240207
"Putnam, Andrew",8,4,0.003305558090753058,0.12205620699055975,0.5368971209519731,0.31421699037102824,0.023524123595685897
"Putnam, Andrew",9,3,0.0012532959275824984,0.10755909928604623,0.6023580703531759,0.2793537762729795,0.009475758160215841
"Putnam, Andrew",10,5,0.03547553139855686,0.3331710540479248,0.5031469988507392,0.12361620060011091,0.004590215102668216
"Putnam, Andrew",11,4,0.00669104119898839,0.18004849413871188,0.5692578358705732,0.23260788495143614,0.011394743840290378
"Putnam, Andrew",12,3,0.0014479170135179298,0.16064792599124395,0.6808942285722537,0.15565793074651735,0.0013519976764670982
"Putnam, Andrew",13,4,0.009272634747625519,0.25400405848783414,0.5984247518985285,0.1358158324004073,0.0024827224656045477
"Putnam, Andrew",14,3,0.00575753478733898,0.21665726088398235,0.6185765186539851,0.15612872229818564,0.002879963376507866
"Putnam, Andrew",15,4,0.006284012969351882,0.18432808344948803,0.581099349994331,0.2192645750179888,0.009023978568840296
"Putnam, Andrew",16,5,0.03544008503015483,0.33909687204402555,0.5037615095614363,0.11771143664995465,0.003990096714428626
"Putnam, Andrew",17,3,0.001339371034658643,0.1231500883084643,0.6325208085808192,0.23754566176061287,0.0054440703154450265
"Putnam, Andrew",18,4,0.0024604768294168577,0.09716195952441858,0.49705306531383003,0.36522741942406667,0.038097078908267856
"Rai, Aaron",1,4,0.009545098167394628,0.20785085524210617,0.5654171123364755,0.20766001473763207,0.009526919516391619
"Rai, Aaron",2,4,0.0028769535747629194,0.12402849644241959,0.5571970162236783,0.2980131114986415,0.01788442226049769
"Rai, Aaron",3,5,0.06009638523683952,0.4323815188445576,0.44279434322113786,0.06358872138513749,0.0011390313123275098
"Rai, Aaron",4,4,0.008699963450365444,0.20507633606555137,0.5718604955040862,0.20561561443598486,0.008747590544012085
"Rai, Aaron",5,4,0.025140557414542408,0.3445728874114981,0.5321668258440252,0.09635430516659538,0.0017654241633389134
"Rai, Aaron",6,3,0.00804043898347151,0.21144607005951566,0.585403242427076,0.18876544761494451,0.0063448009149923434
"Rai, Aaron",7,4,0.002718190360948114,0.14165448649593626,0.600427232812273,0.2464803161512894,0.008719774179553275
"Rai, Aaron",8,4,0.004196864609576467,0.13843307292519147,0.5483576779401645,0.2895925448330595,0.019419839692008
"Rai, Aaron",9,3,0.001688430691788978,0.12514341844883287,0.6147339600970095,0.2510468653804159,0.007387325381952747
"Rai, Aaron",10,5,0.041750770412401994,0.35553823749489694,0.489567715117864,0.1094658023311259,0.003677474643711154
"Rai, Aaron",11,4,0.008364930151675387,0.20085497064687696,0.5714120931587532,0.2101759569929832,0.00919204904971127
"Rai, Aaron",12,3,0.0020083599937251173,0.1863014068612811,0.6778805476025386,0.13284620729359375,0.0009634782488614491
"Rai, Aaron",13,4,0.011705284739928767,0.2810354543081443,0.5874370333095039,0.11793936409737393,0.0018828635450490738
"Rai, Aaron",14,3,0.007411475295136416,0.24272114327792138,0.6116870313536653,0.13600217484077037,0.0021781752325065185
"Rai, Aaron",15,4,0.00790952721462862,0.2060009802544543,0.5820310276989042,0.19686291021820945,0.00719555461380339
"Rai, Aaron",16,5,0.04178332091811365,0.361842708490982,0.4893315124252102,0.10386414600537397,0.0031783121603201625
"Rai, Aaron",17,3,0.0018190094089998166,0.14311682080052396,0.6406352275050073,0.21029217475745654,0.004136767528012397
"Rai, Aaron",18,4,0.003127296568954885,0.1108451424317653,0.5125994869747567,0.3413609002538035,0.03206717377071966
"Ramsay, Richie",1,4,0.00711467317029707,0.1799745064512101,0.5627783917571196,0.23748337691889299,0.012649051702480207
"Ramsay, Richie",2,4,0.0020322681562299216,0.10311325859545728,0.538260562789237,0.33318374021370145,0.023410170245374395
"Ramsay, Richie",3,5,0.04848570733180091,0.40193117956051044,0.47038715499724976,0.07758436226304599,0.0016115958473928993
"Ramsay, Richie",4,4,0.006435505601610214,0.176944504483442,0.5690639296411473,0.2358597297456706,0.011696330528129906
"Ramsay, Richie",5,4,0.01924932186986328,0.309071889791729,0.5527579580472675,0.11640773992497822,0.0025130903661620962
"Ramsay, Richie",6,3,0.005874740595995576,0.18181705248399838,0.5846894752824584,0.21895907848512275,0.008659653152424895
"Ramsay, Richie",7,4,0.001875377049847693,0.11726312159175722,0.5861899879036212,0.2827261194339231,0.011945394020850708
"Ramsay, Richie",8,4,0.0030368817989241403,0.1166521596298839,0.5322966534956328,0.3228944104793423,0.025119894596216774
"Ramsay, Richie",9,3,0.001127328754081558,0.101846967217323,0.5971963778855787,0.28951101667545354,0.01031830946756318
"Ramsay, Richie",10,5,0.03347483156001407,0.3253277483323576,0.5074152836071395,0.12882836696843925,0.004953769532049623
"Ramsay, Richie",11,4,0.006180380180935974,0.1730730863847516,0.5678001400306647,0.24068082162852877,0.012265571775118889
"Ramsay, Richie",12,3,0.0012886258211519674,0.15223978590449133,0.6807687528281761,0.16418444479786298,0.0015183906483176024
"Ramsay, Richie",13,4,0.008533908011812641,0.2448201872732092,0.6014584339445607,0.14245754158094093,0.0027299291894765654
"Ramsay, Richie",14,3,0.005262292786309186,0.20790014411935354,0.6200923720657311,0.16357569698856067,0.0031694940400455174
"Ramsay, Richie",15,4,0.005790296208846968,0.17706549954870776,0.5800257809034168,0.22736603316345727,0.009752390175571168
"Ramsay, Richie",16,5,0.03341976061468327,0.3311133631441899,0.5083270158784123,0.12282518666327369,0.00431467369944083
"Ramsay, Richie",17,3,0.0012012139170469727,0.1166461337609569,0.6287223873721065,0.24744962913029478,0.005980635819594848
"Ramsay, Richie",18,4,0.0022597768193297063,0.09267528679136078,0.4911531759780361,0.37350203146183913,0.04040972894943429
"Ravetto, David",1,4,0.0069448609901262,0.17781967526295772,0.5623352905108494,0.23996452041974115,0.012935652816325582
"Ravetto, David",2,4,0.001975102232095516,0.10154114057382646,0.5365276898325109,0.3360435535726839,0.02391251378888326
"Ravetto, David",3,5,0.04763352099672141,0.39940917990118485,0.4724955291893274,0.07880518210332133,0.0016565878094449982
"Ravetto, David",4,4,0.00627795780304824,0.17477406788780536,0.5686003962792865,0.23837960774743228,0.011967970282427576
"Ravetto, David",5,4,0.018830131065649236,0.3062350627805259,0.5542100110832003,0.11814041355913563,0.0025843815114888757
"Ravetto, David",6,3,0.005725051737339004,0.17953294316758767,0.5843750505443475,0.22149177937165476,0.008875175179071104
"Ravetto, David",7,4,0.0018190465969714076,0.11542934062226229,0.5847780795273648,0.2857277944847928,0.012245738768608683
"Ravetto, David",8,4,0.002957295042748387,0.11500210712922782,0.5308025600205389,0.32560285371556263,0.025635184091922225
"Ravetto, David",9,3,0.0010905241542207844,0.10011239506675612,0.5955026841132891,0.29270059740440657,0.010593799261327419
"Ravetto, David",10,5,0.03287087750326695,0.3228837397482564,0.5086927049609573,0.13048052421468093,0.0050721535728384115
"Ravetto, David",11,4,0.0060285072018479435,0.1709319496259618,0.5672720957867825,0.2432190641498141,0.012548383235593707
"Ravetto, David",12,3,0.0012423792420216961,0.1496794582891589,0.6806048646062337,0.16689937741183958,0.0015739204507461135
"Ravetto, David",13,4,0.00831457593768542,0.24198901930759814,0.6023164692604969,0.14456857584555238,0.002811359648667189
"Ravetto, David",14,3,0.005115949492807914,0.20521065220331192,0.6204692769364322,0.16593922289989504,0.003264898467552957
"Ravetto, David",15,4,0.005643684872324972,0.1748366355847265,0.5796126654422269,0.22991744813926518,0.009989565961456393
"Ravetto, David",16,5,0.03281009954917208,0.3286249535869977,0.5096968746629298,0.12444756931754997,0.004420502883350386
"Ravetto, David",17,3,0.0011609176607739746,0.11466941561979882,0.627439391574628,0.2505731641791542,0.006157110965644974
"Ravetto, David",18,4,0.002200354126276338,0.09130819584761046,0.48926826488553754,0.3760701475006274,0.041153037639948264
"Reitan, Kristoffer",1,4,0.00839147023979031,0.19525077753030873,0.5649032494912536,0.22063975931028834,0.010814743428358975
"Reitan, Kristoffer",2,4,0.0024701109731878335,0.11444261322222338,0.5494099172822237,0.3135012404569093,0.020176118065455828
"Reitan, Kristoffer",3,5,0.05471218528351901,0.41910529370457195,0.4553246579220737,0.0695279513399647,0.001329911749870627
"Reitan, Kristoffer",4,4,0.0076230171981441774,0.19234883081865956,0.5712987390510449,0.2187679780097349,0.009961434922416412
"Reitan, Kristoffer",5,4,0.02236813867424481,0.32879822380067136,0.5418589699727497,0.10490753416402954,0.002067133388304554
"Reitan, Kristoffer",6,3,0.007007363265602529,0.19803641668862632,0.5858155671537516,0.20184875397535296,0.007291898916666595
"Reitan, Kristoffer",7,4,0.0023099790236387197,0.1304776097821153,0.5948827728538381,0.2622903173915574,0.010039320948850516
"Reitan, Kristoffer",8,4,0.0036416204328808544,0.12848845889006527,0.5418215239935145,0.30425697821294206,0.0217914184705974
"Reitan, Kristoffer",9,3,0.001414387732739164,0.11441812279888103,0.6077760174524207,0.26781169509704117,0.00857977691891787
"Reitan, Kristoffer",10,5,0.03790218348425667,0.34219857735675485,0.49791693080192834,0.11778144959058157,0.004200858766478577
"Reitan, Kristoffer",11,4,0.007325620240759501,0.1882789789494721,0.5704863984455042,0.22345091815526874,0.01045808420899541
"Reitan, Kristoffer",12,3,0.00165369406430943,0.17069628985180502,0.6802809699123058,0.14618806948999574,0.0011809766815840117
"Reitan, Kristoffer",13,4,0.010193021749325515,0.26476218870022283,0.5944061159662228,0.12841565202774863,0.0022230215564802425
"Reitan, Kristoffer",14,3,0.006379332657285797,0.22697891877775628,0.6162539828420825,0.14781178346076684,0.0025759822621085338
"Reitan, Kristoffer",15,4,0.006899033654855835,0.1928997798039115,0.5818570632358291,0.2101002414107247,0.00824388189467884
"Reitan, Kristoffer",16,5,0.03789193309613692,0.34828118802224445,0.498188492704084,0.11199515278416527,0.0036432333933693606
"Reitan, Kristoffer",17,3,0.0015165401414384272,0.1309484205973579,0.6362849754272817,0.22637103650910417,0.0048790273248178195
"Reitan, Kristoffer",18,4,0.002711717130403246,0.10252081998162865,0.5035585591360685,0.3556423550411203,0.035566548710779244
"Riley, Davis",1,4,0.007244425924867903,0.1816000539356828,0.5630883076256914,0.2356294896961979,0.01243772281756006
"Riley, Davis",2,4,0.0020761236519852844,0.1043034879781286,0.5395408197219107,0.33104030271632845,0.023039265931646957
"Riley, Davis",3,5,0.04913281331369179,0.40381708069856637,0.4687935690898225,0.07667795118324139,0.0015785857146779492
"Riley, Davis",4,4,0.006555952041084501,0.17858223641175397,0.5693884258724945,0.23397725761608157,0.011496128058585464
"Riley, Davis",5,4,0.01956889648778004,0.3112029326841833,0.5516477628088929,0.1151196139076952,0.0024607941114485055
"Riley, Davis",6,3,0.005989275070546196,0.1835407662973509,0.5849002222232664,0.21706869909754856,0.008501037311287929
"Riley, Davis",7,4,0.0019186603459767082,0.11865146747146771,0.5872237428204763,0.2804817812457797,0.011724348116299521
"Riley, Davis",8,4,0.003097832417963964,0.11790012306249059,0.5333983661099967,0.32086452915612396,0.024739149253424797
"Riley, Davis",9,3,0.0011556752724980468,0.1031618580555419,0.5984401205939215,0.2871265345868532,0.010115811491185345
"Riley, Davis",10,5,0.03393376773767892,0.3271607117481618,0.5064408131952859,0.12759810383733106,0.004866603481542331
"Riley, Davis",11,4,0.006296499175218795,0.17468893036482985,0.5681731716242351,0.23878429553757918,0.01205710329813714
"Riley, Davis",12,3,0.0013243379675940137,0.15417845579697176,0.6808527738433382,0.16216650991993742,0.0014779224721586104
"Riley, Davis",13,4,0.008701722632076025,0.24695300725504388,0.6007876728496317,0.14088733704553613,0.002670260217712217
"Riley, Davis",14,3,0.0053744820015820816,0.20992939008605438,0.6197799259500524,0.16181660670900921,0.0030995952533019455
"Riley, Davis",15,4,0.0059024625458947155,0.17874768521067153,0.58031112884787,0.22546097238614393,0.009577751009419933
"Riley, Davis",16,5,0.033883102103380025,0.3329794082062257,0.5072831597581342,0.12161753580969448,0.0042367941225656125
"Riley, Davis",17,3,0.0012322719307849561,0.11814405868287708,0.6296537032974885,0.24511872880413965,0.00585123728470982
"Riley, Davis",18,4,0.002305293805238251,0.09371013031277525,0.49255238676551555,0.3715727572306925,0.03985943188577845
"Rodgers, Patrick",1,4,0.007862913518884185,0.18911365390866675,0.564257153480376,0.2272539029327716,0.011512376159301452
"Rodgers, Patrick",2,4,0.0022871907805234737,0.10985246542798616,0.545164256138,0.32128599896233756,0.021410088691152795
"Rodgers, Patrick",3,5,0.052171519366703445,0.41235163388580126,0.4613972157379269,0.07264389709281871,0.0014357339167496708
"Rodgers, Patrick",4,4,0.0071308200002254685,0.18615666624277194,0.5706156167152094,0.22547641431131682,0.010620482730476333
"Rodgers, Patrick",5,4,0.021083859113800396,0.32095361986523846,0.5463587947161466,0.10936914310873425,0.0022345831960803864
"Rodgers, Patrick",6,3,0.006537024841056949,0.19151502127203252,0.5855881964219989,0.208550125608843,0.007809631856068644
"Rodgers, Patrick",7,4,0.002127766542274423,0.12512400162165793,0.5916607439249391,0.27032668656413106,0.010760801346997528
"Rodgers, Patrick",8,4,0.003389962035677929,0.12370420018557077,0.5382141660241488,0.3116278912128463,0.023063780541756174
"Rodgers, Patrick",9,3,0.0012933962493589246,0.10931033967013859,0.6038190995368045,0.27634140739292135,0.009235757150776625
"Rodgers, Patrick",10,5,0.036092570689556513,0.33551518332329866,0.5018215305142371,0.12208450066536713,0.004486214807540634
"Rodgers, Patrick",11,4,0.006850839717228385,0.18216458465334923,0.5696231936020953,0.2302164117292569,0.011144970298070156
"Rodgers, Patrick",12,3,0.0014989337641980738,0.16321848203264228,0.6808130514315192,0.15316395787182846,0.0013055748998120897
"Rodgers, Patrick",13,4,0.00950416768959006,0.2567781219180969,0.5974353872646213,0.13386949502604528,0.002412828101646447
"Rodgers, Patrick",14,3,0.005913471058027919,0.21931224612345668,0.6180328842505292,0.15394326669711156,0.0027981318708747427
"Rodgers, Patrick",15,4,0.006438735472778512,0.18653167480739413,0.5813453925505021,0.21686859567187244,0.008815601497452752
"Rodgers, Patrick",16,5,0.036063390848476484,0.3414822003421912,0.502347064975757,0.11620997555015156,0.0038973682834237966
"Rodgers, Patrick",17,3,0.0013834247660321486,0.12514235348785246,0.633561081269485,0.23462100412403564,0.005292136352594845
"Rodgers, Patrick",18,4,0.0025235562192808536,0.09853302969700556,0.4987718599910248,0.3627447501831066,0.037426803909582196
"Rose, Justin",1,4,0.0068049945362872455,0.1760207814580908,0.5619367485407638,0.24205675507145485,0.013180720393403345
"Rose, Justin",2,4,0.0019282156509358717,0.10023365222971864,0.5350494427478206,0.3384472344162792,0.024341454955245645
"Rose, Justin",3,5,0.04692699235981096,0.3972843414200998,0.4742518518052904,0.07984155247609415,0.0016952619387047285
"Rose, Justin",4,4,0.0061482667378965905,0.17296262840545662,0.5681838191295874,0.2405049263688389,0.012200359358220503
"Rose, Justin",5,4,0.018484037304972833,0.30385637511148256,0.5554046441746671,0.11960927052263903,0.002645672886238515
"Rose, Justin",6,3,0.005601939550138768,0.17762688302991564,0.5840814497809861,0.22362989595445937,0.009059831684500086
"Rose, Justin",7,4,0.0017729229170316274,0.11390426452886354,0.5835626185791888,0.2882571301864094,0.01250306378850663
"Rose, Justin",8,4,0.002891900228398081,0.11362833021993624,0.529525488210947,0.327879442696135,0.02607483864458371
"Rose, Justin",9,3,0.0010604630444573937,0.09867174449639426,0.5940489808245587,0.2953886712041873,0.010830140430402313
"Rose, Justin",10,5,0.03237052336395857,0.3208309031382229,0.5097462862458295,0.13187875135842053,0.005173535893568504
"Rose, Justin",11,4,0.0059035000192181886,0.169145219596739,0.5668015164735392,0.24535947348539766,0.012790290425106043
"Rose, Justin",12,3,0.0012047110782344994,0.1475504983457226,0.6804214226828065,0.16920137859117323,0.0016219893020632536
"Rose, Justin",13,4,0.00813417836792224,0.23962212532331478,0.6030050302859364,0.1463572183185604,0.002881447704266127
"Rose, Justin",14,3,0.004995832630604546,0.20296587702619617,0.6207507694764431,0.1679404950724207,0.0033470257943354342
"Rose, Justin",15,4,0.005523088543637755,0.17297686403620383,0.5792368629354709,0.23207051542630397,0.010192669058383452
"Rose, Justin",16,5,0.03230509669328896,0.3265345703511315,0.5108280239600127,0.1258211239507725,0.004511185044794308
"Rose, Justin",17,3,0.001128029678314768,0.11302705519735956,0.6263254420708861,0.2532105740364282,0.00630889901701126
"Rose, Justin",18,4,0.002151537494568978,0.0901710266132058,0.48766809888953605,0.3782233869351831,0.04178595006750607
"Rozner, Antoine",1,4,0.007924980925699876,0.18984732052384523,0.5643486745436779,0.22645268882020886,0.011426335186568215
"Rozner, Antoine",2,4,0.0023085518900350377,0.11039847103780198,0.5456879746966994,0.3203468313652922,0.021258171010171356
"Rozner, Antoine",3,5,0.05247245650964277,0.4131691626282478,0.4606725989303053,0.07226318806650667,0.0014225938652974168
"Rozner, Antoine",4,4,0.007188575220317628,0.18689666305581026,0.5707120569751081,0.22466355753898382,0.01053914720978022
"Rozner, Antoine",5,4,0.02123515354259231,0.3218970393057694,0.5458290667618227,0.10882495578585971,0.002213784603955826
"Rozner, Antoine",6,3,0.006592152181982558,0.1922942575771503,0.5856308516341465,0.20773712852713233,0.007745610079588294
"Rozner, Antoine",7,4,0.002148999196446344,0.1257608564145457,0.5920646022411888,0.2693539604427193,0.010671581705099742
"Rozner, Antoine",8,4,0.003419420160665154,0.12427408328004058,0.5386605701837924,0.31073862644058736,0.02290729993491447
"Rozner, Antoine",9,3,0.0013074494334947562,0.10991691487895178,0.604312433795649,0.2753087075271129,0.009154494364791543
"Rozner, Antoine",10,5,0.036306697138140887,0.33632072598180995,0.5013607615739943,0.12156086154902068,0.004450953757034082
"Rozner, Antoine",11,4,0.00690654383918371,0.18289514695239995,0.5697412551799266,0.22939683692531243,0.011060217103177394
"Rozner, Antoine",12,3,0.0015168460357407043,0.16410804429623538,0.6807725272515803,0.15231262568174564,0.0012899567346978946
"Rozner, Antoine",13,4,0.009584916463096171,0.2577345431880178,0.5970866284526515,0.13320469563735848,0.0023892162588761146
"Rozner, Antoine",14,3,0.005967932781814844,0.22022866604949543,0.6178364441845018,0.15319646641546236,0.002770490568725581
"Rozner, Antoine",15,4,0.006492694531762155,0.1872924840740568,0.5814219743883295,0.21604789466808172,0.00874495233776984
"Rozner, Antoine",16,5,0.03627971469827851,0.3423018234989939,0.5018557066710934,0.11569681346756677,0.003865941664067507
"Rozner, Antoine",17,3,0.001398871300622384,0.1258322209186582,0.6339084179034411,0.23361970303877233,0.00524078683850604
"Rozner, Antoine",18,4,0.0025455751254172543,0.09900745872938682,0.49935774683002976,0.3618905858799978,0.03719863343516838
"Saddier, Adrien",1,4,0.007613432083295013,0.1861280915836776,0.5638437359291923,0.23054449284537948,0.01187024755845556
"Saddier, Adrien",2,4,0.002201656152549636,0.10763821830369208,0.5429869124897446,0.3251320509610759,0.022041162092937716
"Saddier, Adrien",3,5,0.05095466248611702,0.40899596109737835,0.464341783142346,0.07421694285020608,0.0014906504239525775
"Saddier, Adrien",4,4,0.006898789537280292,0.18314605471559992,0.5701807695802195,0.2288154474568842,0.010958938710016075
"Saddier, Adrien",5,4,0.02047439011151042,0.31709861075017853,0.548490553780303,0.11161492072052659,0.0023215246374814758
"Saddier, Adrien",6,3,0.0063157265227229975,0.1883450831521183,0.5853701836271326,0.21189259407159167,0.008076412626434548
"Saddier, Adrien",7,4,0.002042872642957494,0.12254126434992568,0.5899639081250324,0.2743193677633262,0.011132587118758197
"Saddier, Adrien",8,4,0.003271812213151537,0.12139089680398596,0.5363542778384572,0.31526967970671105,0.023713333437694217
"Saddier, Adrien",9,3,0.0012373325612174413,0.10685332129298308,0.6017535742618787,0.2805809662133527,0.00957480567056801
"Saddier, Adrien",10,5,0.03522734229168245,0.3322184813400514,0.5036790822937108,0.12424201781002686,0.0046330762645284684
"Saddier, Adrien",11,4,0.006627069881248726,0.17919275139083046,0.5691001064096541,0.23358247704185953,0.011497595276407147
"Saddier, Adrien",12,3,0.0014276480543729542,0.1596109856338811,0.680911596077791,0.1566784861947661,0.001371284039188847
"Saddier, Adrien",13,4,0.009179993626879879,0.2528806441543189,0.5988159338827668,0.136611792037452,0.0025116362985825313
"Saddier, Adrien",14,3,0.005695235315311853,0.21558336408652773,0.618785521633988,0.1570220596280122,0.002913819336160195
"Saddier, Adrien",15,4,0.006222103212468633,0.18343700352890197,0.5809895139217354,0.22024152300709154,0.009109856329802435
"Saddier, Adrien",16,5,0.03518940320914965,0.33812746305176444,0.5043297323785026,0.11832507279308102,0.004028328567502237
"Saddier, Adrien",17,3,0.0013218433311780187,0.12234694221227216,0.632085547790579,0.23873877397182663,0.005506892694144172
"Saddier, Adrien",18,4,0.0024352607954621908,0.09660882024988426,0.4963487272070427,0.3662350314570457,0.038372160290565116
"Salinda, Isaiah",1,4,0.007524618824957419,0.18505076199854387,0.5636781897569654,0.2317439211047303,0.012002508314802984
"Salinda, Isaiah",2,4,0.0021713345343141177,0.10684223522990632,0.5421828558730653,0.32652950486314214,0.022274069499572224
"Salinda, Isaiah",3,5,0.050518617750817396,0.4077736241124573,0.46540258092883363,0.07479412471176528,0.001511052496126375
"Salinda, Isaiah",4,4,0.00681623509866236,0.18205996878201464,0.570006927576252,0.23003278193745202,0.011084086605618992
"Salinda, Isaiah",5,4,0.02025689935384284,0.3157012585634893,0.5492501722664878,0.11243783865171653,0.002353831164463638
"Salinda, Isaiah",6,3,0.006237059230391473,0.18720164860269511,0.5852737650262592,0.2131123200502354,0.008175207090418857
"Salinda, Isaiah",7,4,0.0020128277575702236,0.12161279677054926,0.5893303377275556,0.2757737695470851,0.011270268197239863
"Salinda, Isaiah",8,4,0.003229852895191343,0.12055842320478521,0.5356658934200594,0.31659295950140875,0.023952870978555252
"Salinda, Isaiah",9,3,0.0012175397825412437,0.10597120460987969,0.6009851520824838,0.28212557157523044,0.009700531949864866
"Salinda, Isaiah",10,5,0.03491753586891344,0.33102147477203253,0.5043423371663511,0.12503121869061506,0.00468743350208789
"Salinda, Isaiah",11,4,0.006547462490914813,0.17812081069182784,0.568894324195856,0.2348094415116373,0.011627961109764051
"Salinda, Isaiah",12,3,0.0014025492146499952,0.1583141889449119,0.6809206300485973,0.1579667599884208,0.0013958718034200457
"Salinda, Isaiah",13,4,0.00906474754001918,0.25147211707781475,0.599298589676444,0.13761615035510966,0.0025483953506124646
"Salinda, Isaiah",14,3,0.005617810321301653,0.2142379772880435,0.6190383960701735,0.1581489515952873,0.002956864725194075
"Salinda, Isaiah",15,4,0.00614508521801882,0.1823208382584171,0.5808434290008142,0.22147187977759863,0.00921876774515118
"Salinda, Isaiah",16,5,0.03487650795297936,0.33690922360752584,0.5050383849211654,0.11909905534175746,0.004076828176571956
"Salinda, Isaiah",17,3,0.0013001186054965586,0.12134294382229383,0.6315283542950572,0.2402418473741771,0.005586735902975426
"Salinda, Isaiah",18,4,0.0024039105998988064,0.0959170051311819,0.4954588506130374,0.36750016534207053,0.03872006831381136
"Schauffele, Xander",1,4,0.0105456569214466,0.21801392937938402,0.5650894485408972,0.19773906278141484,0.008611902376857383
"Schauffele, Xander",2,4,0.0032376660873630336,0.13191849080195672,0.5626147215301895,0.28598469213294764,0.016244429447543007
"Schauffele, Xander",3,5,0.06460713240696009,0.44253399617538386,0.43264848360686026,0.05920324761071716,0.0010071402000786378
"Schauffele, Xander",4,4,0.009636708213287049,0.2153556695885338,0.5715456900974569,0.19557440365710477,0.007887528443617509
"Schauffele, Xander",5,4,0.027513935154057867,0.3569781862157796,0.5239542471014661,0.08999636016506352,0.0015572713636329283
"Schauffele, Xander",6,3,0.008942993695817747,0.2222804059311138,0.584269736797316,0.17882756249865328,0.005679301077099241
"Schauffele, Xander",7,4,0.00308311902432451,0.15084863992042108,0.6039101430341935,0.23436513495336975,0.007792963067691172
"Schauffele, Xander",8,4,0.004684586297059645,0.1465737401883992,0.5528239587412187,0.27820264817766893,0.017715066595653584
"Schauffele, Xander",9,3,0.0019365352144545822,0.13402539168401073,0.6192656825656023,0.23821632166351503,0.006556068872417331
"Schauffele, Xander",10,5,0.04498895395095509,0.3659369910819998,0.48254250104035423,0.10322313751609558,0.003308416410595316
"Schauffele, Xander",11,4,0.009269422944270411,0.21102005824273268,0.5713848429183908,0.20003145623573326,0.008294219658872892
"Schauffele, Xander",12,3,0.0023337259527586585,0.199123392587291,0.6747586863893561,0.12296498619273244,0.000819208877861799
"Schauffele, Xander",13,4,0.013025447875644636,0.294041755710594,0.5811479665335567,0.11013507417557566,0.0016497557046289968
"Schauffele, Xander",14,3,0.00832216797710511,0.2554144282957592,0.6071802278816811,0.12717732945244642,0.0019058463930081704
"Schauffele, Xander",15,4,0.008791834027174428,0.21659297762715435,0.5813715518879173,0.18678683517133732,0.006456801286416569
"Schauffele, Xander",16,5,0.04505994422065046,0.3724054321268835,0.48191021866229694,0.09777289854920046,0.002851506440968654
"Schauffele, Xander",17,3,0.0020938366702751288,0.1531696898468085,0.6429997860063257,0.19811003224300028,0.0036266552335904034
"Schauffele, Xander",18,4,0.0034928115185568487,0.11769457566536079,0.5191592906095638,0.33012979550880295,0.02952352669771563
"Scheffler, Scottie",1,4,0.01407401056602231,0.24946582045978616,0.560346265027415,0.16978088504084166,0.006333018905934851
"Scheffler, Scottie",2,4,0.004560798613173933,0.15723130961766002,0.5749143593095329,0.251181857366765,0.012111675092868035
"Scheffler, Scottie",3,5,0.07955896706351218,0.4709963193527077,0.40120568403185886,0.04754538323436164,0.0006936463175596375
"Scheffler, Scottie",4,4,0.012956738515458588,0.24723758591621503,0.5667127128402532,0.16733716308020896,0.005755799647864324
"Scheffler, Scottie",5,4,0.03568594621997573,0.3936159949790332,0.4967216760022843,0.07291235389802941,0.0010640289006773607
"Scheffler, Scottie",6,3,0.012166346183825894,0.25589428916334084,0.5767570376157153,0.15112909796241047,0.0040532290747075095
"Scheffler, Scottie",7,4,0.004441019859195816,0.18029342001314175,0.609620100122144,0.20011418415569948,0.005531275849819051
"Scheffler, Scottie",8,4,0.006444280079834608,0.17244556390652765,0.5624965881759401,0.24522856847394636,0.013384999363751371
"Scheffler, Scottie",9,3,0.0028807662154473057,0.1627995066580708,0.6277264543782997,0.2020392901020549,0.004553982646127275
"Scheffler, Scottie",10,5,0.05580973926382227,0.39619202092473194,0.4594493467209946,0.08614842535025369,0.0024004677401975316
"Scheffler, Scottie",11,4,0.012478272505727583,0.2425934709520584,0.5674052797566937,0.17145740791843145,0.006065568867088755
"Scheffler, Scottie",12,3,0.0036002299513953617,0.2400137537056593,0.6592387584009026,0.09664753507793822,0.0004997228641044904
"Scheffler, Scottie",13,4,0.017730669677360367,0.3335819186547869,0.5584821915315197,0.08910135452029344,0.0011038656160395899
"Scheffler, Scottie",14,3,0.01163018581994707,0.294613110380837,0.5892125677028294,0.10327474345153798,0.0012693926448485993
"Scheffler, Scottie",15,4,0.011939807723116092,0.2494967807302556,0.575320064370177,0.15860050333536202,0.004642843841089261
"Scheffler, Scottie",16,5,0.056022606253742224,0.40308445902396894,0.45766778995930524,0.0811733298593057,0.0020518149036778954
"Scheffler, Scottie",17,3,0.003146182629959804,0.18558188935771935,0.6444893235775917,0.1643551658463298,0.0024274385883993332
"Scheffler, Scottie",18,4,0.00481501146970309,0.13967056363731034,0.5356492660860477,0.29692719669990286,0.022937962107036025
"Schmid, Matti",1,4,0.008234013678833807,0.19344828151046362,0.564741374204456,0.2225618060243688,0.011014524581877794
"Schmid, Matti",2,4,0.002415381590345378,0.1130890996732331,0.5481945851973987,0.31577092549023733,0.020530008048785464
"Schmid, Matti",3,5,0.05396047449386715,0.41714163226507395,0.45711069707013313,0.07042714902814362,0.0013600471427821503
"Schmid, Matti",4,4,0.007476307308650343,0.1905296799979817,0.5711269519034416,0.22071699635040642,0.010150064439519824
"Schmid, Matti",5,4,0.021986518583222148,0.32650530193563104,0.5431965130223992,0.10619685966878234,0.002114806789965229
"Schmid, Matti",6,3,0.006867043454049815,0.19612034155312957,0.5857789896411846,0.20379378495813838,0.007439840393497654
"Schmid, Matti",7,4,0.002255369715127853,0.12889904847186695,0.5939729746853966,0.2646271306001049,0.010245476527503738
"Schmid, Matti",8,4,0.003566464508084455,0.12707925761627037,0.5407916803808257,0.30640596466806946,0.022156632826749956
"Schmid, Matti",9,3,0.0013780348702012724,0.11291000287442604,0.6066535696775575,0.27029144917930203,0.008766943398513138
"Schmid, Matti",10,5,0.03736633530415562,0.3402485262536607,0.4990753925282072,0.1190272977971012,0.0042824481168752815
"Schmid, Matti",11,4,0.007184086981020299,0.18648239894077084,0.5702619058181613,0.22541689250546515,0.010654715754582433
"Schmid, Matti",12,3,0.0016070681786967689,0.16849145828167128,0.6804822768421304,0.14820301592723983,0.0012161807702617544
"Schmid, Matti",13,4,0.009987530760907026,0.2624211158484628,0.5953218617355914,0.12999250094304904,0.0022769907119897237
"Schmid, Matti",14,3,0.006240067449486686,0.2247270229083243,0.6168080632721067,0.14958571011716382,0.0026391362529185614
"Schmid, Matti",15,4,0.006761726152845815,0.19102852459590886,0.5817368740234358,0.21206553267650907,0.00840734255130049
"Schmid, Matti",16,5,0.03735039589337397,0.3462977016753065,0.4994210970127212,0.11321495436635287,0.003715851052245478
"Schmid, Matti",17,3,0.0014765147774119525,0.1292348584605642,0.6355273885505746,0.22876467145643264,0.004996566755016696
"Schmid, Matti",18,4,0.002655511230673091,0.10134506769729201,0.5021794191665986,0.35771831789915587,0.03610168400628044
"Schneider, Marcel",1,4,0.007521013258098119,0.1850068612075167,0.563671257703812,0.2317929340795042,0.012007933751069011
"Schneider, Marcel",2,4,0.002170104997604172,0.10680983320640808,0.5421498824869067,0.3265865594459815,0.02228361986309957
"Schneider, Marcel",3,5,0.050500883347421865,0.40772368468607906,0.46544578755165306,0.07481775379620892,0.0015118906186371017
"Schneider, Marcel",4,4,0.006812884144766884,0.18201571437407638,0.5699996510744904,0.23008252942833707,0.011089220978329317
"Schneider, Marcel",5,4,0.020248063944187156,0.3156442460408036,0.5492810163285418,0.11247151528506383,0.0023551584014036564
"Schneider, Marcel",6,3,0.006233866833321167,0.18715505892024115,0.5852696341015602,0.21316217817078553,0.008179261974091911
"Schneider, Marcel",7,4,0.0020116100002101067,0.1215750015633082,0.5893042784913818,0.27583319081187907,0.011275919133220902
"Schneider, Marcel",8,4,0.003228150599008106,0.1205245257972114,0.5356376462449419,0.3166469863011184,0.023962691057720198
"Schneider, Marcel",9,3,0.0012167381031663593,0.10593530927159511,0.6009535772495904,0.2821886812424731,0.009705694133175014
"Schneider, Marcel",10,5,0.03490493836624459,0.3309726134229137,0.5043692840371203,0.12506349997352506,0.004689664200196342
"Schneider, Marcel",11,4,0.006544231249859589,0.17807713441096534,0.5688857450412179,0.23485957998342732,0.011633309314529883
"Schneider, Marcel",12,3,0.0014015333842044564,0.15826140109224462,0.6809206963037979,0.1580194853340251,0.0013968838857278953
"Schneider, Marcel",13,4,0.009060070650925844,0.25141469618307777,0.5993180807483393,0.13765724642061894,0.002549905997038193
"Schneider, Marcel",14,3,0.005614670067709715,0.21418315534165783,0.6190484874031503,0.15819505339636164,0.0029586337911204907
"Schneider, Marcel",15,4,0.0061419596449107106,0.18227536101090513,0.5808372751686758,0.2215221669614914,0.009223237214016966
"Schneider, Marcel",16,5,0.03486378538869256,0.33685949374644847,0.505067184537329,0.1191307175202625,0.004078818807267459
"Schneider, Marcel",17,3,0.001299238855873741,0.1213020844667747,0.6315053677983566,0.24030329234052172,0.005590016538473241
"Schneider, Marcel",18,4,0.0024026387923521964,0.09588884234601314,0.49542241273809867,0.3675517830761811,0.03873432304735491
"Scott, Adam",1,4,0.009991642021734526,0.21246742475310948,0.5653471253625177,0.20309516937835514,0.00909863848428305
"Scott, Adam",2,4,0.0030370727721509283,0.12759503614212975,0.5597506475407116,0.2924991650243709,0.017118078520636848
"Scott, Adam",3,5,0.062126568686064976,0.43705348459117593,0.4381886050748166,0.06155444333629889,0.0010768983116435926
"Scott, Adam",4,4,0.009117735390670123,0.20974426529144796,0.5717990913994271,0.20099413891103346,0.008344769007421426
"Scott, Adam",5,4,0.026203186747354112,0.35024286673740307,0.5284770187742043,0.09340959986900377,0.0016673278720347184
"Scott, Adam",6,3,0.008442533744615899,0.21636566097609272,0.5849733177104739,0.184185989855288,0.006032497713529539
"Scott, Adam",7,4,0.0028798564443757724,0.14581126932638183,0.6021151646844926,0.24090892022738197,0.008284789317367869
"Scott, Adam",8,4,0.004413856086688928,0.1421177434991167,0.5504728051648,0.2843715266020166,0.018624068647377756
"Scott, Adam",9,3,0.0017980023324366545,0.12915262908772684,0.6169082804653289,0.2451445911242236,0.00699649699028404
"Scott, Adam",10,5,0.0432066512119626,0.3603009912024177,0.48640660527471813,0.1065813193093702,0.0035044330015313596
"Scott, Adam",11,4,0.00876826514347434,0.2054701234957318,0.5714819929903088,0.20550799365778727,0.008771624712697879
"Scott, Adam",12,3,0.0021515932773560342,0.19210055013485483,0.6765878056041927,0.1282651878666896,0.0008948631169067855
"Scott, Adam",13,4,0.012293556166145359,0.2869569964681574,0.5846501104356852,0.11432650385256515,0.0017728330774469114
"Scott, Adam",14,3,0.007816228498911393,0.248487909818366,0.6097264809452484,0.13191978157963413,0.0020495991578400874
"Scott, Adam",15,4,0.008302656557831967,0.2108097537491978,0.5818163902717578,0.19222209132113144,0.006849108100080992
"Scott, Adam",16,5,0.043256225200824006,0.36668159339033873,0.48598898825695047,0.10104822399092805,0.003024969160958735
"Scott, Adam",17,3,0.0019402770813178871,0.14765730017468415,0.6418315160686203,0.2046747720174864,0.0038961346578912925
"Scott, Adam",18,4,0.0032898636929409864,0.11394146642013137,0.5156580180594956,0.3362277266555298,0.030882925171902165
"Siem, Marcel",1,4,0.00651204458652721,0.1721795193307173,0.5609965054634168,0.24658947954781074,0.013722451071527919
"Siem, Marcel",2,4,0.0018306053118218868,0.09745681694172065,0.5317948611787857,0.34363000664251175,0.02528770992516005
"Siem, Marcel",3,5,0.04543315625832678,0.3926871090313478,0.47798969339877223,0.08210863757878817,0.00178140373276503
"Siem, Marcel",4,4,0.005876851551398388,0.1690960670960604,0.5672020246373718,0.24511062803085004,0.012714428684319379
"Siem, Marcel",5,4,0.017756663545957507,0.29874498394642873,0.5579001631017948,0.12281596401895789,0.0027822253868610147
"Siem, Marcel",6,3,0.005344622826695733,0.17355915224861446,0.5833575115015488,0.22826951947017116,0.009469193952969857
"Siem, Marcel",7,4,0.0016771335729507952,0.11066546583293418,0.5808530253172826,0.2937308805338724,0.013073494742960046
"Siem, Marcel",8,4,0.002755401600932239,0.11070619241965202,0.5267060982444551,0.33278865753393216,0.02704365020102839
"Siem, Marcel",9,3,0.0009982546166691364,0.09561811289485861,0.5908214594088552,0.30120712591596877,0.011355047163648213
"Siem, Marcel",10,5,0.0313137229685746,0.3164087206467645,0.5119555572469605,0.13492385712028165,0.005398142017418728
"Siem, Marcel",11,4,0.005641924500829509,0.1653321834056724,0.565703974071669,0.24999662883299145,0.013325289188837686
"Siem, Marcel",12,3,0.001127073348123786,0.14303054271823473,0.6798842570552257,0.17422798388411875,0.0017301429942970792
"Siem, Marcel",13,4,0.007757113886668943,0.23455776657626304,0.6043883380974715,0.15025892849870115,0.0030378529408954247
"Siem, Marcel",14,3,0.004745510483342041,0.19817409539186553,0.621248166212591,0.17230189403531604,0.0035303338768852832
"Siem, Marcel",15,4,0.005270983938131746,0.16900848098408378,0.5783380184831359,0.23673993013528083,0.010642586459367775
"Siem, Marcel",16,5,0.031238720816422927,0.3220307442765555,0.5132041385580342,0.12881414566616345,0.004712250682823993
"Siem, Marcel",17,3,0.0010600461442696885,0.10954410277005999,0.6238135719410162,0.25893500669882574,0.006647272445828412
"Siem, Marcel",18,4,0.002049671179783219,0.08775527821983975,0.4841687528655782,0.38284977296054656,0.04317652477425227
"Smalley, Alex",1,4,0.008489212371999288,0.19635909507229227,0.5649914837123735,0.2194662674157173,0.010693941427617704
"Smalley, Alex",2,4,0.0025041841285510236,0.11527707505167056,0.5501443252918099,0.31211249014850395,0.019961925379464507
"Smalley, Alex",3,5,0.05517668114750979,0.42030457235724017,0.45422551872490285,0.06898147128453447,0.0013117564858127206
"Smalley, Alex",4,4,0.007714123555837393,0.19346758848114076,0.571392677169781,0.21757819404111045,0.009847416752130411
"Smalley, Alex",5,4,0.022604628729238962,0.3302035487214493,0.5410301649856623,0.10412324043609611,0.0020384171275533713
"Smalley, Alex",6,3,0.007094553555129057,0.1992148604710301,0.5858258267103551,0.200662188231988,0.007202571031497795
"Smalley, Alex",7,4,0.0023440157345279156,0.13145077811031908,0.5954273432880117,0.2608630164685939,0.00991484639854745
"Smalley, Alex",8,4,0.0036883522582348838,0.12935661693177236,0.542442695380918,0.3029420898502855,0.02157024557878917
"Smalley, Alex",9,3,0.00143708412806548,0.11534870407857101,0.6084500319953492,0.2662973032225566,0.008466876575457638
"Smalley, Alex",10,5,0.038233475590557564,0.34339235567794174,0.4971999423622136,0.11702265179788396,0.004151574571403138
"Smalley, Alex",11,4,0.007413518112367401,0.18938396985707667,0.5706126661671522,0.2222506303411741,0.010339215522229606
"Smalley, Alex",12,3,0.0016828575121050626,0.17205548885159033,0.6801389722222697,0.14496280392192484,0.0011598774921099952
"Smalley, Alex",13,4,0.010320698035970521,0.26620005408959707,0.5938325573661347,0.12745614993235777,0.0021905405759399255
"Smalley, Alex",14,3,0.006465984627179955,0.22836360927627347,0.6159005275584437,0.14673190042928796,0.0025379781088148423
"Smalley, Alex",15,4,0.006984345190522767,0.19405074927615223,0.5819187744384107,0.20890098449465933,0.008145146600255004
"Smalley, Alex",16,5,0.03822677686672599,0.3494953130358182,0.4974261018806453,0.11125242178945471,0.0035993864273557996
"Smalley, Alex",17,3,0.0015415418711315354,0.13200546159496568,0.6367335648015666,0.22491117442073483,0.004808257311601283
"Smalley, Alex",18,4,0.0027466714104849577,0.10324563551541122,0.5043956772502602,0.35437001409203506,0.03524200173180858
"Smith, Jordan",1,4,0.009156726923426728,0.20372219339341358,0.5653647777542933,0.21182735509479,0.009928946834076413
"Smith, Jordan",2,4,0.0027388670081283095,0.12086356032954765,0.5547793276884949,0.3030164136825282,0.018601831291300996
"Smith, Jordan",3,5,0.058307020032025314,0.42811690838937483,0.44690760517224104,0.06547048813618161,0.0011979782701772024
"Smith, Jordan",4,4,0.00833701733923542,0.2009038352474634,0.5717964923178134,0.20983653515015954,0.009126119945328304
"Smith, Jordan",5,4,0.024211706955819756,0.3394525619013036,0.53540585001857,0.09907133620702291,0.0018585449172837665
"Smith, Jordan",6,3,0.007691702976622361,0.20704923139054054,0.5856637352419172,0.19295612698693954,0.006639203403980387
"Smith, Jordan",7,4,0.002579211404681536,0.13796491202767663,0.5987643033662091,0.25156167631914383,0.009129896882288935
"Smith, Jordan",8,4,0.004009060048600854,0.13515646033743095,0.5463411228598744,0.2943298331249796,0.02016352362911422
"Smith, Jordan",9,3,0.001594692820286181,0.12159394461853718,0.6126218332744034,0.25643265281749694,0.007756876469276253
"Smith, Jordan",10,5,0.04046971352882839,0.3512227453335636,0.49234993937044647,0.11211722373354704,0.0038403780336144777
"Smith, Jordan",11,4,0.008014598629225822,0.1967309106925969,0.5712297222419376,0.21443778084632914,0.009586987589910612
"Smith, Jordan",12,3,0.0018864448270809464,0.1811516429955155,0.678853200679909,0.1370791150433024,0.0010295964541922054
"Smith, Jordan",13,4,0.011194920258580487,0.27572103394195097,0.5898262917952422,0.12127017262944118,0.0019875813747851634
"Smith, Jordan",14,3,0.007061761671481481,0.23756309084126148,0.6133131251278305,0.13976142985556939,0.0023005925038570574
"Smith, Jordan",15,4,0.007568490147629003,0.20170425971001743,0.5820991399633528,0.20110632478812684,0.007521785390873892
"Smith, Jordan",16,5,0.04048765192048065,0.3574567961964933,0.4922780831125241,0.10645462480201251,0.003322843968489475
"Smith, Jordan",17,3,0.001715408844028432,0.13909326596431598,0.6393879846265089,0.21543780296921144,0.004365537595935276
"Smith, Jordan",18,4,0.0029866664621338024,0.10809715888102644,0.5097505148005137,0.34599644569396115,0.03316921416236496
"Smylie, Elvis",1,4,0.006510457555619242,0.17215843015475646,0.5609910023213331,0.2466146133377496,0.013725496630541567
"Smylie, Elvis",2,4,0.0018300787397977358,0.09744162855900856,0.5317766196712789,0.34365865076687696,0.025293022263037868
"Smylie, Elvis",3,5,0.045425010520286635,0.3926616417789379,0.4780101649378599,0.08212129224314191,0.0017818905197736212
"Smylie, Elvis",4,4,0.005875382021143516,0.16907484468708717,0.5671962817717873,0.24513617139389188,0.01271732012609017
"Smylie, Elvis",5,4,0.01775271373635051,0.29871680032766895,0.5579136500684192,0.12283383869935971,0.0027829971682016286
"Smylie, Elvis",6,3,0.005343230875311411,0.17353682879704596,0.583353166022673,0.22829527447314335,0.009471499831826269
"Smylie, Elvis",7,4,0.0016766177001795168,0.11064775137293953,0.5808377139605352,0.29376120920196636,0.013076707764379414
"Smylie, Elvis",8,4,0.002754663896214704,0.11069019214869646,0.5266902671521142,0.3328157917244787,0.027049085078495905
"Smylie, Elvis",9,3,0.000997920426552501,0.09560143342399402,0.5908032698175913,0.3012393687801772,0.011358007551684923
"Smylie, Elvis",10,5,0.031307964512315656,0.3163842953802675,0.5119675303386562,0.1349408031237579,0.005399406645002824
"Smylie, Elvis",11,4,0.005640508385784948,0.16531125772920652,0.5656975941367324,0.25002234187820505,0.01332829787007106
"Smylie, Elvis",12,3,0.0011266574453037692,0.14300582660483524,0.6798807514541874,0.17425600615377457,0.0017307583418990635
"Smylie, Elvis",13,4,0.007755074117923866,0.23452992419613095,0.6043955985273567,0.15028066526049266,0.0030387378980958335
"Smylie, Elvis",14,3,0.0047441591348523215,0.19814779418751532,0.6212504995997745,0.1723261758879293,0.0035313711899285227
"Smylie, Elvis",15,4,0.005269620006391695,0.16898670484574307,0.5783327152318953,0.23676584043117832,0.010645119484791632
"Smylie, Elvis",16,5,0.031232911106684247,0.322005865232832,0.513217032171082,0.12883080809080594,0.0047133833985958384
"Smylie, Elvis",17,3,0.00105968121145944,0.10952507169628617,0.6237992733208958,0.2589667881364617,0.006649185634896915
"Smylie, Elvis",18,4,0.0020491207507654097,0.08774206236461224,0.4841492270329211,0.3828752797773798,0.04318431007432144
"Snedeker, Brandt",1,4,0.006547045945517194,0.17264385291737866,0.5611167183705145,0.2460367866487726,0.013655596117817081
"Snedeker, Brandt",2,4,0.0018422248072921255,0.09779138675538157,0.5321954547529116,0.3429998588898756,0.02517107479453906
"Snedeker, Brandt",3,5,0.045612659893029484,0.3932472037145104,0.477538816065093,0.08183059534784054,0.0017707249795265723
"Snedeker, Brandt",4,4,0.005909263804192599,0.16956334993254768,0.5673274833049483,0.24454894222959966,0.012650960728711746
"Snedeker, Brandt",5,4,0.017843749237393236,0.29936518377553456,0.5576026111775219,0.12242316082308147,0.002765294986468936
"Snedeker, Brandt",6,3,0.0053753274422441155,0.17405068705186433,0.5834521516483627,0.2277032451888088,0.00941858866872003
"Snedeker, Brandt",7,4,0.001688519405329325,0.11105568232597596,0.5811889305424139,0.2930638870143032,0.013002980711977585
"Snedeker, Brandt",8,4,0.0027716762803828843,0.11105859885091335,0.5270536787588271,0.3321917328310803,0.026924313278796297
"Snedeker, Brandt",9,3,0.0010056328357886946,0.09598559228936643,0.5912206402138233,0.30049804661117285,0.011290088049848768
"Snedeker, Brandt",10,5,0.0314406307627233,0.31694609865605505,0.5116914993442242,0.13455138449010673,0.005370386746890721
"Snedeker, Brandt",11,4,0.00567315900488119,0.16579294085098023,0.5658434551513498,0.24943119853796836,0.01325924645482035
"Snedeker, Brandt",12,3,0.0011362588732023449,0.14357500909346355,0.6799598860345238,0.17361219037262565,0.0017166556261846155
"Snedeker, Brandt",13,4,0.007802108405301489,0.2351706843550389,0.6042275441080895,0.1497812206079122,0.003018442523657794
"Snedeker, Brandt",14,3,0.004775327131462559,0.1987532042438443,0.6211956781126151,0.17176820840965523,0.003507582102422857
"Snedeker, Brandt",15,4,0.00530106998922969,0.16948797040627306,0.5784537536515253,0.23617021338805677,0.010586992564915132
"Snedeker, Brandt",16,5,0.03136676073211758,0.3225780980201096,0.5129198254327705,0.12844792352466927,0.004687392290332992
"Snedeker, Brandt",17,3,0.0010681038806164556,0.10996337422946345,0.6241269756280448,0.25823624103876663,0.0066053052231087594
"Snedeker, Brandt",18,4,0.0020618146160159,0.08804639007795567,0.4845977903443554,0.38228847016921785,0.04300553479245517
"Soderberg, Sebastian",1,4,0.007143902731158169,0.18034225786289554,0.5628503243569782,0.23706263500804936,0.01260088004091875
"Soderberg, Sebastian",2,4,0.002042134380532079,0.10338220617773602,0.5385522175747381,0.33269778070155753,0.023325661165436218
"Soderberg, Sebastian",3,5,0.04863178412809649,0.40235907782731734,0.4700268602216472,0.07737821892391383,0.0016040588990251514
"Soderberg, Sebastian",4,4,0.006462633861346434,0.17731498153366165,0.56913922309535,0.2354324735362403,0.011650687973401519
"Soderberg, Sebastian",5,4,0.019321367351912977,0.30955467533633535,0.5525078978663936,0.11611491019182596,0.0025011492535320645
"Soderberg, Sebastian",6,3,0.005900530094167633,0.18220696435363548,0.5847391291562649,0.21852990189382848,0.008623474502103434
"Soderberg, Sebastian",7,4,0.0018851094018751402,0.1175768353894927,0.5864262024276806,0.2822168768310577,0.01189497594989386
"Soderberg, Sebastian",8,4,0.003050601808962272,0.11693424803801422,0.5325477966185068,0.32243418894757225,0.02503316458694438
"Soderberg, Sebastian",9,3,0.001133697551441104,0.10214395884106675,0.5974802925493613,0.28896994833856904,0.010272102719561804
"Soderberg, Sebastian",10,5,0.03357840671741308,0.3257432285145597,0.5071956320870841,0.1285488417867542,0.0049338908941889414
"Soderberg, Sebastian",11,4,0.00620653294158463,0.1734385954980427,0.5678864236236344,0.24025040078537052,0.012218047151367761
"Soderberg, Sebastian",12,3,0.0012966425108292268,0.1526778342774618,0.6807907201841185,0.1637256727474239,0.0015091302801666373
"Soderberg, Sebastian",13,4,0.008571695085950015,0.24530292183455632,0.6013084372732305,0.14210064609816042,0.0027162997081028317
"Soderberg, Sebastian",14,3,0.005287538145693049,0.2083591989492546,0.6200237855597787,0.1631759502050385,0.0031535271402352016
"Soderberg, Sebastian",15,4,0.005815553476712643,0.17744600524918958,0.5800923008913391,0.22693357705756445,0.009712563325194212
"Soderberg, Sebastian",16,5,0.033524324854245446,0.3315363585274012,0.5080916409277284,0.12255076599361936,0.00429690969700558
"Soderberg, Sebastian",17,3,0.0012081902612863238,0.11698450653858306,0.6289358147095057,0.2469204033278447,0.005951085162780201
"Soderberg, Sebastian",18,4,0.0022700220490804446,0.09290913490401287,0.49147142345471373,0.3730649622722191,0.040284457319973876
"Spaun, J.J.",1,4,0.00932953061486208,0.20557270418065193,0.5654018727841466,0.20994942903665947,0.009746463383679904
"Spaun, J.J.",2,4,0.002800170768070931,0.12227923708619365,0.5558787946765789,0.30076537303997153,0.01827642442918498
"Spaun, J.J.",3,5,0.059105982494145226,0.4300385302533642,0.44506475186147937,0.06461958733470352,0.0011711480563076915
"Spaun, J.J.",4,4,0.00849846105636154,0.20277374807647836,0.5718392909050269,0.20793424459693777,0.008954255365195452
"Spaun, J.J.",5,4,0.024625539627869175,0.34175336044191884,0.5339613844274406,0.09784356155233553,0.0018161539504358837
"Spaun, J.J.",6,3,0.007846756334931038,0.20901960456074914,0.5855617027567535,0.19106651081693482,0.006505425530631492
"Spaun, J.J.",7,4,0.0026408593726581775,0.13961535156827565,0.599527800282819,0.24927246108292678,0.008943527693320297
"Spaun, J.J.",8,4,0.004092515228960758,0.13662289701388658,0.5472597463539386,0.29219849373785667,0.019826347665357402
"Spaun, J.J.",9,3,0.0016362192673373133,0.12318064102921916,0.6135883339594236,0.2540059862374383,0.007588819506581634
"Spaun, J.J.",10,5,0.041041465386601916,0.35316359958742927,0.49110828787225247,0.11092026788562415,0.0037663792680922015
"Spaun, J.J.",11,4,0.008170422734248617,0.19857896667888575,0.5713256831076156,0.2125172392151018,0.009407688264148284
"Spaun, J.J.",12,3,0.0019403809325315713,0.1834555101435974,0.6784390600988986,0.13516566716070388,0.000999381664268495
"Spaun, J.J.",13,4,0.011421853594993259,0.2781051845255619,0.5887677111410013,0.11976537101071671,0.001939879727726801
"Spaun, J.J.",14,3,0.007217093313503231,0.23987504810544114,0.6125994472453262,0.13806358871263147,0.0022448226230978863
"Spaun, J.J.",15,4,0.007720129533246911,0.20362964199625677,0.5820833108612646,0.19919333100119807,0.0073735866080336665
"Spaun, J.J.",16,5,0.04106588187603605,0.3594294868238495,0.49096252423824427,0.10528493689851381,0.00325717016335636
"Spaun, J.J.",17,3,0.0017612876140906675,0.14089231898191362,0.6399680215544195,0.21311701542738004,0.004261356422196161
"Spaun, J.J.",18,4,0.0030491504579710504,0.1093263753645285,0.5110408843381766,0.3439134754549015,0.032670114384422355
"Stevens, Sam",1,4,0.009086265743534716,0.20296128709882633,0.5653430207719843,0.21260434040599363,0.010005085979660988
"Stevens, Sam",2,4,0.002713934092057224,0.12028281107624877,0.5543197114202776,0.3039460518806796,0.018737491530736783
"Stevens, Sam",3,5,0.05797992969136795,0.4273219345136925,0.4476649760353189,0.06582395101443106,0.0012092087451895939
"Stevens, Sam",4,4,0.008271210300225429,0.20013506845750267,0.5717721643732061,0.21062370564656208,0.009197851222503717
"Stevens, Sam",5,4,0.02404271075056852,0.3385037546354766,0.5359962860998144,0.09958095678254508,0.0018762917315953143
"Stevens, Sam",6,3,0.007628533275588656,0.20623920100956727,0.585698665284487,0.19373850892564692,0.006695091504710149
"Stevens, Sam",7,4,0.0025541627288163116,0.13728781630847864,0.5984417223567531,0.2525085392884996,0.009207759317452435
"Stevens, Sam",8,4,0.003975081041940165,0.13455450637774885,0.5459563637106962,0.2952100302169892,0.020304018652625544
"Stevens, Sam",9,3,0.0015778447576800803,0.12094350629898099,0.6122149901593397,0.25743651018574754,0.007827148598251732
"Stevens, Sam",10,5,0.0402357576387562,0.35042155939984454,0.49285790989404643,0.11261349281294009,0.0038712802544127456
"Stevens, Sam",11,4,0.007951086177235556,0.19597119959360781,0.5711834839130102,0.21523241592876297,0.00966181438738345
"Stevens, Sam",12,3,0.0018645959034790938,0.18020637270256235,0.6790130737536153,0.137873655212701,0.00104230242764225
"Stevens, Sam",13,4,0.011102458390731484,0.2747396835775317,0.5902556707123486,0.12189462060309997,0.0020075667162882116
"Stevens, Sam",14,3,0.0069985517347940784,0.2366124228266841,0.6135993347654058,0.14046572978359229,0.0023239608895236907
"Stevens, Sam",15,4,0.007506707048466454,0.2009127836267029,0.5820986373976564,0.20189819420294897,0.007583677724225302
"Stevens, Sam",16,5,0.04025106579469295,0.3566423904935899,0.4928165590247934,0.10693970519024798,0.0033502794966757676
"Stevens, Sam",17,3,0.001696802838383027,0.13835557478893262,0.639139475963932,0.21639897510091644,0.004409171307836024
"Stevens, Sam",18,4,0.0029612296906002533,0.10759287866765199,0.5092135478910769,0.34685542910484735,0.033376914645823486
"Stone, Brandon",1,4,0.007996985875885265,0.19069401754438925,0.5644494166862812,0.22553162965876328,0.011327950234681028
"Stone, Brandon",2,4,0.002333373213666612,0.1110295167899834,0.5462868708528872,0.3192658733467688,0.021084365796693927
"Stone, Brandon",3,5,0.05282069535773676,0.41410918992281104,0.45983587081465327,0.07182664493457958,0.0014075989702193592
"Stone, Brandon",4,4,0.007255591986972287,0.18775075047616357,0.5708183079764312,0.22372918866988,0.010446160890552947
"Stone, Brandon",5,4,0.021410507842603288,0.3229838969054966,0.5452149036658788,0.10820063944160996,0.0021900521444113696
"Stone, Brandon",6,3,0.006656141011521621,0.1931936711265933,0.585674790867937,0.20680293641192593,0.0076724605820222
"Stone, Brandon",7,4,0.002173686782929174,0.1264968913666733,0.5925243119898366,0.26823546726819725,0.010569642592363704
"Stone, Brandon",8,4,0.0034536264120598736,0.12493245780590151,0.5391705816082302,0.3097151151654749,0.02272821900833355
"Stone, Brandon",9,3,0.0013238047259845898,0.1106183065136121,0.6048748545592546,0.27412133917393144,0.00906169502721732
"Stone, Brandon",10,5,0.03655455395260532,0.33724813992633995,0.5008269384576741,0.12095971072038936,0.0044106569429912534
"Stone, Brandon",11,4,0.006971183095998257,0.18373839278420584,0.5698724274296886,0.22845467924549578,0.010963317444611542
"Stone, Brandon",12,3,0.0015377140039669612,0.16513614420329276,0.6807178671476408,0.15133609072063925,0.0012721839244601574
"Stone, Brandon",13,4,0.009678642192149367,0.2588376540765034,0.596679551973222,0.1324418657161891,0.0023622860419361125
"Stone, Brandon",14,3,0.006031196782698922,0.22128631060224935,0.6176041872933986,0.15233933871360206,0.0027389666080510633
"Stone, Brandon",15,4,0.006555324384252603,0.18817066575164798,0.5815050888981883,0.21510470686455008,0.008664214101360979
"Stone, Brandon",16,5,0.03653012952404677,0.3432453986640398,0.5012866583435611,0.11510777858058852,0.003830034887763789
"Stone, Brandon",17,3,0.0014168532340674278,0.12662980150494513,0.6343018627119875,0.23246927598586808,0.0051822065631318415
"Stone, Brandon",18,4,0.0025711452479605934,0.09955575328660643,0.500029246210987,0.36090655425005314,0.03693730100439285
"Straka, Sepp",1,4,0.008976199408977537,0.20176518019087109,0.5653010869579226,0.21383143633677504,0.010126097105453757
"Straka, Sepp",2,4,0.0026750614980803333,0.11937150348950631,0.5535882848426483,0.30541218261561676,0.018952967554148326
"Straka, Sepp",3,5,0.057467443302024745,0.42606655932112897,0.4488550405617263,0.0663838558785651,0.0012271009365548702
"Straka, Sepp",4,4,0.008168440057351789,0.1989267443767897,0.5717259208605447,0.2118670107748677,0.009311883930446019
"Straka, Sepp",5,4,0.023778425577473117,0.3370090311411057,0.5369202231289113,0.10038775098267116,0.0019045691698387213
"Straka, Sepp",6,3,0.0075299199508482295,0.2049660666428454,0.5857452191977032,0.19497479261347062,0.006784001595132594
"Straka, Sepp",7,4,0.0025151380635158316,0.13622527767047998,0.5979243830722603,0.25400356993047235,0.009331631263271634
"Straka, Sepp",8,4,0.003922061578941982,0.13360947348835028,0.5453431948569392,0.29659818157862006,0.02052708849714846
"Straka, Sepp",9,3,0.0015516253389648016,0.11992339838286481,0.6115642620909676,0.25902169693617183,0.007939017251030966
"Straka, Sepp",10,5,0.03986933038212176,0.34915842820874,0.49365332826816793,0.11339848612533376,0.003920427015636552
"Straka, Sepp",11,4,0.00785190398801583,0.19477719126679782,0.5711027390125122,0.2164874066403456,0.009780759092328561
"Straka, Sepp",12,3,0.0018306337750431112,0.17872288641112188,0.6792519895354816,0.13913187417364892,0.0010626161047044835
"Straka, Sepp",13,4,0.010958108629148089,0.27319585423452114,0.5909236000451635,0.12288300786168493,0.0020394292294823035
"Straka, Sepp",14,3,0.006899961492456641,0.23511800332186705,0.6140406106510787,0.14158020431507046,0.002361220219527116
"Straka, Sepp",15,4,0.007410253294332869,0.19966887962254704,0.5820895103064947,0.2031492414612296,0.0076821153153958655
"Straka, Sepp",16,5,0.03988054329277657,0.35535832621792907,0.493660066456596,0.10770713938844789,0.003393924644250479
"Straka, Sepp",17,3,0.0016678568926927761,0.13719838997428935,0.6387369508138516,0.2179180838248822,0.004478718494284051
"Straka, Sepp",18,4,0.0029215435511221743,0.10680153798444253,0.5083618923477107,0.34820865339309937,0.0337063727236252
"Strydom, Ockie",1,4,0.004619328808683043,0.1444699868978329,0.5502146858124909,0.28216800879067505,0.018527989690318103
"Strydom, Ockie",2,4,0.0012212613354957713,0.07804431741113949,0.5040234215324384,0.3831352294384083,0.033575770282518125
"Strydom, Ockie",3,5,0.03524820916512478,0.3569481972766017,0.5042409736918385,0.10098059669610748,0.0025820231703275187
"Strydom, Ockie",4,4,0.004131522109913743,0.1412683847563776,0.5559860579265937,0.2813200874491516,0.017293947757963335
"Strydom, Ockie",5,4,0.012966404314670554,0.2605327407014727,0.5732731847196776,0.1491748854555196,0.00405278480865956
"Strydom, Ockie",6,3,0.003702207080071185,0.14432311406363668,0.5737776731435285,0.2650334472447343,0.013163558468029413
"Strydom, Ockie",7,4,0.0010874603781892977,0.08803931137002735,0.5562769825589167,0.33637848643875823,0.0182177592541084
"Strydom, Ockie",8,4,0.0018904803515076285,0.09009108189178205,0.5023022769193549,0.37024201978681237,0.03547414105054303
"Strydom, Ockie",9,3,0.0006229497558778996,0.07452565199104721,0.5621297896298469,0.3465793230166756,0.016142285606552287
"Strydom, Ockie",10,5,0.02415010894553765,0.2828516522767,0.5259720291773833,0.15960772169792403,0.007418487902455029
"Strydom, Ockie",11,4,0.003961215617996228,0.13792183152276793,0.5536384952078267,0.28639400011238336,0.018084457539025767
"Strydom, Ockie",12,3,0.0006694150108086938,0.11154793230492482,0.6694637930387493,0.21552109276250242,0.0027977668830148072
"Strydom, Ockie",13,4,0.005350677330165088,0.1976273731274989,0.6103535662991697,0.18216124219978946,0.0045071410433767944
"Strydom, Ockie",14,3,0.003174694639569209,0.16370563622071704,0.6201143624315479,0.2077511888183019,0.005254117889863963
"Strydom, Ockie",15,4,0.003660085583847894,0.14050798588404928,0.5675323288137795,0.27361506945123315,0.014684530267090268
"Strydom, Ockie",16,5,0.02402005857474976,0.2878241320815691,0.5284709665258391,0.1531550028207388,0.006529839997103215
"Strydom, Ockie",17,3,0.0006525029422245199,0.08542282180389588,0.5998115387395659,0.3043094005493334,0.009803735964980187
"Strydom, Ockie",18,4,0.001405123598077318,0.07083496130419453,0.45532422976841913,0.4173703162731872,0.055065369056121805
"Sullivan, Andy",1,4,0.007332082817419705,0.18268821584033546,0.5632842291698185,0.23439693056472177,0.012298541607704605
"Sullivan, Andy",2,4,0.0021058358336910055,0.10510228898458984,0.5403850147248832,0.32961210463215773,0.02279475582467827
"Sullivan, Andy",3,5,0.04956803640267399,0.40507159976160695,0.46772539682527614,0.0760780443911716,0.001556922619271317
"Sullivan, Andy",4,4,0.006637353103483401,0.17967875100074437,0.569593712297231,0.23272586433568232,0.011364319262858857
"Sullivan, Andy",5,4,0.019784440200998676,0.3126251810153805,0.550897622424053,0.11426627746885054,0.002426478890717232
"Sullivan, Andy",6,3,0.006066726985848148,0.1846949456234716,0.5850287684702996,0.21581284382908972,0.008396715091290918
"Sullivan, Andy",7,4,0.001948018033318455,0.11958323331308318,0.587900858679011,0.27898892575437706,0.01157896422021032
"Sullivan, Andy",8,4,0.003139075807978675,0.1187370648806288,0.5341238013729974,0.3195120399456445,0.024488017992750688
"Sullivan, Andy",9,3,0.0011749340471269298,0.10404511771865016,0.599256567887043,0.285540633310599,0.009982747036580975
"Sullivan, Andy",10,5,0.03424259078397213,0.32838260284264625,0.5057834026585248,0.1267821488804428,0.004809254834413967
"Sullivan, Andy",11,4,0.006374980942575381,0.1757708960710998,0.5684108847001357,0.23752340113528403,0.011919837150905055
"Sullivan, Andy",12,3,0.0013486462034109081,0.15547966766322235,0.6808902594669708,0.16082993360777564,0.0014514930586202457
"Sullivan, Andy",13,4,0.008815200255201716,0.2483793250814076,0.6003275725967623,0.1398467641726857,0.0026311378939427588
"Sullivan, Andy",14,3,0.00545045132253652,0.2112879531814073,0.6195574740547938,0.16065035109162729,0.0030537703496351654
"Sullivan, Andy",15,4,0.005978306638741104,0.17987413664495105,0.5804896824440338,0.22419502504178912,0.009462849230484904
"Sullivan, Andy",16,5,0.03419492231084298,0.334223246525861,0.5065794686987865,0.12081678726816603,0.0041855751963435495
"Sullivan, Andy",17,3,0.0012533836515942198,0.11915001389746066,0.6302597862440682,0.24357045895154172,0.005766357255335253
"Sullivan, Andy",18,4,0.0023360980364700024,0.094404571981895,0.49347823175341715,0.37028513542043906,0.039495962807778784
"Svensson, Jesper",1,4,0.009270893046572692,0.2049472274665607,0.5653918306102091,0.21058232759619455,0.009807721280462922
"Svensson, Jesper",2,4,0.0027793437119520426,0.12180021133106528,0.5555100653352526,0.3015246768311376,0.018385702790592484
"Svensson, Jesper",3,5,0.05883537815867329,0.4293908745929174,0.4456877845688846,0.06490582156821034,0.00118014111131437
"Svensson, Jesper",4,4,0.008443669708373791,0.20214166831448876,0.5718274075632674,0.20857531443373867,0.00901193998013139
"Svensson, Jesper",5,4,0.024485212488690067,0.3409767439821453,0.5344509594257209,0.09825672252313833,0.001830361580305473
"Svensson, Jesper",6,3,0.0077941211524514276,0.20835355214730011,0.5855988852533403,0.19170313486569468,0.006550306581213583
"Svensson, Jesper",7,4,0.002619905954724444,0.13905690463911652,0.5992730553729021,0.25004408278305135,0.009006051250205593
"Svensson, Jesper",8,4,0.004064176882825621,0.1361268425871715,0.546951951196935,0.2929174237311303,0.019939605601937638
"Svensson, Jesper",9,3,0.0016220952240724174,0.12264356702902912,0.6132652773149565,0.2548238836554598,0.007645176776482132
"Svensson, Jesper",10,5,0.040847771186983683,0.35250879118210704,0.49152895619015863,0.11132327176585444,0.003791209674896212
"Svensson, Jesper",11,4,0.008117537058203006,0.19795424819307433,0.5712958504342254,0.2131644931832528,0.009467871131244476
"Svensson, Jesper",12,3,0.001922022861105599,0.18267601012610696,0.6785830358380025,0.13580944421677876,0.0010094869580061783
"Svensson, Jesper",13,4,0.011344820769347286,0.27729972974908085,0.5891277724856261,0.1202718154943867,0.0019558615015591307
"Svensson, Jesper",14,3,0.0071643352783385406,0.2390936108613983,0.612843449711568,0.13863509764086002,0.0022635065078351335
"Svensson, Jesper",15,4,0.007668654929808616,0.202978775465333,0.5820913516781012,0.1998379044873022,0.007423313439455015
"Svensson, Jesper",16,5,0.040869985142953924,0.3587639673838415,0.4914081288084439,0.10567871528293449,0.00327920338182619
"Svensson, Jesper",17,3,0.0017456801850879167,0.14028344327746423,0.6397758096351006,0.21389880054812638,0.004296266354220868
"Svensson, Jesper",18,4,0.0030279316959429536,0.10891045080489159,0.510607189674211,0.344616564188691,0.0328378636362634
"Syme, Connor",1,4,0.007310960328183624,0.18242673222024958,0.5632379884872644,0.23469249751218157,0.012331821452120861
"Syme, Connor",2,4,0.002098669943939868,0.10491018864067603,0.5401830897916209,0.3299548136837457,0.02285323794001748
"Syme, Connor",3,5,0.049463303280588455,0.40477071872722814,0.46798217713246204,0.07622170396100247,0.00156209689871889
"Syme, Connor",4,4,0.006617735786046242,0.17941524594136837,0.5695452500131921,0.23302593522889548,0.011395833030497737
"Syme, Connor",5,4,0.01973252677222348,0.31228373093379924,0.5510783840996422,0.11447068336823218,0.002434674826102934
"Syme, Connor",6,3,0.006048058012369462,0.18441757607458475,0.5849987898054139,0.21611392671270302,0.008421649394928954
"Syme, Connor",7,4,0.0019409352146418923,0.11935915679469578,0.587739232699571,0.27934696245298585,0.011613712838105528
"Syme, Connor",8,4,0.0031291325679698168,0.11853583643719812,0.5339503586342771,0.31983657884319106,0.024548093517363867
"Syme, Connor",9,3,0.0011702853266183366,0.10383264844743306,0.5990615511669741,0.28592097267464645,0.010014542384327974
"Syme, Connor",10,5,0.03416826335606293,0.3280893575012245,0.5059417458432365,0.12697767001381277,0.00482296328566334
"Syme, Connor",11,4,0.006356066774184599,0.17551087953818,0.5683546350318351,0.23782576184913595,0.011952656806664352
"Syme, Connor",12,3,0.0013427753286571753,0.15516673763776623,0.680882614934007,0.16115007562464867,0.001457796474920836
"Syme, Connor",13,4,0.008787847976043983,0.24803668721801791,0.6004389381506365,0.14009604691977318,0.0026404797355283893
"Syme, Connor",14,3,0.005432132162264458,0.21096148137861426,0.6196118944258527,0.1609297797058451,0.0030647123274234467
"Syme, Connor",15,4,0.005960025681445769,0.1796034248001508,0.5804476822290889,0.22449855212617265,0.009490315163141805
"Syme, Connor",16,5,0.03411987113863346,0.33392474177778153,0.5067489207661314,0.12100864935104172,0.00419781696641186
"Syme, Connor",17,3,0.0012482868787555002,0.11890804881299927,0.6301154080784706,0.24394162803592445,0.0057866281938502295
"Syme, Connor",18,4,0.0023286712238674845,0.09423757394426646,0.4932565394899292,0.3705942667651513,0.03958294857678557
"Taylor, Nick",1,4,0.00887146961503732,0.20061843617970887,0.5652519406593113,0.21501449731526434,0.010243656230678244
"Taylor, Nick",2,4,0.0026381589010355255,0.1184996438761381,0.5528767320186561,0.3068233251734377,0.01916214003073269
"Taylor, Nick",3,5,0.056978035028714735,0.42485640548894027,0.44999540701102503,0.06692561936058972,0.0012445331107302504
"Taylor, Nick",4,4,0.008070682273517149,0.19776844790264209,0.5716723325800839,0.21306584190712097,0.009422695336635867
"Taylor, Nick",5,4,0.023526612758572263,0.3355722616909943,0.5378011482708295,0.10116785362781844,0.0019321236517855223
"Taylor, Nick",6,3,0.007436160073382714,0.20374569820469324,0.5857801875242166,0.19616748004354312,0.006870474154164308
"Taylor, Nick",7,4,0.0024781235540523028,0.13520868441246564,0.5974165457547826,0.2554445349340886,0.00945211134461088
"Taylor, Nick",8,4,0.0038716796662034425,0.13270482944239093,0.544745692918785,0.29793426457400785,0.02074353339861279
"Taylor, Nick",9,3,0.0015267896075580878,0.11894808915980165,0.6109274674791912,0.26054974699138744,0.008047906762061574
"Taylor, Nick",10,5,0.039519559016850725,0.3479431548573232,0.49441233405836865,0.1141567422020342,0.003968209865423233
"Taylor, Nick",11,4,0.007757564528716454,0.19363271235173574,0.57101600548427,0.21769738440036002,0.009896333234917787
"Taylor, Nick",12,3,0.0017985093108876526,0.17730342939717492,0.6794666971055134,0.1403488739610429,0.0010824902253810942
"Taylor, Nick",13,4,0.01082085350386619,0.2717143701828767,0.5915558087120655,0.12383846921249952,0.0020704983886921102
"Taylor, Nick",14,3,0.00680632183750618,0.23368524641691701,0.6144536771493766,0.1426571990159129,0.002397555580287314
"Taylor, Nick",15,4,0.007318540924365846,0.19847660820081287,0.5820711171714362,0.2043559079348205,0.007777825768564561
"Taylor, Nick",16,5,0.03952689078723942,0.35412280870473506,0.49446533278866,0.10844859541346807,0.0034363723058974394
"Taylor, Nick",17,3,0.0016404490660492654,0.13609175603543705,0.6383373093036108,0.21938397259536513,0.004546512999537788
"Taylor, Nick",18,4,0.0028838366218525424,0.10604441869466386,0.5075366477692299,0.34950941854811624,0.03402567836613746
"Thomas, Justin",1,4,0.010126539564396464,0.21383590562779647,0.565300917355291,0.20176083623262597,0.008975801219890167
"Thomas, Justin",2,4,0.003085720551257165,0.1286578519759895,0.5604777702282779,0.290880784815975,0.016897872428500382
"Thomas, Justin",3,5,0.06273437279062988,0.4384190309616124,0.43682227931506334,0.06096511034183694,0.0010592065908574533
"Thomas, Justin",4,4,0.009244035049579158,0.2111284377826364,0.5717545423739161,0.19964366675970613,0.008229318034162159
"Thomas, Justin",5,4,0.02652310653973261,0.3519124254331108,0.5273700072863373,0.09255505308572842,0.001639407655090852
"Thomas, Justin",6,3,0.008564231952622903,0.2178245825194286,0.5848184291923579,0.1828495716803341,0.0059431846552564505
"Thomas, Justin",7,4,0.0029290786578627936,0.14704975478514032,0.6025813983161682,0.2392793600415457,0.008160408199282987
"Thomas, Justin",8,4,0.004479624195113607,0.14321421191425232,0.5510719685948499,0.28283905824415934,0.018395137051624877
"Thomas, Justin",9,3,0.0018314727286845578,0.1303492135780936,0.6175154948914645,0.24341885544367703,0.006884963358080309
"Thomas, Justin",10,5,0.04364301383816982,0.36170023072183144,0.4854597882677004,0.10574206803726094,0.0034548991350373814
"Thomas, Justin",11,4,0.008890217299542702,0.20683893318813806,0.5714761492626159,0.20414359916457547,0.008651101085127788
"Thomas, Justin",12,3,0.0021954942438005554,0.19382771016925915,0.676164071453984,0.12693718926077546,0.0008755348721808387
"Thomas, Justin",13,4,0.01247156250581577,0.2887080257333397,0.5838013420577961,0.11327749801967868,0.001741571683369747
"Thomas, Justin",14,3,0.007939042528771478,0.25019709858883005,0.6091172746795904,0.13073350516365745,0.0020130790391506004
"Thomas, Justin",15,4,0.008421623466119021,0.2122360594893778,0.5817253380871467,0.19086702287987145,0.006749956077485075
"Thomas, Justin",16,5,0.043697773743428814,0.36810287251839785,0.48498887309740946,0.10022937047757419,0.002981110163189693
"Thomas, Justin",17,3,0.0019773543004888428,0.1490115746117172,0.6421467181780058,0.2030366340428995,0.0038277188668885964
"Thomas, Justin",18,4,0.003339153327276412,0.11486410409253078,0.5165392950085892,0.33471620598138496,0.03054124159021865
"Tosti, Alejandro",1,4,0.007586146825930951,0.185797937928524,0.5637939340488545,0.23091138058623306,0.011910600610457456
"Tosti, Alejandro",2,4,0.002192333513516387,0.1073941145028871,0.5427415473665984,0.3255597636732579,0.022112240943740202
"Tosti, Alejandro",3,5,0.05082086236615313,0.4086220179888833,0.4646669723580723,0.074393278182597,0.0014968691042942517
"Tosti, Alejandro",4,4,0.006873424492545022,0.18281320160896286,0.5701284573891318,0.2291877984386299,0.01099711807073045
"Tosti, Alejandro",5,4,0.020407602134829395,0.3166707396027525,0.5487238930515622,0.1118663937209472,0.0023313714899086957
"Tosti, Alejandro",6,3,0.006291551923010064,0.1879946469614195,0.5853416452034619,0.2122656121226043,0.008106543789504261
"Tosti, Alejandro",7,4,0.002033632282481046,0.12225653237915551,0.5897709549041039,0.2747643022165397,0.011174578217719833
"Tosti, Alejandro",8,4,0.0032589157516244582,0.12113565240311464,0.5361442979257007,0.3156746875152341,0.023786446404326034
"Tosti, Alejandro",9,3,0.0012312425018435325,0.10658273825336284,0.6015193973119568,0.2810534807703218,0.009613141162515104
"Tosti, Alejandro",10,5,0.03513226500934491,0.33185207129798894,0.5038827426313534,0.12448326487230488,0.0046496561890079224
"Tosti, Alejandro",11,4,0.006602609873200216,0.1788642245828535,0.5690380114936595,0.23395778635527753,0.011537367695009237
"Tosti, Alejandro",12,3,0.0014199215242672314,0.15921329409866236,0.6809158739585854,0.15707214186330787,0.0013787685551771567
"Tosti, Alejandro",13,4,0.009144578747674437,0.25244911317912505,0.5989647308644428,0.13691873937984844,0.0025228378289092745
"Tosti, Alejandro",14,3,0.005671433784396385,0.21517105257922442,0.6188640822040657,0.15736649532261637,0.002926936109697076
"Tosti, Alejandro",15,4,0.006198435978145012,0.18309491802870748,0.5809457501334439,0.22061781957394944,0.009143076285754281
"Tosti, Alejandro",16,5,0.03509337528979595,0.3377545625071418,0.5045472910126805,0.11856165095364912,0.004043120236732589
"Tosti, Alejandro",17,3,0.001315157920332266,0.12203899479530189,0.631916198659001,0.239198422490547,0.005531226134817935
"Tosti, Alejandro",18,4,0.002425624737581067,0.09639666716061224,0.4960768988119179,0.36662241824061115,0.03847839104927764
"Valimaki, Sami",1,4,0.008100297983671345,0.19190064727582762,0.5645840171563801,0.22422563079384294,0.011189406790278023
"Valimaki, Sami",2,4,0.002369061347773982,0.11193052616486432,0.5471302187595612,0.3177307449672333,0.020839448760567092
"Valimaki, Sami",3,5,0.053318712122803646,0.4154424600086069,0.4586425977552956,0.07120969146627432,0.0013865386470195418
"Valimaki, Sami",4,4,0.007351773881834611,0.18896806882071132,0.5709604498016474,0.22240445474502146,0.010315252750785264
"Valimaki, Sami",5,4,0.02166180029929865,0.32452925613563266,0.5443344915958879,0.10731772826444397,0.0021567237047368515
"Valimaki, Sami",6,3,0.006748016878336427,0.1944756588789195,0.5857276923534342,0.20547907430263912,0.007569557586670772
"Valimaki, Sami",7,4,0.0022092115214656927,0.12754778455569837,0.5931677269452635,0.2666490355124207,0.010426241465151698
"Valimaki, Sami",8,4,0.003502764125984603,0.12587199299395596,0.5398878901617741,0.30826158638244205,0.02247576633584325
"Valimaki, Sami",9,3,0.0013473682630176231,0.1116203871051542,0.6056636273857542,0.27243737750249764,0.008931239743576347
"Valimaki, Sami",10,5,0.0369091512902609,0.33856568221987565,0.5000624032283386,0.12010880952663172,0.004353953734893112
"Valimaki, Sami",11,4,0.007063957461558135,0.18494034666966008,0.5700500265691018,0.22711878041484745,0.01082688888483252
"Valimaki, Sami",12,3,0.0015678189952123,0.16660403592445672,0.6806254726481217,0.1499553595062415,0.0012473129259678029
"Valimaki, Sami",13,4,0.009813208676243301,0.26040847650710336,0.5960910152738034,0.1313628101874036,0.0023244893554463797
"Valimaki, Sami",14,3,0.006122120712144907,0.22279362732375735,0.61726300540855,0.15112652028394513,0.00269472627160261
"Valimaki, Sami",15,4,0.006645243644476828,0.18942245935052504,0.5816138578464642,0.2137678335601204,0.008550605598413474
"Valimaki, Sami",16,5,0.03688841321164532,0.3445858086069694,0.5004720660108581,0.11427418851283233,0.003779523657694739
"Valimaki, Sami",17,3,0.0014427697032929898,0.12776907814534744,0.6348489414114893,0.23083924742042217,0.005099963319448175
"Valimaki, Sami",18,4,0.0026078811019694115,0.10033856241039985,0.5009776370328061,0.3595074017374966,0.03656851771732805
"Van Driel, Darius",1,4,0.0063799207141111425,0.17041316104976584,0.5605224562471605,0.248704142813291,0.013980319175671552
"Van Driel, Darius",2,4,0.0017868503861285245,0.09618684777426456,0.5302526999708244,0.34603638465305764,0.02573721721572486
"Van Driel, Darius",3,5,0.044752998436257296,0.39054535550365627,0.47970232552414127,0.08317660232843627,0.0018227182075089
"Van Driel, Darius",4,4,0.0057545414630066904,0.16731876636617843,0.5667074514860655,0.2472599389827601,0.012959301701989334
"Van Driel, Darius",5,4,0.017427482285915674,0.29637980592336294,0.5590214819951205,0.1243234973342997,0.002847732461301211
"Van Driel, Darius",6,3,0.0052288166529205204,0.17168976517913465,0.5829792688038771,0.23043754178011322,0.009664607583954599
"Van Driel, Darius",7,4,0.001634300598386873,0.10918431272961315,0.5795538936340131,0.2962817142339018,0.013345778804085051
"Van Driel, Darius",8,4,0.0026940522586271776,0.10936768497690819,0.5253666267339278,0.33506826800603895,0.02750336802449793
"Van Driel, Darius",9,3,0.0009705379276183645,0.09422434335754731,0.5892799372074391,0.3039191121953675,0.011606069312027678
"Van Driel, Darius",10,5,0.030833056480290943,0.31435733604681504,0.5129523190154357,0.13635199521547736,0.005505293241981013
"Van Driel, Darius",11,4,0.005524065457728988,0.16357984487945,0.5651559833789697,0.25216003390413766,0.013580072379713704
"Van Driel, Darius",12,3,0.0010926236902557007,0.1409641981906864,0.6795692087869893,0.17659143732439386,0.001782532007674753
"Van Driel, Darius",13,4,0.0075874101889928935,0.2322243454240015,0.6049835281819151,0.15209171233844387,0.003113003866646591
"Van Driel, Darius",14,3,0.004633186576742054,0.19597145956432266,0.6214282699855829,0.17434865573664493,0.003618428136707541
"Van Driel, Darius",15,4,0.005157502278136106,0.16718500520587132,0.577879656096699,0.2389206369857626,0.010857199433531028
"Van Driel, Darius",16,5,0.030753811278475096,0.31994114241044813,0.5142781702856084,0.13021862636254877,0.004808249662919595
"Van Driel, Darius",17,3,0.0010297903328872482,0.10795358356098245,0.6225964618985367,0.2616104771843466,0.006809687023247024
"Van Driel, Darius",18,4,0.0020039000573162102,0.08665014233840651,0.48252130704369534,0.3849901979266783,0.04383445263390362
"Van Rooyen, Erik",1,4,0.007991280434513859,0.19062710045574516,0.5644416442185771,0.22560428427786772,0.01133569061329609
"Van Rooyen, Erik",2,4,0.002331404886170896,0.11097960737636231,0.5462397523512006,0.3193511919762103,0.021098043410055833
"Van Rooyen, Erik",3,5,0.05279313632702981,0.414035030957186,0.45990201821621657,0.07186103699042756,0.0014087775091400356
"Van Rooyen, Erik",4,4,0.007250281231192479,0.1876832459971282,0.5708101066615645,0.22380289027905886,0.010453475831055936
"Van Rooyen, Erik",5,4,0.02139661971407386,0.3228980734707671,0.5452635522912219,0.10824983718321834,0.002191917340718774
"Van Rooyen, Erik",6,3,0.006651069373493024,0.19312258278880506,0.5856715235588188,0.20687661092688514,0.00767821335199792
"Van Rooyen, Erik",7,4,0.00217172845555752,0.12643867875942044,0.592488227197946,0.26832370612637857,0.010577659460697442
"Van Rooyen, Erik",8,4,0.00345091478463605,0.12488039737460654,0.5391304746567713,0.30979589923478923,0.02274231394919679
"Van Rooyen, Erik",9,3,0.0013225067515598155,0.11056282012957541,0.6048306736127944,0.274215008283591,0.009068991222479283
"Van Rooyen, Erik",10,5,0.03653493610880898,0.3371749304003272,0.5008692082467174,0.12100709886513383,0.004413826379012553
"Van Rooyen, Erik",11,4,0.006966060648905037,0.18367174333959052,0.5698622577290462,0.22852899781011526,0.010970940472343038
"Van Rooyen, Erik",12,3,0.0015360570636193671,0.16505483235187707,0.6807224935605061,0.15141303816816698,0.0012735788558304595
"Van Rooyen, Erik",13,4,0.009671213784103905,0.25875049753704765,0.5967119024219316,0.13250198417797154,0.0023644020789452824
"Van Rooyen, Erik",14,3,0.0060261807313266025,0.22120272023924992,0.617622758786182,0.15240689672403618,0.0027414435192052444
"Van Rooyen, Erik",15,4,0.006550360569068103,0.18810125410170642,0.581498724614114,0.21517909639469002,0.008670564320421459
"Van Rooyen, Erik",16,5,0.036510308651326207,0.3431709153173583,0.5013317090923327,0.1151542082123358,0.0038328587266469594
"Van Rooyen, Erik",17,3,0.0014154259712009232,0.1265667105223523,0.6342710552459077,0.23255999821499385,0.00518681004554522
"Van Rooyen, Erik",18,4,0.0025691181466266366,0.09951238968557291,0.4999763563542698,0.3609842580200737,0.03695787779345694
"Veerman, Johannes",1,4,0.007244425924867903,0.1816000539356828,0.5630883076256914,0.2356294896961979,0.01243772281756006
"Veerman, Johannes",2,4,0.0020761236519852844,0.1043034879781286,0.5395408197219107,0.33104030271632845,0.023039265931646957
"Veerman, Johannes",3,5,0.04913281331369179,0.40381708069856637,0.4687935690898225,0.07667795118324139,0.0015785857146779492
"Veerman, Johannes",4,4,0.006555952041084501,0.17858223641175397,0.5693884258724945,0.23397725761608157,0.011496128058585464
"Veerman, Johannes",5,4,0.01956889648778004,0.3112029326841833,0.5516477628088929,0.1151196139076952,0.0024607941114485055
"Veerman, Johannes",6,3,0.005989275070546196,0.1835407662973509,0.5849002222232664,0.21706869909754856,0.008501037311287929
"Veerman, Johannes",7,4,0.0019186603459767082,0.11865146747146771,0.5872237428204763,0.2804817812457797,0.011724348116299521
"Veerman, Johannes",8,4,0.003097832417963964,0.11790012306249059,0.5333983661099967,0.32086452915612396,0.024739149253424797
"Veerman, Johannes",9,3,0.0011556752724980468,0.1031618580555419,0.5984401205939215,0.2871265345868532,0.010115811491185345
"Veerman, Johannes",10,5,0.03393376773767892,0.3271607117481618,0.5064408131952859,0.12759810383733106,0.004866603481542331
"Veerman, Johannes",11,4,0.006296499175218795,0.17468893036482985,0.5681731716242351,0.23878429553757918,0.01205710329813714
"Veerman, Johannes",12,3,0.0013243379675940137,0.15417845579697176,0.6808527738433382,0.16216650991993742,0.0014779224721586104
"Veerman, Johannes",13,4,0.008701722632076025,0.24695300725504388,0.6007876728496317,0.14088733704553613,0.002670260217712217
"Veerman, Johannes",14,3,0.0053744820015820816,0.20992939008605438,0.6197799259500524,0.16181660670900921,0.0030995952533019455
"Veerman, Johannes",15,4,0.0059024625458947155,0.17874768521067153,0.58031112884787,0.22546097238614393,0.009577751009419933
"Veerman, Johannes",16,5,0.033883102103380025,0.3329794082062257,0.5072831597581342,0.12161753580969448,0.0042367941225656125
"Veerman, Johannes",17,3,0.0012322719307849561,0.11814405868287708,0.6296537032974885,0.24511872880413965,0.00585123728470982
"Veerman, Johannes",18,4,0.002305293805238251,0.09371013031277525,0.49255238676551555,0.3715727572306925,0.03985943188577845
"Vegas, Jhonattan",1,4,0.008148523607799829,0.19246063052966966,0.5646429277066085,0.22362215139291042,0.01112576676301158
"Vegas, Jhonattan",2,4,0.002385750342874471,0.11234935475957131,0.5475175795338261,0.3170204359166623,0.02072687944706586
"Vegas, Jhonattan",3,5,0.05355053227703399,0.41605868409154523,0.45808848471187313,0.07092541261458662,0.0013768863049610225
"Vegas, Jhonattan",4,4,0.00739668186481629,0.18953307475835485,0.5710227374803645,0.22179237280852537,0.010255133087939017
"Vegas, Jhonattan",5,4,0.021778980653769764,0.32524503571981694,0.5439238620890906,0.10691067136861077,0.0021414501687119225
"Vegas, Jhonattan",6,3,0.006790930189456146,0.1950707065869376,0.5857483910805865,0.20486764183958672,0.007522330303432967
"Vegas, Jhonattan",7,4,0.0022258356687325787,0.1280362768599828,0.5934616764099354,0.26591578274287064,0.01036042831847861
"Vegas, Jhonattan",8,4,0.0035257249697661086,0.12630853325670827,0.5402170089465235,0.30758903952616223,0.022359693300839978
"Vegas, Jhonattan",9,3,0.0013584065712442528,0.11208644868417106,0.6060246310213497,0.27165911067131154,0.008871403051923465
"Vegas, Jhonattan",10,5,0.037074266502890585,0.3391755008374562,0.4997060970781976,0.11971621201922256,0.004327923562233105
"Vegas, Jhonattan",11,4,0.007107276309168464,0.18549825641832146,0.5701287462688284,0.2265014914388791,0.010764229564802608
"Vegas, Jhonattan",12,3,0.0015819376251370865,0.16728635857636714,0.6805768473206297,0.14931890657670654,0.0012359499011594943
"Vegas, Jhonattan",13,4,0.009876059418060412,0.2611369878444598,0.5958145539882476,0.13086522171830794,0.0023071770309242012
"Vegas, Jhonattan",14,3,0.006164624881553227,0.2234931795772867,0.6171006302781317,0.15056710128500117,0.002674463978027175
"Vegas, Jhonattan",15,4,0.006687240922683135,0.1900035197437301,0.5816604988413105,0.21315028734253216,0.008498453149744067
"Vegas, Jhonattan",16,5,0.037055255577138346,0.3452061745458931,0.5000925858529519,0.11388964228706855,0.0037563417369480545
"Vegas, Jhonattan",17,3,0.001454913994494822,0.12829885662572504,0.6350974285180073,0.23008651807630276,0.005062282785470051
"Vegas, Jhonattan",18,4,0.002625048493592297,0.10070242781806521,0.5014143721270019,0.35885934382989204,0.036398807731448546
"Vilips, Karl",1,4,0.007088970058061084,0.1796503643501951,0.5627141020730764,0.2378548751353331,0.012691688383334343
"Vilips, Karl",2,4,0.0020235986152284946,0.10287635943675072,0.538002510247874,0.3336125808126975,0.023484950887449285
"Vilips, Karl",3,5,0.04835710761430789,0.4015534167593929,0.47070461284589443,0.07776658990122731,0.0016182728791774847
"Vilips, Karl",4,4,0.006411652626123199,0.17661797498501336,0.5689966472865173,0.23623699291950007,0.011736732182846099
"Vilips, Karl",5,4,0.019185942065490402,0.30864602701778177,0.5529778262742931,0.11666653522113779,0.0025236694212968924
"Vilips, Karl",6,3,0.0058520682367222965,0.18147340119015104,0.5846447460022852,0.21933809860489206,0.00869168596594938
"Vilips, Karl",7,4,0.0018668276305880416,0.11698679116872174,0.585980641970232,0.28317570485564214,0.01199003437481605
"Vilips, Karl",8,4,0.0030248220929587344,0.11640363934371356,0.532074366414012,0.3233005420586096,0.025196630090706162
"Vilips, Karl",9,3,0.0011217364674240837,0.10158542655262714,0.5969448940185368,0.28998871243831836,0.010359230523093621
"Vilips, Karl",10,5,0.03338366027620954,0.32496114601221415,0.5076084942746185,0.12907533070855992,0.004971368728397874
"Vilips, Karl",11,4,0.006157385327936027,0.17275094355466197,0.5677231660359195,0.24106086688176243,0.012307638199720028
"Vilips, Karl",12,3,0.00128158993685612,0.1518539463752488,0.6807479473215388,0.16458991179540738,0.0015266045709488862
"Vilips, Karl",13,4,0.008500687934271112,0.24439458985970214,0.6015897883157882,0.14277292745427295,0.0027420064359655605
"Vilips, Karl",14,3,0.0052401065697695315,0.20749553886606392,0.6201518011009215,0.1639289106009979,0.003183642862247149
"Vilips, Karl",15,4,0.005768091265925146,0.17673014439460472,0.5799661910389469,0.22774792338172611,0.009787649918797214
"Vilips, Karl",16,5,0.033327721191515725,0.33074012172564665,0.5085340980907609,0.12306765668878539,0.004330402303291292
"Vilips, Karl",17,3,0.0011950889617255989,0.116348132364122,0.6285329373215394,0.24791702346589672,0.006006817886716309
"Vilips, Karl",18,4,0.00225077171766469,0.09246929867324638,0.4908718394439993,0.3738875649146366,0.04052052525045302
"Von Dellingshausen, Nicolai",1,4,0.0071181064568564545,0.18001774980440927,0.5627869056563619,0.23743386189401383,0.012643376188358535
"Von Dellingshausen, Nicolai",2,4,0.002033426638667124,0.10314487401323846,0.5382949195235848,0.33312656517663897,0.023400214647870676
"Von Dellingshausen, Nicolai",3,5,0.048502874604602786,0.4019815334071138,0.4703447954299879,0.07756008908255385,0.0016107074757416573
"Von Dellingshausen, Nicolai",4,4,0.0064386919233676565,0.176988067401034,0.5690728406361423,0.23580944726708275,0.011690952772373309
"Von Dellingshausen, Nicolai",5,4,0.01925778594064176,0.309128680339398,0.5527285874987458,0.11637326336218834,0.002511682859026143
"Von Dellingshausen, Nicolai",6,3,0.005877769456418935,0.18186290019104923,0.5846953742343919,0.21890856617524868,0.008655389942891278
"Von Dellingshausen, Nicolai",7,4,0.0018765196572753662,0.11729999935307717,0.5862178354560591,0.2826661926548457,0.011939452878742651
"Von Dellingshausen, Nicolai",8,4,0.003038493027785638,0.11668532267236353,0.5323262429052871,0.3228402633830041,0.02510967801155961
"Von Dellingshausen, Nicolai",9,3,0.0011280763192165755,0.1018818754789868,0.5972298403237706,0.2894473438882138,0.010312863989812238
"Von Dellingshausen, Nicolai",10,5,0.03348700320445713,0.3253766285119362,0.5073894797030759,0.12879546140936482,0.004951427171165923
"Von Dellingshausen, Nicolai",11,4,0.006183451901477011,0.1731160646389034,0.5678103436378299,0.2406301674797212,0.012259972342068548
"Von Dellingshausen, Nicolai",12,3,0.0012895666030637853,0.1522912789011649,0.6807714261348821,0.16413042985131643,0.0015172985095728286
"Von Dellingshausen, Nicolai",13,4,0.00853834595070535,0.2448769580430285,0.601440849489095,0.14241552399398938,0.002728322523181781
"Von Dellingshausen, Nicolai",14,3,0.005265257253107447,0.20795412288977427,0.620084371087172,0.16352863695757747,0.003167611812368798
"Von Dellingshausen, Nicolai",15,4,0.005793262591532955,0.17711024086059668,0.5800336627755385,0.2273151365016608,0.009747697270671152
"Von Dellingshausen, Nicolai",16,5,0.03343204833520452,0.3311631279685255,0.5082993622869072,0.12279288099423658,0.004312580415126166
"Von Dellingshausen, Nicolai",17,3,0.0012020327452519353,0.11668590714248461,0.6287475672327554,0.24738734034684862,0.005977152532659513
"Von Dellingshausen, Nicolai",18,4,0.0022609799624395688,0.09270277655207054,0.49119065000433887,0.37345061876810903,0.04039497471304199
"Walker, Danny",1,4,0.007005576641415823,0.1785937547707167,0.5624987367302434,0.2390700958312334,0.012831836026390597
"Walker, Danny",2,4,0.0019955115575809868,0.10210514961329431,0.5371549125914643,0.3350137900018122,0.023730636235848257
"Walker, Danny",3,5,0.04793891551126317,0.40031806383164115,0.4717386922948983,0.07836406780885685,0.0016402605533405445
"Walker, Danny",4,4,0.006334277199341265,0.1755536812378909,0.5687713283324631,0.2374711570760768,0.011869556154227912
"Walker, Danny",5,4,0.01898013620969813,0.30725570230149285,0.5536910000724138,0.11751465258382121,0.0025585088325740246
"Walker, Danny",6,3,0.005778545171769067,0.18035335037582678,0.5844926414816458,0.22057841123860833,0.008797051732149952
"Walker, Danny",7,4,0.0018391458416882611,0.11608721953651974,0.5852907710081923,0.2846459944050169,0.012136869208582812
"Walker, Danny",8,4,0.0029857271138638564,0.11559429676983096,0.5313437301780256,0.3246275763464561,0.02544866959182346
"Walker, Danny",9,3,0.0011036450037700818,0.10073439420290214,0.5961170516591442,0.29155101560305896,0.01049389353112462
"Walker, Danny",10,5,0.033087257965200734,0.32376357585783305,0.5082357237935802,0.12988419415726293,0.005029248226123162
"Walker, Danny",11,4,0.006082796101903487,0.17170100015802797,0.5674662244189356,0.24230405191085747,0.012445927410275504
"Walker, Danny",12,3,0.0012588501639502203,0.15059794035062307,0.6806706901963062,0.16591879936023501,0.001553719928885533
"Walker, Danny",13,4,0.008392958523618599,0.24300656858650904,0.6020123668952295,0.14380631039786496,0.002781795596777825
"Walker, Danny",14,3,0.005168210392696604,0.20617673099942002,0.620338821073835,0.16508597822306248,0.0032302593109858613
"Walker, Danny",15,4,0.005696080818821447,0.17563717152621744,0.5797656817432095,0.2289974569949147,0.009903608916836948
"Walker, Danny",16,5,0.03302851274950058,0.3295208118502094,0.5092066270628233,0.12386190817933906,0.0043821401581276564
"Walker, Danny",17,3,0.0011752794751073714,0.11537833600235309,0.6279066846290589,0.2494466444437704,0.006093055449710283
"Walker, Danny",18,4,0.002221581164441211,0.09179867884296672,0.4899493572977882,0.3751462031799325,0.04088417951487133
"Wallace, Matt",1,4,0.009663485123497018,0.209088043832804,0.5654114970613845,0.20642697630546814,0.00940999767684636
"Wallace, Matt",2,4,0.0029192653339867314,0.1249814331700097,0.5578967223816634,0.29652715418922615,0.01767542492511398
"Wallace, Matt",3,5,0.06063739925813799,0.43364349102054944,0.4415606521849261,0.06303645736691865,0.0011220001694678405
"Wallace, Matt",4,4,0.00881067519957679,0.20632704822506454,0.5718576370646719,0.20436706482936606,0.008637574681320759
"Wallace, Matt",5,4,0.02542282867046808,0.3460981015117052,0.531184890855557,0.09555564988997589,0.0017385290722937707
"Wallace, Matt",6,3,0.008146926734038551,0.21276414476205374,0.5853021982139273,0.18752732683726436,0.006259403452716139
"Wallace, Matt",7,4,0.002760858599690774,0.14276523555697662,0.600897154775192,0.24497592928941392,0.008600821778726675
"Wallace, Matt",8,4,0.004254284434483113,0.1394183647818723,0.5489388335480687,0.2881855581644084,0.019202959071167425
"Wallace, Matt",9,3,0.0017172952995047064,0.1262136788896845,0.6153358675391579,0.24945282756631382,0.0072803307053390665
"Wallace, Matt",10,5,0.04213849134125108,0.35682105600601655,0.48872565400198015,0.1086846165312636,0.003630182119488623
"Wallace, Matt",11,4,0.008471807493940497,0.2020913955469409,0.571444532594639,0.2089150240968558,0.009077240267623798
"Wallace, Matt",12,3,0.0020460183414432453,0.18785132643692698,0.6775550525411882,0.13160304436990522,0.0009445583105363031
"Wallace, Matt",13,4,0.011861097565471102,0.2826245372886513,0.5867019051080727,0.11695979315959715,0.0018526668782077316
"Wallace, Matt",14,3,0.0075185106251019485,0.24426667853587586,0.6111761350065713,0.13489579239123362,0.0021428834412172693
"Wallace, Matt",15,4,0.008013649629769914,0.20728923882980382,0.5819876645778785,0.19560858648440116,0.00710086047814662
"Wallace, Matt",16,5,0.04217553284248243,0.3631461991658582,0.48844059036707477,0.10310129346329389,0.003136384161290695
"Wallace, Matt",17,3,0.0018509381072473463,0.1443293427035568,0.6409761325248122,0.20877283196115526,0.004070754703228374
"Wallace, Matt",18,4,0.0031703062883607913,0.11167247534437608,0.513432184480919,0.3399800934677897,0.03174494041855447
"Waring, Paul",1,4,0.006417426156403283,0.17091677354951512,0.5606603315905279,0.24809924896813074,0.013906219735423053
"Waring, Paul",2,4,0.0017992536947595839,0.09654848755818868,0.5306953522990929,0.3453487971850364,0.02560810926292234
"Waring, Paul",3,5,0.04494648725582567,0.39115779739435985,0.4792144477132056,0.08287044159164825,0.001810826044960634
"Waring, Paul",4,4,0.0057892545765879655,0.16782545389447878,0.5668512706825668,0.24664509554555336,0.012888925300813092
"Waring, Paul",5,4,0.017520998056649417,0.2970551027914487,0.558703501722946,0.12389152179298635,0.0028288756359695633
"Waring, Paul",6,3,0.005261674162453711,0.17222268007618252,0.5830900679059265,0.22981715916373235,0.009608418691704923
"Waring, Paul",7,4,0.0016464357539721086,0.10960608277449418,0.5799277501583898,0.2955522432845309,0.013267488028612995
"Waring, Paul",8,4,0.002711453557976251,0.10974897684815754,0.5257513241154823,0.33441688546180215,0.02737136001658169
"Waring, Paul",9,3,0.0009783839985451626,0.09462105550549943,0.5897231749168674,0.30314352390247057,0.011533861676617407
"Waring, Paul",10,5,0.030969762427721315,0.3149433724200501,0.5126693869226463,0.13594299081839967,0.005474487411182616
"Waring, Paul",11,4,0.005557514223491766,0.16407939287377138,0.5653150446829389,0.2515411965593115,0.013506851660486374
"Waring, Paul",12,3,0.0011023666297799717,0.14155255638150677,0.6796634714283862,0.1759141871950669,0.001767418365260065
"Waring, Paul",13,4,0.00763556015514022,0.2328899312754255,0.6048165091986928,0.15156663618152533,0.003091363189216212
"Waring, Paul",14,3,0.004665034514024835,0.1965994052449599,0.6213800965676934,0.1737624044835242,0.003593059189797687
"Waring, Paul",15,4,0.0051897016307986266,0.16770481573929313,0.5780132774812178,0.2382967047576534,0.01079550039103705
"Waring, Paul",16,5,0.03089171671397567,0.32053811848036384,0.5139731724250041,0.1298163473647561,0.004780645015900253
"Waring, Paul",17,3,0.0010383529915079515,0.10840634750742151,0.622947513080228,0.2608448575395126,0.00676292888133001
"Waring, Paul",18,4,0.002016881901412859,0.08696486430837252,0.4829935041939847,0.3843790963416288,0.043645653254601124
"Whitnell, Dale",1,4,0.005675088396332795,0.16060206255000187,0.5573882795340873,0.2608127242780629,0.01552184524151512
"Whitnell, Dale",2,4,0.0015563826257952162,0.08921283168711702,0.521144555971274,0.3596737070348872,0.028412522680926644
"Whitnell, Dale",3,5,0.04105218163848601,0.3783216268210111,0.4891325087834062,0.08941994592119973,0.0020737368358969555
"Whitnell, Dale",4,4,0.005103192197106199,0.15745505975234003,0.5634423427154298,0.2595740751750544,0.014425330160069638
"Whitnell, Dale",5,4,0.01565893318006778,0.2830705929541702,0.5649266631854327,0.13309789669974048,0.0032459139805888215
"Whitnell, Dale",6,3,0.004613783404961103,0.16131980964859216,0.5803327147107604,0.24289382239373225,0.010839869841954064
"Whitnell, Dale",7,4,0.0014098501970292165,0.1010522344827029,0.5717038656699764,0.3108510210340272,0.014983028616264216
"Whitnell, Dale",8,4,0.0023691223392899308,0.10199305174384166,0.517413926485724,0.34799078119614646,0.03023311823499797
"Whitnell, Dale",9,3,0.0008263843928525416,0.08660331750450018,0.5800345773514637,0.3194142590345924,0.01312146171659112
"Whitnell, Dale",10,5,0.028223312402947898,0.3027522406129244,0.5182528072550554,0.14462270910369368,0.006148930625378579
"Whitnell, Dale",11,4,0.004896606050075469,0.15385882165672715,0.561592135523367,0.2645477666366879,0.01510467013314254
"Whitnell, Dale",12,3,0.0009149850835166728,0.12962970896040055,0.6769999035949632,0.19034777472333486,0.0021076276377847147
"Whitnell, Dale",13,4,0.006686137529483049,0.21921123145393756,0.6077914218858286,0.16273985781418532,0.0035713513165654964
"Whitnell, Dale",14,3,0.004040362578091428,0.18374832318491807,0.6218400790862619,0.18621531320189233,0.004155921948836294
"Whitnell, Dale",15,4,0.004554575252500859,0.15707257851021922,0.5747922409272002,0.2514347294849212,0.01214587582515858
"Whitnell, Dale",16,5,0.028122326646085494,0.3081159601577025,0.52001403585712,0.13836177673847916,0.005385900600612836
"Whitnell, Dale",17,3,0.0008728010284608234,0.0992480842173285,0.6150950700266683,0.27698611883270885,0.007797925894833524
"Whitnell, Dale",18,4,0.0017616118265779135,0.08057738227975453,0.472915426705979,0.3970286620101712,0.04771691717751736
"Wiesberger, Bernd",1,4,0.00626089702753807,0.16880315376456462,0.5600669893947874,0.25064860267653044,0.014220357136579542
"Wiesberger, Bernd",2,4,0.0017475797049160136,0.09503310267930004,0.5288216032282844,0.34824259249240275,0.026155121895096833
"Wiesberger, Bernd",3,5,0.04413674611709406,0.38857774356085084,0.4812597252055044,0.08416443186732137,0.0018613532492293139
"Wiesberger, Bernd",4,4,0.005644413986329033,0.1656991698540266,0.5662324848021795,0.24923659111264296,0.013187340244821932
"Wiesberger, Bernd",5,4,0.01713032455114505,0.29421582204393393,0.5600286743379798,0.12571617983487426,0.002908999232067
"Wiesberger, Bernd",6,3,0.005124627756534883,0.16998647290893404,0.5826090642677231,0.2324330118242819,0.00984682324252617
"Wiesberger, Bernd",7,4,0.0015959150153745938,0.10783877465288527,0.5783400499197506,0.2986255992558964,0.013599661156093124
"Wiesberger, Bernd",8,4,0.002638901708847563,0.10815051922821045,0.524121692989244,0.3371584042081509,0.02793048186554703
"Wiesberger, Bernd",9,3,0.0009457534838020476,0.09295968231060397,0.587842826640329,0.30641134601463205,0.011840391550632878
"Wiesberger, Bernd",10,5,0.030397826542785222,0.3124775880635847,0.5138499913382795,0.1376694230729747,0.0056051709823758955
"Wiesberger, Bernd",11,4,0.005417954891265675,0.16198319329725314,0.5646322255630271,0.2541493201309668,0.013817306117487327
"Wiesberger, Bernd",12,3,0.0010618954991541973,0.13908749000918197,0.6792438563425536,0.17877493943921485,0.0018318187098953498
"Wiesberger, Bernd",13,4,0.007434729314260424,0.2300949439674319,0.6055029581158968,0.1537840104202941,0.003183358182116791
"Wiesberger, Bernd",14,3,0.004532313531769305,0.19396427881292355,0.6215650773108088,0.17623742141086252,0.003700908933635838
"Wiesberger, Bernd",15,4,0.005055393027224131,0.16552368316313842,0.5774366065400138,0.2409270902252687,0.011057227044354856
"Wiesberger, Bernd",16,5,0.030314801532110747,0.3180261881701366,0.5152465719781132,0.1315146618925368,0.004897776427102651
"Wiesberger, Bernd",17,3,0.0010027538992105622,0.10650997050625172,0.62145238883898,0.26407325042954866,0.006961636326008991
"Wiesberger, Bernd",18,4,0.001962760469429725,0.08564596733104218,0.48099831441936536,0.3869483225566135,0.044444635223549245
"Willett, Danny",1,4,0.006814901834613751,0.17614893446839663,0.5619660121334185,0.24190706808698692,0.013163083476584236
"Willett, Danny",2,4,0.0019315308544948229,0.10032664849266426,0.5351557127748248,0.33827550436836473,0.02431060350965142
"Willett, Danny",3,5,0.04697717837683191,0.39743630327044027,0.4741268502353522,0.07976719564099244,0.0016924724763831556
"Willett, Danny",4,4,0.006157451047746176,0.17309166055298353,0.5682143972812592,0.24035285971939313,0.012183631398617889
"Willett, Danny",5,4,0.018508577366332712,0.3040261483038742,0.5553200766682118,0.1195039458868894,0.0026412517746918773
"Willett, Danny",6,3,0.005610654660344161,0.17776264746119863,0.5841033131207204,0.2234768535276188,0.009046531230118005
"Willett, Danny",7,4,0.001776181837795543,0.11401273572908904,0.5836503251762711,0.28807622786061726,0.012484529396227018
"Willett, Danny",8,4,0.0028965276801072304,0.11372608589244398,0.5296173711374157,0.32771678831951934,0.026043226970513755
"Willett, Danny",9,3,0.0010625848009957473,0.09877415292670633,0.5941537504237983,0.2951964038524003,0.010813107996099358
"Willett, Danny",10,5,0.032406053304565696,0.32097752661543655,0.5096716222302302,0.13177856290748946,0.005166234942278081
"Willett, Danny",11,4,0.005912352256782327,0.1692724839273092,0.5668359461004605,0.24520633919144252,0.012772878524005438
"Willett, Danny",12,3,0.0012073665913242548,0.1477019090638927,0.6804359110542013,0.169036301334615,0.0016185119559667394
"Willett, Danny",13,4,0.008146948894636907,0.23979084401110246,0.6029568243761136,0.14622899306953663,0.002876389648610367
"Willett, Danny",14,3,0.005004328349089815,0.20312577976036073,0.6207317269319524,0.16779706641151504,0.0033410985470819776
"Willett, Danny",15,4,0.005531626018164759,0.1731093258345357,0.5792645764325214,0.2319164285587274,0.010178043156050753
"Willett, Danny",16,5,0.03234095433283962,0.3266838831242141,0.5107478220176218,0.1257226874405577,0.004504653084766774
"Willett, Danny",17,3,0.0011303502046698943,0.11314381991211386,0.6264061029424803,0.2530217787702609,0.006297948170475021
"Willett, Danny",18,4,0.0021549915536910325,0.09025191488403134,0.48778290215697334,0.37806970926054895,0.04174048214475534
"Woodland, Gary",1,4,0.007503008241218634,0.18478744191156604,0.5636363915527045,0.23203806545061867,0.012035092843892148
"Woodland, Gary",2,4,0.0021639667769176585,0.10664792549548036,0.541984833863772,0.3268718503472221,0.022331423516607884
"Woodland, Gary",3,5,0.05041228571626277,0.4074739313713203,0.46566171290682384,0.07493598241033161,0.0015160875952614505
"Woodland, Gary",4,4,0.006796151194640221,0.1817945314420511,0.5699630558113501,0.23033133767174696,0.011114923880211625
"Woodland, Gary",5,4,0.020203935889676394,0.3153592100255854,0.5494350471464283,0.11264000218478598,0.0023618047535238773
"Woodland, Gary",6,3,0.006217926543600816,0.1869222060853134,0.5852487495589731,0.2134115549032688,0.008199562908843938
"Woodland, Gary",7,4,0.0020055312399104297,0.12138614483110866,0.5891737482545139,0.2761303649056598,0.011304210768807277
"Woodland, Gary",8,4,0.0032196512193014004,0.12035513417433774,0.5354962343733245,0.3169171380158913,0.02401184221714514
"Woodland, Gary",9,3,0.0012127369479582595,0.1057559612347912,0.6007954556541285,0.2825043050940752,0.009731541069046834
"Woodland, Gary",10,5,0.034842006803183945,0.33072830238243944,0.504503871359056,0.1252249875532122,0.004700831902108349
"Woodland, Gary",11,4,0.006528096189568178,0.17785884301194682,0.568842637738866,0.23511034067503922,0.011660082384579828
"Woodland, Gary",12,3,0.001396464303357714,0.15799762968703052,0.6809206717202456,0.15828327993207003,0.0014019543572960647
"Woodland, Gary",13,4,0.009036717889039036,0.25112767439378736,0.5994152897878665,0.13786284655203818,0.002557471377268916
"Woodland, Gary",14,3,0.005598992170770645,0.2139091538473336,0.6190986732623756,0.15842568728229156,0.0029674934372285744
"Woodland, Gary",15,4,0.0061263528961122415,0.18204806963569592,0.5808062811579663,0.2217736832926246,0.009245613017600962
"Woodland, Gary",16,5,0.034800229705695074,0.3366108379683519,0.5052110353054095,0.11928911200453207,0.004088785016011509
"Woodland, Gary",17,3,0.0012948482664930094,0.12109792901856387,0.6313901486804248,0.2406106286403159,0.005606445394202519
"Woodland, Gary",18,4,0.002396288883051545,0.09574811609833245,0.4952400868037007,0.36780984735995703,0.03880566085495829
"Wu, Ashun",1,4,0.00659664840822799,0.17329934681596876,0.561283327670643,0.24525880857052273,0.013561868534637478
"Wu, Ashun",2,4,0.0018587115612508365,0.09826420806017871,0.5327575861485212,0.3421120034491789,0.02500749078087039
"Wu, Ashun",3,5,0.045866564122520936,0.394035822603356,0.47690185892506715,0.08143997786212998,0.0017557764869259307
"Wu, Ashun",4,4,0.005955204681646842,0.17022305851054786,0.567501392838998,0.24375834987593847,0.012561994092868733
"Wu, Ashun",5,4,0.017967079071431524,0.30023961731631943,0.557180614028653,0.12187109327022672,0.0027415963133692323
"Wu, Ashun",6,3,0.005418859208609517,0.1747446629635997,0.5835823885926754,0.22690640647789906,0.009347682757216313
"Wu, Ashun",7,4,0.0017046825528952425,0.11160715170107383,0.5816591797986247,0.2921248077024996,0.012904178244906639
"Wu, Ashun",8,4,0.0027947560264104387,0.11155647219204878,0.5275411629245444,0.33135070574127945,0.02675690311571688
"Wu, Ashun",9,3,0.0010161143785898386,0.09650512975018988,0.5917799014134556,0.299499751391362,0.011199103066402705
"Wu, Ashun",10,5,0.03162017683503826,0.3177033811047175,0.5113173103796615,0.13402763927161243,0.00533149240897024
"Wu, Ashun",11,4,0.005717431816699148,0.1664434635079729,0.5660371457306679,0.24863529266761653,0.013166666277043548
"Wu, Ashun",12,3,0.0011493185432013275,0.14434452314530372,0.6800616010462024,0.17274674414660662,0.001697813118685998
"Wu, Ashun",13,4,0.00786589948137173,0.2360355892613264,0.6039975164154568,0.149109713729074,0.002991281112771027
"Wu, Ashun",14,3,0.004817625031823314,0.1995707851641096,0.6211179726489459,0.17101787087772824,0.0034757462773929992
"Wu, Ashun",15,4,0.005343723189063454,0.17016495884108074,0.578613793170794,0.2353684396208573,0.010509085178204591
"Wu, Ashun",16,5,0.031547916870202974,0.323349413091828,0.5125170830882744,0.12793302382791172,0.00465256312178286
"Wu, Ashun",17,3,0.0010795533074753894,0.11055607556677366,0.624564799340842,0.2572530045412492,0.006546567243659762
"Wu, Ashun",18,4,0.002079036640109222,0.08845777271017224,0.48520061490520455,0.3814970523277611,0.04276552341675288
"Yu, Kevin",1,4,0.009141740769161022,0.20356067007770073,0.5653604776705761,0.21199205632698825,0.009945055155573868
"Yu, Kevin",2,4,0.0027335609961349205,0.12074021408653884,0.5546821296987825,0.3032135575944672,0.018630537624076515
"Yu, Kevin",3,5,0.05823751638891311,0.4279483891289625,0.447068397472881,0.06554534452650385,0.0012003524827395307
"Yu, Kevin",4,4,0.008323019980459256,0.20074063758748623,0.5717916575260655,0.2100033902954448,0.009141294610544248
"Yu, Kevin",5,4,0.024175776147664807,0.33925128551124034,0.5355313587405265,0.0991792830088829,0.001862296591685464
"Yu, Kevin",6,3,0.007678264998728812,0.20687727219581936,0.585671494079141,0.19312194485391754,0.006651023872393247
"Yu, Kevin",7,4,0.0025738795738990405,0.137821104518059,0.5986962493820545,0.2517624017095059,0.009146364816481567
"Yu, Kevin",8,4,0.004001830725167466,0.1350286290392922,0.5462597911367935,0.2945164925812397,0.020193256517507252
"Yu, Kevin",9,3,0.0015911053482512982,0.12145577409537045,0.6125359308688456,0.2566454535770073,0.007771736110525396
"Yu, Kevin",10,5,0.040419994447825514,0.3510528245162948,0.4924578968368456,0.11222236968480903,0.0038469145142250305
"Yu, Kevin",11,4,0.008001089143808371,0.1965696320171838,0.5712202388307318,0.21460622253220862,0.009602817476067393
"Yu, Kevin",12,3,0.0018817908573952047,0.1809508830907055,0.6788876483910342,0.13724739793451202,0.0010322797263531136
"Yu, Kevin",13,4,0.01117525138491976,0.2755127648207826,0.589917728458121,0.1214024498050097,0.001991805531166957
"Yu, Kevin",14,3,0.007048311561070386,0.23736128621677427,0.6133742361135355,0.13991063453155295,0.0023055315770669216
"Yu, Kevin",15,4,0.007555347348158714,0.20153623652371477,0.5820993765745515,0.20127416279132593,0.007534876762249176
"Yu, Kevin",16,5,0.04043737287027399,0.35728407541226237,0.49239251055650385,0.10655739447209756,0.0033286466888622357
"Yu, Kevin",17,3,0.0017114466665369976,0.13893657036166995,0.6393357213684712,0.21564150074919908,0.004374760854122806
"Yu, Kevin",18,4,0.0029812543894121024,0.10799005513190224,0.5096368409007157,0.34617866693767874,0.03321318264029127
