player,hole,par,p_eagle_or_better,p_birdie,p_par,p_bogey,p_double_or_worse
"Aberg, Ludvig",1,4,0.005216647935803842,0.12683400793005833,0.4963529462432956,0.3333996354668157,0.038196762424026476
"Aberg, Ludvig",2,4,0.008923748485042682,0.15147448006315578,0.4887870782522889,0.31153156926604,0.03928312393347266
"Aberg, Ludvig",3,4,0.019762904161547412,0.22043437862680088,0.5010949353605232,0.2359758295756239,0.02273195227550462
"Aberg, Ludvig",4,5,0.020711636400784827,0.26664201909257723,0.5330759236363776,0.17126339311099237,0.00830702775926806
"Aberg, Ludvig",5,4,0.00933449179676571,0.21460504152902926,0.573966225226274,0.19448807048108607,0.007606170966844905
"Aberg, Ludvig",6,3,0.0033060409453878337,0.13605358434984444,0.5692657105643344,0.27681795739808,0.01455670674235332
"Aberg, Ludvig",7,4,0.003090499787515355,0.10786320542002381,0.5050791359103222,0.348945296451301,0.035021862430837714
"Aberg, Ludvig",8,3,0.0014548603770526136,0.10341935640688876,0.5754490516742724,0.30546759357743103,0.01420913796435519
"Aberg, Ludvig",9,4,0.0038660695836527093,0.09686312779721845,0.4425635957035806,0.3892334374916011,0.06747376942394712
"Aberg, Ludvig",10,4,0.004506173988577722,0.1286789179591134,0.5180526929807318,0.3193021796773412,0.029460035394235917
"Aberg, Ludvig",11,4,0.016931055779030924,0.2465782003566641,0.5406528249697997,0.18634294372673443,0.009494975167770758
"Aberg, Ludvig",12,5,0.005430414851250398,0.1313717510352186,0.5028560205852699,0.32518542338761414,0.035156390140646976
"Aberg, Ludvig",13,3,0.009617509529839474,0.21129904004049294,0.5680214505121386,0.20227765432510658,0.00878434559242236
"Aberg, Ludvig",14,4,0.00881922853254452,0.2506719246360269,0.6011693597107932,0.13687391968920803,0.00246556743142734
"Aberg, Ludvig",15,4,0.003720554079455707,0.10102789033732656,0.4613816152219195,0.377727907151476,0.05614203320982225
"Aberg, Ludvig",16,3,0.00265122066489748,0.14388281693921273,0.6068672226269549,0.2388784959179725,0.007720243850962372
"Aberg, Ludvig",17,4,0.024597507499337534,0.2742358882639907,0.5201190424275738,0.17167393636824768,0.009373625440850297
"Aberg, Ludvig",18,4,0.003257648017121695,0.1263231933578277,0.5490609875529823,0.30147574420125833,0.01988242687080999
"An, Byeong Hun",1,4,0.004085731887002841,0.11088226721673494,0.48136015990794345,0.35798851785928143,0.045683323129037334
"An, Byeong Hun",2,4,0.00717119416372719,0.13454799402340728,0.4774567111783524,0.33427355773478984,0.04655054289972327
"An, Byeong Hun",3,4,0.01629311200529765,0.20018521447258225,0.49879617325418,0.2574139813206653,0.027311518947274793
"An, Byeong Hun",4,5,0.016793305475269693,0.2420666023785354,0.5382299725036167,0.1924496257512256,0.010460493891352618
"An, Byeong Hun",5,4,0.007253126893004169,0.19003250946680056,0.5735989567935065,0.21934064153913269,0.009774765307556166
"An, Byeong Hun",6,3,0.0024735031085279524,0.11694668336815878,0.5559114979318501,0.3062359113800449,0.01843240421141823
"An, Byeong Hun",7,4,0.0023567985853419904,0.0928372710184649,0.48684710915127155,0.3755749164599843,0.042383904784937254
"An, Byeong Hun",8,3,0.0010453228175724694,0.08679361641306266,0.5559768329898562,0.3379442730294214,0.018239954750087217
"An, Byeong Hun",9,4,0.0030352938046763756,0.0842276950888392,0.424040195161807,0.4100858759264281,0.07861094001824931
"An, Byeong Hun",10,4,0.0034816678360098385,0.11188581913330847,0.5031757922279554,0.3456668676920761,0.035789853110650194
"An, Byeong Hun",11,4,0.01361933760533357,0.222471363003245,0.5433221402735324,0.20865658810448662,0.011930571013402336
"An, Byeong Hun",12,5,0.0042519319911450415,0.11494001461509118,0.488500309149249,0.35010294230469563,0.042204801939819125
"An, Byeong Hun",13,3,0.007505541811828109,0.18731502954401652,0.5668153928704709,0.22716115918289115,0.011202876590793331
"An, Byeong Hun",14,4,0.006692507469392206,0.22139773435307897,0.6091197457832119,0.15943863373406586,0.0033513786602510365
"An, Byeong Hun",15,4,0.002900027266087679,0.08764669287188293,0.44295851700677635,0.4004052215691619,0.06608954128609112
"An, Byeong Hun",16,3,0.001933652144400777,0.12269803458243517,0.5959285370829499,0.2693004970758781,0.010139279114335986
"An, Byeong Hun",17,4,0.020164282588937155,0.2503597760265892,0.525615224835557,0.19216709838167345,0.011693618167243125
"An, Byeong Hun",18,4,0.0024540370719612348,0.10864067446839021,0.5337920998978843,0.3303383470204079,0.02477484154135634
"Bairstow, Sam",1,4,0.003396251866400357,0.0999933342108465,0.4687823656435733,0.37588347726842053,0.05194457101075933
"Bairstow, Sam",2,4,0.006077977001687551,0.12281492801273625,0.4676095539691983,0.35090811968844715,0.05258942132793076
"Bairstow, Sam",3,4,0.014075578110268605,0.18577054058350162,0.4954193394377856,0.27356202616925906,0.03117251569918511
"Bairstow, Sam",4,5,0.01432039834823906,0.2244511125834026,0.5399480469879474,0.20892881424653398,0.012351627833876888
"Bairstow, Sam",5,4,0.005988799370815867,0.17288021729927283,0.5707960298968818,0.23862626966070666,0.011708683772322814
"Bairstow, Sam",6,3,0.0019853274944132138,0.10404677016222263,0.543724959807768,0.32840764449979853,0.021835298035797646
"Bairstow, Sam",7,4,0.0019199394742213105,0.08272720965334268,0.47184244564015176,0.3949146927991928,0.048595712433091465
"Bairstow, Sam",8,3,0.000813742433966147,0.07582140026276646,0.5392859785492599,0.3622648032907513,0.02181407546325631
"Bairstow, Sam",9,4,0.002528391717734446,0.07567598725014396,0.40938519325241324,0.4247059556166788,0.08770447216302957
"Bairstow, Sam",10,4,0.002864240968334486,0.10046513543949598,0.49046575023299965,0.3650503998694896,0.041154473489680266
"Bairstow, Sam",11,4,0.011544821724613186,0.20532684005240298,0.5431411865014601,0.22592291456802394,0.014064237153499803
"Bairstow, Sam",12,5,0.003533499714315158,0.10370929422804409,0.4763212965756677,0.36831620651426034,0.04811970296771273
"Bairstow, Sam",13,3,0.006217975958433153,0.17056805290842159,0.5634782135471759,0.2463901254319839,0.013345632153985432
"Bairstow, Sam",14,4,0.0054252281493499255,0.20089045327474192,0.61199205751103,0.17751186331516977,0.004180397749708353
"Bairstow, Sam",15,4,0.002402367560844443,0.07859988575062343,0.42821985267171153,0.41649254784626466,0.07428534617055593
"Bairstow, Sam",16,3,0.0015219458747781633,0.10846016068576181,0.5850004648751153,0.29268688812652655,0.012330540437818227
"Bairstow, Sam",17,4,0.01733933348247846,0.23314962196225303,0.5277285234055799,0.20806690331275646,0.013715617836932203
"Bairstow, Sam",18,4,0.00198021105300783,0.09671569983933032,0.5204586054414697,0.35183503579268094,0.029010447873511147
"Ballester, Jose Luis",1,4,0.002732493038203221,0.08838779312225703,0.4528693396273304,0.3960216260663587,0.059988748145850646
"Ballester, Jose Luis",2,4,0.005003067397072791,0.1101301488513255,0.4548264917419061,0.3697350165891581,0.06030527542053754
"Ballester, Jose Luis",3,4,0.011846479768747975,0.16981024949490792,0.48979775702849,0.2923725805237949,0.03617293318405923
"Ballester, Jose Luis",4,5,0.011864736921664065,0.2048474066977592,0.539694508558298,0.22870040951232629,0.01489293830995242
"Ballester, Jose Luis",5,4,0.004776891996276844,0.15425256780807245,0.564936877941203,0.2616910284741819,0.014342633780265901
"Ballester, Jose Luis",6,3,0.0015321874450978101,0.09045264278922072,0.5274294853031012,0.3541834845386391,0.026402199923941216
"Ballester, Jose Luis",7,4,0.0015084548661960517,0.07209614607043191,0.4531403629405882,0.4166171824252579,0.05663785369752594
"Ballester, Jose Luis",8,3,0.0006058294818938048,0.06450087932705467,0.517903197183833,0.3903387193025336,0.026651374704684816
"Ballester, Jose Luis",9,4,0.00203985983694549,0.06662738945411933,0.3916437343895177,0.44055297906945634,0.09913603724996112
"Ballester, Jose Luis",10,4,0.0022762378951899365,0.08833846339980478,0.4741834050613698,0.3870727429378785,0.04812915070575696
"Ballester, Jose Luis",11,4,0.009498798339326486,0.18638060516237248,0.5406603495965391,0.24653549483790638,0.016924752063855575
"Ballester, Jose Luis",12,5,0.0028419468656268876,0.09172665991686457,0.460789054460614,0.3888999236038442,0.05574241515305034
"Ballester, Jose Luis",13,3,0.00497956569275787,0.1523721267419449,0.5571014113696828,0.26930006867541667,0.016246827520197793
"Ballester, Jose Luis",14,4,0.004232606556679341,0.1785737327419562,0.6120774316220249,0.19975615562175775,0.0053600734575818265
"Ballester, Jose Luis",15,4,0.0019254375061752427,0.06903899200698704,0.41022609659306947,0.43413739641167454,0.08467207748209371
"Ballester, Jose Luis",16,3,0.0011474958626725984,0.09352979301353342,0.5695967443063625,0.3203706922083299,0.015355274609101466
"Ballester, Jose Luis",17,4,0.01450876981856919,0.2138964091396922,0.5280764383625329,0.22710388548488403,0.016414497194321642
"Ballester, Jose Luis",18,4,0.0015380634575244412,0.0841575196526862,0.5031325939632136,0.376548768154608,0.0346230547719677
"Barbaree, Philip",1,4,0.0020855158875731084,0.07563819987155673,0.4317811257734162,0.4194709362989979,0.07102422216845605
"Barbaree, Philip",2,4,0.003928267190345391,0.09595281064074035,0.43745111358383343,0.3918407868591356,0.07082702172594524
"Barbaree, Philip",3,4,0.009558231220369806,0.15146783243877782,0.48057917776307557,0.31529134038147,0.04310341819630681
"Barbaree, Philip",4,5,0.00938243504138464,0.18221259277198742,0.5361815284746256,0.2536541815320079,0.01856926217999444
"Barbaree, Philip",5,4,0.003603102475880693,0.1333652002095767,0.5541694635971,0.29065182118264543,0.01821041253479727
"Barbaree, Philip",6,3,0.001109793378290591,0.07573988239422885,0.5047503699843244,0.3854101849240793,0.03298976931907682
"Barbaree, Philip",7,4,0.0011178113437048665,0.060607192152452805,0.42873998226343196,0.4417701848218726,0.06776482941853779
"Barbaree, Philip",8,3,0.0004196574895835581,0.05255916312211212,0.4893204430230086,0.4240075543167059,0.03369318204858984
"Barbaree, Philip",9,4,0.001562841261588399,0.0567658942140733,0.36914139743275937,0.45810393368231705,0.11442593340926188
"Barbaree, Philip",10,4,0.0017106301715590355,0.07508122443258114,0.4523600413914063,0.41301913809940694,0.0578289659050466
"Barbaree, Philip",11,4,0.00744739947144013,0.1646827813682621,0.5344306063011799,0.2723882445970225,0.021050968262095404
"Barbaree, Philip",12,5,0.002168011062922137,0.07854726467831868,0.4400477460419663,0.4129995563529316,0.06623742186386128
"Barbaree, Philip",13,3,0.0037750274899936986,0.1319536863256714,0.5458545561830954,0.2979386704432827,0.020478059557956785
"Barbaree, Philip",14,4,0.003103687750021955,0.15352409214220902,0.6075457537388478,0.22864386078735066,0.007182605581570578
"Barbaree, Philip",15,4,0.0014629632767552136,0.058637033432567764,0.38721235102528373,0.4539930262026758,0.0986946260627175
"Barbaree, Philip",16,3,0.0008070777295208775,0.07747976444878263,0.5472128217282589,0.3546381850827176,0.019862151010719975
"Barbaree, Philip",17,4,0.011616038221943126,0.19152401015353848,0.5254920815547389,0.2510790558460224,0.020288814223757057
"Barbaree, Philip",18,4,0.001123191529799783,0.07057163500820746,0.47962433307821534,0.40608027572179317,0.04260056466198425
"Bauchou, Zach",1,4,0.0028145673466834498,0.08989398849656988,0.45509709321416125,0.3933439311072837,0.058850419835301704
"Bauchou, Zach",2,4,0.005137356798920412,0.1117876359923462,0.45663482223344326,0.3672241818004337,0.059216003174856424
"Bauchou, Zach",3,4,0.012127937947911505,0.17191902968801936,0.4906617442969651,0.28982864082511295,0.03546264724199111
"Bauchou, Zach",4,5,0.01217292700828887,0.2074429404915758,0.5398684115666414,0.2259897273234257,0.014525993610068122
"Bauchou, Zach",5,4,0.004926389037982926,0.15669061135965412,0.5658884901530322,0.2585344087740338,0.01396010067529696
"Bauchou, Zach",6,3,0.0015872166480725425,0.09220689214175004,0.5297592949068752,0.35070325304712135,0.025743343256180884
"Bauchou, Zach",7,4,0.001558793952843196,0.07346696426847105,0.45574214439925537,0.4137360939388275,0.0554960034406029
"Bauchou, Zach",8,3,0.0006306656812854472,0.06594693538640312,0.5209094069769047,0.3865619969231405,0.025950995032266166
"Bauchou, Zach",9,4,0.0021003058495727145,0.06779788121415581,0.3940827750043646,0.43848495409337007,0.09753408383853679
"Bauchou, Zach",10,4,0.002348558461506556,0.08990934881793916,0.47647393354223877,0.38413121234372116,0.04713694683459435
"Bauchou, Zach",11,4,0.009754732509739406,0.18888095666356597,0.5411359483779588,0.2437162045361727,0.016512157912563108
"Bauchou, Zach",12,5,0.002927451991726171,0.09328254973708688,0.4629704549108014,0.38615730797655157,0.05466223538383397
"Bauchou, Zach",13,3,0.005132591256533148,0.1547542897132585,0.5581164721720253,0.2661700713166105,0.01582657554157252
"Bauchou, Zach",14,4,0.0043783791597684085,0.1814964910143549,0.6122679648591324,0.19667173931295157,0.0051854256537927634
"Bauchou, Zach",15,4,0.0019842839680787594,0.07027496539759498,0.41270845141342277,0.43182103100415886,0.08321126821674463
"Bauchou, Zach",16,3,0.0011925089176288983,0.09545157742737814,0.5718409748085576,0.3166014624405302,0.014913476405905124
"Bauchou, Zach",17,4,0.014865568452290034,0.21645188213097677,0.5281603694145253,0.22449622761536925,0.016025952386838682
"Bauchou, Zach",18,4,0.0015919002865596443,0.08577770753793251,0.5055830094438434,0.37322950041271163,0.033817882318952774
"Beck, Evan",1,4,0.0019471798491225156,0.07267349794770778,0.42624171055735643,0.42512466984646813,0.07401294179934514
"Beck, Evan",2,4,0.0036941815100443587,0.09261562244399962,0.43281727863460995,0.3972069413031424,0.07366597610820369
"Beck, Evan",3,4,0.009050462447120322,0.14706674659350616,0.4778795970023912,0.32100912397904957,0.04499406997793276
"Beck, Evan",4,5,0.008837874654517686,0.17676806762991742,0.5347604097889094,0.26003291947593976,0.0196007284507157
"Beck, Evan",5,4,0.0033534392333247065,0.12844315040164045,0.5508744820878979,0.29802306456799577,0.019305863709141224
"Beck, Evan",6,3,0.0010223952472668274,0.0723571904713507,0.49863279642900143,0.39315445407871696,0.03483316377366408
"Beck, Evan",7,4,0.0010358688136000715,0.05796678200724287,0.4223929376813191,0.44780979933104137,0.07079461216679661
"Beck, Evan",8,3,0.0003822527729926972,0.049863510980246495,0.48178873666118593,0.4322906664863,0.03567483309927488
"Beck, Evan",9,4,0.0014606906146776844,0.05448475833947897,0.3633833704135371,0.46217335949879434,0.11849782113351193
"Beck, Evan",10,4,0.0015908582830377327,0.07200972705493786,0.4465917248276486,0.41932822060615993,0.0604794692282159
"Beck, Evan",11,4,0.006999986608594244,0.159492717485391,0.5323336437149693,0.2789672617822593,0.022206390408786136
"Beck, Evan",12,5,0.0020239363241517094,0.07548024493572236,0.43457534828262095,0.41883392130985075,0.06908654914765422
"Beck, Evan",13,3,0.0035180237360166178,0.12713912975493147,0.5424658132808927,0.30520588569605267,0.021671147532106527
"Beck, Evan",14,4,0.002867640343296618,0.1476215641408694,0.6056286518548625,0.23616607713461224,0.007716066526359255
"Beck, Evan",15,4,0.0013644303264021551,0.05623414854213338,0.3812942669071094,0.4586551754372892,0.10245197878706591
"Beck, Evan",16,3,0.0007379361817557717,0.07380901807741713,0.5410388026614688,0.3632641454567974,0.021150097622560926
"Beck, Evan",17,4,0.010976399151643113,0.18611824011960654,0.5243351269369925,0.25719977880621625,0.021370454985541576
"Beck, Evan",18,4,0.0010369252311946964,0.06744825809730604,0.473370839818678,0.4133324760294659,0.04481150082335539
"Berger, Daniel",1,4,0.00463990059328806,0.11895698048937164,0.48941801977056104,0.345309456315266,0.04167564283151326
"Berger, Daniel",2,4,0.008035627112064792,0.14315297721013953,0.48361213267922726,0.3225320854811623,0.04266717751740612
"Berger, Daniel",3,4,0.0180165096175266,0.21055721606085842,0.5003132706459661,0.24625810607646548,0.024854897599183357
"Berger, Daniel",4,5,0.01873270439351421,0.25468126955439757,0.5359665132576685,0.18132699537792996,0.009292517416489732
"Berger, Daniel",5,4,0.008272117446286642,0.2025525703163799,0.574281991322428,0.20629967919863035,0.008593641716275191
"Berger, Daniel",6,3,0.002876938862385492,0.1265903294888988,0.5632829828590158,0.29091963080942196,0.016330117980277947
"Berger, Daniel",7,4,0.002713887490850442,0.10041274410697076,0.49659033543618036,0.36184981254907267,0.03843322041692576
"Berger, Daniel",8,3,0.001241694897778589,0.09513147884221024,0.5665166303641891,0.32106260986809576,0.01604758602772638
"Berger, Daniel",9,4,0.00344245986413938,0.09060773086189183,0.4338214938700033,0.3994404733281858,0.07268784207577972
"Berger, Daniel",10,4,0.003982039662856707,0.12037795410355379,0.511216958551431,0.33203395056751617,0.03238909711464233
"Berger, Daniel",11,4,0.015254985896568207,0.23481805442337222,0.5423582020016766,0.1969583368838952,0.010610420794487818
"Berger, Daniel",12,5,0.004829402852529696,0.12326075863368996,0.49624236759774276,0.3372392846531952,0.03842818626284239
"Berger, Daniel",13,3,0.008540576308780079,0.19953604900993893,0.5679163816431647,0.21411905972016387,0.009887933317952458
"Berger, Daniel",14,4,0.007728058935937199,0.23633110857186262,0.6055834690418227,0.1474946771861051,0.0028626862642723294
"Berger, Daniel",15,4,0.003301485875695953,0.09440149737305331,0.4527193936132238,0.38879158347733245,0.06078603966069451
"Berger, Daniel",16,3,0.0022792066154935786,0.13337791906444912,0.6021521067452029,0.2533746756972429,0.008816091877611454
"Berger, Daniel",17,4,0.022364531293871726,0.2626344029926825,0.5231469846235817,0.18141617831446388,0.010437902775400243
"Berger, Daniel",18,4,0.00284406747777205,0.11756214217986077,0.5421028121373821,0.3153598901615471,0.022131088043437996
"Bezuidenhout, Christiaan",1,4,0.0037787874991415116,0.1061619180173281,0.4761633826125733,0.36563075358411523,0.04826515828684186
"Bezuidenhout, Christiaan",2,4,0.006687136081603207,0.1294806073548217,0.47341986214460974,0.34136781155519336,0.049044582863772
"Bezuidenhout, Christiaan",3,4,0.01531682033253945,0.19399915486245173,0.4975339953840507,0.26424978212340755,0.028900247297550585
"Bezuidenhout, Christiaan",4,5,0.01570123935630463,0.23451826753610772,0.5391792010821901,0.199370560243311,0.011230731782086556
"Bezuidenhout, Christiaan",5,4,0.006689715390202855,0.18263518171939697,0.5726696153854556,0.2274460602048164,0.010559427300128155
"Bezuidenhout, Christiaan",6,3,0.0022541672948195868,0.11133884023665697,0.5509648964536449,0.31562345044985485,0.019818645565023774
"Bezuidenhout, Christiaan",7,4,0.00216123375220284,0.08843920436841235,0.48062039699320264,0.38383935060291174,0.04493981428327043
"Bezuidenhout, Christiaan",8,3,0.0009403949837557546,0.08199754606387727,0.5491101613662983,0.3482594683466097,0.01969242923945891
"Bezuidenhout, Christiaan",9,4,0.0028096835871418424,0.08051320353970581,0.4179051009381949,0.4163888523892256,0.08238315954573183
"Bezuidenhout, Christiaan",10,4,0.003206046894702219,0.10693029604952747,0.4979448886294364,0.3539240997782078,0.03799466864812606
"Bezuidenhout, Christiaan",11,4,0.012701590343936142,0.21511102029076817,0.5434696036957016,0.2159176443289601,0.012800141340634008
"Bezuidenhout, Christiaan",12,5,0.003932091360054402,0.11007291850274015,0.483480634074908,0.35787260998029957,0.04464174608199789
"Bezuidenhout, Christiaan",13,3,0.0069322692647740825,0.18009323766196828,0.5656497121582493,0.23525107229418007,0.012073708620828238
"Bezuidenhout, Christiaan",14,4,0.006125178382211827,0.21255962404365714,0.6106561083173897,0.16697545741935194,0.0036836318373894006
"Bezuidenhout, Christiaan",15,4,0.0026782150938570726,0.08371602307398052,0.43680378350366117,0.40732020011960557,0.06948177820889567
"Bezuidenhout, Christiaan",16,3,0.0017477268572130833,0.11650116725516962,0.5915718064150471,0.27915437209213834,0.011024927380431815
"Bezuidenhout, Christiaan",17,4,0.018919616746135792,0.24299525438731945,0.5267177510541411,0.19884865937198848,0.012518718440415189
"Bezuidenhout, Christiaan",18,4,0.002241428181923244,0.10345551222678517,0.5283297375296916,0.33946689670624364,0.0265064253553563
"Bhatia, Akshay",1,4,0.004496462158298631,0.11691801495538368,0.4874777759750684,0.34846518795739656,0.042642558953852716
"Bhatia, Akshay",2,4,0.007812983288590092,0.14098743381044165,0.4821427218646706,0.32545135167230865,0.04360550936398899
"Bhatia, Akshay",3,4,0.01757496306975037,0.20796239611537354,0.5000022008024068,0.24901391144148532,0.02544652857098395
"Bhatia, Akshay",4,5,0.01823447729160721,0.25153046228031445,0.5366090943659958,0.18405480005122532,0.00957116601085728
"Bhatia, Akshay",5,4,0.008008174542629531,0.19940695645241374,0.5742110132197894,0.20949944181995817,0.00887441396520916
"Bhatia, Akshay",6,3,0.0027716425273517364,0.1241494606553119,0.5615451452907929,0.29470209680237436,0.016831654724169143
"Bhatia, Akshay",7,4,0.002620989843909849,0.09849379370164935,0.494233483703063,0.3652673036935693,0.03938442905780848
"Bhatia, Akshay",8,3,0.0011900438976568672,0.09301058964656461,0.5639926004242121,0.32523736361994104,0.01656940241162541
"Bhatia, Akshay",9,4,0.0033370869731140784,0.08899360170376297,0.43143293445265757,0.4021116180633234,0.07412475880714198
"Bhatia, Akshay",10,4,0.0038522045829095797,0.11823187056095685,0.5092894235145898,0.33541942805367353,0.033207073287870204
"Bhatia, Akshay",11,4,0.014834110433049497,0.23172876292310984,0.5426809471655989,0.19983062930015838,0.010925550178083387
"Bhatia, Akshay",12,5,0.004679931302569773,0.12116026056063917,0.49438326702044066,0.3404378982363936,0.03933864287995681
"Bhatia, Akshay",13,3,0.008272684931634577,0.19646576043239544,0.5677384269427919,0.21732213551780966,0.010200992175368517
"Bhatia, Akshay",14,4,0.007458726500351176,0.23258240211352205,0.6065770261350723,0.1504042909559571,0.0029775542950973843
"Bhatia, Akshay",15,4,0.0031974567823670474,0.0926921763799542,0.4503421182193442,0.3916982640492843,0.06206998456905022
"Bhatia, Akshay",16,3,0.002188599461831753,0.13067218899823396,0.6007195427019549,0.2572901931953889,0.009129475642590479
"Bhatia, Akshay",17,4,0.02180046886009679,0.2595723175565138,0.5238348323255597,0.184054369408731,0.010738011849098728
"Bhatia, Akshay",18,4,0.0027423891537671774,0.11530346381853374,0.5401215649191684,0.31906872379352225,0.02276385831500849
"Blair, Zac",1,4,0.0030074213702218078,0.09334943251783673,0.460018189139557,0.3872737779416211,0.056351179030763365
"Blair, Zac",2,4,0.005451302110144829,0.11557721516664654,0.4606087227855847,0.3615411844368158,0.05682157550080813
"Blair, Zac",3,4,0.012782490728475981,0.17671369180352187,0.4924857071849612,0.28411184245392695,0.03390626782911399
"Blair, Zac",4,5,0.012891824701899313,0.21333847495950176,0.5401005522866448,0.21994043118762607,0.013728716864328083
"Blair, Zac",5,4,0.005278096654656117,0.16226063315883954,0.5678465572738045,0.25148328126793507,0.013131431644764824
"Blair, Zac",6,3,0.0017176766417285605,0.09624310609576975,0.5348531356385098,0.3428749730223165,0.024311108601675402
"Blair, Zac",7,4,0.0016777026293700592,0.07662206419086964,0.46150765034985713,0.407199283026799,0.05299329980310419
"Blair, Zac",8,3,0.0006900219910192518,0.06929102659224717,0.5275370741265846,0.37805058031712147,0.024431296973027594
"Blair, Zac",9,4,0.00224229177598384,0.07048752451971746,0.39951933796653977,0.43375158617881043,0.0939992595589485
"Blair, Zac",10,4,0.0025189415126735115,0.0935166304941375,0.4815217087503836,0.37747829974737235,0.04496441949543306
"Blair, Zac",11,4,0.01035271008924149,0.1945695463517142,0.5420456935256981,0.23741685449980499,0.015615195533541293
"Blair, Zac",12,5,0.003128374901983366,0.09685114710716586,0.46778155724475595,0.37994657222628514,0.052292348519809684
"Blair, Zac",13,3,0.005492298128453976,0.1601958915516022,0.5602245977702733,0.2591722428004246,0.014914969749245888
"Blair, Zac",14,4,0.004722887801015763,0.1881720944556739,0.6124664710478076,0.18982768864390953,0.004810858051593203
"Blair, Zac",15,4,0.0021227030865567653,0.07311600902553556,0.4182320486677393,0.4265353923044271,0.0799938469157413
"Blair, Zac",16,3,0.0012997572052008688,0.09987902650026431,0.5767029266472341,0.3081590683361316,0.013959221311169112
"Blair, Zac",17,4,0.015696045931870517,0.22224912529333962,0.5282000896141057,0.21867428517184573,0.015180453988838494
"Blair, Zac",18,4,0.0017193666137647057,0.0895058505513236,0.5109691311843301,0.3657431705082026,0.032062481142379085
"Blanchet, Chandler",1,4,0.002821506258094908,0.09002032389089898,0.4552816265366038,0.39312021381259143,0.05875632950181087
"Blanchet, Chandler",2,4,0.005148691096462821,0.11192650359871387,0.4567843570834542,0.36701451673318686,0.05912593148818224
"Blanchet, Chandler",3,4,0.01215165232723403,0.172095381834113,0.49073226721687,0.2896167220474296,0.035403976574353346
"Blanchet, Chandler",4,5,0.012198919929934493,0.20765992898273988,0.5398809398485909,0.22576444205650836,0.014495769182226392
"Blanchet, Chandler",5,4,0.004939033324546815,0.15689482739828442,0.5659655390135598,0.2582719765999417,0.013928623663667206
"Blanchet, Chandler",6,3,0.0015918827661854373,0.09235417677855928,0.5299516351575941,0.3504132400835428,0.0256890652141184
"Blanchet, Chandler",7,4,0.001563057249858224,0.0735820689225497,0.4559578852998654,0.41349531296643105,0.055401675561295605
"Blanchet, Chandler",8,3,0.0006327772314259072,0.06606854996173922,0.5211582679063084,0.38624707329462227,0.025893331605904235
"Blanchet, Chandler",9,4,0.002105415639341135,0.0678961111829276,0.3942854095265901,0.43831161399750035,0.09740144965364084
"Blanchet, Chandler",10,4,0.002354678081535999,0.09004115218167219,0.4766635198191578,0.3838856410680298,0.04705500884960423
"Blanchet, Chandler",11,4,0.009776329791866767,0.1890901008824507,0.541173605395572,0.24348179688943528,0.016478167040675284
"Blanchet, Chandler",12,5,0.0029346810490020747,0.0934130430747363,0.46315105504919973,0.38592824816275184,0.05457297266431005
"Blanchet, Chandler",13,3,0.005145530381706953,0.15495381564729083,0.5581988989094858,0.2659097758819423,0.01579197917957409
"Blanchet, Chandler",14,4,0.004390727045367027,0.18174128791669364,0.612281002078866,0.1964158801305098,0.005171102828563479
"Blanchet, Chandler",15,4,0.0019892608108798004,0.07037870218721837,0.41291456791585124,0.43162707428327735,0.08309039480277325
"Blanchet, Chandler",16,3,0.0011963320342021078,0.09561299881701057,0.5720256990982847,0.31628781185343857,0.014877158197064033
"Blanchet, Chandler",17,4,0.014895639364182423,0.21666543188804366,0.5281655229955948,0.22427947330292086,0.015993932449258286
"Blanchet, Chandler",18,4,0.0015964633211877355,0.08591374081255582,0.5057856584041486,0.3729526517194498,0.03375148574265807
"Bland, Richard",1,4,0.0034375188185156724,0.10067532137238172,0.4696328892765227,0.37473486682341695,0.05151940370916297
"Bland, Richard",2,4,0.006144026998384788,0.1235543792328827,0.46828331201029194,0.34983793933638196,0.0521803424220586
"Bland, Richard",3,4,0.014210882428663973,0.18668860518361552,0.4956806624427901,0.27251038657029414,0.030909463374636292
"Bland, Richard",4,5,0.014470483863064043,0.2255757330789433,0.5398912053969874,0.20784183953731894,0.012220738123686292
"Bland, Richard",5,4,0.006064337164284117,0.17396364782408724,0.5710422282514976,0.23735573028425205,0.011574056475878947
"Bland, Richard",6,3,0.0020140754868435695,0.10485083957805647,0.5445708291113484,0.3269643906575055,0.021599865166246124
"Bland, Richard",7,4,0.0019458328332147556,0.08335669208817353,0.4728502903487711,0.3936746927928474,0.048172491936993245
"Bland, Richard",8,3,0.000827176616872205,0.07649898708232711,0.5404217109862155,0.360686235872292,0.021565889442293207
"Bland, Richard",9,4,0.002558744292843307,0.07620983781471574,0.41035641831895764,0.42378228249839117,0.08709271707509214
"Bland, Richard",10,4,0.00290101826920236,0.10117928302979445,0.4913302594925555,0.3638011149537468,0.040788324254700914
"Bland, Richard",11,4,0.011670345658438497,0.20641801647026486,0.5432085003695886,0.22478643197814874,0.01391670552355928
"Bland, Richard",12,5,0.0035764976876454524,0.10441302765367061,0.4771479028744275,0.3671450489301239,0.047717522854132555
"Bland, Richard",13,3,0.0062950186709359035,0.17162607140960123,0.5637566698905173,0.24512539910552245,0.013196840923423103
"Bland, Richard",14,4,0.005500330070200232,0.20218719712162037,0.6118845273287458,0.1763063374855508,0.0041216079938828365
"Bland, Richard",15,4,0.00243209239390324,0.0791643623940253,0.4292004001482784,0.4154710881393967,0.07373205692439633
"Bland, Richard",16,3,0.0015459707781708687,0.10934580231806623,0.5857785091409495,0.2911526069008694,0.012177110861943952
"Bland, Richard",17,4,0.01751146713560764,0.2342508600134086,0.5276424764367976,0.20701912179941062,0.013576074614775502
"Bland, Richard",18,4,0.0020081794025635924,0.09745873995254933,0.5213716806266449,0.35044241309791246,0.028718986920329703
"Bradley, Keegan",1,4,0.004809779160018901,0.12132898946760656,0.4915983755512539,0.3416764306474158,0.04058642517370481
"Bradley, Keegan",2,4,0.008298372840755575,0.14566618914911222,0.48525272552548687,0.31917368379158906,0.04160902869305627
"Bradley, Keegan",3,4,0.01853560606964355,0.2135558564494358,0.5006172746057096,0.24310200879192,0.02418925408329109
"Bradley, Keegan",4,5,0.019319556583015707,0.2583180444728039,0.5351624551824413,0.17821887477809484,0.008981068983644258
"Bradley, Keegan",5,4,0.008584864300915596,0.20619858026080473,0.5742831778118882,0.20265276405159227,0.008280613574799256
"Bradley, Keegan",6,3,0.003002396068719826,0.1294345096723063,0.565204435451077,0.2865890752693234,0.015769583538573384
"Bradley, Keegan",7,4,0.0028243140867124095,0.10265015999386073,0.4992478399833035,0.35791443008279966,0.037363255853323674
"Bradley, Keegan",8,3,0.0013035831996452973,0.09761160459558094,0.56934094047345,0.3162785302576664,0.015465341473657412
"Bradley, Keegan",9,4,0.0035672445070518144,0.09248813835791364,0.436533820693681,0.3963478823727752,0.07106291406857834
"Bradley, Keegan",10,4,0.004136082115606732,0.12287596626436648,0.5133756520082058,0.32814265834340683,0.03146964126841423
"Bradley, Keegan",11,4,0.015751307250556568,0.23838831594536547,0.5419193666578328,0.19368294825074417,0.010258061895501047
"Bradley, Keegan",12,5,0.005006427663913404,0.12570384783851352,0.49832723478153446,0.3335593586377953,0.037403131078243335
"Bradley, Keegan",13,3,0.008857825417828757,0.20309461884062135,0.5680430984668554,0.21046591810945237,0.009538539165242166
"Bradley, Keegan",14,4,0.008048129600152942,0.24067322279710585,0.6043477800353073,0.14419524691634455,0.0027356206510893433
"Bradley, Keegan",15,4,0.003424792813466526,0.09639309329499174,0.45541361847410194,0.38543227938366686,0.059336216033772926
"Bradley, Keegan",16,3,0.0023875239253445812,0.1365327740171679,0.6037061816999661,0.24890590591934925,0.008467614438172122
"Bradley, Keegan",17,4,0.023027936897215606,0.26616568158399245,0.5222954397864368,0.1784088885044729,0.010102053227882268
"Bradley, Keegan",18,4,0.0029651118933801124,0.12019456748603091,0.5443123311944857,0.31110571772585893,0.021422271700244244
"Bridgeman, Jacob",1,4,0.003741014998364267,0.10556752431023753,0.47548198727252405,0.36660544508119364,0.048604028337680516
"Bridgeman, Jacob",2,4,0.006627286973020785,0.12884049944002735,0.47288708491118236,0.342273617935161,0.049371510740608526
"Bridgeman, Jacob",3,4,0.015195511418815089,0.19321351457095948,0.49735389941248925,0.2651279522340678,0.02910912236366836
"Bridgeman, Jacob",4,5,0.015565901590442466,0.233558364058072,0.5392773902573647,0.20026550821940092,0.011332835874720004
"Bridgeman, Jacob",5,4,0.006620439626178087,0.18169957064569248,0.5725226375242298,0.2284935888859433,0.010663763317956265
"Bridgeman, Jacob",6,3,0.0022273925526895,0.11063435098919155,0.5503065275690876,0.31682934363674675,0.020002385252284594
"Bridgeman, Jacob",7,4,0.002137284378498472,0.08788703600363662,0.4798069290587517,0.38489287660139926,0.04527587395771393
"Bridgeman, Jacob",8,3,0.0009276815083305578,0.08139784994954424,0.5482064716486945,0.34958267251307373,0.01988532438035695
"Bridgeman, Jacob",9,4,0.0027819146095865444,0.08004626356023192,0.4171095018237041,0.417186451103029,0.08287586890344845
"Bridgeman, Jacob",10,4,0.0031722100064004444,0.10630678107630098,0.4972567486391969,0.3549794300265572,0.0382848302515445
"Bridgeman, Jacob",11,4,0.012588029402248568,0.21417650731022564,0.5434645438257718,0.21685556448460186,0.012915354977152127
"Bridgeman, Jacob",12,5,0.0038927325588685724,0.10945989271077322,0.48282110193075073,0.3588644533111093,0.0449618194884982
"Bridgeman, Jacob",13,3,0.006861728062964478,0.1791797547114311,0.5654734574902199,0.236295709891984,0.012189349843400477
"Bridgeman, Jacob",14,4,0.006055700049627022,0.2114410819283823,0.6108192000243935,0.16795577344506063,0.003728244552536508
"Bridgeman, Jacob",15,4,0.00265094744206823,0.08322202493969166,0.43600395545720044,0.4081974083347719,0.06992566382626775
"Bridgeman, Jacob",16,3,0.001725132673887908,0.11572345398312428,0.590983084040894,0.28042527176570164,0.01114305753639222
"Bridgeman, Jacob",17,4,0.01876506082732754,0.24205764848693512,0.5268371367618733,0.1997122252432102,0.012627928680653877
"Bridgeman, Jacob",18,4,0.0022154446588420473,0.10280425240267033,0.527608349914945,0.3406366659214879,0.02673528710205475
"Buchanan, Jackson",1,4,0.002336004046551987,0.08077569518722871,0.4407853193100142,0.409852819846915,0.06625016160929009
"Buchanan, Jackson",2,4,0.00434805696811541,0.10169844259942618,0.44492393646261924,0.3827463393011692,0.06628322466866998
"Buchanan, Jackson",3,4,0.010459948647396189,0.1589689438257778,0.4847317352572941,0.30574399788855877,0.0400953743809731
"Buchanan, Jackson",4,5,0.010355383689213071,0.1914808959204113,0.5380697084843419,0.24314116207863157,0.016952849827402194
"Buchanan, Jackson",5,4,0.004056462073282585,0.14183603755533336,0.559131624923568,0.2784735125372184,0.01650236291059759
"Buchanan, Jackson",6,3,0.0012707947762430893,0.08163757417199996,0.5145612233403745,0.3724338909479801,0.030096516763402414
"Buchanan, Jackson",7,4,0.0012676804232030214,0.06521128778310281,0.43911032298509656,0.4314716927003912,0.0629390161082064
"Buchanan, Jackson",8,3,0.0004896250844433903,0.057304868767605266,0.5015468471627103,0.41006641832751456,0.030592240657726588
"Buchanan, Jackson",9,4,0.001747654024661982,0.06072959229607716,0.37862895012484776,0.45103117128486514,0.10786263226954795
"Buchanan, Jackson",10,4,0.001928609176522711,0.08041425638007149,0.46170671331689295,0.4023350678316311,0.05361535329488176
"Buchanan, Jackson",11,4,0.008249225422155115,0.17354404168642235,0.5374496020616093,0.2615187719159875,0.019238358913825748
"Buchanan, Jackson",12,5,0.0024289160039880353,0.08385993140989756,0.4489227608305572,0.40309621836063536,0.061692173394921834
"Buchanan, Jackson",13,3,0.004240951515949276,0.1402366571180727,0.5509962879840278,0.2859127956564621,0.018613307725488193
"Buchanan, Jackson",14,4,0.0035361995726895246,0.16368381022321288,0.6100475142192805,0.21636692645055455,0.0063655495342626045
"Buchanan, Jackson",15,4,0.0016417087979124778,0.06281537686162186,0.39693881322414437,0.4459459364804462,0.09265816463587506
"Buchanan, Jackson",16,3,0.0009356886422191568,0.08389798398485004,0.557003384218406,0.340299424153394,0.017863519001130812
"Buchanan, Jackson",17,4,0.012754108478985005,0.20070416176327516,0.5269678666705279,0.24098461719703201,0.018589245890179962
"Buchanan, Jackson",18,4,0.0012816965833403748,0.07601724596612275,0.489724817662769,0.3938638839223778,0.03911235586539008
"Burns, Sam",1,4,0.004682407774117159,0.11955478041887768,0.4899752190506314,0.3443900050138953,0.04139758774247848
"Burns, Sam",2,4,0.008101465646321415,0.14378697247951683,0.48403249478148963,0.32168189802084035,0.042397169071831775
"Burns, Sam",3,4,0.018146783017408907,0.21131495578396792,0.5003956720900942,0.24545769957177033,0.024684889536758625
"Burns, Sam",4,5,0.01887986957753962,0.2556007097303268,0.5357695079924227,0.1805371492930694,0.009212763406641455
"Burns, Sam",5,4,0.008350358438915795,0.20347280451093908,0.5742904211517363,0.20537301364907523,0.008513402249333613
"Burns, Sam",6,3,0.0029082553545904943,0.12730666495046927,0.563777276705642,0.2898212282085998,0.016186574780698404
"Burns, Sam",7,4,0.0027414778292656483,0.10097611702486048,0.4972685450532207,0.3608539386071883,0.038159921485464876
"Burns, Sam",8,3,0.0012571084426234447,0.09575523647938416,0.5672396550991432,0.3198496142506856,0.0158983857281636
"Burns, Sam",9,4,0.0034736847250144143,0.09108136974668363,0.4345117226057115,0.39865955452916346,0.07227366839342697
"Burns, Sam",10,4,0.00402055674354812,0.12100737061771799,0.511769387220296,0.3310485082053328,0.032154177213105095
"Burns, Sam",11,4,0.015379390255531422,0.23572022417200256,0.5422539308157537,0.19612625034960518,0.010520204407107214
"Burns, Sam",12,5,0.0048736980795892615,0.12387652334519961,0.49677560985236335,0.336307715244051,0.03816645347879677
"Burns, Sam",13,3,0.00861996130732201,0.20043422643826153,0.56795634189577,0.2131910605776739,0.009798409780972461
"Burns, Sam",14,4,0.007808038162496256,0.23742733749985706,0.6052800034519621,0.14665460717768075,0.0028300137080038423
"Burns, Sam",15,4,0.0033323295742344605,0.09490311349659958,0.45340555880542394,0.38794271527791346,0.06041628284582856
"Burns, Sam",16,3,0.0023062083927927746,0.13417229714839035,0.6025550329418794,0.2522397887187945,0.008726672798142987
"Burns, Sam",17,4,0.02253099345632692,0.263527483522566,0.5229374945914447,0.1806520858989431,0.01035194253071925
"Burns, Sam",18,4,0.0028742926549232273,0.11822508963448858,0.5426692186601751,0.31428166245472555,0.02194973659568744
"Calkins, Brady",1,4,0.0018884163364363826,0.07138386615297726,0.423748644490456,0.42760736274168487,0.07537171027844547
"Calkins, Brady",2,4,0.003594220294992456,0.09115882665645109,0.4307231385729405,0.39956849732407307,0.07495531715154291
"Calkins, Brady",3,4,0.008832476357543584,0.14513500807798446,0.4766305969527714,0.3235464022649517,0.04585551634674889
"Calkins, Brady",4,5,0.008604875597258421,0.17437695476018816,0.5340599588734918,0.26288366520985784,0.020074545559203738
"Calkins, Brady",5,4,0.003247556639825566,0.12629429746488013,0.5493349827049239,0.30131274229885807,0.019810420891512415
"Calkins, Brady",6,3,0.0009856173444107719,0.07089072464631868,0.4958608162264697,0.39658366827060887,0.035679173512191964
"Calkins, Brady",7,4,0.001001250024899314,0.05682211178616586,0.419544192999645,0.45045830540970394,0.07217413977958587
"Calkins, Brady",8,3,0.0003666430505388507,0.04870106523542744,0.47839741815023284,0.4359491459715731,0.03658572759222778
"Calkins, Brady",9,4,0.0014172774848580372,0.05349389759208095,0.36081012234685117,0.4639386619464675,0.12034004062974235
"Calkins, Brady",10,4,0.0015401217850183335,0.07067509631877122,0.4439915061124144,0.42210570820913096,0.06168756757466509
"Calkins, Brady",11,4,0.0068088712495728565,0.1572169881959442,0.5313337293450825,0.2819035748337425,0.02273683637565793
"Calkins, Brady",12,5,0.0019627385683652077,0.07414582190407276,0.4321095549074675,0.42139913444002586,0.07038275018006868
"Calkins, Brady",13,3,0.0034089299565097098,0.1250367873781172,0.5408880179042883,0.30844629688900915,0.022219967872075586
"Calkins, Brady",14,4,0.002768026412418967,0.14504506868466466,0.6046773611239277,0.23954539546519182,0.007964148313796882
"Calkins, Brady",15,4,0.0013226160192387204,0.05519083989031376,0.3786460139130656,0.46068563539159324,0.10415489478578865
"Calkins, Brady",16,3,0.0007089947664043472,0.07222022472560635,0.5382255327798554,0.3671004412220491,0.02174480650608479
"Calkins, Brady",17,4,0.010702095877190565,0.18374101455704062,0.5237559877721412,0.2599342900415782,0.021866611752049403
"Calkins, Brady",18,4,0.0010005718720170198,0.0660941837524126,0.4705474761500879,0.41653441212956,0.045823356095922474
"Campbell, Brian",1,4,0.003283062498855349,0.09810083014195647,0.46637544693786437,0.37909077807609237,0.053149882345231436
"Campbell, Brian",2,4,0.005896372517601889,0.12075961298589244,0.4656972608788459,0.35389836131486596,0.053748392302793824
"Campbell, Brian",3,4,0.013702617101469361,0.183211791445534,0.49465651544585476,0.27651014696841225,0.031918929038729615
"Campbell, Brian",4,5,0.013907270826866713,0.22131484459197298,0.540066989787011,0.21198629580013917,0.012724598994010239
"Campbell, Brian",5,4,0.005781712646778903,0.16986724627175465,0.5700593580248308,0.24219878774956216,0.012092895307073581
"Campbell, Brian",6,3,0.001906804343189794,0.1018183765221905,0.5413160557936181,0.3324526950247365,0.022506068316265115
"Campbell, Brian",7,4,0.0018490948993197809,0.080983098549756,0.468995178972357,0.3983760687138772,0.04979655886469003
"Campbell, Brian",8,3,0.0007771877326458454,0.07394808262488106,0.53606734377321,0.3666855225437986,0.022521863325464575
"Campbell, Brian",9,4,0.002445128379808814,0.07419578966587126,0.4066505062758412,0.42727414060841895,0.08943443507005977
"Campbell, Brian",10,4,0.0027634908481279363,0.0984842375184749,0.4880157643834689,0.3685426208306646,0.04219388641926369
"Campbell, Brian",11,4,0.011199572834770744,0.202286278915839,0.5429118043970605,0.22911782674143266,0.014484517110897044
"Campbell, Brian",12,5,0.0034155639307042462,0.10175620552470849,0.4739799251139214,0.3715880550938576,0.04926025033680825
"Campbell, Brian",13,3,0.006006680773456841,0.16762559529637688,0.5626529881283244,0.249944756449906,0.013769979351935913
"Campbell, Brian",14,4,0.005219769171565747,0.19728342385995784,0.6122350660381377,0.18091272113937418,0.004349019790964581
"Campbell, Brian",15,4,0.0023208788255053014,0.07703498826500599,0.4254562553849062,0.4193364536530707,0.07585142387151178
"Campbell, Brian",16,3,0.0014564765232463195,0.10600708082976484,0.5827713994642842,0.2969959588260829,0.012769084356621718
"Campbell, Brian",17,4,0.016865028478465216,0.2300767211666776,0.5279318685644557,0.2110134415468985,0.014112940243502958
"Campbell, Brian",18,4,0.001903771245844399,0.0946566028476839,0.517866778477923,0.3557332068550616,0.029839640573487203
"Canter, Laurie",1,4,0.003487633456570105,0.10149794484400643,0.4706471332958452,0.37335442748377945,0.05101286091979884
"Canter, Laurie",2,4,0.006224125779258349,0.12444547537101963,0.46908537551745483,0.34855223499317534,0.051692788339091855
"Canter, Laurie",3,4,0.014374725304611202,0.18779319287651464,0.49598650797505645,0.2712493453881275,0.03059622845569021
"Canter, Laurie",4,5,0.014652372098905853,0.22692837677388733,0.539813022560282,0.20654096999913873,0.012065258567786064
"Canter, Laurie",5,4,0.006156096195192362,0.17526885933965947,0.5713259007379008,0.2358348639737029,0.011414279753544476
"Canter, Laurie",6,3,0.0020490716179776824,0.10582144129239529,0.5455757452182055,0.3252335611459135,0.02132018072550801
"Canter, Laurie",7,4,0.0019773233571684923,0.08411666154610081,0.4740533398876176,0.3921841493971686,0.04766852581194447
"Canter, Laurie",8,3,0.0008435669001885526,0.07731805769448885,0.5417748963400919,0.35879225885824517,0.021271220206985464
"Canter, Laurie",9,4,0.0025956018697056993,0.07685408881837402,0.4115180343504924,0.422669450611011,0.08636282435041687
"Canter, Laurie",10,4,0.002945712700004044,0.1020409115102005,0.49236031057351226,0.3623006262959175,0.04035243892036566
"Canter, Laurie",11,4,0.011822536804383499,0.2077310463625024,0.5432791216010443,0.2234258646368038,0.013741430595266002
"Canter, Laurie",12,5,0.003628714856191706,0.10526182116514726,0.47813309425093903,0.36573790492559766,0.04723846480212435
"Canter, Laurie",13,3,0.006388584587364521,0.1729006310356943,0.5640794881786273,0.24361111085769316,0.01302018534062066
"Canter, Laurie",14,4,0.005591670694849948,0.20374916456064224,0.6117410930598814,0.17486603410163126,0.004052037582995105
"Canter, Laurie",15,4,0.0024682011746040566,0.07984562660484101,0.43037250159496554,0.41424139624495915,0.07307227438063024
"Canter, Laurie",16,3,0.0015752568852564486,0.11041521511184804,0.5866995345590849,0.28931481155161143,0.01199518189219917
"Canter, Laurie",17,4,0.01771995127382342,0.2355749218947535,0.5275299013952498,0.20576498378036312,0.013410241655810173
"Canter, Laurie",18,4,0.002042214538696352,0.0983557147877509,0.5224585452404793,0.3487710734341003,0.028372451998973203
"Cantlay, Patrick",1,4,0.00490704020014443,0.12266697566567769,0.49279267496001594,0.3396450219923923,0.03998828718176961
"Cantlay, Patrick",2,4,0.00844835980372266,0.1470809970066812,0.4861463046435767,0.31729691084873346,0.041027427697285956
"Cantlay, Patrick",3,4,0.018830993983380062,0.21523795826612802,0.5007621115783221,0.2413448450551804,0.023824091116989465
"Cantlay, Patrick",4,5,0.019654025804837494,0.2603560139263958,0.5346830316852482,0.1764957752816425,0.008811153301875985
"Cantlay, Patrick",5,4,0.008763990301694835,0.20824885391196174,0.5742464304048887,0.20063052535394232,0.008110200027512504
"Cantlay, Patrick",6,3,0.003074581823313105,0.1310409651818854,0.5662418942079723,0.2841787594848194,0.015463799302009695
"Cantlay, Patrick",7,4,0.002887729579218623,0.1039145807714218,0.5007077548826577,0.35571352445269233,0.03677641031400958
"Cantlay, Patrick",8,3,0.0013393590472953187,0.09901656839434425,0.5708821112741571,0.31361380814048323,0.015148153143720089
"Cantlay, Patrick",9,4,0.0036386827651157527,0.09355007209138794,0.4380329595792052,0.3946105794889908,0.07016770607530032
"Cantlay, Patrick",10,4,0.004224406687993176,0.12428566917879519,0.5145545538271519,0.3259697317847364,0.03096563852132328
"Cantlay, Patrick",11,4,0.016034454253114505,0.2403911187124057,0.541642755800136,0.19186590589341057,0.010065765340933286
"Cantlay, Patrick",12,5,0.005107780550214158,0.12708169015409887,0.49946717768699894,0.33150286603193635,0.03684048557675168
"Cantlay, Patrick",13,3,0.009039446802537321,0.20509566693141296,0.5680776373673915,0.20843909028882868,0.009348158609829627
"Cantlay, Patrick",14,4,0.008231893847178484,0.2431135072898395,0.6036142614765078,0.14237343879577524,0.0026668985906990184
"Cantlay, Patrick",15,4,0.003495438870476597,0.09751795136117303,0.456900243964728,0.38354791292861956,0.05853845287500281
"Cantlay, Patrick",16,3,0.002450020033374911,0.1383156410064743,0.6045308164317922,0.2464252035520853,0.008278318976273291
"Cantlay, Patrick",17,4,0.023405569048673136,0.26814309641197226,0.521791610294102,0.17674108927772592,0.009918634967526652
"Cantlay, Patrick",18,4,0.0030347103103731676,0.12168168291318388,0.5455145045036958,0.3087342441252636,0.021034858147483515
"Cauley, Bud",1,4,0.004354944737323729,0.11487240347576244,0.48546817903435296,0.35166210129322206,0.0436423714593388
"Cauley, Bud",2,4,0.007592583995163216,0.13880991573919532,0.4806119350735271,0.32841076179631634,0.044574803395798
"Cauley, Bud",3,4,0.01713630433807295,0.20534284763917915,0.49964228507927266,0.25181955835277026,0.02605900459070498
"Cauley, Bud",4,5,0.017740404330127413,0.24834614344579614,0.5372067743955138,0.18684526308413874,0.009861414744423924
"Cauley, Bud",5,4,0.00774789132894288,0.19624034701428256,0.5740724476105885,0.21277174951990774,0.009167564526278316
"Cauley, Bud",6,3,0.0026683429277546966,0.12170444727482987,0.5597192730136178,0.2985538475499986,0.017354089233799108
"Cauley, Bud",7,4,0.002529652442611441,0.09657265868844622,0.4917998676366739,0.3687284898856438,0.04036933134662468
"Cauley, Bud",8,3,0.0011396399993386375,0.09089318657024126,0.561368575991258,0.32948480910197486,0.01711378833718724
"Cauley, Bud",9,4,0.003233115139004983,0.08737630956499892,0.4289822406113938,0.40480312843603783,0.07560520624856448
"Cauley, Bud",10,4,0.0037243236128743362,0.1160799340770946,0.507286918310535,0.338854242607758,0.034054581391738115
"Cauley, Bud",11,4,0.014417202084136993,0.22861028036007242,0.5429521724745257,0.20276666574777802,0.011253679333486866
"Cauley, Bud",12,5,0.004532462578068774,0.11905251362959401,0.49245415883051097,0.3436803074162651,0.040280557545561146
"Cauley, Bud",13,3,0.00800836941589772,0.1933748578672253,0.5674934671281253,0.2205957765020916,0.010527529086659992
"Cauley, Bud",14,4,0.007193864465698807,0.22880641290728865,0.607507322168017,0.15339403283131192,0.0030983676276836736
"Cauley, Bud",15,4,0.0030949001033041545,0.09097975275935027,0.44789865907502974,0.39463205810863766,0.06339462995367817
"Cauley, Bud",16,3,0.0020999904284356163,0.12796357017514992,0.5991897477433124,0.2612892249395953,0.00945746671350678
"Cauley, Bud",17,4,0.021240321502821458,0.25647511597100364,0.5244822049440732,0.18675210300209355,0.01105025458000819
"Cauley, Bud",18,4,0.0026425594275709674,0.11304136514185237,0.538055598763113,0.32283888251502,0.023421594152443603
"Chandler, Will",1,4,0.0025811970860749045,0.08555146336757852,0.4485318656866205,0.40111680532868343,0.06221866853104263
"Chandler, Will",2,4,0.004754390248573714,0.10699934152685736,0.4512897386170914,0.3745197105578113,0.06243681904966625
"Chandler, Will",3,4,0.011322828265658003,0.16580719713084158,0.48805088244350514,0.2972522253276114,0.03756686683238386
"Chandler, Will",4,5,0.011292920563772346,0.19991625318528877,0.5392397291378225,0.2339325344648645,0.015618562648251899
"Chandler, Will",5,4,0.004501620103228632,0.1496446758138254,0.5629742135549289,0.26777839100205203,0.015101099525965056
"Chandler, Will",6,3,0.0014315509679387328,0.08715795773718116,0.5228536020905086,0.36085246857012687,0.02770442063424472
"Chandler, Will",7,4,0.0014160949091396868,0.06952227254291138,0.4480886840994396,0.4220948848577163,0.05887806359079306
"Chandler, Will",8,3,0.0005607340286000184,0.061797392532290274,0.5120409891839168,0.39756295941127484,0.028037924843917983
"Chandler, Will",9,4,0.0019283986805270215,0.06442636227404863,0.38693180387982756,0.444453361477842,0.1022600736877548
"Chandler, Will",10,4,0.0021432358778859517,0.0853828795800275,0.46971470689340655,0.39268163451723337,0.050077543131446633
"Chandler, Will",11,4,0.009024628173851745,0.1816371795038313,0.5396267448449916,0.25197121558082125,0.01774023189650409
"Chandler, Will",12,5,0.002684332050349403,0.08879613416375043,0.45653605955304116,0.39412369484765875,0.05785977938520026
"Chandler, Will",13,3,0.004697584351507578,0.14786925635585235,0.5550227705566562,0.2753313177057095,0.017079071030274395
"Chandler, Will",14,4,0.0039652878304967665,0.17304869763456676,0.611536530644425,0.20573999263855758,0.005709491251953858
"Chandler, Will",15,4,0.0018170598152856265,0.06671553858787493,0.4054233495959256,0.43851846520862325,0.08752558679229061
"Chandler, Will",16,3,0.0010655434330613667,0.08992479149395954,0.5651550180174765,0.3276211211179074,0.016233525937595195
"Chandler, Will",17,4,0.013845474414244385,0.209035857470607,0.5278016558846099,0.2321352275034666,0.017181784727072102
"Chandler, Will",18,4,0.0014394918120606004,0.08111484785520828,0.4983415292507817,0.38289382404747296,0.036210307034476474
"Clark, Wyndham",1,4,0.004025099836527601,0.10996481811544012,0.48037934132484555,0.35946032199209266,0.046170418731094065
"Clark, Wyndham",2,4,0.007075889914560818,0.13356529059769012,0.4766985326318922,0.33563877001524567,0.04702151684061118
"Clark, Wyndham",3,4,0.016101561319758095,0.19899016993322438,0.49857363936214544,0.2587237411181764,0.027610888266695666
"Clark, Wyndham",4,5,0.016578646066510216,0.2406097772087344,0.5384373485980275,0.1937694687044208,0.010604759422307097
"Clark, Wyndham",5,4,0.0071417712786606136,0.188599308523193,0.5734505577167189,0.2208869622551921,0.009921400226235333
"Clark, Wyndham",6,3,0.0024299335596273397,0.11585494832528975,0.5549884465874897,0.3080346059671719,0.018692065560421245
"Clark, Wyndham",7,4,0.0023180367446155037,0.09198066557892082,0.48566872669567585,0.3771670847297064,0.04286548625108144
"Clark, Wyndham",8,3,0.0010243715879999504,0.08585683064433863,0.5546845148741708,0.33992265282232403,0.018511630071166518
"Clark, Wyndham",9,4,0.0029907338457457744,0.08350486773528643,0.4228727689575775,0.41130649202409997,0.0793251374372903
"Clark, Wyndham",10,4,0.0034271326350390763,0.1109221290897262,0.5021909861288172,0.34725474566051384,0.036205006485903746
"Clark, Wyndham",11,4,0.013438749292365548,0.22104920838248798,0.5433761806513757,0.21004236027913326,0.012093501394637496
"Clark, Wyndham",12,5,0.004188751755417053,0.11399421296561962,0.4875543784839019,0.3515983256280716,0.042664331166989866
"Clark, Wyndham",13,3,0.007392296344586713,0.18591591385091227,0.5666205500703736,0.22870546710955253,0.011365772624574833
"Clark, Wyndham",14,4,0.006580065409294067,0.21968618921588146,0.6094508966281365,0.1608698247760938,0.0034130239705941756
"Clark, Wyndham",15,4,0.002856179628788924,0.08688167289229437,0.4417891733613682,0.40174202854109253,0.06673094557645598
"Clark, Wyndham",16,3,0.0018966040506161463,0.12149079741271801,0.595125101349229,0.27118309097642523,0.010304406211011585
"Clark, Wyndham",17,4,0.01991996786840261,0.24893958899159352,0.5258503571435533,0.1934417535682399,0.011848332428210595
"Clark, Wyndham",18,4,0.0024118374417286814,0.10763107843967401,0.5327667479232789,0.3320904697647098,0.025099866430608575
"Cole, Eric",1,4,0.00392864025002615,0.10849031270789378,0.47877375825238533,0.3618394040755981,0.04696788471409663
"Cole, Eric",2,4,0.00692395630670084,0.13198370518711527,0.47545359537061765,0.33784660375509934,0.04779213938046689
"Cole, Eric",3,4,0.01579552336848472,0.1970622112033023,0.49819326410400644,0.2608476234209878,0.02810137790321876
"Cole, Eric",4,5,0.01623608145929839,0.23825807415961303,0.5387478654444686,0.19591597136195305,0.010842007574666912
"Cole, Eric",5,4,0.006964677147032916,0.1862913074701159,0.5731799234379706,0.2234012096845095,0.010162882260370987
"Cole, Eric",6,3,0.002360862699724686,0.114102124663304,0.5534665783679222,0.31095136510949206,0.019119069159556967
"Cole, Eric",7,4,0.002256501984450987,0.09060575152284217,0.4837429882511326,0.3797402016128818,0.04365455662869244
"Cole, Eric",8,3,0.0009912659442442573,0.0843558883510444,0.5525652042431664,0.34312885221950573,0.01895878924203931
"Cole, Eric",9,4,0.002919837705631534,0.08234404095830539,0.4209714891556059,0.41327277689720887,0.08049185528324831
"Cole, Eric",10,4,0.003340463289516149,0.10937383853501748,0.5005763507380918,0.3498238348382935,0.03688551259908113
"Cole, Eric",11,4,0.013150751316438836,0.21875509932639098,0.5434377540647339,0.21229501148779573,0.01236138380464058
"Cole, Eric",12,5,0.004088238963722235,0.1124739689768639,0.48600440428979996,0.35401648820061427,0.043416899568999634
"Cole, Eric",13,3,0.007212137553381237,0.18366272890429897,0.5662757734325929,0.2312154865978222,0.011633873511904591
"Cole, Eric",14,4,0.006401555817354632,0.21692912103096318,0.6099507426284159,0.163203587315778,0.0035149932074883816
"Cole, Eric",15,4,0.002786454675158201,0.08565321077577137,0.4398829124323365,0.403897813210926,0.06777960890580792
"Cole, Eric",16,3,0.0018379870952082156,0.1195533572505531,0.5937905318723788,0.2742413959018595,0.010576727880000414
"Cole, Eric",17,4,0.01952973712910161,0.2466458610883812,0.5262075168296654,0.19551429688230815,0.012102588070543652
"Cole, Eric",18,4,0.0023449047112408805,0.10601028479849078,0.5310825065325278,0.3349286324816769,0.025633671476063657
"Cone, Trevor",1,4,0.0028145673466834498,0.08989398849656988,0.45509709321416125,0.3933439311072837,0.058850419835301704
"Cone, Trevor",2,4,0.005137356798920412,0.1117876359923462,0.45663482223344326,0.3672241818004337,0.059216003174856424
"Cone, Trevor",3,4,0.012127937947911505,0.17191902968801936,0.4906617442969651,0.28982864082511295,0.03546264724199111
"Cone, Trevor",4,5,0.01217292700828887,0.2074429404915758,0.5398684115666414,0.2259897273234257,0.014525993610068122
"Cone, Trevor",5,4,0.004926389037982926,0.15669061135965412,0.5658884901530322,0.2585344087740338,0.01396010067529696
"Cone, Trevor",6,3,0.0015872166480725425,0.09220689214175004,0.5297592949068752,0.35070325304712135,0.025743343256180884
"Cone, Trevor",7,4,0.001558793952843196,0.07346696426847105,0.45574214439925537,0.4137360939388275,0.0554960034406029
"Cone, Trevor",8,3,0.0006306656812854472,0.06594693538640312,0.5209094069769047,0.3865619969231405,0.025950995032266166
"Cone, Trevor",9,4,0.0021003058495727145,0.06779788121415581,0.3940827750043646,0.43848495409337007,0.09753408383853679
"Cone, Trevor",10,4,0.002348558461506556,0.08990934881793916,0.47647393354223877,0.38413121234372116,0.04713694683459435
"Cone, Trevor",11,4,0.009754732509739406,0.18888095666356597,0.5411359483779588,0.2437162045361727,0.016512157912563108
"Cone, Trevor",12,5,0.002927451991726171,0.09328254973708688,0.4629704549108014,0.38615730797655157,0.05466223538383397
"Cone, Trevor",13,3,0.005132591256533148,0.1547542897132585,0.5581164721720253,0.2661700713166105,0.01582657554157252
"Cone, Trevor",14,4,0.0043783791597684085,0.1814964910143549,0.6122679648591324,0.19667173931295157,0.0051854256537927634
"Cone, Trevor",15,4,0.0019842839680787594,0.07027496539759498,0.41270845141342277,0.43182103100415886,0.08321126821674463
"Cone, Trevor",16,3,0.0011925089176288983,0.09545157742737814,0.5718409748085576,0.3166014624405302,0.014913476405905124
"Cone, Trevor",17,4,0.014865568452290034,0.21645188213097677,0.5281603694145253,0.22449622761536925,0.016025952386838682
"Cone, Trevor",18,4,0.0015919002865596443,0.08577770753793251,0.5055830094438434,0.37322950041271163,0.033817882318952774
"Conners, Corey",1,4,0.0049425268202368255,0.12315161899824334,0.49321904869892336,0.33891236176495076,0.03977444371764571
"Conners, Corey",2,4,0.008503005394059515,0.1475929689377326,0.48646441346037217,0.31662020781512035,0.040819404392715364
"Conners, Corey",3,4,0.01893844860327537,0.2158456011715153,0.5008099349934834,0.24071241130308352,0.023693603928642393
"Conners, Corey",4,5,0.019775789831325052,0.26109183463677155,0.53450488821233,0.1758768881282059,0.008750599191367447
"Conners, Corey",5,4,0.0088293577932676,0.20899037468525938,0.5742266112691463,0.19990412430575555,0.008049531946571209
"Conners, Corey",6,3,0.0031009830750899914,0.1316232242487379,0.5666095755549718,0.2833113873351434,0.015354829786056845
"Conners, Corey",7,4,0.0029109016086339423,0.10437299270443234,0.5012297150616948,0.3549196605312869,0.03656673009395206
"Conners, Corey",8,3,0.0013524734594453358,0.09952652750383933,0.5714312575600851,0.31265454505914914,0.015035196417481078
"Conners, Corey",9,4,0.003664746870290392,0.09393494598839675,0.43857057810262895,0.39398257869907605,0.06984715033960787
"Conners, Corey",10,4,0.004256655866077597,0.12479640166309675,0.5149747953249093,0.32518653822240307,0.03078560892351334
"Conners, Corey",11,4,0.01613758310382074,0.2411146142961358,0.5415375121361515,0.19121306591932807,0.009997224544563865
"Conners, Corey",12,5,0.005144760174530638,0.12758072773949974,0.4998737775816223,0.3307613582681115,0.03663937623623581
"Conners, Corey",13,3,0.009105710175204285,0.20581937551198692,0.5680837202114546,0.20771084137995544,0.00928035272139871
"Conners, Corey",14,4,0.008299032545093121,0.24399582254559427,0.6033422451697341,0.14172038819366384,0.002642511545914661
"Conners, Corey",15,4,0.0035212234754314897,0.09792565342364573,0.45743292742257774,0.3828672348816091,0.05825296079673592
"Conners, Corey",16,3,0.0024729080667859615,0.13896200208923443,0.6048204397048806,0.24553364858852822,0.008211001550570751
"Conners, Corey",17,4,0.023542963890683555,0.2688568013331871,0.5216050406718709,0.17614195843250258,0.009853235671755889
"Conners, Corey",18,4,0.0030601567097430227,0.12222073513991372,0.5459422317392855,0.3078802059349405,0.02089667047611732
"Davis, Cam",1,4,0.0034193061755092846,0.10037485156840376,0.46925925264373364,0.37524045446288734,0.05170613514946598
"Davis, Cam",2,4,0.006114887057159235,0.12322867013223127,0.46798745853042345,0.3503089595862523,0.05236002469393375
"Davis, Cam",3,4,0.014151211101801175,0.1862843843543957,0.4955664022928447,0.2729730230752253,0.031024979175733103
"Davis, Cam",4,5,0.014404280224218191,0.22508060944014613,0.5399171466711623,0.2083197828918396,0.012278180772633762
"Davis, Cam",5,4,0.006030997121760195,0.17348646209274515,0.5709349983391713,0.2379144164578575,0.011633125988465887
"Davis, Cam",6,3,0.0020013801310043156,0.10449651565721418,0.5441995892057887,0.32759932497981936,0.02170319002617349
"Davis, Cam",7,4,0.0019344009241206161,0.08307929182831836,0.4724074300260206,0.394220533013127,0.04835834420841345
"Davis, Cam",8,3,0.000821240630759501,0.0762002929268934,0.5399228897859139,0.36138078091486125,0.02167479574157194
"Davis, Cam",9,4,0.0025453488159452586,0.07597460509139015,0.40992943690506367,0.4241891136382187,0.08736149554938222
"Davis, Cam",10,4,0.0028847841201363744,0.10086462419091924,0.4909505600613433,0.3643509286600809,0.04094910296752019
"Davis, Cam",11,4,0.01161496990312616,0.2059375599944302,0.5431798299257892,0.22528618593495353,0.013981454241700941
"Davis, Cam",12,5,0.0035575210452909456,0.10410298250302252,0.47678482273290557,0.36766052448466957,0.047894149234111394
"Davis, Cam",13,3,0.006261016361913285,0.17116008170861574,0.5636352056667557,0.2456815647086492,0.01326213155406597
"Davis, Cam",14,4,0.005467172155851907,0.20161608015452653,0.6119331848196108,0.17683617914034033,0.004147383729670495
"Davis, Cam",15,4,0.0024189727131768146,0.07891562976901362,0.42876938219756205,0.4159209004551071,0.07397511486514041
"Davis, Cam",16,3,0.0015353575336776726,0.10895550041351681,0.5854373456013172,0.2918273816250292,0.012244414826459105
"Davis, Cam",17,4,0.017435549418444107,0.23376607342540373,0.5276812070844604,0.20747984811769782,0.01363732195399392
"Davis, Cam",18,4,0.0019958294408986554,0.0971313055372604,0.5209707485978263,0.35105518804985003,0.028846928374164582
"Day, Jason",1,4,0.00407895486014348,0.11078007473557644,0.4812515922076097,0.358152138170706,0.045737240025964354
"Day, Jason",2,4,0.007160549180489972,0.1344385847457651,0.47737287639593967,0.33442530403061055,0.04660268564719472
"Day, Jason",3,4,0.01627173265909937,0.20005227272645087,0.49877191554925066,0.25755943112495727,0.02734464794024183
"Day, Jason",4,5,0.01676933762094862,0.24190457255427678,0.5382536015100221,0.19259604983538914,0.010476438479363415
"Day, Jason",5,4,0.007240678898087438,0.18987297688264332,0.5735831758255299,0.21951220434948027,0.009790964044259054
"Day, Jason",6,3,0.0024686273972762685,0.11682503577659226,0.5558095777884242,0.30643565610633106,0.01846110293137615
"Day, Jason",7,4,0.002352462925681975,0.09274181337097909,0.4867165973199958,0.37575192962273996,0.0424371967606032
"Day, Jason",8,3,0.0010429756459438,0.08668916111205421,0.5558338747919298,0.33816401629946247,0.01826997215060977
"Day, Jason",9,4,0.003030313334956569,0.08414716012486245,0.4239107436179867,0.4102217291400554,0.07869005378213889
"Day, Jason",10,4,0.0034755701137243467,0.11177846354228382,0.5030668421262199,0.34584333645358645,0.0358357877641855
"Day, Jason",11,4,0.013599169361828534,0.22231315118344352,0.5433287483605738,0.20881035122696723,0.011948579867187004
"Day, Jason",12,5,0.004244870129889555,0.11483466804570264,0.4883956382468005,0.3502691614495751,0.04225566212803222
"Day, Jason",13,3,0.0074928839629187505,0.18715929274811532,0.5667944271081633,0.22733252082881916,0.011220875351983461
"Day, Jason",14,4,0.006679930598803896,0.22120723854069974,0.6091573847825931,0.1595972677154639,0.0033581783624393458
"Day, Jason",15,4,0.0028951255127355746,0.08756145407043542,0.4428288962792881,0.400553952442395,0.06616057169514589
"Day, Jason",16,3,0.0019295034669065125,0.12256349780086906,0.5958400557033705,0.2695094311848494,0.010157511844004485
"Day, Jason",17,4,0.020137011625978862,0.2502018484102261,0.5256418981217899,0.19230852024472878,0.011710721597276486
"Day, Jason",18,4,0.0024493154643659976,0.10852817562623257,0.533678737327083,0.3305329913948162,0.024810780187502157
"DeChambeau, Bryson",1,4,0.00643721856466184,0.14207263756216726,0.5074759797596547,0.31156154343722564,0.03245262067629051
"DeChambeau, Bryson",2,4,0.010770528108604238,0.16738423656995438,0.4967596405770113,0.2914208894333432,0.033664705311086895
"DeChambeau, Bryson",3,4,0.023326222497942972,0.23891878826659713,0.5009330963358665,0.21757536504319297,0.019246527856400464
"DeChambeau, Bryson",4,5,0.02478610944441062,0.28887436516621645,0.5258955245811656,0.15370288529193465,0.0067411155162726555
"DeChambeau, Bryson",5,4,0.011586786364354618,0.23747629312244123,0.5710192253706595,0.17386056924950744,0.006057125893037196
"DeChambeau, Bryson",6,3,0.00424117455326839,0.1544945374725028,0.5778669782311937,0.25165571424249755,0.01174159550053755
"DeChambeau, Bryson",7,4,0.003902106366525604,0.12243561953106868,0.5189670161335406,0.32526438876252617,0.029430869206338972
"DeChambeau, Bryson",8,3,0.0019325611312921986,0.11985354692421446,0.5893668111478472,0.27753185667282876,0.011315224123817469
"DeChambeau, Bryson",9,4,0.004762345187788619,0.10905323587621762,0.4574734913979456,0.37001289749704325,0.058698030041004934
"DeChambeau, Bryson",10,4,0.005625111529040827,0.14477844682294388,0.5287813625464457,0.2961395210519906,0.024675558049578994
"DeChambeau, Bryson",11,4,0.02040204584993799,0.2685772010514265,0.5355531464541747,0.16774829227619548,0.007719314368265229
"DeChambeau, Bryson",12,5,0.006702332056334026,0.14704616140765336,0.5133288139421899,0.3031538701905456,0.02976882240327705
"DeChambeau, Bryson",13,3,0.011894539770396118,0.23361922371935007,0.5659134164910523,0.18152880546594863,0.007044014553252875
"DeChambeau, Bryson",14,4,0.011165358910817158,0.2777731616999404,0.5904063844887656,0.11878883445802846,0.0018662604424484197
"DeChambeau, Bryson",15,4,0.004611202753996346,0.11394846961351002,0.4759892643362236,0.3570684710601739,0.04838259223609609
"DeChambeau, Bryson",16,3,0.003475283531806872,0.16440979394122768,0.6126762920369073,0.2134146682454039,0.006023962244654291
"DeChambeau, Bryson",17,4,0.029161539164924755,0.2957086790816838,0.5128216907594626,0.15463606211003778,0.007672028883891069
"DeChambeau, Bryson",18,4,0.004155315508502622,0.1434168089724005,0.559680358292459,0.2764751354030306,0.01627238182360724
"Detry, Thomas",1,4,0.003992713582330665,0.10947182085323592,0.47984655475215576,0.36025388720968865,0.046435023602589
"Detry, Thomas",2,4,0.007024921652699023,0.13303679511311423,0.47628593881377523,0.33637506816325813,0.04727727625715339
"Detry, Thomas",3,4,0.015998988862075292,0.19834656851026694,0.4984496044353582,0.2594312523592578,0.027773585833041792
"Detry, Thomas",4,5,0.016463776870433322,0.2398249123711323,0.5385443227694409,0.1944836532578781,0.01068333473111538
"Detry, Thomas",5,4,0.007082303432583481,0.1878282642772514,0.5733645164540029,0.22172358417995341,0.010001331656208867
"Detry, Thomas",6,3,0.0024067094142116163,0.11526864864539371,0.5544849115065835,0.3090062411944138,0.018833489239397427
"Detry, Thomas",7,4,0.002297358350962009,0.09152071801460321,0.48502925914164713,0.3780254455477253,0.04312721894506233
"Detry, Thomas",8,3,0.001013225315263766,0.08535435521193169,0.5539817700966914,0.3409909745947579,0.018659674781355218
"Detry, Thomas",9,4,0.0029669312985755036,0.08311662650953472,0.42224053316117544,0.4119632965700779,0.07971261246063643
"Detry, Thomas",10,4,0.0033980209231915803,0.11040438842637967,0.5016555381182619,0.34811136199186166,0.03643069054030523
"Detry, Thomas",11,4,0.013342150681771414,0.220283341805958,0.5434002663635651,0.21079201024675964,0.012182230901945923
"Detry, Thomas",12,5,0.004155004539891316,0.11348594658554129,0.4870402487610672,0.352404793421474,0.04291400669202616
"Detry, Thomas",13,3,0.007331807562063364,0.18516319265296466,0.5665096496778066,0.22954081319358577,0.01145453691357956
"Detry, Thomas",14,4,0.006520079116900224,0.2187652351448563,0.6096225029421329,0.1616454683112275,0.0034467144848830955
"Detry, Thomas",15,4,0.0028327650660728843,0.08647079365467175,0.4411555344380446,0.4024618109073058,0.06707909593390493
"Detry, Thomas",16,3,0.0018768789491714344,0.12084263109214183,0.5946848738680197,0.27220112316711564,0.010394492923551435
"Detry, Thomas",17,4,0.019789162213149525,0.24817423377193198,0.5259726450000248,0.19413139447322514,0.011932564541668467
"Detry, Thomas",18,4,0.002389336861588598,0.10708892057368813,0.5322086405459296,0.33303634538407667,0.025276756634716957
"Diaz, Roberto",1,4,0.0025493255886696597,0.08494362458665661,0.4475774297283455,0.4022177357921295,0.06271188430419872
"Diaz, Roberto",2,4,0.004701811372070541,0.10632673559542177,0.45050876454244504,0.3755548079823705,0.06290788050769214
"Diaz, Roberto",3,4,0.011211690574993216,0.16494377869143612,0.4876554182792552,0.2983134850782645,0.03787562737605099
"Diaz, Roberto",4,5,0.011171831211083671,0.19885197081129452,0.5391197693427459,0.2350761679518183,0.015780260683057712
"Diaz, Roberto",5,4,0.004443686750939924,0.14865431723320255,0.5625235634660573,0.26910796304506646,0.015270469504733764
"Diaz, Roberto",6,3,0.0014104881472998265,0.08645341974718795,0.5218399746780467,0.3623016333656447,0.027994484061820923
"Diaz, Roberto",7,4,0.0013967127870992413,0.06897197843965136,0.44697950877713477,0.4232776538852566,0.059374146110858006
"Diaz, Roberto",8,3,0.000551350646862514,0.061221406118033894,0.5107495938267315,0.399130482724638,0.02834716668373405
"Diaz, Roberto",9,4,0.001904912484293364,0.06395520574367108,0.38590125421732235,0.44529004158601515,0.10294858596869805
"Diaz, Roberto",10,4,0.0021152717585059544,0.0847499313790338,0.46872987377529074,0.3938956048650115,0.050509318222157984
"Diaz, Roberto",11,4,0.008924334731220118,0.18061460356569758,0.5393808928585324,0.25315828922333283,0.01792187962121705
"Diaz, Roberto",12,5,0.002651130426131354,0.088168003715701,0.4555992290795728,0.3952532993255574,0.05832833745303745
"Diaz, Roberto",13,3,0.004638202538900904,0.1469013635792542,0.5545478932656682,0.27664780231628217,0.0172647382998945
"Diaz, Roberto",14,4,0.003909215642175501,0.1718610759036055,0.6113884289055624,0.20705320442813324,0.005788075120523262
"Diaz, Roberto",15,4,0.0017942462713418372,0.0662182999252307,0.40437172070249905,0.4394604295994942,0.08815530350143419
"Diaz, Roberto",16,3,0.0010484534474965446,0.0891546552180249,0.5641653863924243,0.32920146158255603,0.01643004335949816
"Diaz, Roberto",17,4,0.013704791326224985,0.2079858547353613,0.5277221262780644,0.23323464504525893,0.01735258261509043
"Diaz, Roberto",18,4,0.0014188413421906132,0.0804642349528239,0.49728389940433987,0.38426989531348743,0.03656312898715819
"Docherty, Alistair",1,4,0.0030893471556359686,0.0947837197159277,0.4619858983317469,0.38478376177267815,0.05535727302401128
"Docherty, Alistair",2,4,0.005584018493967724,0.11714501867953381,0.46218936307923103,0.3592133946988556,0.055868205048411834
"Docherty, Alistair",3,4,0.013057796739903815,0.17868660890898358,0.4931808304263695,0.281786258649267,0.03328850527547611
"Docherty, Alistair",4,5,0.013195070889415128,0.2157619317368824,0.5401319053533142,0.21749620273978987,0.013414889280598419
"Docherty, Alistair",5,4,0.00542767298383684,0.16456318703250417,0.5685711555522331,0.24863176929399589,0.012806215137429966
"Docherty, Alistair",6,3,0.0017735701456560449,0.09792308574100711,0.5368683728153698,0.3396878728112305,0.023747098486736506
"Docherty, Alistair",7,4,0.0017284715226304481,0.07793579194367123,0.4638202952695722,0.40451574087964226,0.05199970038448387
"Docherty, Alistair",8,3,0.0007156488811452255,0.07068976936435833,0.5301815168688093,0.37457912051841324,0.02383394436727393
"Docherty, Alistair",9,4,0.0023025901510790314,0.07160572116295538,0.40171300092093365,0.4317921156670198,0.09258657209801213
"Docherty, Alistair",10,4,0.002591503993950972,0.0950153001902192,0.4835351545375541,0.37475529276983843,0.04410274850843732
"Docherty, Alistair",11,4,0.01060534603796709,0.19691164864621485,0.542352480423326,0.23486858857735338,0.015261936315138724
"Docherty, Alistair",12,5,0.003213731215685911,0.09833205423962399,0.46970219669385493,0.3774014738569741,0.051350543993861075
"Docherty, Alistair",13,3,0.005645153849126117,0.16244507171592404,0.5610132035796124,0.256339843791471,0.01455672706386646
"Docherty, Alistair",14,4,0.004870038755591,0.19093081630534098,0.6124559120655653,0.1870779275042347,0.0046653053692680135
"Docherty, Alistair",15,4,0.0021815641722310875,0.07429751271624702,0.42045696330552673,0.4243536096302616,0.07871035017573358
"Docherty, Alistair",16,3,0.0013459252518220888,0.10172411532393383,0.5786080048235334,0.30473614122800974,0.013585813372701039
"Docherty, Alistair",17,4,0.0160456285368778,0.22462928061109216,0.5281570667091776,0.21632088277858563,0.014847141364266792
"Docherty, Alistair",18,4,0.0017739095914977576,0.09105777742322446,0.5131117474374689,0.36268734633421484,0.031369219213594035
"Duangmanee, George",1,4,0.0017484925121656336,0.06823439609369947,0.4174363722766503,0.43372899213289107,0.07885174698459352
"Duangmanee, George",2,4,0.0033548565360524973,0.08758756808047213,0.42539782287330047,0.40540583191588797,0.07825392059428693
"Duangmanee, George",3,4,0.008307527344006693,0.14037172258507358,0.4733777730283493,0.3298757919199766,0.04806718512259378
"Duangmanee, George",4,5,0.008045801775383055,0.16847766599662978,0.5321248812814514,0.2700498869092962,0.0213017640372396
"Duangmanee, George",5,4,0.0029958858813370903,0.12102650161001682,0.5452875010808316,0.3095691160742001,0.021120995353614447
"Duangmanee, George",6,3,0.0008989224890268988,0.06732268461303265,0.48879380695445546,0.4051165321197162,0.03786805382376879
"Duangmanee, George",7,4,0.0009192971519354498,0.05403687377862437,0.4123523063952735,0.4569784785186362,0.07571304415553048
"Duangmanee, George",8,3,0.00033017167987092755,0.04588879751866798,0.46980821080975116,0.445026406281952,0.03894641370975793
"Duangmanee, George",9,4,0.0013138499172425377,0.05107771059646321,0.3543425857345334,0.46823227742266377,0.12503357632909706
"Duangmanee, George",10,4,0.0014196705636072005,0.0674196105982528,0.4373972619510714,0.42897320653411075,0.06479025035295782
"Duangmanee, George",11,4,0.006351108433778785,0.15161193914457755,0.5286530507631785,0.28927405826544084,0.024109843393024355
"Duangmanee, George",12,5,0.0018170278138983087,0.07088623803984556,0.425858735910207,0.42773298027295376,0.07370501796309537
"Duangmanee, George",13,3,0.0031493760192491393,0.11988185868325979,0.5367538901900459,0.31657134242969776,0.023643532677747325
"Duangmanee, George",14,4,0.0025325122292381708,0.13873045585696075,0.6020343133950341,0.2480874450853221,0.008615273433444814
"Duangmanee, George",15,4,0.0012231540688090736,0.0526479361357694,0.3719809003597093,0.4656462668575255,0.10850174257818668
"Duangmanee, George",16,3,0.0006411584771172651,0.0683613657842479,0.5310124525046849,0.3766913650763354,0.023293658157614527
"Duangmanee, George",17,4,0.010042305240727523,0.17786761620973757,0.5221344177986336,0.26680593905543193,0.023149721695469472
"Duangmanee, George",18,4,0.0009147465721204284,0.06279946598017266,0.46337607116854723,0.4244762800124239,0.048433436266735796
"Dunlap, Nick",1,4,0.002374949610081112,0.08155005234032836,0.44208069973056,0.4084229264956547,0.0655713718233758
"Dunlap, Nick",2,4,0.004412886639398483,0.10256051160393848,0.4459926499465461,0.3813977288968977,0.06563622291321924
"Dunlap, Nick",3,4,0.010598249199072651,0.16008630901745857,0.4853037468571428,0.3043428022039504,0.039668892722375615
"Dunlap, Nick",4,5,0.010505238604424982,0.1928601812251866,0.5382958315742441,0.2416125488518981,0.016726199744246162
"Dunlap, Nick",5,4,0.004127084121415048,0.1431064350676608,0.5598028475934067,0.27669987322356937,0.016263759993948135
"Dunlap, Nick",6,3,0.001296127439921524,0.08253026338193375,0.5159579523531705,0.3705252415179531,0.0296904153070211
"Dunlap, Nick",7,4,0.0012911449381755036,0.06590829132238585,0.44060793082388905,0.4299383109304692,0.06225432198508041
"Dunlap, Nick",8,3,0.0005007513891482906,0.0580281075659021,0.5033035388890723,0.40800963743153185,0.03015796472434551
"Dunlap, Nick",9,4,0.001776372683809757,0.06132820405451772,0.38000786189025265,0.4499642742455264,0.1069232871258935
"Dunlap, Nick",10,4,0.001962620105486035,0.0812191814936028,0.4630480778704221,0.40075177647962723,0.05301834405086181
"Dunlap, Nick",11,4,0.008372988891130029,0.17486553957567263,0.537841853767698,0.25993561638622575,0.018984001379273585
"Dunlap, Nick",12,5,0.0024694837539134817,0.08466045850007531,0.4501973511889344,0.40162618613854006,0.061046520418536754
"Dunlap, Nick",13,3,0.004313448348861604,0.1414785911719726,0.5516962860155151,0.28415931932681693,0.018352355136833753
"Dunlap, Nick",14,4,0.0036039939066047078,0.16520750043643118,0.6103410206002124,0.21459458103960127,0.006252904017150396
"Dunlap, Nick",15,4,0.001669536289537088,0.0634467234475925,0.3983497343797094,0.4447377170265897,0.09179628885657132
"Dunlap, Nick",16,3,0.0009560607031884327,0.08487136092404018,0.5583849193693293,0.33820233644094666,0.017585322562495342
"Dunlap, Nick",17,4,0.01292888607380438,0.20206799980412826,0.5271365136274807,0.23951613370292213,0.01835046679166452
"Dunlap, Nick",18,4,0.0013065920123232488,0.07684153382698211,0.49117070896715914,0.39206028917236513,0.03862087602117037
"Echavarria, Nico",1,4,0.0034533180068763714,0.10093531830376196,0.46995482233396013,0.37429797380378915,0.05135856755161239
"Echavarria, Nico",2,4,0.006169292243895619,0.12383611664878652,0.46853806130864256,0.3494309730960814,0.0520255567025939
"Echavarria, Nico",3,4,0.014262591070141661,0.18703804863943874,0.4957784279854221,0.27211094589026363,0.03080998641473387
"Echavarria, Nico",4,5,0.014527870360036332,0.22600370592348518,0.539867624423444,0.20742948316639165,0.012171316126642795
"Echavarria, Nico",5,4,0.006093262178165748,0.1743763642844509,0.5711334473579228,0.2368736745104053,0.011523251669055212
"Echavarria, Nico",6,3,0.002025098441655604,0.10515752148122415,0.5448902506112172,0.3264161645894611,0.021510964876441885
"Echavarria, Nico",7,4,0.001955755194292197,0.08359680677126186,0.47323200999581716,0.39320298456532965,0.04801244347329914
"Echavarria, Nico",8,3,0.0008323348939295316,0.07675765425515974,0.5408513677086162,0.360086436638702,0.021472206503592606
"Echavarria, Nico",9,4,0.0025703643543043553,0.07641342176673521,0.4107247205197137,0.4234304057375383,0.08686108762170841
"Echavarria, Nico",10,4,0.0029151049069155444,0.10145158280407168,0.49165731347907893,0.3633261163561381,0.04064988245379575
"Echavarria, Nico",11,4,0.011718354466610292,0.20683338344449193,0.5432320625926461,0.2243552050998363,0.013860994396415416
"Echavarria, Nico",12,5,0.0035929596780052697,0.10468130300571443,0.477460677428771,0.3666996578791888,0.04756540200832049
"Echavarria, Nico",13,3,0.0063245157603566415,0.17202909997689436,0.5638602337695182,0.2446454732467046,0.013140677246526122
"Echavarria, Nico",14,4,0.005529110119883107,0.20268112818693468,0.6118408054570232,0.175849493646686,0.004099462589472913
"Echavarria, Nico",15,4,0.002443474796364309,0.07937963626217215,0.4295721056827365,0.41508214833895996,0.07352263491976707
"Echavarria, Nico",16,3,0.0015551905506067665,0.10968366521239259,0.586071660452582,0.29057024080386396,0.012119242980554779
"Echavarria, Nico",17,4,0.017577259369184584,0.2346698436943137,0.5276079273027547,0.20662159925230128,0.013523370381445687
"Echavarria, Nico",18,4,0.002018901066036749,0.09774215285566606,0.5217168989486889,0.3499131750537692,0.028608872075839176
"English, Harris",1,4,0.0045934331162635345,0.1183001511411288,0.48879974141576027,0.34632270649318253,0.04198396783366487
"English, Harris",2,4,0.007963581513962759,0.14245590144624348,0.48314483202257263,0.3234691962632755,0.0429664887539456
"English, Harris",3,4,0.017873799905722798,0.20972307566600923,0.5002181653009196,0.24714147965017874,0.025043479477169672
"English, Harris",4,5,0.01857157803769588,0.2536687787415502,0.5361785101082784,0.18219998215188715,0.009381150960588336
"English, Harris",5,4,0.008186598721065474,0.2015404119749476,0.5742663061142202,0.20732380406471596,0.008682879125050724
"English, Harris",6,3,0.002842763165450568,0.12580362454771588,0.5627319721611741,0.29213199430598724,0.01648964581967216
"English, Harris",7,4,0.0026837581435886215,0.09979413736463794,0.49583850597923357,0.3629472013667012,0.03873639714583865
"English, Harris",8,3,0.0012249010368892144,0.09444713863992554,0.5657133771985956,0.32240110478316053,0.016213478341429166
"English, Harris",9,4,0.0034083249365154944,0.09008752970933032,0.4330578733844797,0.4002996727495266,0.07314659922014788
"English, Harris",10,4,0.003939955420455388,0.11968649576354828,0.5106033792542526,0.3331204185674328,0.03264975099431089
"English, Harris",11,4,0.015118824951077081,0.2338249376542222,0.5424677673011231,0.19787779952422757,0.010710670569350045
"English, Harris",12,5,0.004780980823257286,0.12258415096034259,0.49565032566565026,0.33826608520099344,0.03871845734975643
"English, Harris",13,3,0.008453793444309854,0.19854814020315253,0.5678661380107919,0.21514446251049724,0.009987465831248432
"English, Harris",14,4,0.007640713267980159,0.23512514440998145,0.6059105965233327,0.14842444196712123,0.0028991038315844264
"English, Harris",15,4,0.003267776480886664,0.09385059174400101,0.4519598454697075,0.3897260173539979,0.06119576895140688
"English, Harris",16,3,0.002249767607020614,0.13250566663387559,0.6017005193298851,0.2546284343546359,0.008915612074582802
"English, Harris",17,4,0.022182199722296514,0.2616506945117306,0.5233731073388957,0.18226059849269738,0.010533399934379739
"English, Harris",18,4,0.0028110748213262537,0.11683411219018341,0.5414729549294921,0.3165493542815361,0.02233250377746221
"Finau, Tony",1,4,0.004473294783868487,0.11658548249234435,0.48715543863905875,0.34898275790973765,0.042803026174990766
"Finau, Tony",2,4,0.007776953220143545,0.14063379608787246,0.4818977783287648,0.32593032880676154,0.04376114355645766
"Finau, Tony",3,4,0.017503360339057084,0.20753768169451647,0.49994699590301783,0.2494671817236569,0.025544780339751716
"Finau, Tony",4,5,0.018153767547322952,0.25101441588383766,0.5367095046490993,0.18450470630715843,0.009617605612581737
"Finau, Tony",5,4,0.007965555637606037,0.1988929290609559,0.5741931411500862,0.2100271030149874,0.008921271136364428
"Finau, Tony",6,3,0.0027546913503608272,0.12375173890399771,0.5612540087275322,0.29532431803282677,0.016915242985282464
"Finau, Tony",7,4,0.00260601555317147,0.09818121705156674,0.49384263240179227,0.3658277220669227,0.03954241292654681
"Finau, Tony",8,3,0.0011817543505079353,0.09266567355946465,0.5635723580038077,0.3259237671630977,0.01665644692312207
"Finau, Tony",9,4,0.0033200667934206174,0.08873055332908625,0.4310382920128448,0.40254835782907483,0.07436273003557348
"Finau, Tony",10,4,0.003831254768249359,0.11788197529875244,0.5089686290373561,0.3359751605227195,0.033342980372922604
"Finau, Tony",11,4,0.014765974535442039,0.23122313568656472,0.5427286720805693,0.20030415897756526,0.010978058719858685
"Finau, Tony",12,5,0.004655789584168568,0.1208176548721161,0.49407407772240414,0.3409626929586199,0.03948978486269128
"Finau, Tony",13,3,0.008229415331297008,0.19596403096997084,0.5677031942986241,0.21785015165881383,0.010253207741294235
"Finau, Tony",14,4,0.007415307133304294,0.2319696074493071,0.60673285838524,0.15088542182024434,0.002996805211904152
"Finau, Tony",15,4,0.0031806621167604354,0.09241363793494595,0.44994893333078184,0.39217397753430017,0.06228278908321161
"Finau, Tony",16,3,0.0021740396742203627,0.13023146926952,0.6004772416452474,0.2579354012041558,0.009181848206856413
"Finau, Tony",17,4,0.02170901970318828,0.25907056377981375,0.5239430251181754,0.18448939655267127,0.010787994846151339
"Finau, Tony",18,4,0.0027260128686452667,0.1149354682345084,0.5397911137179283,0.3196782158448509,0.02286918933406712
"Fitzpatrick, Matt",1,4,0.004325288150007822,0.11443930670280267,0.48503445126800543,0.3523429590230397,0.04385799485614439
"Fitzpatrick, Matt",2,4,0.007546301572770753,0.13834825221618713,0.4802804153403968,0.32904131112858004,0.0447837197420653
"Fitzpatrick, Matt",3,4,0.017043986846047576,0.2047861198363285,0.49955978705760323,0.2524189175991214,0.02619118866089931
"Fitzpatrick, Matt",4,5,0.017636540993897776,0.24766894234412073,0.5373271024363594,0.18744312326957047,0.009924290956051629
"Fitzpatrick, Matt",5,4,0.0076933626848676995,0.1955685290226069,0.574034235301909,0.21347271304567228,0.009231159944944167
"Fitzpatrick, Matt",6,3,0.002646770727277592,0.12118728999462453,0.5593219002099241,0.29937677440858834,0.01746726465958548
"Fitzpatrick, Matt",7,4,0.0025105522872746477,0.0961664442900817,0.49127558365234464,0.3694655065261008,0.04058191324419824
"Fitzpatrick, Matt",8,3,0.0011291483427828264,0.09044624162858494,0.5608010103492529,0.33039177227080707,0.01723182740857232
"Fitzpatrick, Matt",9,4,0.0032113252590987296,0.08703416614764092,0.42845627203048053,0.40537445227851765,0.07592378428426216
"Fitzpatrick, Matt",10,4,0.0036975524523202297,0.11562447599696252,0.5068539495633871,0.3395864403191935,0.03423758166813662
"Fitzpatrick, Matt",11,4,0.01432961922359649,0.22794755552263435,0.5430026577149241,0.20339542176804604,0.011324745770799116
"Fitzpatrick, Matt",12,5,0.004501558975660069,0.11860620978352349,0.49203734963630946,0.3443711237905833,0.04048375781392366
"Fitzpatrick, Matt",13,3,0.007952978102692021,0.19271908465133364,0.5674328550933325,0.22129675748347521,0.010598324669166548
"Fitzpatrick, Matt",14,4,0.007138471603327645,0.22800502822153074,0.6076954838855443,0.1540363229853834,0.0031246933042139435
"Fitzpatrick, Matt",15,4,0.0030734183221808875,0.09061751691346287,0.4473736866878679,0.39525546091158303,0.06367991716490529
"Fitzpatrick, Matt",16,3,0.0020815220506528176,0.1273908821375297,0.5988537122739274,0.2621451593551265,0.009528724182763626
"Fitzpatrick, Matt",17,4,0.021122466102593995,0.25581610941365673,0.5246136172975433,0.1873299591055898,0.01111784808061611
"Fitzpatrick, Matt",18,4,0.0026217015743124628,0.11256294901537306,0.5376079396926682,0.323643513686667,0.023563896030979303
"Fleetwood, Tommy",1,4,0.005350699926574998,0.12859682271644263,0.4977885707986696,0.33079403609095515,0.03746987046735761
"Fleetwood, Tommy",2,4,0.009128644164002164,0.15332736356725363,0.4898413971618374,0.3091282264797519,0.03857436862715491
"Fleetwood, Tommy",3,4,0.020162598786987784,0.22261373080807412,0.5011837814273552,0.23375037814182553,0.022289510835757365
"Fleetwood, Tommy",4,5,0.02116632402432006,0.2692738347578222,0.5323463310516369,0.16910894383096853,0.008104566335252361
"Fleetwood, Tommy",5,4,0.009581629457383611,0.21728069320880466,0.5737750038623626,0.19195823804914292,0.007404435422306177
"Fleetwood, Tommy",6,3,0.0034070214532528897,0.1381782731111516,0.5704532976772905,0.2737689198463753,0.01419248791192973
"Fleetwood, Tommy",7,4,0.0031787064039836554,0.1095384316477237,0.5068506246855422,0.3461208742930628,0.03431136296968762
"Fleetwood, Tommy",8,3,0.0015056143809806244,0.10529406573102851,0.577277796407382,0.3020895861891626,0.013832937291446301
"Fleetwood, Tommy",9,4,0.003964514301580679,0.09826730490472235,0.4444188524323133,0.3869741556506896,0.06637517271069404
"Fleetwood, Tommy",10,4,0.0046284480782308735,0.13053869278949043,0.5194557778891756,0.31652618828892454,0.02885089295417853
"Fleetwood, Tommy",11,4,0.017317102204401136,0.24917288982174707,0.5401778627348118,0.18406651786236194,0.00926562737667802
"Fleetwood, Tommy",12,5,0.005570107235283062,0.13318611129821317,0.5042182057823941,0.3225519972540606,0.03447357843004917
"Fleetwood, Tommy",13,3,0.009867747468553623,0.21391028866863837,0.5679258292061526,0.19973776962315903,0.008558365033496385
"Fleetwood, Tommy",14,4,0.009074593977053569,0.2538504210793886,0.600065246342826,0.13462392302402248,0.0023858155767093603
"Fleetwood, Tommy",15,4,0.003818128911844465,0.10251575550675118,0.4632114801624559,0.3752879889308234,0.05516664648812508
"Fleetwood, Tommy",16,3,0.002739371487881115,0.14624434090710986,0.6077533131728842,0.23576531130311396,0.007497663129010901
"Fleetwood, Tommy",17,4,0.025108970809895104,0.2767839481809973,0.5193663860846338,0.1695863100046786,0.009154384919795255
"Fleetwood, Tommy",18,4,0.003354808425379774,0.1282911784565931,0.5504738541042902,0.2984618524925896,0.01941830652114729
"Fox, Ryan",1,4,0.00415307519658914,0.11189298767163897,0.48242478696985186,0.3563745639566509,0.04515458620526913
"Fox, Ryan",2,4,0.00727687249765413,0.13562939668974533,0.47827761464974516,0.33277705007060154,0.04603906609225383
"Fox, Ryan",3,4,0.016505141778901,0.20149775490698474,0.49902901472458844,0.2559813390304806,0.02698674955904523
"Fox, Ryan",4,5,0.017031132026777474,0.24366587734616296,0.5379892089195684,0.19100932761166078,0.010304454095830362
"Fox, Ryan",5,4,0.007376841866937767,0.1916088840276715,0.5737450383826364,0.21765289506199925,0.009616340660755118
"Fox, Ryan",6,3,0.0025220317907150847,0.1181503809775642,0.5569075315545062,0.3042685112746244,0.018151544402590036
"Fox, Ryan",7,4,0.0023999244676559672,0.09378195137271744,0.4881279361960257,0.37382869813149877,0.04186148983210214
"Fox, Ryan",8,3,0.0010687198422634214,0.0878281805359033,0.5573774823074302,0.33577930624154273,0.017946311072860377
"Fox, Ryan",9,4,0.0030847829940319205,0.08502449755204272,0.4253126781509505,0.4087437139481833,0.07783432735479157
"Fox, Ryan",10,4,0.0035422901092403425,0.11294777107113257,0.5042433752539008,0.3439269181566271,0.035339645409099174
"Fox, Ryan",11,4,0.013819523906159814,0.22403346477021607,0.5432489305595161,0.20714376945667234,0.01175431130743576
"Fox, Ryan",12,5,0.0043221059090429725,0.1159818756966094,0.4895262530747816,0.34846365332915485,0.04170611199041119
"Fox, Ryan",13,3,0.0076313234348932,0.18885387504373918,0.5670129064169416,0.22547509596785065,0.011026799136575338
"Fox, Ryan",14,4,0.0068176037273524615,0.223279791351587,0.608737448846469,0.15788014371455417,0.0032850123600374204
"Fox, Ryan",15,4,0.002948746448611095,0.08849007277189619,0.44423207916217783,0.39893655953903395,0.06539254207828094
"Fox, Ryan",16,3,0.001974981990252478,0.12402952704908199,0.5967901224384942,0.2672442895463836,0.009961078975787796
"Fox, Ryan",17,4,0.02043477620452394,0.251918196133904,0.5253449855484569,0.19077585792586294,0.011526184187252264
"Fox, Ryan",18,4,0.002501021091392719,0.10975389578535305,0.5349019338890566,0.3284202291402226,0.024422920093974954
"Gerard, Ryan",1,4,0.004121721000530154,0.11142348126340135,0.48193229978797436,0.3571233159205951,0.04539918202749904
"Gerard, Ryan",2,4,0.007227692710292222,0.13512721312112919,0.4778981418254503,0.33347124376702486,0.046275708576103414
"Gerard, Ryan",3,4,0.016406517222173955,0.20088856400889737,0.4989224463926588,0.25664550816459,0.02713696421167988
"Gerard, Ryan",4,5,0.016920480022278472,0.24292370669918867,0.5381026390799049,0.19167660799129038,0.010376566207337623
"Gerard, Ryan",5,4,0.007319237415447266,0.1908769460423202,0.5736794297272703,0.2184348550706492,0.009689531744313085
"Gerard, Ryan",6,3,0.002499419701700367,0.11759110567663511,0.5564475487378484,0.30518058446573726,0.01828134141807891
"Gerard, Ryan",7,4,0.002379836036771721,0.09334299380861905,0.48753520694080027,0.3746388459441894,0.04210311726961957
"Gerard, Ryan",8,3,0.001057809977888069,0.08734726805207504,0.5567298306826274,0.33678310272346146,0.018081988563948048
"Gerard, Ryan",9,4,0.0030617418388172446,0.08465429786450512,0.424723342346965,0.40936684951642244,0.07819376843329018
"Gerard, Ryan",10,4,0.0035140585621482034,0.11245442879051953,0.5037497009943582,0.3447339551594045,0.03554785649356951
"Gerard, Ryan",11,4,0.013726370499471563,0.22330842947541402,0.5432847054451824,0.2078447226283524,0.011835771951579588
"Gerard, Ryan",12,5,0.004289433770921114,0.11549791593890124,0.48905176723281046,0.34922409121874143,0.04193679183862575
"Gerard, Ryan",13,3,0.007572760982466287,0.18813936739205783,0.5669233720587364,0.2262563429066019,0.011108156660137536
"Gerard, Ryan",14,4,0.006759333497553643,0.22240598140721268,0.6089172926975652,0.1586017498384853,0.0033156425591831518
"Gerard, Ryan",15,4,0.0029260610516894103,0.08809822429816067,0.4436423758745056,0.39961826293818803,0.06571507583745628
"Gerard, Ryan",16,3,0.001955715789575152,0.12341081651191588,0.5963929394883272,0.26819714852059695,0.010043379689584797
"Gerard, Ryan",17,4,0.02030894991890264,0.2511950672305733,0.5254719654012671,0.19142044338439268,0.011603574064864342
"Gerard, Ryan",18,4,0.0024791311835647978,0.10923664719686993,0.5343889460260376,0.3293096708381861,0.02458560475534166
"Ghim, Doug",1,4,0.0037887366362045483,0.10631796890124395,0.47634125211326506,0.3653753226990408,0.048176719650245614
"Ghim, Doug",2,4,0.00670288957577192,0.12964858423306258,0.4735588093262061,0.34113047157650445,0.04895924528845497
"Ghim, Doug",3,4,0.01534872881305993,0.1942051639954656,0.4975804720322803,0.26401988689845834,0.028845748260735826
"Ghim, Doug",4,5,0.01573685132938185,0.2347699258406895,0.5391526072185726,0.19913649286692248,0.011204122744433498
"Ghim, Doug",5,4,0.006707964586867621,0.18288066163313965,0.5727070618051764,0.22717206336920426,0.010532248605612082
"Ghim, Doug",6,3,0.002261227745111005,0.11152385829509381,0.5511363986674043,0.3153077546311295,0.01977076066126149
"Ghim, Doug",7,4,0.0021675462855298977,0.08858423109038155,0.48083285173154666,0.3835632396252536,0.044852131267288264
"Ghim, Doug",8,3,0.000943751047992214,0.08215514787772293,0.5493459385343757,0.34791299014868693,0.019642172391222124
"Ghim, Doug",9,4,0.0028169976197195967,0.08063582245714462,0.418113104242444,0.4161795938533772,0.08225448182731454
"Ghim, Doug",10,4,0.003214962435000024,0.10709401101067145,0.4981244360793857,0.3536476193308482,0.03791897114409459
"Ghim, Doug",11,4,0.012731478586921141,0.2153560773878625,0.5434700305860412,0.21567229977457736,0.012770113664597904
"Ghim, Doug",12,5,0.003942458351278322,0.11023385531587959,0.48365274681279363,0.35761271821802476,0.04455822130202369
"Ghim, Doug",13,3,0.006950849826679262,0.18033290882849884,0.5656948636688494,0.23497779840577893,0.012043579270193616
"Ghim, Doug",14,4,0.006143491401686907,0.21285307534582443,0.6106121291270081,0.1667192771531789,0.003672026972301623
"Ghim, Doug",15,4,0.0026853983510815582,0.08384575198958988,0.43701283056079493,0.40709013730271504,0.0693658817958186
"Ghim, Doug",16,3,0.0017536887142615698,0.1167054454331039,0.5917248468977714,0.2788218498243539,0.010994169130509324
"Ghim, Doug",17,4,0.018960274160794488,0.24324102639171058,0.5266856643228117,0.19862278387830423,0.012490251246378925
"Ghim, Doug",18,4,0.0022482788645881713,0.10362655543359528,0.5285178584938288,0.3391605505957296,0.02644675661225815
"Glover, Lucas",1,4,0.0035112440742524065,0.1018834194658455,0.47111804954216135,0.3727094521207067,0.050777834797034016
"Glover, Lucas",2,4,0.006261820679313634,0.12486272109228597,0.4694572546503917,0.3479516977447764,0.05146650583323231
"Glover, Lucas",3,4,0.014451740300326144,0.18830974825207114,0.4961263413849696,0.2706612156710091,0.03045095439162404
"Glover, Lucas",4,5,0.014737924260816992,0.22756075821481547,0.5397728152161617,0.2059352120139526,0.011993290294253223
"Glover, Lucas",5,4,0.006199336430726676,0.17587985483876417,0.5714538837946859,0.23512654953204137,0.011340375403781966
"Glover, Lucas",6,3,0.0020655912383553132,0.10627652588347486,0.5460409078490874,0.32442626204422065,0.021190712984861748
"Glover, Lucas",7,4,0.0019921767162940363,0.08447303084029084,0.47461236936731227,0.3914876320187419,0.047434791057360925
"Glover, Lucas",8,3,0.0008513174820704017,0.0777025242173831,0.5424027393289856,0.357908541496895,0.021134877474665803
"Glover, Lucas",9,4,0.002612965688355784,0.07715609698448767,0.41205866888866394,0.4221484911813227,0.08602377725716992
"Glover, Lucas",10,4,0.002966781723693468,0.10244474282149135,0.4928382379412289,0.3615999132558386,0.04015032425774767
"Glover, Lucas",11,4,0.011894146707501774,0.20834513661635595,0.5433082856902653,0.22279214152384463,0.013660289462032238
"Glover, Lucas",12,5,0.0036533161816326154,0.105659536056818,0.4785903214195823,0.3650805988800706,0.04701622746189649
"Glover, Lucas",13,3,0.006432668332338576,0.17349726383110953,0.5642259015652815,0.24290571816685247,0.01293844810441791
"Glover, Lucas",14,4,0.005634755490120269,0.20448026673596514,0.6116687845798683,0.17419626058043258,0.004019932613613664
"Glover, Lucas",15,4,0.002485217294915132,0.08016500550142647,0.430917766454482,0.4136660844159521,0.07276592633322432
"Glover, Lucas",16,3,0.0015890960479138516,0.1109167571193942,0.5871246143668409,0.28845844099197193,0.011911091473879032
"Glover, Lucas",17,4,0.01781796639422345,0.23619376977217638,0.5274738890743476,0.2051809213239031,0.01333345343534953
"Glover, Lucas",18,4,0.0020582760571918324,0.0987762942867933,0.5229624359157643,0.34799106328004314,0.028211930460207424
"Gonzalez, Emilio",1,4,0.0030893471556359686,0.0947837197159277,0.4619858983317469,0.38478376177267815,0.05535727302401128
"Gonzalez, Emilio",2,4,0.005584018493967724,0.11714501867953381,0.46218936307923103,0.3592133946988556,0.055868205048411834
"Gonzalez, Emilio",3,4,0.013057796739903815,0.17868660890898358,0.4931808304263695,0.281786258649267,0.03328850527547611
"Gonzalez, Emilio",4,5,0.013195070889415128,0.2157619317368824,0.5401319053533142,0.21749620273978987,0.013414889280598419
"Gonzalez, Emilio",5,4,0.00542767298383684,0.16456318703250417,0.5685711555522331,0.24863176929399589,0.012806215137429966
"Gonzalez, Emilio",6,3,0.0017735701456560449,0.09792308574100711,0.5368683728153698,0.3396878728112305,0.023747098486736506
"Gonzalez, Emilio",7,4,0.0017284715226304481,0.07793579194367123,0.4638202952695722,0.40451574087964226,0.05199970038448387
"Gonzalez, Emilio",8,3,0.0007156488811452255,0.07068976936435833,0.5301815168688093,0.37457912051841324,0.02383394436727393
"Gonzalez, Emilio",9,4,0.0023025901510790314,0.07160572116295538,0.40171300092093365,0.4317921156670198,0.09258657209801213
"Gonzalez, Emilio",10,4,0.002591503993950972,0.0950153001902192,0.4835351545375541,0.37475529276983843,0.04410274850843732
"Gonzalez, Emilio",11,4,0.01060534603796709,0.19691164864621485,0.542352480423326,0.23486858857735338,0.015261936315138724
"Gonzalez, Emilio",12,5,0.003213731215685911,0.09833205423962399,0.46970219669385493,0.3774014738569741,0.051350543993861075
"Gonzalez, Emilio",13,3,0.005645153849126117,0.16244507171592404,0.5610132035796124,0.256339843791471,0.01455672706386646
"Gonzalez, Emilio",14,4,0.004870038755591,0.19093081630534098,0.6124559120655653,0.1870779275042347,0.0046653053692680135
"Gonzalez, Emilio",15,4,0.0021815641722310875,0.07429751271624702,0.42045696330552673,0.4243536096302616,0.07871035017573358
"Gonzalez, Emilio",16,3,0.0013459252518220888,0.10172411532393383,0.5786080048235334,0.30473614122800974,0.013585813372701039
"Gonzalez, Emilio",17,4,0.0160456285368778,0.22462928061109216,0.5281570667091776,0.21632088277858563,0.014847141364266792
"Gonzalez, Emilio",18,4,0.0017739095914977576,0.09105777742322446,0.5131117474374689,0.36268734633421484,0.031369219213594035
"Gotterup, Chris",1,4,0.004009830062581543,0.10973263308151143,0.4801289191339311,0.359833830287135,0.046294787434840945
"Gotterup, Chris",2,4,0.007051864343150638,0.1333164249719025,0.4765046686732736,0.33598530633543544,0.047141735676237806
"Gotterup, Chris",3,4,0.016053221941688456,0.19868718096470522,0.49851561361416735,0.2590566308806551,0.027687352598783854
"Gotterup, Chris",4,5,0.016524504811845697,0.24024030974179733,0.5384881212436028,0.19410539109373592,0.010641673109018313
"Gotterup, Chris",5,4,0.007113731757506236,0.1882362515793688,0.5734105873766415,0.22128048401231326,0.009958945274170183
"Gotterup, Chris",6,3,0.0024189794107200013,0.11557879024063089,0.5547519577094694,0.30849176775144094,0.01875850488773878
"Gotterup, Chris",7,4,0.0023082848323831007,0.09176401483719632,0.48536810662001306,0.3775710994807696,0.04298849422963791
"Gotterup, Chris",8,3,0.0010191123438770266,0.08562010200038428,0.5543542730344175,0.34042533950711773,0.018581173114203486
"Gotterup, Chris",9,4,0.002979511296136217,0.08332200402911544,0.422575437095409,0.4116157469276551,0.07950730065168421
"Gotterup, Chris",10,4,0.003413405206062703,0.11067828160365084,0.5019393559170509,0.3476578895199536,0.03631106775328208
"Gotterup, Chris",11,4,0.013393216158357868,0.22068865629034085,0.5433879586745004,0.21039498245330823,0.01213518642349265
"Gotterup, Chris",12,5,0.004172840290487367,0.11375483962893668,0.48731275098557,0.35197789024285675,0.04278167885214923
"Gotterup, Chris",13,3,0.0073637764657364935,0.1855614858452262,0.5665688633031929,0.22909840506021628,0.011407469325628083
"Gotterup, Chris",14,4,0.006551776042814261,0.21925255929898307,0.609532273830575,0.16123454953307115,0.0034288412945565616
"Gotterup, Chris",15,4,0.002845139354436088,0.0866881444274622,0.44149121331122854,0.4020808964430713,0.06689460646380185
"Gotterup, Chris",16,3,0.0018872983018660139,0.12118548476928281,0.5949185132030921,0.27166198892338234,0.0103467148023767
"Gotterup, Chris",17,4,0.019858321160859227,0.24857932551577216,0.5259083070684181,0.19376613966197231,0.011887906592978226
"Gotterup, Chris",18,4,0.0024012251586396083,0.10737570935431429,0.5325045222309411,0.3325355640500578,0.025182979206047174
"Greyserman, Max",1,4,0.004121721000530154,0.11142348126340135,0.48193229978797436,0.3571233159205951,0.04539918202749904
"Greyserman, Max",2,4,0.007227692710292222,0.13512721312112919,0.4778981418254503,0.33347124376702486,0.046275708576103414
"Greyserman, Max",3,4,0.016406517222173955,0.20088856400889737,0.4989224463926588,0.25664550816459,0.02713696421167988
"Greyserman, Max",4,5,0.016920480022278472,0.24292370669918867,0.5381026390799049,0.19167660799129038,0.010376566207337623
"Greyserman, Max",5,4,0.007319237415447266,0.1908769460423202,0.5736794297272703,0.2184348550706492,0.009689531744313085
"Greyserman, Max",6,3,0.002499419701700367,0.11759110567663511,0.5564475487378484,0.30518058446573726,0.01828134141807891
"Greyserman, Max",7,4,0.002379836036771721,0.09334299380861905,0.48753520694080027,0.3746388459441894,0.04210311726961957
"Greyserman, Max",8,3,0.001057809977888069,0.08734726805207504,0.5567298306826274,0.33678310272346146,0.018081988563948048
"Greyserman, Max",9,4,0.0030617418388172446,0.08465429786450512,0.424723342346965,0.40936684951642244,0.07819376843329018
"Greyserman, Max",10,4,0.0035140585621482034,0.11245442879051953,0.5037497009943582,0.3447339551594045,0.03554785649356951
"Greyserman, Max",11,4,0.013726370499471563,0.22330842947541402,0.5432847054451824,0.2078447226283524,0.011835771951579588
"Greyserman, Max",12,5,0.004289433770921114,0.11549791593890124,0.48905176723281046,0.34922409121874143,0.04193679183862575
"Greyserman, Max",13,3,0.007572760982466287,0.18813936739205783,0.5669233720587364,0.2262563429066019,0.011108156660137536
"Greyserman, Max",14,4,0.006759333497553643,0.22240598140721268,0.6089172926975652,0.1586017498384853,0.0033156425591831518
"Greyserman, Max",15,4,0.0029260610516894103,0.08809822429816067,0.4436423758745056,0.39961826293818803,0.06571507583745628
"Greyserman, Max",16,3,0.001955715789575152,0.12341081651191588,0.5963929394883272,0.26819714852059695,0.010043379689584797
"Greyserman, Max",17,4,0.02030894991890264,0.2511950672305733,0.5254719654012671,0.19142044338439268,0.011603574064864342
"Greyserman, Max",18,4,0.0024791311835647978,0.10923664719686993,0.5343889460260376,0.3293096708381861,0.02458560475534166
"Griffin, Ben",1,4,0.004736306488959452,0.12030865431014987,0.49067046296034467,0.3432342065577174,0.0410503696828286
"Griffin, Ben",2,4,0.008184857533638512,0.1445859049437438,0.48455595050433453,0.32061339838658,0.04205988863170318
"Griffin, Ben",3,4,0.018311597149219816,0.21226858590591502,0.5004939988482577,0.24445314449088196,0.02447267360572547
"Griffin, Ben",4,5,0.019066162572479395,0.25675741450975764,0.5355156200109621,0.17954739356389093,0.00911340934290994
"Griffin, Ben",5,4,0.008449581731568734,0.2046319893995593,0.574293196723084,0.20421171118516068,0.008413520960627308
"Griffin, Ben",6,3,0.002948037207182619,0.1282104681131621,0.5643909281873072,0.28844280739997463,0.016007759092373397
"Griffin, Ben",7,4,0.002776501378695062,0.10168706336977729,0.49811566333624274,0.35960197711887143,0.03781879479641348
"Griffin, Ben",8,3,0.0012767222229440045,0.09654308780426352,0.5681406106685499,0.3183269631017911,0.015712616202451457
"Griffin, Ben",9,4,0.0035132764568457375,0.09167892244333792,0.43537573235504073,0.39767620593311415,0.07175586281166146
"Griffin, Ben",10,4,0.004069422649104704,0.1218012498009256,0.5124579501798596,0.3298103603208895,0.03186101704922062
"Griffin, Ben",11,4,0.01553692710155885,0.23685563878762605,0.5421163234505814,0.19508330708636223,0.010407803573871499
"Griffin, Ben",12,5,0.004929864115227833,0.12465300330617901,0.4974405371419944,0.3351369229821718,0.03783967245442699
"Griffin, Ben",13,3,0.008720618349353837,0.20156561479337748,0.5679989830232726,0.2120278482150082,0.009686935618987924
"Griffin, Ben",14,4,0.007909556562371411,0.2388079284996859,0.6048896149452565,0.14560345944567643,0.0027894405470098027
"Griffin, Ben",15,4,0.0033714490070241854,0.09553599098993165,0.4542639630103733,0.3868743828178316,0.05995421417483926
"Griffin, Ben",16,3,0.0023405442034828416,0.1351747643436762,0.6030522828217943,0.2508169549796294,0.008615453651417249
"Griffin, Ben",17,4,0.022741617930816915,0.2646507264812678,0.5226683617585064,0.17969447730857968,0.010244816520829203
"Griffin, Ben",18,4,0.002912678334792973,0.11906158591279242,0.5433742811640456,0.31292778975413915,0.021723664834229828
"Griffin, Lanto",1,4,0.003188755719526981,0.09649865643426492,0.46428292765954143,0.3818290988646226,0.054200561322044094
"Griffin, Lanto",2,4,0.005744559052280329,0.1190157027841951,0.4640282333012686,0.35645369028114615,0.05475781458110984
"Griffin, Lanto",3,4,0.013389752991621262,0.18103260209236643,0.4939662912310297,0.2790409494313647,0.0325704042536179
"Griffin, Lanto",4,5,0.013561381157540076,0.21864173099764955,0.5401217516138654,0.21462313053473248,0.013052005696212454
"Griffin, Lanto",5,4,0.005609293445906938,0.16730904265002156,0.569372584326765,0.24527820769609088,0.01243087188121561
"Griffin, Lanto",6,3,0.0018417565375424827,0.09993523163769136,0.5392043217493835,0.3359239251813786,0.023094764894004083
"Griffin, Lanto",7,4,0.001790271657527709,0.07950968274531045,0.4665254966096281,0.40132995691001305,0.05084459207752068
"Griffin, Lanto",8,3,0.0007470651766894321,0.07237026547914488,0.5332639681327214,0.3704748429376078,0.02314385827383658
"Griffin, Lanto",9,4,0.0023757427274380682,0.07294408447946843,0.40428899623320047,0.4294538224321374,0.09093735412775561
"Griffin, Lanto",10,4,0.0026796913691517488,0.09680822851154458,0.4858817845318449,0.37152866782517946,0.043101627762279326
"Griffin, Lanto",11,4,0.010910824903640426,0.1996975781930339,0.5426672600279367,0.2318710189107973,0.01485331796459155
"Griffin, Lanto",12,5,0.00331730439009148,0.10010246622127522,0.4719419177313173,0.3743833591766026,0.05025495248071343
"Griffin, Lanto",13,3,0.005830662459714697,0.16512707290965828,0.5618924011381483,0.25300694421629766,0.014142919276181054
"Griffin, Lanto",14,4,0.005049202386409102,0.1942199101439645,0.6123751843204508,0.18385733962463713,0.0044983635245384734
"Griffin, Lanto",15,4,0.0022530324298782323,0.07571191457357151,0.423066701051013,0.4217546707385438,0.07721368120699346
"Griffin, Lanto",16,3,0.0014024169823987354,0.10393569101443323,0.5808020129079862,0.3007042234639772,0.013155655631204688
"Griffin, Lanto",17,4,0.016467355322118238,0.22745546084222285,0.5280620422956245,0.21355378383089496,0.014461357709139477
"Griffin, Lanto",18,4,0.0018403962663555151,0.09291670079496928,0.515604425786248,0.3590725400866658,0.030565937065761495
"Grillo, Emiliano",1,4,0.003924900075013671,0.10843276317278633,0.4787103538433553,0.36193260134362903,0.04699938156521566
"Grillo, Emiliano",2,4,0.006918057271542821,0.1319219208385194,0.47540433774428803,0.3379331194336739,0.04782256471197588
"Grillo, Emiliano",3,4,0.015783624233166038,0.19698677947112503,0.49817784212332467,0.2609309944879372,0.02812075968444705
"Grillo, Emiliano",4,5,0.016222772031842414,0.23816602819099914,0.5387594062202898,0.1960003887362025,0.010851404820666044
"Grillo, Emiliano",5,4,0.006957811976306849,0.18620111192264277,0.5731685458116408,0.22350007455692134,0.010172455732488261
"Grillo, Emiliano",6,3,0.002358190616281508,0.11403375775804558,0.5534062101635243,0.3110658594399631,0.01913598202218547
"Grillo, Emiliano",7,4,0.0022541192943378863,0.09055213438995086,0.4836670221792302,0.3798409863152259,0.04368573782125518
"Grillo, Emiliano",8,3,0.0009899879219200103,0.08429742376082011,0.5524814189882133,0.3432546588307531,0.01897651049829341
"Grillo, Emiliano",9,4,0.002917088595346673,0.08229875637965689,0.4208966508932227,0.41334963245220435,0.08053787167956938
"Grillo, Emiliano",10,4,0.0033371050017124704,0.109313422647621,0.5005125261410707,0.34992453543350266,0.036912410776093196
"Grillo, Emiliano",11,4,0.013139566796854463,0.2186653484488793,0.543439515559906,0.21238357627738014,0.012371992916980101
"Grillo, Emiliano",12,5,0.004084341646071243,0.11241463000060775,0.485943158488934,0.3541112408203515,0.04344662904403551
"Grillo, Emiliano",13,3,0.007205152094362566,0.18357467361958274,0.5662615149181451,0.23131416114529912,0.011644498222610489
"Grillo, Emiliano",14,4,0.006394643612574469,0.21682135590069074,0.6099694286191526,0.16329552469465813,0.0035190471729240613
"Grillo, Emiliano",15,4,0.0027837519293932855,0.08560529086195728,0.43980783173169385,0.4039821346181971,0.06782099085875848
"Grillo, Emiliano",16,3,0.001835722321879063,0.1194778105843185,0.5937373482641786,0.27436158509739306,0.01058753373223087
"Grillo, Emiliano",17,4,0.019514567204516164,0.24655605481083936,0.5262209296104079,0.19559579384099146,0.01211265453324517
"Grillo, Emiliano",18,4,0.002342314500262954,0.10594707132277348,0.5310158529685232,0.33503996400497704,0.02565479720346331
"Gutschewski, Trevor",1,4,0.0009014822919488075,0.045916068763060924,0.3613937780697717,0.4790763987537331,0.11271227212148549
"Gutschewski, Trevor",2,4,0.0018538135862951055,0.06164147988861929,0.3768345472043529,0.44953533165345083,0.11013482766728189
"Gutschewski, Trevor",3,4,0.004896780977401982,0.10444583287001385,0.4395922542833748,0.3810895896198845,0.0699755422493249
"Gutschewski, Trevor",4,5,0.0044990294145667575,0.12389990254854605,0.5062319561059938,0.331162817207706,0.03420629472318737
"Gutschewski, Trevor",5,4,0.001491433871740222,0.08286086345649424,0.5014428843141034,0.3790461892524144,0.035158629105247696
"Gutschewski, Trevor",6,3,0.0004062685821419887,0.04268261314305394,0.4237017396132373,0.47254666688584884,0.060662711775717915
"Gutschewski, Trevor",7,4,0.0004408748181967126,0.03476760435454729,0.34967897261052905,0.5046138918116598,0.11049865640506717
"Gutschewski, Trevor",8,3,0.00013378843975747623,0.027171505595720125,0.39378650643854607,0.5151237695768818,0.06378442994909461
"Gutschewski, Trevor",9,4,0.0006853416615358321,0.03410628522109449,0.29936155147502946,0.4967314176664491,0.1691154039758911
"Gutschewski, Trevor",10,4,0.000704094905568442,0.044538655898235247,0.37834741799621646,0.4808726620713158,0.09553716912866406
"Gutschewski, Trevor",11,4,0.00347911602778328,0.10971969512529212,0.4968534969384284,0.3514674818438738,0.03848021006462243
"Gutschewski, Trevor",12,5,0.0009354068868408505,0.047757216919999346,0.36996877257903743,0.4751446220716722,0.10619398154245019
"Gutschewski, Trevor",13,3,0.0015882464324157852,0.08247049027344139,0.4926830928364031,0.3845105957665397,0.03874757469120005
"Gutschewski, Trevor",14,4,0.0011715600341382637,0.09313532187901208,0.5660786723618645,0.3235065255987475,0.01610792012623774
"Gutschewski, Trevor",15,4,0.0006247506172102901,0.03484593623895732,0.3148805035051652,0.49980594295743147,0.1498428666812357
"Gutschewski, Trevor",16,3,0.0002689773999026146,0.0420432512663913,0.4625487222222323,0.45497900738149344,0.040160041729980334
"Gutschewski, Trevor",17,4,0.005790779178432959,0.1330582429939109,0.49934432909198123,0.32530201277575344,0.03650463595992148
"Gutschewski, Trevor",18,4,0.0004222979781955405,0.04002913064644675,0.39867187780314933,0.48581371311999544,0.07506298045221294
"Haefner, Grant",1,4,0.0012121350842992928,0.05490175778332096,0.386683335707518,0.460487436339436,0.09671533508542574
"Haefner, Grant",2,4,0.00241666969197446,0.0722356568957061,0.39901767252448866,0.4312146418383985,0.09511535904943225
"Haefner, Grant",3,4,0.006203520891937042,0.11941534242973445,0.4558506297689836,0.3589916784044762,0.05953882850486869
"Haefner, Grant",4,5,0.0058378472412647375,0.14248314965234182,0.5197069456050653,0.3040730585565973,0.027898998944730913
"Haefner, Grant",5,4,0.002038507299505554,0.09840635697059913,0.5228322260598527,0.34847678525860926,0.02824612441143337
"Haefner, Grant",6,3,0.0005796279147819994,0.052451780905074574,0.45352231201228155,0.44387273348268474,0.049573545685177134
"Haefner, Grant",7,4,0.0006122927851379134,0.04241922980709151,0.3777121703567007,0.4852629852002184,0.09399332185085152
"Haefner, Grant",8,3,0.00020041544594334715,0.03443297705804421,0.42799456184899026,0.48572031774639207,0.05165172790063011
"Haefner, Grant",9,4,0.0009164690890260951,0.04090712067278579,0.3236879175855488,0.48586965196224485,0.14861884069039444
"Haefner, Grant",10,4,0.000963388260671938,0.05370647628527114,0.4050882793215116,0.4593476343970582,0.0808942217354871
"Haefner, Grant",11,4,0.004555865997627473,0.1270809220922599,0.5128428539837273,0.324049624415203,0.031470733511182236
"Haefner, Grant",12,5,0.0012586463439273055,0.057075826425670495,0.39526802842890235,0.45558697292251477,0.09081052587898508
"Haefner, Grant",13,3,0.002158190906280111,0.09772439002686362,0.5140648148879929,0.3547133703601051,0.03133923381875825
"Haefner, Grant",14,4,0.0016554981745108277,0.11166086549353549,0.584847975607398,0.28952634354748696,0.012309317177068735
"Haefner, Grant",15,4,0.0008434010764279964,0.041965211598944785,0.34023216040595156,0.48644757716592757,0.1305116497527481
"Haefner, Grant",16,3,0.00039685268336320245,0.05239850236648386,0.49429494525076595,0.42110875258006153,0.03180094711932546
"Haefner, Grant",17,4,0.0074110567500571545,0.15183589892843358,0.5113569107784486,0.2993911318004161,0.030005001742644644
"Haefner, Grant",18,4,0.0005967176847430644,0.04906264984130004,0.42805679243733247,0.4600627841602183,0.06222105587640614
"Hahn, James",1,4,0.002431432349746132,0.08266220758655385,0.4439140659277068,0.40637835805644074,0.06461393607955246
"Hahn, James",2,4,0.0045067106532278856,0.1037968836323539,0.44750236356870987,0.379470839947848,0.06472320219786032
"Hahn, James",3,4,0.010797971549063812,0.16168521464599495,0.48610188626137896,0.3023470726064096,0.0390678549371527
"Hahn, James",4,5,0.010721929153165721,0.19483325062954326,0.5385953535243543,0.2394415933707652,0.01640787332217153
"Hahn, James",5,4,0.0042295663981182785,0.14492811179384307,0.5607335610771548,0.27417972410987257,0.015929036621011305
"Hahn, James",6,3,0.0013330048687444362,0.08381402305820468,0.5179280203900949,0.367805064499519,0.029119887183437054
"Hahn, James",7,4,0.0013252500682852664,0.06691071083861982,0.4427300505220264,0.4277447903200534,0.06128919825101509
"Hahn, James",8,3,0.0005170024228797199,0.05907039484923332,0.5057886202632962,0.40507569859990855,0.029548283864682223
"Hahn, James",9,4,0.001818016482754481,0.06218848629487117,0.38196581829982235,0.4484320372482261,0.10559564167432589
"Hahn, James",10,4,0.0020120006475800034,0.08237572222474832,0.4649450135593175,0.3984900904382085,0.05217717313014569
"Hahn, James",11,4,0.008552071511564951,0.176757191035058,0.5383780403208253,0.25768602114247785,0.01862667599007395
"Hahn, James",12,5,0.002528320269733708,0.08581009354949992,0.45200029166490857,0.39952520750666465,0.06013608700919315
"Hahn, James",13,3,0.004418613878791444,0.14325932997291108,0.5526690543318556,0.28166692205293575,0.01798607976350608
"Hahn, James",14,4,0.003702563548925175,0.16739233403425918,0.6107264683073292,0.21208311689050863,0.006095517218977831
"Hahn, James",15,4,0.0017099112614925027,0.06435418827940564,0.4003519069683088,0.44300495223440345,0.0905790412563896
"Hahn, James",16,3,0.000985779170754042,0.08627198796310553,0.5603278910668138,0.33521884908348654,0.01719549271584009
"Hahn, James",17,4,0.0131813853225215,0.20401794298606707,0.5273555294559825,0.23743024098383514,0.018014901251593773
"Hahn, James",18,4,0.0013428127608510754,0.07802694694835177,0.4932137614686081,0.3894868901747994,0.0379295886473896
"Harman, Brian",1,4,0.0037724684325310953,0.10606269425560311,0.47605006498445634,0.3657932673192361,0.04832150500817334
"Harman, Brian",2,4,0.006677128177078606,0.12937378418836043,0.47333131362894004,0.3415188235738513,0.049098950431769595
"Harman, Brian",3,4,0.015296544610200635,0.19386811127583448,0.49750426987465685,0.26439610119563883,0.02893497304366921
"Harman, Brian",4,5,0.01567861320575631,0.23435817632788375,0.539195934797749,0.19951958227452016,0.011247693394090819
"Harman, Brian",5,4,0.006678125124398748,0.18247906200980574,0.5726455593482992,0.22762049888827018,0.010576754629226137
"Harman, Brian",6,3,0.0022496846861174147,0.11122121149373204,0.5508555579639867,0.31582437685820397,0.019849168997959854
"Harman, Brian",7,4,0.0021572253687285325,0.08834700354105074,0.4804850694063437,0.3840150173103123,0.044995684373564715
"Harman, Brian",8,3,0.0009382650179042273,0.08189737046589335,0.5489599257824864,0.3484799710565615,0.019724467677154522
"Harman, Brian",9,4,0.0028050381274457026,0.08043524361189125,0.4177726555080008,0.4165219385033456,0.08246512424931662
"Harman, Brian",10,4,0.003200384957794955,0.10682620316524438,0.497830484072604,0.3541000238605987,0.03804290394375798
"Harman, Brian",11,4,0.012682602181290359,0.2149551403914255,0.5434691378904687,0.21607383788968515,0.01281928164713031
"Harman, Brian",12,5,0.003925506904846665,0.10997058682775646,0.4833709732119179,0.3580379692144674,0.04469496384101157
"Harman, Brian",13,3,0.006920468116418499,0.17994081156082098,0.5656207609465622,0.23542504352617,0.012092915850028252
"Harman, Brian",14,4,0.006113549839917742,0.21237299018835326,0.6106838218043933,0.1671386042961407,0.0036910338711950708
"Harman, Brian",15,4,0.002673652969033047,0.08363354364699443,0.4366706600613174,0.40746653524567655,0.06955560807697858
"Harman, Brian",16,3,0.0017439425573718692,0.11637129988453337,0.5914741685436977,0.2793660492515343,0.011044539762862682
"Harman, Brian",17,4,0.018893782477817256,0.24283889896448613,0.5267379929015565,0.1989924624954703,0.01253686316066982
"Harman, Brian",18,4,0.0022370785099142254,0.10334676926955272,0.5282098480672197,0.33966184924438936,0.026544454908923987
"Harris, Frankie",1,4,0.0021661658178519505,0.07732327050267318,0.4348151002539317,0.416291106947858,0.06940435647768517
"Harris, Frankie",2,4,0.004063978866478135,0.09784245859197044,0.4399775184613712,0.3888294812797798,0.06928656280040046
"Harris, Frankie",3,4,0.009850949067458203,0.1539453173435426,0.482011942692175,0.31211068287878274,0.042081108018041435
"Harris, Frankie",4,5,0.009697474479446633,0.18527539054666287,0.5368778770244522,0.25013279987123405,0.01801645807820429
"Harris, Frankie",5,4,0.003748899616118906,0.13615173207907005,0.555897712639457,0.2865766128752859,0.017625042790068157
"Harris, Frankie",6,3,0.001161256186672066,0.07766941320522386,0.508075362684077,0.38109307641181767,0.032000891512209306
"Harris, Frankie",7,4,0.0011658611378836392,0.06211338521872539,0.43222672522787003,0.43836858535707723,0.0661254430584437
"Harris, Frankie",8,3,0.0004418775096319827,0.05410549640463258,0.49344280990483247,0.419377826423605,0.032631989757297974
"Harris, Frankie",9,4,0.0016223659143327906,0.058064467122565355,0.37231986735010947,0.4557860023687962,0.1122072972441962
"Harris, Frankie",10,4,0.001780662908926589,0.076829004924659,0.45551369838630273,0.4094802114817797,0.05639642229833197
"Harris, Frankie",11,4,0.0077066951363178315,0.16760744484351964,0.5355034134720982,0.2687511079845477,0.020431338563516643
"Harris, Frankie",12,5,0.0022520115347481884,0.08029008770692958,0.44304109416539694,0.40972243281956566,0.06469437377335963
"Harris, Frankie",13,3,0.003924968736567058,0.13467880224797335,0.5476394322476978,0.2939171781751685,0.01983961859259331
"Harris, Frankie",14,4,0.003242254618136986,0.1568660914813908,0.6084763828341042,0.22451474955546358,0.006900521510904367
"Harris, Frankie",15,4,0.001520468942034503,0.060005510792934535,0.3904743992696147,0.45134832753399795,0.09665129346141832
"Harris, Frankie",16,3,0.0008480190423709177,0.07957712093687458,0.5505470794510487,0.34985195125344704,0.01917582931625872
"Harris, Frankie",17,4,0.011985189768178361,0.1945607267433196,0.5260470366533734,0.24769883335299037,0.019708213482138248
"Harris, Frankie",18,4,0.0011739117456473491,0.07235323953822664,0.4830370672192471,0.40202488230955735,0.04141089918732155
"Hastings, Justin",1,4,0.002336004046551987,0.08077569518722871,0.4407853193100142,0.409852819846915,0.06625016160929009
"Hastings, Justin",2,4,0.00434805696811541,0.10169844259942618,0.44492393646261924,0.3827463393011692,0.06628322466866998
"Hastings, Justin",3,4,0.010459948647396189,0.1589689438257778,0.4847317352572941,0.30574399788855877,0.0400953743809731
"Hastings, Justin",4,5,0.010355383689213071,0.1914808959204113,0.5380697084843419,0.24314116207863157,0.016952849827402194
"Hastings, Justin",5,4,0.004056462073282585,0.14183603755533336,0.559131624923568,0.2784735125372184,0.01650236291059759
"Hastings, Justin",6,3,0.0012707947762430893,0.08163757417199996,0.5145612233403745,0.3724338909479801,0.030096516763402414
"Hastings, Justin",7,4,0.0012676804232030214,0.06521128778310281,0.43911032298509656,0.4314716927003912,0.0629390161082064
"Hastings, Justin",8,3,0.0004896250844433903,0.057304868767605266,0.5015468471627103,0.41006641832751456,0.030592240657726588
"Hastings, Justin",9,4,0.001747654024661982,0.06072959229607716,0.37862895012484776,0.45103117128486514,0.10786263226954795
"Hastings, Justin",10,4,0.001928609176522711,0.08041425638007149,0.46170671331689295,0.4023350678316311,0.05361535329488176
"Hastings, Justin",11,4,0.008249225422155115,0.17354404168642235,0.5374496020616093,0.2615187719159875,0.019238358913825748
"Hastings, Justin",12,5,0.0024289160039880353,0.08385993140989756,0.4489227608305572,0.40309621836063536,0.061692173394921834
"Hastings, Justin",13,3,0.004240951515949276,0.1402366571180727,0.5509962879840278,0.2859127956564621,0.018613307725488193
"Hastings, Justin",14,4,0.0035361995726895246,0.16368381022321288,0.6100475142192805,0.21636692645055455,0.0063655495342626045
"Hastings, Justin",15,4,0.0016417087979124778,0.06281537686162186,0.39693881322414437,0.4459459364804462,0.09265816463587506
"Hastings, Justin",16,3,0.0009356886422191568,0.08389798398485004,0.557003384218406,0.340299424153394,0.017863519001130812
"Hastings, Justin",17,4,0.012754108478985005,0.20070416176327516,0.5269678666705279,0.24098461719703201,0.018589245890179962
"Hastings, Justin",18,4,0.0012816965833403748,0.07601724596612275,0.489724817662769,0.3938638839223778,0.03911235586539008
"Hatton, Tyrrell",1,4,0.004624725801323226,0.11874286613711316,0.4892171716294347,0.3456394107152968,0.04177582571683214
"Hatton, Tyrrell",2,4,0.008012107751007469,0.14292579824816076,0.48346042809412415,0.32283722384317104,0.04276444206353658
"Hatton, Tyrrell",3,4,0.017969939703503746,0.21028548347632636,0.5002827956525453,0.2465456160000501,0.024916165167574444
"Hatton, Tyrrell",4,5,0.018680114528913327,0.2543514766228724,0.5360361361559272,0.1816109786276443,0.009321294064642771
"Hatton, Tyrrell",5,4,0.008244188395254648,0.2022227467481087,0.5742776203544867,0.20663283747761296,0.008622607024536988
"Hatton, Tyrrell",6,3,0.002865771430879016,0.1263338359524217,0.5631042763455661,0.2913142047253794,0.016381911545753747
"Hatton, Tyrrell",7,4,0.0027040445759686227,0.10021104398025554,0.49634602021941304,0.3622071751741194,0.038531716050243414
"Hatton, Tyrrell",8,3,0.0012362041408325863,0.09490828003653895,0.5662558039208037,0.32149827486097304,0.016101437040851763
"Hatton, Tyrrell",9,4,0.003431312595732372,0.09043813099863551,0.43357317166446596,0.3997204224046236,0.07283696233654258
"Hatton, Tyrrell",10,4,0.003968293828508329,0.12015253868482706,0.511017704866766,0.3323876906087565,0.0324737720111421
"Hatton, Tyrrell",11,4,0.015210539241932053,0.2344945311431419,0.5423944964039623,0.19725746306227787,0.01064297014868587
"Hatton, Tyrrell",12,5,0.0048135897565505514,0.12304020146764072,0.496050082034879,0.3375736289925009,0.03852249774842886
"Hatton, Tyrrell",13,3,0.008512235993506534,0.1992141286662394,0.5679007353362,0.21445265626424792,0.009920243739806156
"Hatton, Tyrrell",14,4,0.007699524814574754,0.23593815751479486,0.6056908355316897,0.14779698454179335,0.0028744975971473075
"Hatton, Tyrrell",15,4,0.003290476550700694,0.09422188432677253,0.452472444218509,0.3890959912028167,0.060919203701201075
"Hatton, Tyrrell",16,3,0.002269583734936964,0.13309351532860314,0.6020059221499376,0.253782592417113,0.008848386369409211
"Hatton, Tyrrell",17,4,0.022305029229845397,0.2623140134000443,0.5232211651243536,0.1816908805514147,0.010468911694342053
"Hatton, Tyrrell",18,4,0.002833287536341156,0.11732477389376045,0.5418983583247405,0.3157470839726635,0.022196496272494315
"Henley, Russell",1,4,0.004635560411137385,0.11889577905616888,0.4893606791551562,0.34540373474197783,0.041704246635559716
"Henley, Russell",2,4,0.008028901109509101,0.14308804687064186,0.4835688318838791,0.32261927101564003,0.042694949120329895
"Henley, Russell",3,4,0.018003193439593335,0.21047956323655942,0.5003046117434804,0.2463402418677123,0.024872389712654486
"Henley, Russell",4,5,0.018717665876196776,0.2545870287928224,0.535986464672221,0.18140810928552542,0.009300731373234394
"Henley, Russell",5,4,0.008264129250354746,0.2024583071036049,0.5742808149730421,0.2063948398766965,0.008601908796301738
"Henley, Russell",6,3,0.0028737441701280897,0.1265170104445386,0.5632319921262317,0.2910323514468053,0.01634490181229642
"Henley, Russell",7,4,0.0027110719340335265,0.10035508659670694,0.4965205771189111,0.3619519232883035,0.03846134106204491
"Henley, Russell",8,3,0.0012401238376178458,0.09506766927538834,0.5664421773721482,0.32118707325713225,0.016062956257713368
"Henley, Russell",9,4,0.0034392716150848934,0.0905592508895186,0.4337505741308382,0.39952047937625634,0.07273042398830198
"Henley, Russell",10,4,0.003978107937118225,0.12031352118162952,0.511160079856209,0.3321350196927102,0.03241327133233307
"Henley, Russell",11,4,0.015242275483415724,0.23472560122332992,0.5423686330984823,0.19704377844454424,0.0106197117502278
"Henley, Russell",12,5,0.004824880106426899,0.12319771606705221,0.4961874754501143,0.33733481519981035,0.03845511317659622
"Henley, Russell",13,3,0.008532470640369605,0.19944404465010446,0.5679119814313152,0.2142143478009929,0.009897155477217812
"Henley, Russell",14,4,0.0077198968482620756,0.23621880620651242,0.6056142298568769,0.1475810106317479,0.002866056456600763
"Henley, Russell",15,4,0.0032983369793249673,0.09435015487780818,0.4526488707327793,0.3888785741294809,0.06082406328060663
"Henley, Russell",16,3,0.0022764534569152395,0.13329662001051196,0.6021104229137042,0.2534911953022415,0.00882530831662709
"Henley, Russell",17,4,0.022347517057474175,0.2625428520857929,0.5231682341195654,0.1814946424496795,0.01044675428748798
"Henley, Russell",18,4,0.0028409837258460136,0.1174942896351408,0.5420444575175858,0.31547050963252876,0.022149759488898635
"Herrera, Joey",1,4,0.0010604498178328203,0.05066165379993687,0.37528360829122204,0.46922730738293694,0.10376698070807133
"Herrera, Joey",2,4,0.0021440151697863508,0.06726424461665959,0.3890700003848457,0.439777647553319,0.10174409227538939
"Herrera, Joey",3,4,0.005575448996822163,0.1124467900023578,0.44871398151578756,0.3691430564203937,0.06412072306463878
"Herrera, Joey",4,5,0.005190744465859154,0.1338318992419706,0.5139708185349394,0.31637214150111037,0.030634396256120522
"Herrera, Joey",5,4,0.0017705152038971494,0.0911015994078559,0.5134884077419046,0.36240592151757944,0.031233556128762885
"Herrera, Joey",6,3,0.0004937410210018034,0.04781329784140692,0.44015683876709727,0.4571408825088568,0.05439523986163719
"Herrera, Joey",7,4,0.0005279035179403535,0.03878909483867793,0.3650274897595597,0.49440036071540616,0.10125515116841588
"Herrera, Joey",8,3,0.00016700012506526418,0.03095645054081797,0.41254590001995506,0.4994131134874313,0.056917535826730425
"Herrera, Joey",9,4,0.0008037300549283977,0.03769252201520629,0.3126347038322061,0.49114875915721856,0.15772028494044066
"Herrera, Joey",10,4,0.0008362350256718165,0.049371985645525474,0.39305013147030393,0.46941643180490844,0.08732521605359034
"Herrera, Joey",11,4,0.00403414692248083,0.11897958097280159,0.505943790095944,0.33652872063618733,0.034513761372586216
"Herrera, Joey",12,5,0.0011007948605341045,0.05267974561132083,0.38387828155358755,0.4647565049882043,0.0975846729863532
"Herrera, Joey",13,3,0.0018793914787332833,0.09055979867920438,0.5047042053072894,0.3683094953191811,0.03454710921559179
"Herrera, Joey",14,4,0.0014165443961344226,0.10294504069652932,0.5768617832248919,0.30484936755459124,0.013927264127853167
"Herrera, Joey",15,4,0.0007365024737800985,0.03859729302681725,0.32872848775654506,0.4928639676542649,0.1390737490885927
"Herrera, Joey",16,3,0.0003329821406447553,0.04746660344123682,0.48013268831747924,0.43666476147062705,0.035402964630012135
"Herrera, Joey",17,4,0.006630674579870044,0.14311292046949187,0.5062690864700998,0.311157778863814,0.03282953961672419
"Herrera, Joey",18,4,0.0005105014571658573,0.04477480567420683,0.4148406687934966,0.47204577023479505,0.06782825384033564
"Hicks, Justin",1,4,0.0013475079974360482,0.058487314473775476,0.39566263821907205,0.45317005572330954,0.09133248358640689
"Hicks, Justin",2,4,0.0026569722566163745,0.07640411347598669,0.40679101126984263,0.4241021655697731,0.09004573742778121
"Hicks, Justin",3,4,0.006750291609108561,0.1251866972104641,0.4612384054354595,0.35076318056710054,0.056061425177867275
"Hicks, Justin",4,5,0.006406050901816729,0.14964665275686434,0.5238124215381539,0.2942749027793955,0.02585997202376955
"Hicks, Justin",5,4,0.002278849825563256,0.10454121763177965,0.5298235860326024,0.33732539588697497,0.026030950623079696
"Hicks, Justin",6,3,0.0006580621834985645,0.0564106860485904,0.46394893228659473,0.43301523859090163,0.04596708089041468
"Hicks, Justin",7,4,0.0006885939609596048,0.04551443766300567,0.38776126063091476,0.47756935219377644,0.08846635555134352
"Hicks, Justin",8,3,0.00023154030704680695,0.03743837901892266,0.44018840556305433,0.4744173686106522,0.047724306500324
"Hicks, Justin",9,4,0.0010169307280382678,0.043633026798229224,0.3325048495852795,0.48124967275663405,0.14159552013181897
"Hicks, Justin",10,4,0.0010776391881164304,0.05738255361481853,0.4145492697958728,0.45097841461755833,0.0760121227836339
"Hicks, Justin",11,4,0.0050157564656527764,0.1338133188980296,0.5178994149511122,0.3140724140341591,0.02919909565104628
"Hicks, Justin",12,5,0.0013995492507297147,0.06079174570709167,0.4042214870399702,0.44793975079380466,0.08564746720840377
"Hicks, Justin",13,3,0.0024076685095502093,0.10373772782267143,0.5210945781289494,0.3438061326256615,0.02895389291316741
"Hicks, Justin",14,4,0.001872488359458857,0.11899247048591122,0.5905533218499855,0.27744696653848966,0.01113475276615472
"Hicks, Justin",15,4,0.0009390027812942736,0.04482462461515546,0.34938839027133445,0.48091825903770247,0.12392972329451335
"Hicks, Justin",16,3,0.0004559448456360471,0.05662709322894538,0.5052572917236269,0.4085174513207416,0.029142218881050175
"Hicks, Justin",17,4,0.00809252699658286,0.15903547389676892,0.5149658941240964,0.2900129323360192,0.02789317264653257
"Hicks, Justin",18,4,0.0006751706156652992,0.05272083136929995,0.43842529549538506,0.4501775190770879,0.05800118344256178
"Highsmith, Joe",1,4,0.0034708561363597235,0.10122322296974895,0.4703098288132987,0.37381482586887205,0.05118126621172059
"Highsmith, Joe",2,4,0.006197324023636819,0.12414798839830854,0.4688188046158126,0.3489809805803217,0.051854902381920365
"Highsmith, Joe",3,4,0.014319931197034508,0.18742464535943448,0.4958854987769415,0.27166957797456237,0.030700346692027147
"Highsmith, Joe",4,5,0.014591525327304344,0.22647712185436125,0.5398402920973906,0.20697416727532458,0.012116893445619281
"Highsmith, Joe",5,4,0.006125374103179704,0.17483317238870938,0.5712327704299573,0.23634135864834405,0.011467324429809578
"Highsmith, Joe",6,3,0.0020373453954479204,0.10549721376587123,0.5452420044071083,0.3258103697684226,0.021413066663149904
"Highsmith, Joe",7,4,0.0019667754632013423,0.08386278131014491,0.47365309853376214,0.3926813014459911,0.047836043246900495
"Highsmith, Joe",8,3,0.0008380705687814904,0.07704430965797066,0.5413250147441739,0.3594235423687333,0.021369062660340554
"Highsmith, Joe",9,4,0.0025832630481578134,0.07663889793957934,0.41113129915021435,0.42304092791311915,0.08660561194892935
"Highsmith, Joe",10,4,0.002930746066787948,0.10175313789167062,0.49201785560145744,0.36280094865640444,0.040497311783679546
"Highsmith, Joe",11,4,0.011771616178215982,0.20729293281440436,0.5432568123965504,0.2238789958148284,0.013799642796000766
"Highsmith, Joe",12,5,0.0036112336083681806,0.10497836696128016,0.4778055165931198,0.36620716218558,0.04739772065165182
"Highsmith, Joe",13,3,0.006357260095972872,0.1724751804048908,0.5639732565145357,0.24411546094886494,0.013078842035735727
"Highsmith, Joe",14,4,0.005561075229471246,0.20322779859394863,0.6117906491245226,0.1753453670210121,0.004075110031045437
"Highsmith, Joe",15,4,0.002456111393930538,0.07961806621775214,0.4299823564934814,0.41465176788576297,0.07329169800907298
"Highsmith, Joe",16,3,0.0015654391296210934,0.11005793840876515,0.5863940604778108,0.28992700074925126,0.012055561234551648
"Highsmith, Joe",17,4,0.01765022246457021,0.23513325766350096,0.527568555598351,0.2061826403696776,0.013465323903900206
"Highsmith, Joe",18,4,0.002030811760318718,0.09805607695967627,0.5220973306061989,0.34932820570007395,0.02848757497373211
"Hoge, Tom",1,4,0.0037428059821421056,0.10559577713973517,0.47551451562856617,0.36655905259922494,0.04858784865033161
"Hoge, Tom",2,4,0.006630126156505711,0.12887093553040335,0.4729125360553326,0.3422304988639596,0.049355903393798695
"Hoge, Tom",3,4,0.015201269261792938,0.1932508921602309,0.4973625702366755,0.26508612077281324,0.029099147568487416
"Hoge, Tom",4,5,0.015572323470541494,0.2336040386354944,0.5392728350411378,0.2002228473078289,0.011327955544997437
"Hoge, Tom",5,4,0.006623724034246603,0.18174406325165576,0.5725297802041132,0.22844365785797516,0.010658774652009262
"Hoge, Tom",6,3,0.002228660976596797,0.11066782827451516,0.5503380055760076,0.3167719020841101,0.019993603088770295
"Hoge, Tom",7,4,0.002138419344968945,0.08791327334294252,0.47984574725700835,0.384842734652837,0.04525982540224316
"Hoge, Tom",8,3,0.0009282833132695512,0.0814263330750768,0.5482496281844516,0.3495196527537241,0.019876102673478058
"Hoge, Tom",9,4,0.0027832313054436675,0.08006845421063336,0.41714743781104524,0.4171485202779813,0.08285235639489641
"Hoge, Tom",10,4,0.0031738139702331414,0.10633641554832612,0.4972896103006703,0.35492918800072515,0.03827097218004527
"Hoge, Tom",11,4,0.012593417069665713,0.21422096615294933,0.5434649080384464,0.21681086039215192,0.012909848346786656
"Hoge, Tom",12,5,0.003894598753180434,0.1094890319425868,0.4828525933959414,0.3588172397851155,0.044946536123175895
"Hoge, Tom",13,3,0.0068650727371185605,0.17922319542451787,0.565481989170062,0.23624592123900057,0.012183821429301078
"Hoge, Tom",14,4,0.006058992635815663,0.21149427713129093,0.6108116073507364,0.167909013683452,0.0037261091987050854
"Hoge, Tom",15,4,0.0026522401941523333,0.083245500872138,0.4360421015694115,0.4081556803111033,0.06990447705319491
"Hoge, Tom",16,3,0.001726202529664933,0.11576040682333211,0.5910112758725379,0.28036470734114216,0.011137407433322921
"Hoge, Tom",17,4,0.01877239619435156,0.24210226764885512,0.526831564149415,0.1996710624515341,0.012622709555844214
"Hoge, Tom",18,4,0.0022166757527778413,0.10283519959872978,0.5276428131836343,0.3405809598401932,0.02672435162466491
"Hojgaard, Rasmus",1,4,0.00427659787716983,0.11372485105112451,0.4843125616630487,0.3534692131087642,0.044216776299892735
"Hojgaard, Rasmus",2,4,0.007470242052263987,0.1375861788423829,0.47972777346175566,0.3300845614718835,0.04513124417171399
"Hojgaard, Rasmus",3,4,0.016892119611054135,0.20386608531651257,0.49941880148591444,0.25341178575938994,0.026411207827128913
"Hojgaard, Rasmus",4,5,0.017465769637947937,0.246549479775866,0.5375207585928485,0.18843486080685867,0.010029131186478857
"Hojgaard, Rasmus",5,4,0.00760385044802675,0.19445920972151937,0.5739642972085528,0.21463537269114297,0.009337269930758119
"Hojgaard, Rasmus",6,3,0.0026114109464902002,0.12033455304982743,0.558658008776478,0.30074005297900086,0.017655974248203532
"Hojgaard, Rasmus",7,4,0.0024792245941271385,0.09549674133026964,0.4904037077835301,0.37068455740037753,0.04093576889169559
"Hojgaard, Rasmus",8,3,0.0011119771254216593,0.08970998213121983,0.5598554384022687,0.33189387149374494,0.017428730847344864
"Hojgaard, Rasmus",9,4,0.0031755494535681272,0.08646995710916777,0.42758311315789804,0.40631804969945984,0.07645333057990622
"Hojgaard, Rasmus",10,4,0.0036536206940180893,0.11487324825499606,0.5061327364943058,0.34079814015573273,0.03454225440094738
"Hojgaard, Rasmus",11,4,0.014185661258430182,0.2268523885440834,0.5430805386149957,0.20443818148659498,0.011443230095895762
"Hojgaard, Rasmus",12,5,0.004450821472793687,0.11786992759294534,0.49134327362804525,0.3455140599443155,0.04082191736190022
"Hojgaard, Rasmus",13,3,0.007862036023371932,0.19163624508191102,0.5673260652714072,0.22245923860676287,0.010716415016547076
"Hojgaard, Rasmus",14,4,0.007047613410109288,0.22668155433788523,0.6079990195924008,0.15510310308122688,0.003168709578377893
"Hojgaard, Rasmus",15,4,0.0030381571817608144,0.09002020043992237,0.4465017563299451,0.3962855757681457,0.064154310280226
"Hojgaard, Rasmus",16,3,0.002051277273064589,0.12644675698799662,0.5982899545070972,0.2635643119826757,0.009647699249165864
"Hojgaard, Rasmus",17,4,0.020928610872806064,0.25472646684274725,0.5248259965179012,0.18828840859398888,0.011230517172556631
"Hojgaard, Rasmus",18,4,0.0025875048498720243,0.1117741309815331,0.5368615213631992,0.32497581483514115,0.023801027970254518
"Hovland, Viktor",1,4,0.004731885942783676,0.12024699705247777,0.4906139103963722,0.343328581410828,0.041078625197538354
"Hovland, Viktor",2,4,0.008178021874699959,0.14452058695891534,0.4845134156540526,0.32070063544052896,0.04208734007180315
"Hovland, Viktor",3,4,0.01829809529757953,0.21219067214407006,0.5004861894524076,0.24453510334493,0.02448993976101277
"Hovland, Viktor",4,5,0.019050896611980783,0.256662927079149,0.5355366111952222,0.17962808054698165,0.009121484566666282
"Hovland, Viktor",5,4,0.008441443257011794,0.20453723748489316,0.5742932964108427,0.20430638704461024,0.008421635802642102
"Hovland, Viktor",6,3,0.00294477141913424,0.12813652997807623,0.56434114303589,0.2885552630164884,0.0160222925504111
"Hovland, Viktor",7,4,0.0027736272516166727,0.10162889666704183,0.49804671988011034,0.35970420793818036,0.03784654826305078
"Hovland, Viktor",8,3,0.0012751106688329017,0.09647859974466039,0.568067375609463,0.31845120303121033,0.015727710945833362
"Hovland, Viktor",9,4,0.0035100293545172745,0.09163003954515914,0.43530533515286374,0.39775657024850597,0.07179802569895388
"Hovland, Viktor",10,4,0.004065413760489633,0.12173631503203208,0.5124019717145729,0.32991143405185575,0.031884865441049626
"Hovland, Viktor",11,4,0.015524015238935152,0.23676287221479558,0.5421278320972542,0.19516834069696976,0.010416939752045273
"Hovland, Viktor",12,5,0.004925257609172118,0.12458949921107138,0.4973864684370233,0.33523251215778416,0.03786626258494907
"Hovland, Viktor",13,3,0.008712362988482214,0.20147313547716095,0.5679958179639494,0.2121226897410191,0.00969599382938835
"Hovland, Viktor",14,4,0.007901226047344279,0.23869509096993097,0.6049218633217844,0.14568908680141157,0.002792732859528746
"Hovland, Viktor",15,4,0.0033682401804396855,0.09548421717599503,0.4541940443087716,0.3869616683182835,0.059991830016510206
"Hovland, Viktor",16,3,0.0023377240292126733,0.13509274652869618,0.6030120668343579,0.2509329766768603,0.008624485930872838
"Hovland, Viktor",17,4,0.02272436211915624,0.2645589849528716,0.5226905790021862,0.1797725488102866,0.010253525115499373
"Hovland, Viktor",18,4,0.0029095275737807125,0.11899315177157799,0.5433170002189318,0.31303827479106106,0.021742045644648433
"Howell, Mason",1,4,0.0017484925121656336,0.06823439609369947,0.4174363722766503,0.43372899213289107,0.07885174698459352
"Howell, Mason",2,4,0.0033548565360524973,0.08758756808047213,0.42539782287330047,0.40540583191588797,0.07825392059428693
"Howell, Mason",3,4,0.008307527344006693,0.14037172258507358,0.4733777730283493,0.3298757919199766,0.04806718512259378
"Howell, Mason",4,5,0.008045801775383055,0.16847766599662978,0.5321248812814514,0.2700498869092962,0.0213017640372396
"Howell, Mason",5,4,0.0029958858813370903,0.12102650161001682,0.5452875010808316,0.3095691160742001,0.021120995353614447
"Howell, Mason",6,3,0.0008989224890268988,0.06732268461303265,0.48879380695445546,0.4051165321197162,0.03786805382376879
"Howell, Mason",7,4,0.0009192971519354498,0.05403687377862437,0.4123523063952735,0.4569784785186362,0.07571304415553048
"Howell, Mason",8,3,0.00033017167987092755,0.04588879751866798,0.46980821080975116,0.445026406281952,0.03894641370975793
"Howell, Mason",9,4,0.0013138499172425377,0.05107771059646321,0.3543425857345334,0.46823227742266377,0.12503357632909706
"Howell, Mason",10,4,0.0014196705636072005,0.0674196105982528,0.4373972619510714,0.42897320653411075,0.06479025035295782
"Howell, Mason",11,4,0.006351108433778785,0.15161193914457755,0.5286530507631785,0.28927405826544084,0.024109843393024355
"Howell, Mason",12,5,0.0018170278138983087,0.07088623803984556,0.425858735910207,0.42773298027295376,0.07370501796309537
"Howell, Mason",13,3,0.0031493760192491393,0.11988185868325979,0.5367538901900459,0.31657134242969776,0.023643532677747325
"Howell, Mason",14,4,0.0025325122292381708,0.13873045585696075,0.6020343133950341,0.2480874450853221,0.008615273433444814
"Howell, Mason",15,4,0.0012231540688090736,0.0526479361357694,0.3719809003597093,0.4656462668575255,0.10850174257818668
"Howell, Mason",16,3,0.0006411584771172651,0.0683613657842479,0.5310124525046849,0.3766913650763354,0.023293658157614527
"Howell, Mason",17,4,0.010042305240727523,0.17786761620973757,0.5221344177986336,0.26680593905543193,0.023149721695469472
"Howell, Mason",18,4,0.0009147465721204284,0.06279946598017266,0.46337607116854723,0.4244762800124239,0.048433436266735796
"Hubbard, Mark",1,4,0.0037097969452971613,0.10507393536409187,0.4749114345383975,0.36741696241192434,0.04888787074028911
"Hubbard, Mark",2,4,0.006577774959317606,0.12830860052909332,0.4724403849207713,0.3430279619515977,0.04964527763922011
"Hubbard, Mark",3,4,0.015095052041111279,0.19255995644442658,0.4972006260298727,0.26586022385991737,0.029284141624672078
"Hubbard, Mark",4,5,0.015453886053878485,0.23275963022183704,0.539355155988062,0.2010127898451598,0.011418537891062619
"Hubbard, Mark",5,4,0.0065631950992164345,0.18092192796344042,0.5723953150267218,0.2293681671927783,0.010751394717843032
"Hubbard, Mark",6,3,0.002205300771334129,0.11004962823988856,0.549753609725446,0.31783485762157027,0.020156603641761084
"Hubbard, Mark",7,4,0.0021175106914519404,0.08742879461004349,0.4791262942740778,0.38576993498800716,0.045557465436419586
"Hubbard, Mark",8,3,0.0009172077770037701,0.08090058875072553,0.5474492369557065,0.3506856736242554,0.020047292892308777
"Hubbard, Mark",9,4,0.0027589632375402684,0.0796586482921599,0.41644481166272934,0.4178494260013776,0.0832881508061929
"Hubbard, Mark",10,4,0.003144258479035489,0.10578909560137278,0.4966801670094174,0.35585846940213695,0.038528009508037364
"Hubbard, Mark",11,4,0.012494067686065535,0.21339915627418582,0.5434561747772861,0.21763855094389706,0.013012050318565449
"Hubbard, Mark",12,5,0.0038602035998039907,0.10895080539449498,0.4822686265116709,0.3596904083359982,0.045229956158031936
"Hubbard, Mark",13,3,0.006803428786807508,0.178420490476154,0.565321910781821,0.23716772034606604,0.012286449609151484
"Hubbard, Mark",14,4,0.005998335931643672,0.21051128110452616,0.6109492603837261,0.16877533125593058,0.0037657913241735397
"Hubbard, Mark",15,4,0.0026284162173205172,0.08281196903455146,0.43533544678490427,0.4089269352536028,0.07029723270962096
"Hubbard, Mark",16,3,0.0017065076319286998,0.1150780919103116,0.5904871833273604,0.2814858785630976,0.011242338567301724
"Hubbard, Mark",17,4,0.01863708620879978,0.24127728127449122,0.5269328369265512,0.20043322942537867,0.012719566164779095
"Hubbard, Mark",18,4,0.0021940005792833728,0.10226373089062646,0.5270034431999351,0.3416115616558695,0.026927263674285662
"Hughes, Mackenzie",1,4,0.003999362201530965,0.10957319801850818,0.47995644349108113,0.3600905494400628,0.046380446848816925
"Hughes, Mackenzie",2,4,0.007035388550903909,0.13314549677131027,0.47637107999661166,0.33622350571670734,0.04722452896446683
"Hughes, Mackenzie",3,4,0.016020060813772108,0.19847899740061875,0.49847536652656244,0.2592855511275347,0.027740024131511998
"Hughes, Mackenzie",4,5,0.016487370550950897,0.23998642383133895,0.53852258210078,0.19433650737580366,0.010667116141126476
"Hughes, Mackenzie",5,4,0.007094510970790946,0.18798686912561202,0.5733825718460871,0.22155121866898897,0.009984829388520966
"Hughes, Mackenzie",6,3,0.0024114743717549847,0.11538919180358792,0.5545888880531468,0.30880614736247924,0.018804298409031084
"Hughes, Mackenzie",7,4,0.0023016019599143567,0.09161527869724412,0.4851611148253672,0.3778487769805611,0.04307322753691323
"Hughes, Mackenzie",8,3,0.0010155109973087884,0.08545762913227523,0.5541267556203284,0.340770991376134,0.018629112873953635
"Hughes, Mackenzie",9,4,0.0029718178208757995,0.08319645225702094,0.42237082452555585,0.41182818402326804,0.07963272137327937
"Hughes, Mackenzie",10,4,0.0034039962802746015,0.11051084768310843,0.5017660039450389,0.34793501979041375,0.03638413230116433
"Hughes, Mackenzie",11,4,0.013361989461984247,0.22044092547274946,0.5433955986375641,0.21063756935014455,0.012163917077557596
"Hughes, Mackenzie",12,5,0.004161932544711533,0.11359046553022606,0.48714630622824057,0.352238789080221,0.04286250661660085
"Hughes, Mackenzie",13,3,0.007344225347007627,0.18531802926368962,0.5665328113007062,0.22936872124550023,0.01143621284309626
"Hughes, Mackenzie",14,4,0.006532389546747397,0.21895468592069295,0.6095875799881276,0.16148559066655999,0.003439753877872098
"Hughes, Mackenzie",15,4,0.0028375715090787623,0.08655527257252282,0.44128613574655334,0.4023137168451464,0.06700730332669869
"Hughes, Mackenzie",16,3,0.001880924691119168,0.12097588469591236,0.5947758879791829,0.2719914128952189,0.010375889738566624
"Hughes, Mackenzie",17,4,0.019816033029050606,0.24833174363595728,0.5259477323788372,0.19398931065569824,0.011915180300456685
"Hughes, Mackenzie",18,4,0.0023939537442367875,0.10720038646460622,0.532323815984908,0.33284159088114607,0.025240252925102902
"Im, Sungjae",1,4,0.004250429104821429,0.1133391004829527,0.4839194657670953,0.35407890277561405,0.044412101869516496
"Im, Sungjae",2,4,0.007429325800959952,0.13717446223640778,0.47942639080683136,0.33064943042344586,0.045320390732355054
"Im, Sungjae",3,4,0.016810342400607803,0.2033684897852841,0.4993401258901979,0.25395001349276514,0.026531028431145076
"Im, Sungjae",4,5,0.017373859396342062,0.2459438508102067,0.5376227864803045,0.18897318107258898,0.010086322240557832
"Im, Sungjae",5,4,0.007555748591715872,0.19385971503049143,0.5739229323296758,0.21526641352640385,0.009395190521713004
"Im, Sungjae",6,3,0.0025924364514514076,0.11987434405200065,0.5582951970829857,0.3014791059508978,0.017758916462664476
"Im, Sungjae",7,4,0.0024624034404429063,0.09513536481377338,0.4899293193089176,0.37134442920004374,0.04112848323682239
"Im, Sungjae",8,3,0.001102776282926543,0.08931300003721526,0.5593400633786529,0.3327079734871512,0.017536186814054
"Im, Sungjae",9,4,0.003156321020979458,0.08616543464534132,0.42710881170079423,0.40682809369349904,0.07674133893938595
"Im, Sungjae",10,4,0.003630020386150956,0.1144677041470798,0.5057397057661954,0.3414543564940947,0.0347082132064791
"Im, Sungjae",11,4,0.014108205539824281,0.22626009321208856,0.5431197659515496,0.2050040776715074,0.011507857625030038
"Im, Sungjae",12,5,0.004423552474993153,0.11747237189874804,0.4909651445762324,0.34613288921999263,0.04100604183003376
"Im, Sungjae",13,3,0.007813158694082278,0.19105105318186277,0.5672648559216561,0.2230900744481672,0.010780857754231654
"Im, Sungjae",14,4,0.006998825933300923,0.2259662185599497,0.6081593157207387,0.15568285578028296,0.0031927840057277557
"Im, Sungjae",15,4,0.0030192099308518627,0.08969782232933693,0.4460279019487673,0.3968426479858621,0.06441241780518181
"Im, Sungjae",16,3,0.0020350617248973135,0.12593731923568596,0.5979806576587137,0.26433427683766775,0.00971268454303531
"Im, Sungjae",17,4,0.020824236173463517,0.2541368367340495,0.5249383620059438,0.18880860538629973,0.011291959700243437
"Im, Sungjae",18,4,0.002569150396520392,0.11134843798011801,0.5364543754838769,0.32569772620527626,0.023930309934208527
"Jaeger, Stephan",1,4,0.0036964894589121555,0.10486288107041053,0.4746661568513068,0.36776455036834643,0.049009922251024074
"Jaeger, Stephan",2,4,0.006556655845612658,0.12808106831982585,0.472248187463154,0.34335111186114653,0.04976297651026096
"Jaeger, Stephan",3,4,0.015052173042823691,0.1922801791119731,0.4971340494513729,0.2661741814308678,0.029359416962962515
"Jaeger, Stephan",4,5,0.01540609164293738,0.23241764769802736,0.5393873542566052,0.20133346705505994,0.011455439347370033
"Jaeger, Stephan",5,4,0.006538796020967685,0.18058921958176932,0.5723394018084504,0.22974344003680947,0.010789142552003028
"Jaeger, Stephan",6,3,0.002195893805383875,0.10979968686954333,0.5495154579979559,0.3182659560775474,0.020223005249569548
"Jaeger, Stephan",7,4,0.0021090871635486286,0.08723293333401766,0.47883383329369616,0.38614556843018155,0.045678577778555995
"Jaeger, Stephan",8,3,0.0009127523869471021,0.08068816736966467,0.5471235549372754,0.3511584755373909,0.020117049768721973
"Jaeger, Stephan",9,4,0.0027491793561479905,0.07949294484699615,0.41615947672026365,0.4181330847588651,0.08346531431772708
"Jaeger, Stephan",10,4,0.0031323472672445396,0.10556776180390348,0.4964321920971225,0.35623508499397105,0.0386326138377584
"Jaeger, Stephan",11,4,0.01245398465435743,0.21306639986850973,0.5434514324747238,0.21797450061618484,0.013053682386224175
"Jaeger, Stephan",12,5,0.0038463373440184023,0.10873311688887921,0.48203105667870527,0.36004422407374226,0.045345265014654856
"Jaeger, Stephan",13,3,0.006778577628411608,0.17809564134498496,0.5652556640678263,0.23754184844415638,0.012328268514620655
"Jaeger, Stephan",14,4,0.005973899132948157,0.21011344209665705,0.6110033717975314,0.16912730064466341,0.0037819863282000377
"Jaeger, Stephan",15,4,0.002618813046480317,0.08263667816238957,0.4350483935941034,0.4092391746486914,0.07045694054833529
"Jaeger, Stephan",16,3,0.0016985816567993695,0.11480226814204897,0.5902731831709376,0.2819408446174635,0.011285122412750592
"Jaeger, Stephan",17,4,0.01858246779922712,0.24094311043531857,0.5269727966276975,0.20074260996344861,0.01275901517430822
"Jaeger, Stephan",18,4,0.0021848679904311608,0.1020326892327239,0.5267431572493304,0.3420293946176932,0.02700989090982131
"James, Ben",1,4,0.003265587375958612,0.09780571954705103,0.46599383840519465,0.37959356617875983,0.05334128849303588
"James, Ben",2,4,0.005868276500651137,0.12043866621435173,0.4653933287932934,0.35436738688089175,0.05393234161081195
"James, Ben",3,4,0.013644790973433185,0.1828112990715619,0.4945324832972098,0.27697387277917307,0.03203755387862206
"James, Ben",4,5,0.013843294114515237,0.22082372006525053,0.5400802909590042,0.21246860880909113,0.012784086052138877
"James, Ben",5,4,0.005749754732873091,0.16939655517484065,0.5699372677762394,0.24276216771963077,0.012154254596416059
"James, Ben",6,3,0.001894724839045625,0.1014712766327317,0.5409321310071938,0.33308882871574275,0.02261303880528609
"James, Ben",7,4,0.0018381808228616348,0.08071148745814943,0.46854440102557915,0.39891853325798077,0.049987397435429015
"James, Ben",8,3,0.0007715828753758203,0.07365689585183427,0.5355564440133989,0.3673802483973748,0.022634828862016176
"James, Ben",9,4,0.002432272050958584,0.07396513575490782,0.4062187570006107,0.42767525695680325,0.08970857823671963
"James, Ben",10,4,0.0027479527795979397,0.09817545742079653,0.4876268675137548,0.36909058464582956,0.042359137640021194
"James, Ben",11,4,0.011146143665415054,0.20181046724160434,0.5428702816207562,0.22962157301697195,0.01455153445525248
"James, Ben",12,5,0.003397356226500725,0.10145161584787171,0.4736084260811652,0.37210117580764623,0.049441426036816116
"James, Ben",13,3,0.0059740623920159774,0.1671658984738702,0.5625172205048985,0.25050510891152034,0.013837709717695046
"James, Ben",14,4,0.005188120005343799,0.19671982044858166,0.6122654671652609,0.18145052919780225,0.004376063183011425
"James, Ben",15,4,0.002308303498046782,0.07679116517759299,0.42501958914841687,0.4197811509325535,0.07609979124338984
"James, Ben",16,3,0.0014464254123889853,0.10562516981935738,0.5824143865702749,0.2976748070842067,0.012839211113772064
"James, Ben",17,4,0.01679151288809705,0.22959527293957743,0.5279587838571349,0.21147816044274226,0.014176269872448355
"James, Ben",18,4,0.001892006085716158,0.09433589357942473,0.5174548133973879,0.3563455741858491,0.029971712751622137
"Johnson, Chase",1,4,0.0018884163364363826,0.07138386615297726,0.423748644490456,0.42760736274168487,0.07537171027844547
"Johnson, Chase",2,4,0.003594220294992456,0.09115882665645109,0.4307231385729405,0.39956849732407307,0.07495531715154291
"Johnson, Chase",3,4,0.008832476357543584,0.14513500807798446,0.4766305969527714,0.3235464022649517,0.04585551634674889
"Johnson, Chase",4,5,0.008604875597258421,0.17437695476018816,0.5340599588734918,0.26288366520985784,0.020074545559203738
"Johnson, Chase",5,4,0.003247556639825566,0.12629429746488013,0.5493349827049239,0.30131274229885807,0.019810420891512415
"Johnson, Chase",6,3,0.0009856173444107719,0.07089072464631868,0.4958608162264697,0.39658366827060887,0.035679173512191964
"Johnson, Chase",7,4,0.001001250024899314,0.05682211178616586,0.419544192999645,0.45045830540970394,0.07217413977958587
"Johnson, Chase",8,3,0.0003666430505388507,0.04870106523542744,0.47839741815023284,0.4359491459715731,0.03658572759222778
"Johnson, Chase",9,4,0.0014172774848580372,0.05349389759208095,0.36081012234685117,0.4639386619464675,0.12034004062974235
"Johnson, Chase",10,4,0.0015401217850183335,0.07067509631877122,0.4439915061124144,0.42210570820913096,0.06168756757466509
"Johnson, Chase",11,4,0.0068088712495728565,0.1572169881959442,0.5313337293450825,0.2819035748337425,0.02273683637565793
"Johnson, Chase",12,5,0.0019627385683652077,0.07414582190407276,0.4321095549074675,0.42139913444002586,0.07038275018006868
"Johnson, Chase",13,3,0.0034089299565097098,0.1250367873781172,0.5408880179042883,0.30844629688900915,0.022219967872075586
"Johnson, Chase",14,4,0.002768026412418967,0.14504506868466466,0.6046773611239277,0.23954539546519182,0.007964148313796882
"Johnson, Chase",15,4,0.0013226160192387204,0.05519083989031376,0.3786460139130656,0.46068563539159324,0.10415489478578865
"Johnson, Chase",16,3,0.0007089947664043472,0.07222022472560635,0.5382255327798554,0.3671004412220491,0.02174480650608479
"Johnson, Chase",17,4,0.010702095877190565,0.18374101455704062,0.5237559877721412,0.2599342900415782,0.021866611752049403
"Johnson, Chase",18,4,0.0010005718720170198,0.0660941837524126,0.4705474761500879,0.41653441212956,0.045823356095922474
"Johnson, Dustin",1,4,0.003935193239530899,0.10859107417949215,0.4788846362836874,0.36167629034074755,0.046912805956542014
"Johnson, Dustin",2,4,0.006934290305968538,0.1320918711617579,0.4755397171475039,0.3376951890384283,0.0477389323463413
"Johnson, Dustin",3,4,0.015816365368622742,0.19719424855300527,0.4982201608711938,0.2607017386564813,0.028067486550696907
"Johnson, Dustin",4,5,0.016259395465164972,0.23841918709300025,0.5387275534624231,0.1957682845417722,0.01082557943763951
"Johnson, Dustin",5,4,0.006976705586063892,0.18644920689791938,0.5731996955066996,0.22322824441323763,0.010146147596079458
"Johnson, Dustin",6,3,0.0023655454413705757,0.11422183414540504,0.5535720982853947,0.3107510198974458,0.01908950223038386
"Johnson, Dustin",7,4,0.0022606771831542583,0.09069963612602305,0.4838758480801868,0.379563805852578,0.043600032758057905
"Johnson, Dustin",8,3,0.0009935061278797952,0.08445827316450072,0.5527117063460627,0.34290870344852853,0.018927810913028198
"Johnson, Dustin",9,4,0.002924654269114757,0.08242333215684672,0.42110240587787645,0.41313823330863686,0.08041137438752521
"Johnson, Dustin",10,4,0.003346347604554878,0.10947962105394038,0.5006879522809616,0.3496475997074525,0.03683847935309059
"Johnson, Dustin",11,4,0.013170344022630287,0.21891220244905207,0.5434345528231902,0.21214006388562678,0.012342836819500658
"Johnson, Dustin",12,5,0.004095067279087927,0.11257786274429954,0.4861115007320455,0.3538506567369579,0.0433649125076091
"Johnson, Dustin",13,3,0.007224376479552652,0.1838168811593715,0.5663005919109867,0.2310428499307806,0.01161530051930848
"Johnson, Dustin",14,4,0.006413668086623525,0.21711777475139055,0.6099178757084036,0.16304277259519695,0.003507908858385367
"Johnson, Dustin",15,4,0.00279119017828805,0.08573711690236496,0.4400142448866004,0.4037502106121099,0.06770723742063667
"Johnson, Dustin",16,3,0.0018419565624232526,0.11968564222526917,0.5938834495978207,0.2740311108583139,0.010557840756173054
"Johnson, Dustin",17,4,0.01955630859782037,0.24680304841728468,0.5261839366186625,0.19537171715463875,0.012084989211593733
"Johnson, Dustin",18,4,0.0023494438208623847,0.10612097136979459,0.5311990407774785,0.33473380753437043,0.025596736497494055
"Jordan, Matthew",1,4,0.0034458260672249885,0.1008121040536023,0.4698024148584734,0.37450495177645404,0.05143470324424526
"Jordan, Matthew",2,4,0.006157313046445068,0.1237026108874194,0.4684174785440538,0.3496237667996307,0.05209883072245103
"Jordan, Matthew",3,4,0.014238077336159838,0.18687248313429966,0.4957322235865841,0.2723001419493093,0.03085707399364712
"Jordan, Matthew",4,5,0.014500662911392181,0.22580093973019788,0.5398789303474899,0.2076247621000753,0.012194704910844734
"Jordan, Matthew",5,4,0.006079545651404283,0.17418079756402838,0.5710903987727267,0.23710196510166248,0.011547292910178086
"Jordan, Matthew",6,3,0.0020198702339269126,0.10501217311586569,0.5447390838750388,0.3266758358602637,0.021553036914904844
"Jordan, Matthew",7,4,0.0019510494141076196,0.08348300562318284,0.4730512822988692,0.3934264598912275,0.04808820277261283
"Jordan, Matthew",8,3,0.0008298878215123318,0.0766350463081632,0.5406479784126415,0.3603705477942408,0.021516539663442247
"Jordan, Matthew",9,4,0.002564854182827536,0.07631693774657078,0.4105503142087193,0.42359714446322705,0.08697074939865534
"Jordan, Matthew",10,4,0.0029084246202875086,0.10132253526474155,0.49150249361159815,0.3635511339670561,0.04071541253631672
"Jordan, Matthew",11,4,0.011695592126093057,0.20663658136706137,0.5432210400290127,0.22455942661937112,0.013887359858461679
"Jordan, Matthew",12,5,0.0035851534340459734,0.10455416638335174,0.47731261298858646,0.36691065643580845,0.04763741075820738
"Jordan, Matthew",13,3,0.00631052823739392,0.17183812440419277,0.5638113317148574,0.2448727603505324,0.013167255293023428
"Jordan, Matthew",14,4,0.005515460829730479,0.20244708077446538,0.6118617121418211,0.17606580704441555,0.004109939209567592
"Jordan, Matthew",15,4,0.002438077138610606,0.07927761134115219,0.4293960968369254,0.41526643663448093,0.07362177804883085
"Jordan, Matthew",16,3,0.0015508170588714454,0.10952353429566614,0.5859329715911412,0.29084605275519126,0.012146624299129938
"Jordan, Matthew",17,4,0.01754606837230588,0.23447134265703584,0.5276244197472482,0.20680985573512067,0.013548313488289443
"Jordan, Matthew",18,4,0.0020138159226672503,0.09760783198807804,0.5215534949203013,0.3501638692809571,0.028660987887996203
"Kanaya, Takumi",1,4,0.003358680052231666,0.09936873978187516,0.4679956409671844,0.3769387563723017,0.05233818282640712
"Kanaya, Takumi",2,4,0.006017767548051001,0.12213714680791204,0.46698540513832354,0.35189166246092407,0.052968018044789345
"Kanaya, Takumi",3,4,0.013952080157740021,0.18492787903641633,0.4951737506653061,0.2745301333704605,0.03141615677007703
"Kanaya, Takumi",4,5,0.01418350562752696,0.22341855394403748,0.5399936662771125,0.20993115698954212,0.0124731171617809
"Kanaya, Takumi",5,4,0.005920042543980708,0.17188688067930824,0.570561665607546,0.23979767191653545,0.01183373925262965
"Kanaya, Takumi",6,3,0.0019592089518193356,0.10331084772871257,0.5429400197469827,0.32973611673460523,0.022053806837880163
"Kanaya, Takumi",7,4,0.0018963944914925368,0.08215115096940351,0.4709110063155035,0.39605375237426854,0.048987695849331936
"Kanaya, Takumi",8,3,0.00080156062653719,0.0752019999894627,0.5382346688554381,0.36371723754002716,0.022044532988534815
"Kanaya, Takumi",9,4,0.0025007552276598566,0.07518726887672422,0.40848911607832256,0.4255527468263449,0.08827011299094845
"Kanaya, Takumi",10,4,0.0028307777730292027,0.0998112286807818,0.48966550852068996,0.36619880477380196,0.041493680251697085
"Kanaya, Takumi",11,4,0.011430376915466722,0.20432539431800595,0.5430724654158485,0.22697060859564666,0.014201154755032142
"Kanaya, Takumi",12,5,0.0034943521315951576,0.10306474357362255,0.4755563400879259,0.36939246418927996,0.04849210001757642
"Kanaya, Takumi",13,3,0.006147835404685387,0.16959798940468618,0.5632144648992019,0.24755591280729994,0.013483797484126647
"Kanaya, Takumi",14,4,0.005356940836291513,0.19970139811916954,0.6120813465115038,0.1786251688865047,0.0042351456465304915
"Kanaya, Takumi",15,4,0.002375311476591313,0.0780831663767173,0.4273147315493149,0.4174296231968573,0.07479716740051923
"Kanaya, Takumi",16,3,0.0015001442268707255,0.10764980935157409,0.5842762513400866,0.294100623147716,0.012473171933752525
"Kanaya, Takumi",17,4,0.01718224896259507,0.23213822569218928,0.5278014484222262,0.20903298819595895,0.013845088727030497
"Kanaya, Takumi",18,4,0.0019547930638331157,0.09603566156785526,0.5196127076449693,0.3531160788668819,0.02928075885646042
"Kawamoto, Riki",1,4,0.0027460202703930015,0.0886375668206108,0.45324233410849035,0.3955762404171712,0.059797838383334634
"Kawamoto, Riki",2,4,0.0050252295195847285,0.11040525260834144,0.455129656202218,0.3693172128555535,0.06012264881430229
"Kawamoto, Riki",3,4,0.011892992178564099,0.17016075555492083,0.4899440219756105,0.2919484805846787,0.03605374970622588
"Kawamoto, Riki",4,5,0.011915626975800897,0.2052789229932701,0.539726512505402,0.22824770456636023,0.014831232959166663
"Kawamoto, Riki",5,4,0.004801523746552183,0.1546572974344279,0.5650989395136496,0.26116398106231886,0.0142782582430514
"Kawamoto, Riki",6,3,0.001541236433380444,0.09074333203323398,0.5278205595536007,0.3536034502115002,0.026291421768284584
"Kawamoto, Riki",7,4,0.0015167403737700869,0.07232328010639466,0.4535756338063223,0.41613807541184533,0.0564462703016676
"Kawamoto, Riki",8,3,0.0006099050950610918,0.06474018570546763,0.5184067635107399,0.3897095856338534,0.026533560054877947
"Kawamoto, Riki",9,4,0.002049823238042092,0.06682141330081609,0.39205118400223193,0.44020986243341886,0.09886771702549102
"Kawamoto, Riki",10,4,0.0022881494692596482,0.08859890041408952,0.47456713530453953,0.3865831823594633,0.04796263245264798
"Kawamoto, Riki",11,4,0.009541041918575577,0.18679612396952966,0.5407426539781617,0.24606479983717833,0.016855380296554756
"Kawamoto, Riki",12,5,0.0028560394165259573,0.09198469015249877,0.46115443179510934,0.3884436140974863,0.05556122453837964
"Kawamoto, Riki",13,3,0.005004784273252294,0.15276759442742266,0.5572739082504833,0.2687775843292566,0.01617612871958518
"Kawamoto, Riki",14,4,0.004256596465014473,0.17905895700380925,0.6121135560544779,0.1992402833370175,0.00533060713968081
"Kawamoto, Riki",15,4,0.0019351338092417625,0.06924385263407801,0.41064096069935857,0.4337527702395953,0.08442728261772636
"Kawamoto, Riki",16,3,0.0011548882846745823,0.09384813532476943,0.5699742996642994,0.3197418064173889,0.015280870308867711
"Kawamoto, Riki",17,4,0.014567719342638619,0.2143214027623076,0.5280932582816877,0.22666843459305075,0.016349185020315238
"Kawamoto, Riki",18,4,0.0015469193631691969,0.0844259878279825,0.5035433719837055,0.3759959445864858,0.034487776238657064
"Keefer, Johnny",1,4,0.003848007850262014,0.10724327793604238,0.47738726644845536,0.36386467638248343,0.04765677138275681
"Keefer, Johnny",2,4,0.006796649659572274,0.1306439652000171,0.47437484669281393,0.33972714158227646,0.048457396865320246
"Keefer, Johnny",3,4,0.015538446464988587,0.19542456686841975,0.497849242876023,0.2626622939809161,0.028525449809652548
"Keefer, Johnny",4,5,0.01594870311874247,0.2362591414022226,0.5389880288704214,0.19775612294217004,0.01104800366644354
"Keefer, Johnny",5,4,0.006816701532586511,0.18433493329364126,0.5729194517322886,0.2255560253023624,0.010372888139121184
"Keefer, Johnny",6,3,0.0023033590901792578,0.11262146227298064,0.5521419317963283,0.3134434421319593,0.01948980470855255
"Keefer, Johnny",7,4,0.0022051900476806052,0.08944469605048172,0.48208318313936277,0.38193011836500435,0.04433681239747056
"Keefer, Johnny",8,3,0.0009638079188478699,0.08309100423955068,0.5507314713907911,0.345866298424904,0.019347418025906227
"Keefer, Johnny",9,4,0.002860568607045977,0.08136314725074112,0.41933907347291,0.41494000889434135,0.08149720177496156
"Keefer, Johnny",10,4,0.003268102003704254,0.10806492246464605,0.49917961372060743,0.3520131857721046,0.03747417603893766
"Keefer, Johnny",11,4,0.012909336046485642,0.21680670079131553,0.5434649413023341,0.2142251033548892,0.012593918504975488
"Keefer, Johnny",12,5,0.00400421913675747,0.11118808696829302,0.48466448427799824,0.35607597724630113,0.04406723237065013
"Keefer, Johnny",13,3,0.007061544204168213,0.18175274408477338,0.5659530990994317,0.23336574298336765,0.011866869628259002
"Keefer, Johnny",14,4,0.006252698136075985,0.214591322757974,0.6103415439079503,0.16521031532856723,0.0036041198694325427
"Keefer, Johnny",15,4,0.0027282011354013425,0.08461528830854692,0.43824442506039213,0.4057280088761157,0.0686840766195439
"Keefer, Johnny",16,3,0.0017892972132205198,0.11791755787179914,0.592619415931421,0.2768597935712628,0.010813935412296583
"Keefer, Johnny",17,4,0.019202042486663573,0.24469506545215658,0.5264891253086507,0.19729058916123143,0.012323177591297751
"Keefer, Johnny",18,4,0.002289148846229383,0.10464129502772485,0.5296225567803212,0.33735054376624507,0.026096455579479483
"Kent, Noah",1,4,0.0017484925121656336,0.06823439609369947,0.4174363722766503,0.43372899213289107,0.07885174698459352
"Kent, Noah",2,4,0.0033548565360524973,0.08758756808047213,0.42539782287330047,0.40540583191588797,0.07825392059428693
"Kent, Noah",3,4,0.008307527344006693,0.14037172258507358,0.4733777730283493,0.3298757919199766,0.04806718512259378
"Kent, Noah",4,5,0.008045801775383055,0.16847766599662978,0.5321248812814514,0.2700498869092962,0.0213017640372396
"Kent, Noah",5,4,0.0029958858813370903,0.12102650161001682,0.5452875010808316,0.3095691160742001,0.021120995353614447
"Kent, Noah",6,3,0.0008989224890268988,0.06732268461303265,0.48879380695445546,0.4051165321197162,0.03786805382376879
"Kent, Noah",7,4,0.0009192971519354498,0.05403687377862437,0.4123523063952735,0.4569784785186362,0.07571304415553048
"Kent, Noah",8,3,0.00033017167987092755,0.04588879751866798,0.46980821080975116,0.445026406281952,0.03894641370975793
"Kent, Noah",9,4,0.0013138499172425377,0.05107771059646321,0.3543425857345334,0.46823227742266377,0.12503357632909706
"Kent, Noah",10,4,0.0014196705636072005,0.0674196105982528,0.4373972619510714,0.42897320653411075,0.06479025035295782
"Kent, Noah",11,4,0.006351108433778785,0.15161193914457755,0.5286530507631785,0.28927405826544084,0.024109843393024355
"Kent, Noah",12,5,0.0018170278138983087,0.07088623803984556,0.425858735910207,0.42773298027295376,0.07370501796309537
"Kent, Noah",13,3,0.0031493760192491393,0.11988185868325979,0.5367538901900459,0.31657134242969776,0.023643532677747325
"Kent, Noah",14,4,0.0025325122292381708,0.13873045585696075,0.6020343133950341,0.2480874450853221,0.008615273433444814
"Kent, Noah",15,4,0.0012231540688090736,0.0526479361357694,0.3719809003597093,0.4656462668575255,0.10850174257818668
"Kent, Noah",16,3,0.0006411584771172651,0.0683613657842479,0.5310124525046849,0.3766913650763354,0.023293658157614527
"Kent, Noah",17,4,0.010042305240727523,0.17786761620973757,0.5221344177986336,0.26680593905543193,0.023149721695469472
"Kent, Noah",18,4,0.0009147465721204284,0.06279946598017266,0.46337607116854723,0.4244762800124239,0.048433436266735796
"Kim, Michael",1,4,0.003994612177140644,0.10950077928868907,0.47987796196587745,0.36020722158173313,0.04641942498655971
"Kim, Michael",2,4,0.007027910791703007,0.13306784710733427,0.4763102751952988,0.33633176611953963,0.04726220078612431
"Kim, Michael",3,4,0.016005006994013582,0.19838440124118706,0.4984569769606642,0.25938962147928435,0.0277639933248508
"Kim, Michael",4,5,0.016470514970765793,0.23987105434687628,0.5385381261486342,0.19444160587531256,0.010678698658411201
"Kim, Michael",5,4,0.007085789407905718,0.18787357255800607,0.5733696931780281,0.221674330560931,0.009996614295129103
"Kim, Michael",6,3,0.002408069960552095,0.11530308078697349,0.5545146353496074,0.30894906883221773,0.018825145070649252
"Kim, Michael",7,4,0.002298570087019669,0.09154772824347923,0.4850669427919469,0.37797497162437366,0.043111787253180545
"Kim, Michael",8,3,0.0010138778851036534,0.08538385269126963,0.554023210530348,0.3409281204372445,0.01865093845603427
"Kim, Michael",9,4,0.002968326708403246,0.0831394282450792,0.42227776587507826,0.4119246989201425,0.0796897802512968
"Kim, Michael",10,4,0.0033997272054898664,0.1104347982459718,0.5016871117553237,0.3480609795793461,0.03641738321386856
"Kim, Michael",11,4,0.013347816307201055,0.2203283606893145,0.5433989481301428,0.2107478789295838,0.012176995943757873
"Kim, Michael",12,5,0.004156982916266205,0.11351580257344968,0.48707056184683123,0.3523573653784319,0.042899287285021015
"Kim, Michael",13,3,0.007335353610655848,0.18520742451456773,0.5665162846985878,0.229491638312048,0.011449298864140589
"Kim, Michael",14,4,0.006523594287082324,0.21881935559850546,0.6096125465353021,0.16159977912918333,0.003444724449926828
"Kim, Michael",15,4,0.002834137585581764,0.08649492446557311,0.44119285682116527,0.4024195034346022,0.06705857769307766
"Kim, Michael",16,3,0.0018780340676022855,0.1208806933715404,0.5947108979406959,0.27214119985681284,0.010389174763348663
"Kim, Michael",17,4,0.0197968364314422,0.24821923323284972,0.5259655410948987,0.1940907938686488,0.011927595372160593
"Kim, Michael",18,4,0.002390655147981202,0.10712075977977936,0.5322415621362357,0.332980700443415,0.025266322492588755
"Kim, Si Woo",1,4,0.004513378395009371,0.11716025060551988,0.4877115343673546,0.3480886753391884,0.042526161292927744
"Kim, Si Woo",2,4,0.007839279140005873,0.14124496180417567,0.4823202095584482,0.32510294783125715,0.04349260166611313
"Kim, Si Woo",3,4,0.017627194690666037,0.208271511198737,0.5000416179167353,0.24868440449056584,0.025375271703295788
"Kim, Si Woo",4,5,0.018293367161093532,0.2519059926288568,0.5365351663915006,0.18372795883122817,0.009537514987320916
"Kim, Si Woo",5,4,0.008039295900693022,0.1997812243686008,0.5742229095090032,0.20911609860265767,0.008840471619045331
"Kim, Si Woo",6,3,0.002784029718774117,0.12443924744053392,0.5617558528633889,0.29424978460077755,0.016771085376525496
"Kim, Si Woo",7,4,0.002631929013327372,0.09872156022919593,0.4945170507030918,0.3648596054949177,0.03926985455946719
"Kim, Si Woo",8,3,0.0011961060585419792,0.09326201954970342,0.5642971994832938,0.3247383328055595,0.01650634210290125
"Kim, Si Woo",9,4,0.00334951451104315,0.08918525613594613,0.4317195087077034,0.40179366612705936,0.07395205451824793
"Kim, Si Woo",10,4,0.0038675052344513405,0.11848677330416013,0.5095219636843084,0.33501523913045417,0.033108518646626006
"Kim, Si Woo",11,4,0.014883833475579422,0.23209677202733764,0.5426453052862517,0.19948658966942467,0.010887499541406553
"Kim, Si Woo",12,5,0.004697558997919127,0.1214098274193684,0.49460743231036736,0.34005616392424065,0.03922901734810447
"Kim, Si Woo",13,3,0.008304279111328194,0.19683107209906364,0.5677629851919016,0.2169385005515787,0.010163163046127854
"Kim, Si Woo",14,4,0.0074904447597140544,0.2330285457579801,0.6064624004925994,0.1500549852910118,0.0029636236986947395
"Kim, Si Woo",15,4,0.0032097211587097663,0.09289512084279394,0.45062756260402537,0.3913520211034949,0.06191557429097605
"Kim, Si Woo",16,3,0.00219924385263498,0.13099333329366636,0.6008945058129904,0.25682136608341377,0.009091550957294525
"Kim, Si Woo",17,4,0.02186718152437206,0.25993740477584926,0.5237553064433148,0.1837383199157071,0.010701787340756774
"Kim, Si Woo",18,4,0.002754354896756517,0.11557159853277144,0.5403609800244467,0.3186255555695884,0.022687510976437064
"Kim, Tom",1,4,0.003682342018135998,0.10463807637945499,0.4744040292790217,0.3681351736112186,0.0491403787121687
"Kim, Tom",2,4,0.0065341949051091475,0.1278386481265673,0.4720426787794741,0.343695710961344,0.04988876722750546
"Kim, Tom",3,4,0.015006550865450607,0.19198196147682434,0.4970624475247521,0.2665091524462214,0.029439887686751542
"Kim, Tom",4,5,0.015355250875020321,0.23205308683001535,0.5394209516397811,0.20167579561338222,0.011494915041801002
"Kim, Tom",5,4,0.006512858789629206,0.1802347062276174,0.5722788709752284,0.23014402998020989,0.010829534027315013
"Kim, Tom",6,3,0.0021858998099376636,0.10953351514591048,0.5492606461255529,0.31872590095260644,0.020294037965992495
"Kim, Tom",7,4,0.0021001355788310416,0.08702436348374065,0.4785213737337277,0.38654607778916805,0.04580804941453254
"Kim, Tom",8,3,0.0009080218981415977,0.08046204070338892,0.5467754006484358,0.3516628528567185,0.02019168389331516
"Kim, Tom",9,4,0.002738777742099796,0.07931647032487377,0.4158548114686071,0.41843533972079905,0.0836546007436203
"Kim, Tom",10,4,0.00311968675992641,0.1053320237453651,0.49616711259075114,0.35663673017250563,0.03874444673145172
"Kim, Tom",11,4,0.012411352208483939,0.2127117210976926,0.5434456098308883,0.21833310007689222,0.013098216786042949
"Kim, Tom",12,5,0.0038315958899733382,0.10850124098524283,0.48177712462985706,0.3604215168602013,0.04546852163472548
"Kim, Tom",13,3,0.006752158156076438,0.17774949976659893,0.565184142847924,0.23794118802438358,0.012373011205017104
"Kim, Tom",14,4,0.0059479305390151005,0.20968950939120634,0.611060013088158,0.16950321718129502,0.0037993298003254905
"Kim, Tom",15,4,0.0026086046120417095,0.08244999687525495,0.4347418415735455,0.40957195405939606,0.07062760287976177
"Kim, Tom",16,3,0.0016901642372859627,0.11450855852100728,0.5900439449189143,0.28242641789713585,0.01133091442565659
"Kim, Tom",17,4,0.018524358426457332,0.24058684254317125,0.5270147225988877,0.20107286568400595,0.012801210747477754
"Kim, Tom",18,4,0.0021751645565035727,0.10178664827669848,0.526464832633096,0.34247509476819793,0.027098259765504062
"Kirk, Chris",1,4,0.003501107717569507,0.10171809260564119,0.4709164157271763,0.372985929464974,0.05087845448463901
"Kirk, Chris",2,4,0.0062456410401033335,0.12468379237935151,0.4692980666835901,0.348209112493157,0.05156338740379807
"Kirk, Chris",3,4,0.014418690485267338,0.1880882833648761,0.49606663850132077,0.27091324306854525,0.030513144579990548
"Kirk, Chris",4,5,0.01470120657665075,0.22728964856549067,0.5397903369070498,0.20619471982265292,0.012024088128155919
"Kirk, Chris",5,4,0.00618077206989931,0.1756178520534079,0.5713993767788443,0.2354300014724965,0.011371997625351904
"Kirk, Chris",6,3,0.002058496659411657,0.1060813230066967,0.545841849145972,0.3247722136879475,0.021246117499972184
"Kirk, Chris",7,4,0.0019857986296887287,0.08432016722900099,0.4743729725799753,0.3917862111521728,0.047534850409162166
"Kirk, Chris",8,3,0.0008479878186025136,0.07753757854573667,0.5421339487233598,0.3582872656351802,0.02119321927712081
"Kirk, Chris",9,4,0.0026055112417827098,0.07702655901756195,0.41182708219318986,0.42237188654262386,0.08616896100484162
"Kirk, Chris",10,4,0.0029577355686820073,0.10227153676623979,0.4926336278941495,0.3619002558742417,0.040236843896687025
"Kirk, Chris",11,4,0.011863410805176666,0.20808185077001945,0.5432960823578785,0.2230636425948117,0.01369501347211366
"Kirk, Chris",12,5,0.003642754490125355,0.10548896122750984,0.47839456456604307,0.3653623505513428,0.04711136916497893
"Kirk, Chris",13,3,0.006413742447448301,0.17324142103483348,0.5641634832152644,0.24320792944334557,0.012973423859108157
"Kirk, Chris",14,4,0.005616254611579052,0.20416676744809564,0.6117001924374583,0.1744831216087046,0.004033663894162376
"Kirk, Chris",15,4,0.002477911723657078,0.08002801530210524,0.43068421586123573,0.41391275939077765,0.0728970977222243
"Kirk, Chris",16,3,0.0015831514652980827,0.11070161697380787,0.5869428067923552,0.2888253573633158,0.011947067405223
"Kirk, Chris",17,4,0.017775903427756312,0.23592847545343532,0.5274981652381192,0.2054311398328741,0.013366316047815019
"Kirk, Chris",18,4,0.002051378564921824,0.0985958906582593,0.5227467416762017,0.3483253565055723,0.028280632595044874
"Kneiser, George",1,4,0.0014579534703494934,0.06129231569664534,0.4023030299043582,0.44750322674676773,0.08744347418187925
"Kneiser, George",2,4,0.00285113994144659,0.07964387348854668,0.41250295444078866,0.4186247118063498,0.08637732032286827
"Kneiser, George",3,4,0.007187888451014868,0.1296292598650841,0.46508396565435134,0.3445388191635761,0.05356006686597359
"Kneiser, George",4,5,0.006863783734526452,0.15515897620525104,0.5266024658870769,0.2869609212931311,0.02441385288001452
"Kneiser, George",5,4,0.0024756438652239754,0.1093138808839535,0.534771988083658,0.32897190442439994,0.024466582742764587
"Kneiser, George",6,3,0.0007231928495509132,0.05952939378308364,0.47159596832433126,0.4247483937836971,0.04340305125933708
"Kneiser, George",7,4,0.0007514731376223049,0.04795125711808257,0.39522656838223647,0.4715879541911618,0.08448274717089688
"Kneiser, George",8,3,0.00025778292429778915,0.03982937286373317,0.4492164358763457,0.46575775798519725,0.0449386503504261
"Kneiser, George",9,4,0.0010988020538267307,0.0457703007040558,0.3390927402418998,0.47756020870514104,0.13647794829507665
"Kneiser, George",10,4,0.001171338256573673,0.06026470712798837,0.4215323581405023,0.44453136047061537,0.07250023600432032
"Kneiser, George",11,4,0.005387350328184715,0.13900849635492568,0.5214132614443194,0.3066046856031428,0.027586206269427427
"Kneiser, George",12,5,0.001514522364189308,0.06369776144494377,0.4108318343770449,0.4420341203803103,0.08192176143351171
"Kneiser, George",13,3,0.0026115940894199108,0.10841368253713124,0.5260865920650757,0.335622523090779,0.02726560821759416
"Kneiser, George",14,4,0.0020518593073390323,0.12470209542301441,0.59442126377037,0.2685058010514151,0.010318980447861503
"Kneiser, George",15,4,0.0010171292371448648,0.04706861409217372,0.3562173653248852,0.4765486778682075,0.11914821347758875
"Kneiser, George",16,3,0.0005055057972126464,0.05996961739133416,0.5132435222487302,0.3990097030497918,0.027271651512931205
"Kneiser, George",17,4,0.008639185556260531,0.1645618216880036,0.5173975711897391,0.2830095901209211,0.02639183144507573
"Kneiser, George",18,4,0.0007401387595755704,0.055601910136652,0.44606578468122043,0.4426056763041839,0.05498649011836809
"Koepka, Brooks",1,4,0.004150126702234858,0.11184891511889228,0.4823787085809988,0.35644477767358174,0.045177471924292334
"Koepka, Brooks",2,4,0.0072722493917142805,0.13558226825591352,0.4782421300569861,0.3328421423481568,0.04606120994722929
"Koepka, Brooks",3,4,0.01649587421825488,0.2014406083534218,0.499019128045418,0.2560435867462705,0.027000802636634846
"Koepka, Brooks",4,5,0.017020732191572796,0.2435962639101677,0.5379999731246249,0.1910718347803506,0.010311195993284006
"Koepka, Brooks",5,4,0.007371424527265247,0.19154020134709415,0.573739044805414,0.2177261475822997,0.009623181737926867
"Koepka, Brooks",6,3,0.0025199040778985937,0.11809787257668386,0.5568645514003554,0.30435399253055484,0.01816367941450736
"Koepka, Brooks",7,4,0.00239803467981492,0.09374073697640606,0.4880724619800241,0.3739046717634025,0.04188409460035247
"Koepka, Brooks",8,3,0.0010676926768451445,0.08778301300230129,0.5573169067861676,0.3358733936841274,0.017958993850558547
"Koepka, Brooks",9,4,0.0030826162719349015,0.0849897422071661,0.42525748702605637,0.4088021829025643,0.07786797159227832
"Koepka, Brooks",10,4,0.0035396347775046855,0.1129014582916667,0.5041971990986384,0.34400258521992577,0.03535912261226448
"Koepka, Brooks",11,4,0.013810767673511859,0.22396545007915947,0.5432524183584498,0.20720943637106903,0.0117619275178098
"Koepka, Brooks",12,5,0.004319033474330436,0.11593644731539227,0.4894818668136617,0.3485349579226251,0.041727694473990495
"Koepka, Brooks",13,3,0.00762581631682091,0.18878682832785904,0.5670046644385116,0.22554828659416948,0.011034404322638913
"Koepka, Brooks",14,4,0.006812122105599061,0.22319780045063325,0.6087544962293913,0.15794770812175596,0.0032878730926204636
"Koepka, Brooks",15,4,0.0029466129786437367,0.0884532843507817,0.44417686337228135,0.39900051193913766,0.06542272735915555
"Koepka, Brooks",16,3,0.0019731684896924784,0.12397143424478546,0.5967530626089438,0.2673335650786376,0.009968769577940684
"Koepka, Brooks",17,4,0.02042295199346389,0.25185037480993144,0.5253570112008987,0.1908362415993502,0.011533420396355742
"Koepka, Brooks",18,4,0.0024989615133514387,0.10970533227986923,0.53485396776936,0.3285036051447425,0.024438133292676745
"Koivun, Jackson",1,4,0.003707132015469794,0.10503170128507194,0.47486241518982636,0.3674864899167838,0.048912261592848116
"Koivun, Jackson",2,4,0.0065735463308561615,0.1282630737079573,0.47240198160923164,0.34309259872606923,0.04966879962588566
"Koivun, Jackson",3,4,0.015086467854099228,0.19250398564259175,0.4971873533231281,0.26592300932450497,0.02929918385567598
"Koivun, Jackson",4,5,0.015444317001756858,0.23269121774270263,0.5393616498852792,0.20107690546071733,0.011425909909543952
"Koivun, Jackson",5,4,0.006558308852625705,0.18085535904444555,0.5723841969963426,0.22944320003409102,0.010758935072495146
"Koivun, Jackson",6,3,0.0022034164613893292,0.10999960857634611,0.5497060362862407,0.3179210695238549,0.020169869152168896
"Koivun, Jackson",7,4,0.002115823548762552,0.08738959702719723,0.4790678385054764,0.3858450736913591,0.04558166722720469
"Koivun, Jackson",8,3,0.0009163151035194717,0.08085807135055906,0.5473841557938153,0.35078022992207114,0.020061227830035055
"Koivun, Jackson",9,4,0.0027570039509812183,0.07962548757747534,0.416387767069064,0.41790618052940365,0.0833235608730758
"Koivun, Jackson",10,4,0.003141872980144622,0.10574480333899577,0.49663061365504213,0.3559337981384081,0.03854891188740939
"Koivun, Jackson",11,4,0.01248604215532595,0.21333258604553684,0.5434552817829452,0.21770572247913023,0.013020367537061817
"Koivun, Jackson",12,5,0.0038574267701515508,0.10890724409061553,0.4822211506339999,0.3597611794679225,0.045252999037310504
"Koivun, Jackson",13,3,0.00679845212602509,0.17835549423549119,0.5653087237309357,0.23724252636348186,0.012294803544066202
"Koivun, Jackson",14,4,0.005993441494617002,0.21043168220301112,0.6109601608633176,0.16884569009743733,0.0037690253416169384
"Koivun, Jackson",15,4,0.002626493042066691,0.08277688939536837,0.43527806246154555,0.40898940311489607,0.07032915198612333
"Koivun, Jackson",16,3,0.0017049197485062284,0.11502289068603966,0.5904444538512597,0.2815768516751662,0.011250884039028186
"Koivun, Jackson",17,4,0.018626151607561592,0.24121043399866804,0.5269408794999695,0.20049508738089605,0.012727447512904888
"Koivun, Jackson",18,4,0.0021921712981771146,0.10221749326773144,0.5269514358708469,0.3416951273434796,0.02694377221976496
"Kozuma, Jinichiro",1,4,0.0031501859565775114,0.09583651437964019,0.4634031344431566,0.3829669989207065,0.054643166299919166
"Kozuma, Jinichiro",2,4,0.005682334180239279,0.11829392454254545,0.46332473887087844,0.35751619712989724,0.055182805276439595
"Kozuma, Jinichiro",3,4,0.013261224896223833,0.1801284662360481,0.49366882356948333,0.28009641506690863,0.03284507023133609
"Kozuma, Jinichiro",4,5,0.01341946676100636,0.21753212027219954,0.5401317092143836,0.21572614415151148,0.013190559600898988
"Kozuma, Jinichiro",5,4,0.005538810302635311,0.16624979297534903,0.5690713975426516,0.2465659072787343,0.012574091900629858
"Kozuma, Jinichiro",6,3,0.001815253819905105,0.0991578977291509,0.5383117798858992,0.3373712142354881,0.023343854329556768
"Kozuma, Jinichiro",7,4,0.0017662683472849938,0.07890160113250361,0.46548865525347755,0.40255705206698655,0.0512864231997473
"Kozuma, Jinichiro",8,3,0.0007348345832823289,0.07172038852889251,0.5320839543121854,0.3720535637752327,0.02340725880040706
"Kozuma, Jinichiro",9,4,0.0023473617627856602,0.0724271621486135,0.40330037796907403,0.4303560274625374,0.09156907065698938
"Kozuma, Jinichiro",10,4,0.002645457367231041,0.09611584475544876,0.48498348800680985,0.37277073002316186,0.04348447984734849
"Kozuma, Jinichiro",11,4,0.010792438556143091,0.1986237760220113,0.5425523228401552,0.23302211074577106,0.015009351835919338
"Kozuma, Jinichiro",12,5,0.0032771185385501167,0.09941893940848795,0.4710843813451401,0.375545452416185,0.05067410829163688
"Kozuma, Jinichiro",13,3,0.005758682408274152,0.16409248162688617,0.5615610320800015,0.25428694300035315,0.014300860884485012
"Kozuma, Jinichiro",14,4,0.004979610167421766,0.1929512009351615,0.6124149821448909,0.18509227672237882,0.004561930030147043
"Kozuma, Jinichiro",15,4,0.0022252973255201813,0.07516558974121423,0.422065516485566,0.4227568527202374,0.0777867437274622
"Kozuma, Jinichiro",16,3,0.0013804379756146568,0.10308110047141916,0.5799655722923169,0.30225320156780167,0.013319687692847637
"Kozuma, Jinichiro",17,4,0.016304042884765946,0.22636678682630312,0.5281042529008009,0.2146162147813876,0.014608702606742408
"Kozuma, Jinichiro",18,4,0.0018145608658072243,0.0921985400528581,0.5146508101633073,0.36046323673734115,0.03087285218068625
"Kruyswijk, Jacques",1,4,0.003173277108207806,0.09623341666148383,0.4639315651483826,0.38228447940539834,0.054377261676527455
"Kruyswijk, Jacques",2,4,0.005719596897487911,0.1187266489280221,0.46374740218780597,0.3568788526627983,0.05492749932388574
"Kruyswijk, Jacques",3,4,0.01333821323744755,0.18067067407750115,0.4938480000035327,0.2794630702272982,0.032680042454220404
"Kruyswijk, Jacques",4,5,0.013504460706528831,0.2181975890317458,0.5401266424790112,0.21506403221863712,0.013107275564076981
"Kruyswijk, Jacques",5,4,0.005581005162060504,0.16688487093479115,0.569253169109857,0.24579296532446193,0.012487989468829341
"Kruyswijk, Jacques",6,3,0.0018311135176861115,0.09962378277235318,0.5388481936023455,0.3365027793155636,0.02319413079205157
"Kruyswijk, Jacques",7,4,0.001780634949510862,0.07926603858398595,0.46611130669019085,0.40182106029258025,0.05102095948373209
"Kruyswijk, Jacques",8,3,0.0007421506058870597,0.07210978358239095,0.5327927992082364,0.3711063491246318,0.023248917478853826
"Kruyswijk, Jacques",9,4,0.0023643532802818945,0.0727369899593307,0.4038938740610259,0.429815131033258,0.09118965166610349
"Kruyswijk, Jacques",10,4,0.002665950048812593,0.09653085523905808,0.48552310704714496,0.3720256470891772,0.043254440575807185
"Kruyswijk, Jacques",11,4,0.010863335434081967,0.19926771508356134,0.5426222053733694,0.2323311807756192,0.014915563333368187
"Kruyswijk, Jacques",12,5,0.003301177181347592,0.09982866536881024,0.4715994902054161,0.374848385255963,0.0504222819884631
"Kruyswijk, Jacques",13,3,0.005801775204727744,0.16471277935262618,0.5617608724241117,0.25351865837458365,0.014205914643950823
"Kruyswijk, Jacques",14,4,0.0050212622378936755,0.19371187704034953,0.6123924155971103,0.18435075053011007,0.004523694594536387
"Kruyswijk, Jacques",15,4,0.0022419010228997283,0.07549303548658759,0.4226666142989058,0.42215592908336663,0.07744252010824026
"Kruyswijk, Jacques",16,3,0.0013935873113057884,0.10359325644068768,0.5804685516973305,0.30132354675651807,0.013221057794158053
"Kruyswijk, Jacques",17,4,0.016401863057468713,0.22701974071078002,0.5280797758157895,0.21397847898104116,0.014520141434920641
"Kruyswijk, Jacques",18,4,0.0018300222360601026,0.09262895735952459,0.5152237491978039,0.3596288727074799,0.03068839849913152
"La Sasso, Michael",1,4,0.0031120366141806355,0.09517756177587622,0.4625187352708487,0.3841030421233871,0.05508862421570737
"La Sasso, Michael",2,4,0.005620708413449471,0.11757500154092548,0.4626165353439608,0.35857735745604746,0.05561039724561678
"La Sasso, Michael",3,4,0.013133763983966873,0.17922661672387663,0.4933655629456735,0.2811524135935235,0.03312164275295948
"La Sasso, Michael",4,5,0.01327883650923739,0.2164250003029844,0.5401341014458096,0.21683167920357937,0.013330382538389252
"La Sasso, Michael",5,4,0.005469115051234208,0.1651944805692629,0.5687613890954222,0.2478562771668823,0.01271873811719848
"La Sasso, Michael",6,3,0.0017890983848797282,0.09838485464816221,0.5374118547898361,0.3388189913332399,0.023595200843882003
"La Sasso, Michael",7,4,0.001742558205105993,0.07829694478863147,0.4644472800199975,0.40378191365353144,0.05173130333273357
"La Sasso, Michael",8,3,0.0007227887478453154,0.07107492984507852,0.530896998774317,0.37363210538679703,0.023673177245962185
"La Sasso, Michael",9,4,0.002319288079586701,0.07191294998524217,0.402309066977953,0.4312546616225526,0.09220403333466554
"La Sasso, Michael",10,4,0.0026116188896127546,0.09542695679585705,0.48407986757227683,0.37401148443954746,0.0438700723027059
"La Sasso, Michael",11,4,0.010675172025591484,0.19755283423955539,0.5424297197701808,0.23417548145878975,0.015166792505882487
"La Sasso, Michael",12,5,0.0032373710350045992,0.09873866210118137,0.4702219700808864,0.37670595305936283,0.0510960437235648
"La Sasso, Michael",13,3,0.005687492054448351,0.1630617039736691,0.5612211801534975,0.25556930458247107,0.014460319235913954
"La Sasso, Michael",14,4,0.004910873654067671,0.1916870796342915,0.6124438444158037,0.18633190510494346,0.004626297190893691
"La Sasso, Michael",15,4,0.00219787197014637,0.07462217128118209,0.42106112427403364,0.4237558038064379,0.0783630286682
"La Sasso, Michael",16,3,0.0013587740462943088,0.10223149212729515,0.5791198623361974,0.30380438821672373,0.013485483273489418
"La Sasso, Michael",17,4,0.016142119582735148,0.2252802109443906,0.5281393853480261,0.21568094661026582,0.014757337514582303
"La Sasso, Michael",18,4,0.001789055714909893,0.09148436846849023,0.5136908027307946,0.3618534593477557,0.031182313738049583
"Lacroix, Frederic",1,4,0.0032910335018833115,0.0982351761316359,0.46654860377962426,0.37886212683085674,0.053063059755999786
"Lacroix, Frederic",2,4,0.005909182826895565,0.12090568035114896,0.46583510528602706,0.35368508812877286,0.05366494340715555
"Lacroix, Frederic",3,4,0.013728971521382083,0.18339397742947644,0.49471252074659716,0.2762994015980368,0.03186512870450753
"Lacroix, Frederic",4,5,0.013936435324385987,0.22153823832530806,0.5400604597792775,0.21176722787626123,0.012697638694767255
"Lacroix, Frederic",5,4,0.0057962910052444805,0.17008144659567498,0.5701142861547375,0.24194288263094277,0.012065093613400357
"Lacroix, Frederic",6,3,0.0019123181249129928,0.10197642509455468,0.5414900859603637,0.3321635842174675,0.02245758660270103
"Lacroix, Frederic",7,4,0.0018540752915072733,0.08110677892955159,0.4691997794154839,0.3981293599565705,0.04971000640688672
"Lacroix, Frederic",8,3,0.0007797477686212195,0.07408072604851623,0.5362991148030373,0.36636973866138345,0.02247067271844183
"Lacroix, Frederic",9,4,0.002450992461466517,0.07430080700362773,0.40684657696027343,0.42709159284184856,0.08931003073278376
"Lacroix, Frederic",10,4,0.0027705797826347855,0.0986248167111497,0.48819218751987137,0.36829347111089705,0.042118944875447095
"Lacroix, Frederic",11,4,0.011223932337303288,0.20250273661161378,0.5429301868262817,0.22888900160678638,0.01445414261801492
"Lacroix, Frederic",12,5,0.0034238691084558792,0.10189486392924652,0.47414846958034,0.3713547241944174,0.049178073187540194
"Lacroix, Frederic",13,3,0.006021559429990941,0.16783479043128874,0.5627141546965597,0.24969020796775232,0.013739287474408224
"Lacroix, Frederic",14,4,0.005234211857306381,0.19753989699367946,0.6122205480448348,0.1806685663141242,0.004336776790055175
"Lacroix, Frederic",15,4,0.0023266153637821474,0.0771460042180665,0.4256545276048255,0.41913411891940344,0.07573873389392238
"Lacroix, Frederic",16,3,0.0014610662490577853,0.10618099716996388,0.582933075939263,0.29668754238279105,0.012737318258924324
"Lacroix, Frederic",17,4,0.016898535541819693,0.23029569134198014,0.5279191817619282,0.21080235661926938,0.014084234735002532
"Lacroix, Frederic",18,4,0.0019091409903118084,0.0948026365080547,0.5180536175526047,0.3554548373923374,0.029779767556691317
"Lagergren, Joakim",1,4,0.0028007356901596503,0.08964169611423733,0.4547275102958626,0.3937911027233436,0.05903895517639679
"Lagergren, Joakim",2,4,0.005114754809218081,0.1115102440176301,0.45633521538141597,0.3676433164609496,0.05939646933078624
"Lagergren, Joakim",3,4,0.01208062951700406,0.17156661101018722,0.49052001620662,0.2902525155190653,0.03558022774712344
"Lagergren, Joakim",4,5,0.012121085143724897,0.20700928246036943,0.5398424484835034,0.22644057869494894,0.014586605217453363
"Lagergren, Joakim",5,4,0.004901186960622084,0.15628266134411634,0.5657333515364099,0.2590595614489748,0.014023238709876873
"Lagergren, Joakim",6,3,0.0015779217904546283,0.09191282989653443,0.5293737752816127,0.3512832857039757,0.02585218732742256
"Lagergren, Joakim",7,4,0.0015502991481070039,0.07323715708659656,0.45531016352696935,0.41421734069635074,0.055685039541976344
"Lagergren, Joakim",8,3,0.0006264620842671986,0.06570421974466223,0.5204109158755086,0.3871917580918114,0.0260666442037506
"Lagergren, Joakim",9,4,0.0020901200045642665,0.06760173977945416,0.39367721780811155,0.43883117291531937,0.09779974949255066
"Lagergren, Joakim",10,4,0.0023363623964625657,0.08964615617974397,0.4760941621551483,0.38462215333273353,0.047301165935911604
"Lagergren, Joakim",11,4,0.0097116629555693,0.1884630278664749,0.5410597215963054,0.24418526784160544,0.016580319740044924
"Lagergren, Joakim",12,5,0.0029130420149007796,0.09302194916182754,0.4626087058674634,0.38661519584378,0.054841107112028276
"Lagergren, Joakim",13,3,0.005106799859703193,0.15435570452965264,0.5579506195033906,0.2666909128135079,0.015895963293745652
"Lagergren, Joakim",14,4,0.004353776438036694,0.1810074654871891,0.6122405790918,0.1971840017303269,0.0052141772526473895
"Lagergren, Joakim",15,4,0.001974364186438038,0.07006783344080186,0.4122958711892779,0.43220851958367973,0.08345341159980246
"Lagergren, Joakim",16,3,0.00118489621872081,0.09512932282502923,0.571470463311163,0.3172289760957743,0.014986341549312665
"Lagergren, Joakim",17,4,0.014805583200036776,0.21602505519734655,0.5281492126122647,0.2249299918684542,0.016090157121897875
"Lagergren, Joakim",18,4,0.0015828098588444584,0.08550611131600927,0.5051769915898205,0.3737830893835914,0.03395099785173428
"Lawrence, Thriston",1,4,0.0031348759924434977,0.09557255079527172,0.4630499256840844,0.3834216410406335,0.05482100648756694
"Lawrence, Thriston",2,4,0.005657612254653277,0.11800601265405924,0.4630420211785391,0.3579408245415776,0.05535352937117077
"Lawrence, Thriston",3,4,0.013210112866221868,0.17976745146894085,0.4935482138761618,0.2805187518545409,0.03295546993413456
"Lawrence, Thriston",4,5,0.013363061082998617,0.21708897233338614,0.5401335739637972,0.21616805664462346,0.013246335975194534
"Lawrence, Thriston",5,4,0.005510838073878643,0.16582719499564502,0.5689484519726901,0.2470817363480433,0.01263177860974296
"Lawrence, Thriston",6,3,0.0018047501979624458,0.09884816595211687,0.5379526935471386,0.337950269069189,0.023444121233593074
"Lawrence, Thriston",7,4,0.0017567492881274682,0.07865932798748237,0.4650726469857742,0.40304726710049765,0.051464008638118286
"Lawrence, Thriston",8,3,0.0007299942199021081,0.07146167567420386,0.5316100019516841,0.3726850051282118,0.02351332302599818
"Lawrence, Thriston",9,4,0.0023360955794938243,0.07222115238579974,0.4029041749440311,0.4307159113060108,0.09182266578466458
"Lawrence, Thriston",10,4,0.0026318747373808016,0.09583987031791807,0.4846226767256865,0.3732671909548543,0.04363838726416036
"Lawrence, Thriston",11,4,0.01074539804873803,0.198195055185381,0.5425042012382049,0.23348318679675517,0.015072158730920937
"Lawrence, Thriston",12,5,0.003261167168005563,0.09914643870987627,0.4707400000350311,0.3760098458226634,0.05084254826442369
"Lawrence, Thriston",13,3,0.0057301119141767165,0.16367971241566187,0.5614261084039327,0.25479960569299287,0.014364461573235898
"Lawrence, Thriston",14,4,0.004952013380612408,0.19244500088311967,0.6124278394163276,0.18558756598316684,0.0045875803367734225
"Lawrence, Thriston",15,4,0.0022142901840858653,0.07494787393424374,0.42166414263082974,0.4231568227473798,0.07801687050346084
"Lawrence, Thriston",16,3,0.0013717348206771507,0.10274065970405749,0.5796283982492714,0.3028734137647734,0.013385793461220596
"Lawrence, Thriston",17,4,0.01623910738651463,0.2259319036052747,0.5281191553429683,0.21504183239407137,0.014668001271171072
"Lawrence, Thriston",18,4,0.001804319385099451,0.0919123931068877,0.5142675718911556,0.36101938522709176,0.03099633038976557
"Lee, Bryan",1,4,0.001982220830514636,0.07343372006372839,0.42768728584740706,0.42366775801559375,0.07322901524275616
"Lee, Bryan",2,4,0.0037536372197730095,0.09347291251639778,0.4340291126147015,0.3958226076835355,0.07292172996559221
"Lee, Bryan",3,4,0.0091797848900258,0.14820052035467868,0.4785942650016659,0.31952782421482695,0.044497605538802665
"Lee, Bryan",4,5,0.008976329012903572,0.17817107396017812,0.5351494820129956,0.25837436902543987,0.019328745988482887
"Lee, Bryan",5,4,0.003416627508309844,0.12970765721324268,0.551751291200977,0.29610781095389127,0.019016613123579162
"Lee, Bryan",6,3,0.0010444262879418242,0.07322308959466212,0.5002348820303874,0.3911502912964544,0.03434731079055431
"Lee, Bryan",7,4,0.001056566767634326,0.058642666859664294,0.4240469451238648,0.4462545255163548,0.06999929573248176
"Lee, Bryan",8,3,0.000391641138505594,0.05055166506251241,0.4837547533937739,0.4301498224928918,0.035152117912316316
"Lee, Bryan",9,4,0.0014865720197769772,0.05506926320848132,0.3648805284626076,0.46113119317537576,0.11743244313375834
"Lee, Bryan",10,4,0.0016211534748761247,0.07279689454769306,0.44809828094286724,0.41770032933119494,0.05978334170336863
"Lee, Bryan",11,4,0.007113643894165578,0.16082905565584998,0.5328976805460637,0.27725780617027485,0.02190181373364597
"Lee, Bryan",12,5,0.0020604298794359432,0.07626679027423461,0.4360043013888887,0.4173295057892883,0.06833897266815248
"Lee, Bryan",13,3,0.003583099992590544,0.12837614586423007,0.5433659214503624,0.3033185091200319,0.021356323572785052
"Lee, Bryan",14,4,0.0029272304446413266,0.14913785178605254,0.6061554351777103,0.23420496753310804,0.0075745150584877186
"Lee, Bryan",15,4,0.001389376287330879,0.05684971835420888,0.38283408908346755,0.4574588082471574,0.10146800802783529
"Lee, Bryan",16,3,0.0007553174914469718,0.07474788375936026,0.542660392044754,0.3610268256869068,0.020809581017531942
"Lee, Bryan",17,4,0.011139217825955672,0.18751220178937483,0.5246545353350608,0.25560859460052554,0.021085450449083165
"Lee, Bryan",18,4,0.001058686934145514,0.06824778398212672,0.47500545727974425,0.41145846221587745,0.04422960958810607
"Lee, Min Woo",1,4,0.004203487154751828,0.11264400431219884,0.4832051895196438,0.35518036463552016,0.04476695437788536
"Lee, Min Woo",2,4,0.007355862722080497,0.13643212126650972,0.47887796620875994,0.3316701224399978,0.04566392736265201
"Lee, Min Woo",3,4,0.016663373522294023,0.20247034706517825,0.49919379111424855,0.254923708506572,0.0267487797917072
"Lee, Min Woo",4,5,0.017208762011763468,0.2448504045712253,0.5378021004909421,0.18994830440444332,0.010190428521625772
"Lee, Min Woo",5,4,0.007469474988568592,0.19277849474766556,0.5738419505236075,0.21640938875565707,0.009500690984501237
"Lee, Min Woo",6,3,0.0025584522791227693,0.11904544098973141,0.5576336499000107,0.3028161527891431,0.017946304041991934
"Lee, Min Woo",7,4,0.0024322577244689225,0.09448456420750134,0.4890680062833942,0.37253645382475986,0.04147871795987568
"Lee, Min Woo",8,3,0.0010863208576868955,0.08859862733342083,0.5584027618286678,0.3341804203122487,0.017731869667975797
"Lee, Min Woo",9,4,0.0031218276921051724,0.08561689469211148,0.4262490470070307,0.407748168630934,0.07726406197781865
"Lee, Min Woo",10,4,0.0035877052146536803,0.11373704942145713,0.5050250111493638,0.34264035708563,0.03500987712889536
"Lee, Min Woo",11,4,0.013969114052290954,0.22519105783208732,0.5431853999943128,0.2060289390687825,0.011625489052526361
"Lee, Min Woo",12,5,0.004374637045370555,0.11675596740572314,0.49027774712913874,0.347251057229768,0.041340591189999554
"Lee, Min Woo",13,3,0.0077254816474072174,0.1899956154057118,0.5671482107675864,0.22423248532505635,0.010898206854238257
"Lee, Min Woo",14,4,0.006911389291233694,0.2246758831787788,0.6084417276263121,0.15673427872016477,0.0032367211835107046
"Lee, Min Woo",15,4,0.0029852290841161366,0.08911714310998176,0.4451685569806415,0.39784802732041624,0.06488104350484436
"Lee, Min Woo",16,3,0.0020060439686623854,0.12501991290200282,0.59741455629619,0.2657283578867836,0.009831128946361178
"Lee, Min Woo",17,4,0.020636677090700883,0.25307203749504875,0.525136712385843,0.18975080248251774,0.011403770545889591
"Lee, Min Woo",18,4,0.0025362695498301613,0.11058173812934674,0.535713342999581,0.3270031396041524,0.02416550971708975
"Leishman, Marc",1,4,0.0036105959736961735,0.10349113269160948,0.47305259330907456,0.3700323511688127,0.04981332685680706
"Leishman, Marc",2,4,0.006420147350833183,0.12660079764010918,0.47098140476987255,0.345460220169968,0.05053743006921707
"Leishman, Marc",3,4,0.014774598184989163,0.19045703816461979,0.4966859885308905,0.26822719574551446,0.029855179373986074
"Leishman, Marc",4,5,0.015096947272552341,0.23018831066938172,0.5395810234220142,0.2034346308684336,0.011699087767618188
"Leishman, Marc",5,4,0.006381353647639143,0.17842392610684693,0.5719542406876255,0.23220186686741973,0.011038612690468685
"Leishman, Marc",6,3,0.002135324774865166,0.10817638585182088,0.5479420881618897,0.3210847923350233,0.020661408876401
"Leishman, Marc",7,4,0.002054797341155712,0.08596108728034502,0.4769119449881955,0.3885959430884671,0.04647622730183665
"Leishman, Marc",8,3,0.00088412983824665,0.07931051632645181,0.544978858334692,0.3542486166059645,0.02057787889464502
"Leishman, Marc",9,4,0.002686024942729126,0.07841650121080707,0.4142884496704357,0.41997926574977756,0.08462975842625053
"Leishman, Marc",10,4,0.0030555218807757356,0.10412955502852028,0.4947993376403952,0.358693849095167,0.0393217363551418
"Leishman, Marc",11,4,0.012194839171704663,0.2108982495562392,0.5434033887594201,0.2201750001808186,0.013328522331817472
"Leishman, Marc",12,5,0.003756837831313531,0.10731814355473629,0.48046726586945304,0.3623533061946753,0.04610444654982182
"Leishman, Marc",13,3,0.0066181813738211415,0.17598143901829466,0.5648037070773244,0.23999214084496656,0.012604531685593168
"Leishman, Marc",14,4,0.005816406290350573,0.20752383007715847,0.6113328307564256,0.17143759379448353,0.003889339081581844
"Leishman, Marc",15,4,0.0025568485123807494,0.08149803901221492,0.4331649381638746,0.4112729364482759,0.07150723786325386
"Leishman, Marc",16,3,0.0016476180736714197,0.1130114306131279,0.5888534047895619,0.28491940506286406,0.011568141460774672
"Leishman, Marc",17,4,0.01822897067035012,0.23876392843886007,0.527218283002617,0.20276945505569244,0.013019362832480397
"Leishman, Marc",18,4,0.0021260449209961063,0.10053221938681234,0.5250273466025422,0.3447594439958451,0.027554945093804184
"Lewis, Riley",1,4,0.0021826311832376377,0.07766356394269364,0.4354180541016832,0.41565192595395606,0.06908382481842945
"Lewis, Riley",2,4,0.004091619511546518,0.09822345183093822,0.44047859805917167,0.3882247390763359,0.06898159152200767
"Lewis, Riley",3,4,0.009910423091931297,0.1544435739259833,0.4822926978306719,0.3114742853280239,0.041879019823389596
"Lewis, Riley",4,5,0.009761579914543073,0.18589117210603173,0.537009129279536,0.24943052126616427,0.01790759743372483
"Lewis, Riley",5,4,0.0037786861058867194,0.136713493787403,0.556234508155576,0.2857633956665069,0.017509916284627502
"Lewis, Riley",6,3,0.0011718074179479787,0.07805966278659698,0.5087338896477673,0.38022855737762074,0.03180608277006702
"Lewis, Riley",7,4,0.0011756951861808806,0.0624180251815199,0.43292056027068926,0.43768443602961676,0.0658012833319932
"Lewis, Riley",8,3,0.0004464503791203889,0.0544189978960663,0.4942617752778492,0.418449682505431,0.03242309394153309
"Lewis, Riley",9,4,0.0016345159051837088,0.05832688664568386,0.3729537081970417,0.4553176047395497,0.11176728451254103
"Lewis, Riley",10,4,0.0017949786249993882,0.07718213416544195,0.45613993380442114,0.4087696548822596,0.05611329852287794
"Lewis, Riley",11,4,0.007759497542803362,0.16819588745711694,0.535710025282496,0.26802530438201233,0.020309285335571303
"Lewis, Riley",12,5,0.0022691613520694487,0.08064200873228056,0.4436356310803574,0.40906405782781396,0.06438914100747861
"Lewis, Riley",13,3,0.0039555894809719105,0.1352281356854253,0.5479879413581812,0.29311435516581996,0.019713978309601643
"Lewis, Riley",14,4,0.0032706268027717367,0.1575398548702398,0.6086509321948574,0.22369329276876093,0.006845293363370031
"Lewis, Riley",15,4,0.001532214578159885,0.06028210737288603,0.3911244883673839,0.4508148069819527,0.0962463826996175
"Lewis, Riley",16,3,0.0008564331334158237,0.0800016126245407,0.5512055466001681,0.3488953959243726,0.01904101171750283
"Lewis, Riley",17,4,0.012060228761874736,0.19517089801945137,0.526150477404693,0.24702459392176868,0.01959380189221216
"Lewis, Riley",18,4,0.0011843040986598274,0.0727135720725689,0.4837141960342561,0.40121170025433284,0.04117622754018235
"Lower, Justin",1,4,0.0034375188185156724,0.10067532137238172,0.4696328892765227,0.37473486682341695,0.05151940370916297
"Lower, Justin",2,4,0.006144026998384788,0.1235543792328827,0.46828331201029194,0.34983793933638196,0.0521803424220586
"Lower, Justin",3,4,0.014210882428663973,0.18668860518361552,0.4956806624427901,0.27251038657029414,0.030909463374636292
"Lower, Justin",4,5,0.014470483863064043,0.2255757330789433,0.5398912053969874,0.20784183953731894,0.012220738123686292
"Lower, Justin",5,4,0.006064337164284117,0.17396364782408724,0.5710422282514976,0.23735573028425205,0.011574056475878947
"Lower, Justin",6,3,0.0020140754868435695,0.10485083957805647,0.5445708291113484,0.3269643906575055,0.021599865166246124
"Lower, Justin",7,4,0.0019458328332147556,0.08335669208817353,0.4728502903487711,0.3936746927928474,0.048172491936993245
"Lower, Justin",8,3,0.000827176616872205,0.07649898708232711,0.5404217109862155,0.360686235872292,0.021565889442293207
"Lower, Justin",9,4,0.002558744292843307,0.07620983781471574,0.41035641831895764,0.42378228249839117,0.08709271707509214
"Lower, Justin",10,4,0.00290101826920236,0.10117928302979445,0.4913302594925555,0.3638011149537468,0.040788324254700914
"Lower, Justin",11,4,0.011670345658438497,0.20641801647026486,0.5432085003695886,0.22478643197814874,0.01391670552355928
"Lower, Justin",12,5,0.0035764976876454524,0.10441302765367061,0.4771479028744275,0.3671450489301239,0.047717522854132555
"Lower, Justin",13,3,0.0062950186709359035,0.17162607140960123,0.5637566698905173,0.24512539910552245,0.013196840923423103
"Lower, Justin",14,4,0.005500330070200232,0.20218719712162037,0.6118845273287458,0.1763063374855508,0.0041216079938828365
"Lower, Justin",15,4,0.00243209239390324,0.0791643623940253,0.4292004001482784,0.4154710881393967,0.07373205692439633
"Lower, Justin",16,3,0.0015459707781708687,0.10934580231806623,0.5857785091409495,0.2911526069008694,0.012177110861943952
"Lower, Justin",17,4,0.01751146713560764,0.2342508600134086,0.5276424764367976,0.20701912179941062,0.013576074614775502
"Lower, Justin",18,4,0.0020081794025635924,0.09745873995254933,0.5213716806266449,0.35044241309791246,0.028718986920329703
"Lowry, Shane",1,4,0.004859323786272074,0.12201234503077263,0.49221151176756495,0.34063731938939157,0.04027950002599878
"Lowry, Shane",2,4,0.00837481565789372,0.14638903293058048,0.4857119378485652,0.31821357718429844,0.04131063637866217
"Lowry, Shane",3,4,0.018686238136628897,0.2144157995060481,0.5006936110570274,0.24220250786684083,0.024001843433454795
"Lowry, Shane",4,5,0.01949007111705442,0.2593601084803778,0.5349198855168993,0.17733615477618236,0.00889378010948605
"Lowry, Shane",5,4,0.008676104868647061,0.20724629620235807,0.5742677260301082,0.2016168365669686,0.008193036331918035
"Lowry, Shane",6,3,0.0030391353070072236,0.13025479268928497,0.5657384261986096,0.28535515186051197,0.015612493944586303
"Lowry, Shane",7,4,0.00285660055103365,0.10329573231471945,0.49999695192960125,0.3567886545174105,0.037062060687235165
"Lowry, Shane",8,3,0.0013217765017443095,0.09832863201129699,0.5701326953055628,0.31491454230999605,0.015302353871399887
"Lowry, Shane",9,4,0.003603635473494793,0.09303039207687724,0.43730222743160857,0.3954599340319538,0.07060381098606561
"Lowry, Shane",10,4,0.004181062852133155,0.12359589299032364,0.5139812066350751,0.3270308989457851,0.031210938576683
"Lowry, Shane",11,4,0.015895632750885735,0.23941220925367207,0.5417806662525525,0.19275221071403525,0.010159281028854439
"Lowry, Shane",12,5,0.00505805664074821,0.12640758075406466,0.49891265266907037,0.3325073146749389,0.03711439526117788
"Lowry, Shane",13,3,0.008950344494782658,0.20411718449927796,0.5680640135724606,0.2094277416091197,0.009440715824359014
"Lowry, Shane",14,4,0.00814169304481921,0.24192037047568254,0.6039763720562608,0.14326130109950386,0.0027002633237336315
"Lowry, Shane",15,4,0.003460775415859152,0.09696746638556569,0.4561758390048791,0.3844689195176688,0.058926999676027214
"Lowry, Shane",16,3,0.0024193161264381424,0.13744305315044797,0.6041319703712189,0.24763536413980336,0.008370296212091621
"Lowry, Shane",17,4,0.02322049801004883,0.26717691093680473,0.5220401941309234,0.17755455205483595,0.010007844867387039
"Lowry, Shane",18,4,0.0030005386115064536,0.12095388933926476,0.5449302515512084,0.3098920074511473,0.021223313046873082
"MacIntyre, Robert",1,4,0.004695556619372265,0.11973911513652502,0.490145980707002,0.3441070120946145,0.04131233544248625
"MacIntyre, Robert",2,4,0.00812181880900631,0.14398238508722538,0.4841611716785612,0.3214202562597459,0.04231436816546119
"MacIntyre, Robert",3,4,0.01818702831450436,0.2115483337559666,0.5004202879954601,0.24521157388286452,0.024632776051204397
"MacIntyre, Robert",4,5,0.01892534858185979,0.25588382958103767,0.5357079867848054,0.18029449050856106,0.009188344543736182
"MacIntyre, Robert",5,4,0.00837456295585931,0.203756378873585,0.5742919056682885,0.20508830670042244,0.008488845801844835
"MacIntyre, Robert",6,3,0.002917952841652638,0.12752761405744056,0.5639283199503726,0.2894834874577955,0.01614262569273861
"MacIntyre, Robert",7,4,0.0027500179556160242,0.10114990508098387,0.4974765175852257,0.3605474102867199,0.038076149091454514
"MacIntyre, Robert",8,3,0.0012618861647785695,0.09594775146362455,0.5674610668152855,0.3194765776652624,0.01585271789104903
"MacIntyre, Robert",9,4,0.003483343426391783,0.09122745496527956,0.4347236472947286,0.3984189594491172,0.07214659486448283
"MacIntyre, Robert",10,4,0.004032475079258135,0.12120147351497224,0.5119385835246892,0.33074529009738174,0.032082177783698596
"MacIntyre, Robert",11,4,0.015417843348107252,0.2359980879457947,0.5422209104689126,0.19587057791762064,0.010492580319564793
"MacIntyre, Robert",12,5,0.0048874000390144445,0.1240663906674806,0.49693896932688375,0.33602102653784494,0.03808621342877627
"MacIntyre, Robert",13,3,0.008644517323135037,0.20071100212433401,0.5679675636768919,0.21290590999049963,0.009771006885139322
"MacIntyre, Robert",14,4,0.007832793233478186,0.23776510481477275,0.605185335658373,0.1463967377901798,0.0028200285031962924
"MacIntyre, Robert",15,4,0.00334187192542712,0.09505783177983423,0.4536161622447476,0.3876812677378322,0.060302866312158865
"MacIntyre, Robert",16,3,0.0023145747221529067,0.13441734603104882,0.6026777349815939,0.2518910245748148,0.008699319690389506
"MacIntyre, Robert",17,4,0.02258242228555074,0.263802443981984,0.5228721945222652,0.18041732152093015,0.010325617689269873
"MacIntyre, Robert",18,4,0.00288365081287556,0.11842957902131274,0.542842565171624,0.3139500157826176,0.02189418921157016
"Matsuyama, Hideki",1,4,0.004714240534074321,0.12000057518015922,0.49038734062382466,0.34370603865149285,0.041191805010448945
"Matsuyama, Hideki",2,4,0.008150729370935361,0.14425949096924312,0.4843429271650527,0.321049561617457,0.04219729087731183
"Matsuyama, Hideki",3,4,0.018244172677918058,0.21187913495991162,0.5004545655522985,0.2448630201466373,0.024559106663234465
"Matsuyama, Hideki",4,5,0.01898993666843779,0.25628508824256563,0.5356201038250813,0.17995102312169975,0.009153848142215537
"Matsuyama, Hideki",5,4,0.00840895812159309,0.20415845106694958,0.5742931151342162,0.20468531176471472,0.008454163912526402
"Matsuyama, Hideki",6,3,0.002931740850466824,0.1278410588290173,0.5641414530058468,0.2890052077812678,0.01608053953340116
"Matsuyama, Hideki",7,4,0.0027621575725124137,0.10139646148565767,0.49777057396858965,0.3601130785900645,0.03795772838317579
"Matsuyama, Hideki",8,3,0.0012686830392599768,0.09622095635794103,0.5677738795495434,0.3189482666778014,0.01578821437545419
"Matsuyama, Hideki",9,4,0.003497067879259963,0.0914346912559813,0.43502350739071965,0.39807786619171626,0.07196686728232282
"Matsuyama, Hideki",10,4,0.004049413532912216,0.12147680404830197,0.5121776472681348,0.33031572865379033,0.031980406496860736
"Matsuyama, Hideki",11,4,0.0154724598453021,0.23639194727180884,0.542173377170595,0.1955086613081659,0.010453554404128207
"Matsuyama, Hideki",12,5,0.004906869914545864,0.12433569254731769,0.49716981805184474,0.33561484386312035,0.03797277562317136
"Matsuyama, Hideki",13,3,0.008679410030431545,0.2011034332547389,0.5679825961934117,0.21250225979893955,0.009732300722478215
"Matsuyama, Hideki",14,4,0.007867981105639354,0.23824398265532704,0.6050501816571163,0.1460319173824911,0.002805937199426234
"Matsuyama, Hideki",15,4,0.003355432307050432,0.09527731812800044,0.4539140933657723,0.38731067796701235,0.060142478232164454
"Matsuyama, Hideki",16,3,0.0023264740713121457,0.1347650019387755,0.6028505344018864,0.25139729143008827,0.008660698157937685
"Matsuyama, Hideki",17,4,0.022655449181758824,0.2641921042618317,0.5227790086152371,0.1800850138554475,0.010288424085724834
"Matsuyama, Hideki",18,4,0.002896955234520937,0.11871967963228242,0.5430873868360999,0.3134802779780841,0.0218157003190127
"McCarthy, Denny",1,4,0.004291760683313051,0.11394779780415193,0.48453868610176504,0.35311735157837565,0.044104403832394334
"McCarthy, Denny",2,4,0.007493937778099591,0.13782405079158683,0.47990099815418025,0.32975860283972636,0.04502241043640698
"McCarthy, Denny",3,4,0.016939453335222454,0.2041534018597735,0.4994634535210937,0.25310140477636056,0.026342286507549773
"McCarthy, Denny",4,5,0.017518983380663378,0.24689912039600015,0.5374609789983433,0.18812465196865236,0.009996265256340786
"McCarthy, Denny",5,4,0.007631724002872209,0.19480551570688676,0.5739870487285517,0.21427171505547982,0.0093039965062095
"McCarthy, Denny",6,3,0.0026224147588616575,0.12060059846299048,0.5588662999964922,0.30031387030536383,0.017596816476291854
"McCarthy, Denny",7,4,0.0024889763102573514,0.0957056685286416,0.4906767160129417,0.37030371800623085,0.04082492114192848
"McCarthy, Denny",8,3,0.001117317250944605,0.08993959337274082,0.5601517517158374,0.3314243445022298,0.0173669931582473
"McCarthy, Denny",9,4,0.0031866906721558785,0.08664599170076154,0.4278563209744335,0.40602345027336995,0.07628754637927915
"McCarthy, Denny",10,4,0.0036672987938457524,0.11510765419783558,0.5063587270836509,0.3404195140940677,0.034446805830600113
"McCarthy, Denny",11,4,0.014230513686346813,0.2271943920669487,0.5430569618072218,0.2041120438491948,0.0114060885902878
"McCarthy, Denny",12,5,0.004466621797061643,0.1180996906334345,0.4915607317325608,0.3451569586427322,0.04071599719421082
"McCarthy, Denny",13,3,0.007890356660319064,0.19197428651971887,0.5673603029306966,0.22209566458799168,0.010679389301273767
"McCarthy, Denny",14,4,0.007075896345845267,0.2270947429302166,0.6079052239798448,0.1547692418259543,0.0031548949181390284
"McCarthy, Denny",15,4,0.003049136944091646,0.09020656115217701,0.44677463646362436,0.3959638972092341,0.0640057682308729
"McCarthy, Denny",16,3,0.0020606856477654034,0.12674129093057956,0.5984671402281572,0.2631205023511525,0.009610380842345334
"McCarthy, Denny",17,4,0.020989028218777017,0.25506682824045224,0.5247603155432794,0.18798862606918953,0.011195201928301812
"McCarthy, Denny",18,4,0.0025981477770904426,0.11202022916238485,0.5370955076516997,0.32455940573954645,0.02372670966927859
"McCarty, Matt",1,4,0.00404618077856439,0.11028461345377721,0.48072279655736205,0.35894655915802587,0.045999850052270475
"McCarty, Matt",2,4,0.0071090430019483675,0.1339079504831161,0.47696422967910046,0.3351621593697086,0.04685661746612646
"McCarty, Matt",3,4,0.01616823159726616,0.1994071206097796,0.4986524268812336,0.25826618362638565,0.02750603728533496
"McCarty, Matt",4,5,0.016653338129588524,0.2411181398703634,0.5383662830288705,0.19330805372134185,0.010554185249835757
"McCarty, Matt",5,4,0.007180484800361264,0.18909912799892276,0.5735040080993397,0.2203464015028742,0.009869977598502055
"McCarty, Matt",6,3,0.0024450687929828963,0.11623539837496033,0.5553122558101156,0.3074062384327644,0.018601038589176833
"McCarty, Matt",7,4,0.0023315065390422385,0.09227915525740504,0.486081189214275,0.37661133408457237,0.04269681490470534
"McCarty, Matt",8,3,0.0010316437113775945,0.08618311588906591,0.5551372543826207,0.3392316156600709,0.01841637035686494
"McCarty, Matt",9,4,0.003006227041409959,0.08375677571337176,0.4232810443255662,0.41088077380502663,0.07907517911462547
"McCarty, Matt",10,4,0.00344608884037384,0.11125801403213592,0.5025359733084807,0.346700337296701,0.03605958652230856
"McCarty, Matt",11,4,0.013501575549385691,0.22154538511857985,0.5433586983800176,0.20955795374799557,0.012036387204021337
"McCarty, Matt",12,5,0.004210718629788446,0.11432390041289037,0.4878856975131374,0.3510762802956313,0.0425034031485525
"McCarty, Matt",13,3,0.007431670105489674,0.18640385022183426,0.5666901627318186,0.22816566100732527,0.011308655933532252
"McCarty, Matt",14,4,0.006619139628217807,0.22028312478063455,0.6093372003307678,0.16036915305269983,0.0033913822076800937
"McCarty, Matt",15,4,0.002871423093396719,0.08714827852581375,0.4421982191715792,0.4012756612226306,0.06650641798657975
"McCarty, Matt",16,3,0.0019094675414215723,0.12191145356536676,0.5954074809698833,0.2705251196738321,0.010246478249496316
"McCarty, Matt",17,4,0.020004997169294325,0.2494352294127991,0.5257695075007247,0.19299616131098696,0.0117941046061949
"McCarty, Matt",18,4,0.0024264986253422216,0.10798289613771556,0.5331261069302271,0.33147853642698855,0.02498596187972657
"McCormick, Ryan",1,4,0.0026989377359171174,0.08776555827506011,0.45193390112021664,0.3971334919950491,0.06046811087375703
"McCormick, Ryan",2,4,0.004948042497910532,0.10944439150264429,0.4540654931059321,0.37077833132704574,0.060763741566467355
"McCormick, Ryan",3,4,0.011730888629975122,0.16893566696213047,0.4894281375156507,0.2934330032104929,0.036472303681750806
"McCormick, Ryan",4,5,0.011738335964039781,0.20377050641831784,0.5396092160564991,0.22983377336998012,0.015048168191163058
"McCormick, Ryan",5,4,0.004715804886791075,0.1532435685245659,0.5645256844858335,0.26301027497868157,0.014504667124128012
"McCormick, Ryan",6,3,0.0015097765565138532,0.08972886313237488,0.5264469823730669,0.3556335249461423,0.026680852991902038
"McCormick, Ryan",7,4,0.001487921414915716,0.07153064157911093,0.4520493472692465,0.417813036073617,0.057119053663109876
"McCormick, Ryan",8,3,0.0005957502595131947,0.06390558111272132,0.5166398980986686,0.39191094632300605,0.026947824206090765
"McCormick, Ryan",9,4,0.0020151433429433374,0.0661441764395942,0.3906234854117391,0.4414080278165756,0.09980916698914777
"McCormick, Ryan",10,4,0.002246704308012659,0.08768977654916627,0.4732206516594745,0.38829539684945513,0.04854747063389142
"McCormick, Ryan",11,4,0.009393904137110498,0.1853439300701923,0.5404492790325808,0.24771363640039268,0.017099250359723817
"McCormick, Ryan",12,5,0.0028069894913881344,0.0910838293120747,0.45987246908200674,0.39003928029606827,0.05619743181846215
"McCormick, Ryan",13,3,0.004917013796331082,0.15138619188783486,0.5566643743091324,0.27060768652841294,0.016424733478288656
"McCormick, Ryan",14,4,0.0041731599425806065,0.17736401162425403,0.6119794785851078,0.201048976067575,0.005434373780482504
"McCormick, Ryan",15,4,0.001901389561692557,0.06852882113652276,0.409186971373182,0.4350964248868518,0.0852863930417509
"McCormick, Ryan",16,3,0.001129204039966858,0.09273735068635425,0.5686467386066711,0.3219440589919691,0.015542647675038657
"McCormick, Ryan",17,4,0.014362293571227536,0.2128355464627582,0.5280294348637269,0.22819396937861336,0.016578755723673955
"McCormick, Ryan",18,4,0.0015161255953050068,0.08348907805467515,0.5021015265375826,0.37793011114942243,0.034963158663014804
"McIlroy, Rory",1,4,0.0054601377753473734,0.1300182982352306,0.4989165463955868,0.32870849249206624,0.036896525101768995
"McIlroy, Rory",2,4,0.009295514675396244,0.15481903140997394,0.4906651814888851,0.30720537501241074,0.03801489741333397
"McIlroy, Rory",3,4,0.020487270669895863,0.2243630392280011,0.5012337359786279,0.2319751452350891,0.02194080888838612
"McIlroy, Rory",4,5,0.021536127657685977,0.27138435265620514,0.5317374035680793,0.16739638359340825,0.007945732524621274
"McIlroy, Rory",5,4,0.009783438852811799,0.2194325271707106,0.5735905261142178,0.18994705077961482,0.00724645708264493
"McIlroy, Rory",6,3,0.0034897921932430798,0.13989328664568318,0.5713724534986169,0.27133767583952595,0.013906791822930975
"McIlroy, Rory",7,4,0.0032508958927968123,0.11089132943824492,0.5082463191736082,0.3438599249387362,0.03375153055661384
"McIlroy, Rory",8,3,0.001547374816178615,0.10681094320855367,0.5787089390484916,0.2993945511783458,0.013538191748430295
"McIlroy, Rory",9,4,0.00404488019852256,0.0994007251560945,0.4458889814236036,0.38515910411523735,0.06550630910654198
"McIlroy, Rory",10,4,0.00472839004889658,0.13203888213523518,0.5205548922805978,0.3143066851896301,0.028371150345640306
"McIlroy, Rory",11,4,0.017631329413595964,0.2512554697044746,0.5397715198012776,0.18225602681769604,0.009085654262955822
"McIlroy, Rory",12,5,0.00568414978679721,0.13464893498499075,0.5052865881768464,0.3204451198677878,0.0339352071835779
"McIlroy, Rory",13,3,0.010072013107462918,0.21601030324699622,0.5678187664741134,0.19771764806860892,0.008381269102818445
"McIlroy, Rory",14,4,0.009283525325197106,0.2564052096851732,0.5991460560691471,0.13284150576338338,0.0023237031570992883
"McIlroy, Rory",15,4,0.003897833663019712,0.10371682477792554,0.4646592221168803,0.3733301034350647,0.05439601600710975
"McIlroy, Rory",16,3,0.0028117875535552117,0.1481512537595519,0.6084249345475097,0.2332883355797628,0.0073236885596204004
"McIlroy, Rory",17,4,0.025524532598266425,0.27882609040954237,0.518740789665052,0.16792634954089936,0.008982237786239855
"McIlroy, Rory",18,4,0.0034344037889389445,0.12987997050754718,0.5515763740901967,0.2960555840723319,0.019053667540985253
"McNealy, Maverick",1,4,0.004644244401150133,0.11901820264533625,0.48947532471087934,0.3452151733220199,0.04164705492061438
"McNealy, Maverick",2,4,0.00804235806723197,0.1432179251974779,0.4836553987622606,0.3224448974522608,0.042639420520768745
"McNealy, Maverick",3,4,0.01802983419216181,0.2106348808279197,0.5003218909546723,0.246175978221441,0.024837415803805163
"McNealy, Maverick",4,5,0.018747753192309147,0.2547755216643802,0.5359465145246682,0.18124590081075076,0.009284309807891633
"McNealy, Maverick",5,4,0.008280112422995811,0.20264685584127484,0.574283109672403,0.20620454045647996,0.00858538160684641
"McNealy, Maverick",6,3,0.0028801367568545566,0.12666367667467276,0.5633339189520005,0.29080692201497604,0.016315345601496167
"McNealy, Maverick",7,4,0.0027167056872333673,0.10047042474227447,0.4966600569022099,0.36174769613515745,0.03840511653312484
"McNealy, Maverick",8,3,0.0012432677787245217,0.09519531919982943,0.5665910282417435,0.3209381563750955,0.016032228404607163
"McNealy, Maverick",9,4,0.003445650768232833,0.09065622913166499,0.4338923900164824,0.3993604508261339,0.07264527925748587
"McNealy, Maverick",10,4,0.003985974868151443,0.12044240983855181,0.5112737964813326,0.3319328810368205,0.0323649377751436
"McNealy, Maverick",11,4,0.015267705412581878,0.2349105219880122,0.5423477218949835,0.19687291378445393,0.010601136919968446
"McNealy, Maverick",12,5,0.004833929377602075,0.12332382218614801,0.4962972224574008,0.3371437512587324,0.038401274720116674
"McNealy, Maverick",13,3,0.008548688732525123,0.19962807505164282,0.5679207257238313,0.2140237918289245,0.009878718663076214
"McNealy, Maverick",14,4,0.007736228617652219,0.23644343542241125,0.6055526405019176,0.14740837581165667,0.002859319646362213
"McNealy, Maverick",15,4,0.003304637475027794,0.09445285945643239,0.45278988919815577,0.38870457923850554,0.0607480346318785
"McNealy, Maverick",16,3,0.002281962789712433,0.13345925079296767,0.6021937239994478,0.25325817854190136,0.008806883875970728
"McNealy, Maverick",17,4,0.022381556455516927,0.26272596269901327,0.5231256910818813,0.1813377319629349,0.010429057800653618
"McNealy, Maverick",18,4,0.0028471542484750922,0.11763002115327281,0.5421611181279491,0.3152492765870203,0.02211242988328277
"Mickelson, Phil",1,4,0.003230103144573393,0.09720401298336184,0.46521044388069505,0.3806209375730112,0.05373450241835853
"Mickelson, Phil",2,4,0.005811176984288902,0.11978390381930865,0.464768768793745,0.35532599663961195,0.05431015376304549
"Mickelson, Phil",3,4,0.01352716583557223,0.181993470287177,0.4942752704171443,0.2779227639234958,0.03228132953661067
"Mickelson, Phil",4,5,0.01371322281761611,0.2198206165518724,0.5401029371512918,0.2134567096402018,0.012906513839017864
"Mickelson, Phil",5,4,0.0056848741636107425,0.16843613500621274,0.5696821953785305,0.2439161922354951,0.012280603216150876
"Mickelson, Phil",6,3,0.0018702331020988838,0.10076389724261225,0.5401423098078753,0.33439038239392926,0.022833177453484343
"Mickelson, Phil",7,4,0.0018160388043698683,0.08015799734440399,0.4676195538996718,0.40002684455315585,0.050379565398398496
"Mickelson, Phil",8,3,0.000760234164051854,0.07306397494948108,0.5345071413165956,0.3688012666856364,0.022867382884235066
"Mickelson, Phil",9,4,0.0024061653120997506,0.07349498748299133,0.4053339567754714,0.42849361978368505,0.09027127064575247
"Mickelson, Phil",10,4,0.002716415723928667,0.09754597672916548,0.4868281270124479,0.3702106983842136,0.04269878215024436
"Mickelson, Phil",11,4,0.011037546680136623,0.20083891388643627,0.5427807184912155,0.2306533739899137,0.014689446952298013
"Mickelson, Phil",12,5,0.0033603846287819095,0.10083055565446852,0.4728455484137221,0.3731498420372372,0.04981366926579023
"Mickelson, Phil",13,3,0.005907831717226086,0.16622789300019158,0.5622343741057131,0.25165275676971366,0.013977144407155584
"Mickelson, Phil",14,4,0.005123914454176648,0.19556973119481835,0.6123210615000203,0.18255344514584804,0.0044318477051367156
"Mickelson, Phil",15,4,0.0022827732337843964,0.07629419881823923,0.42412441707748516,0.4206888678697581,0.07660974300073309
"Mickelson, Phil",16,3,0.0014260632572018483,0.10484700503811556,0.5816784726323845,0.29906476869898346,0.012983690373314705
"Mickelson, Phil",17,4,0.01664199350446882,0.22861172420259385,0.5280095729903667,0.21243013861995608,0.01430657068261465
"Mickelson, Phil",18,4,0.0018681465500851036,0.09368231413637829,0.5166082338613669,0.35759793490542513,0.03024337054674464
"Migliozzi, Guido",1,4,0.003271932262889188,0.09791296081800643,0.46613271058415495,0.37941077318960825,0.053271623145341174
"Migliozzi, Guido",2,4,0.005878479464595743,0.12055531026192534,0.4655039567547681,0.354196860149288,0.053865393369422865
"Migliozzi, Guido",3,4,0.013665794246413399,0.18295688222347645,0.49457771639283754,0.2768052316138928,0.0319943755233798
"Migliozzi, Guido",4,5,0.013866528946528844,0.22100225637275778,0.5400756235809332,0.21229316448313673,0.012762426616643396
"Migliozzi, Guido",5,4,0.005761357608039641,0.16956762809696363,0.5699818627877158,0.2425572405319394,0.012131910975341498
"Migliozzi, Guido",6,3,0.0018991093166385031,0.10159739823160108,0.5410719082625214,0.33285749323019087,0.022574090959048165
"Migliozzi, Guido",7,4,0.0018421427827514658,0.08081017787637046,0.4687084246552731,0.3987213204627079,0.04991793422289703
"Migliozzi, Guido",8,3,0.0007736166839804048,0.07376268197166524,0.5357423851924419,0.3671276208077464,0.02259369534416611
"Migliozzi, Guido",9,4,0.002436939986853348,0.07404894879637597,0.40637581927018485,0.42752947432832383,0.089608817618262
"Migliozzi, Guido",10,4,0.0027535938394495085,0.09828766249566306,0.4877684062916228,0.36889135155901376,0.042298985814250845
"Migliozzi, Guido",11,4,0.011165546754939248,0.2019834267282986,0.5428855528441019,0.22943833997369756,0.014527133698962635
"Migliozzi, Guido",12,5,0.003403967093118132,0.10156230274650735,0.4737436280813277,0.37191461956100647,0.04937548251804036
"Migliozzi, Guido",13,3,0.0059859054067317174,0.16733297620719684,0.5625667815957291,0.25030128946538743,0.013813047324954919
"Migliozzi, Guido",14,4,0.005199608980755666,0.19692466565867617,0.6122546569776874,0.1812548564979396,0.004366211884941129
"Migliozzi, Guido",15,4,0.0023128691874933494,0.07687976259249985,0.42517845110214886,0.41961951281446286,0.07600940430339509
"Migliozzi, Guido",16,3,0.0014500730131252193,0.10576393442628268,0.582544420033306,0.2974279005007405,0.012813672026545597
"Migliozzi, Guido",17,4,0.016818214053599345,0.229770299424927,0.527949154889267,0.21130911898740445,0.014153212644802293
"Migliozzi, Guido",18,4,0.0018962766590651658,0.09445242530243247,0.5176047649587932,0.3561229025551902,0.029923630524518963
"Moldovan, Maxwell",1,4,0.0021443871799126657,0.07687124889750835,0.43400915569260123,0.4171416959363211,0.06983351229365664
"Moldovan, Maxwell",2,4,0.004027384701584036,0.09733605704987092,0.43930722230379626,0.38963453036755,0.06969480557719876
"Moldovan, Maxwell",3,4,0.009772135361690137,0.15328240341093063,0.4816345894069084,0.31295908587658927,0.04235178594388156
"Moldovan, Maxwell",4,5,0.009612572944391995,0.18445601386219812,0.5366987129791768,0.251070217325696,0.018162482888537057
"Moldovan, Maxwell",5,4,0.0037095118705356422,0.13540502559626982,0.555444050206032,0.2876618630732466,0.017779549253915894
"Moldovan, Maxwell",6,3,0.0011473232170491898,0.07715133699945564,0.5071939512294961,0.3822452203909612,0.03226216816303795
"Moldovan, Maxwell",7,4,0.0011528662442272242,0.06170896638757534,0.43129977265342173,0.4392788160503584,0.06655957866441731
"Moldovan, Maxwell",8,3,0.0004358478796395726,0.053689697355782606,0.49234797467080876,0.42061423724343894,0.03291224285033012
"Moldovan, Maxwell",9,4,0.0016062939302852741,0.05771598002392153,0.3714737724321072,0.45640804879182567,0.1127959048218603
"Moldovan, Maxwell",10,4,0.0017617368586624327,0.07636002179887535,0.45467637046248655,0.4104262001550838,0.05677567072489187
"Moldovan, Maxwell",11,4,0.007636784019929621,0.1668246707452853,0.5352238030318649,0.2697196995373248,0.02059504266559542
"Moldovan, Maxwell",12,5,0.0022293277864308125,0.07982260252639545,0.442246220870455,0.4105987514777204,0.06510309733899833
"Moldovan, Maxwell",13,3,0.0038844714385571355,0.13394859162760592,0.5471703528602315,0.2949883885509027,0.02000819552270272
"Moldovan, Maxwell",14,4,0.003204769481469971,0.15597051849674493,0.6082376413153723,0.225612299771761,0.006974770934651819
"Moldovan, Maxwell",15,4,0.0015049358385750833,0.05963822290743298,0.3896063964600607,0.452057325858888,0.09719311893504323
"Moldovan, Maxwell",16,3,0.0008369185205593377,0.07901374070207234,0.5496647535902001,0.35112773949918674,0.019356847687981515
"Moldovan, Maxwell",17,4,0.011885767842899686,0.193748625623342,0.5259051977719075,0.24859876465243091,0.01986164410941993
"Moldovan, Maxwell",18,4,0.0011601851630650417,0.07187488061279951,0.4821314002043296,0.40310805450793297,0.04172547951187289
"Molinari, Edoardo",1,4,0.003142522582097129,0.09570446881192585,0.4632266220540213,0.3831943572617258,0.05473202929022991
"Molinari, Edoardo",2,4,0.005669961254943234,0.11814991148910309,0.46318347410877764,0.3577285378874524,0.05526811525972364
"Molinari, Edoardo",3,4,0.0132356475659548,0.17994791308247043,0.4936086345395857,0.2803075728972997,0.03290023191468938
"Molinari, Edoardo",4,5,0.013391238276321049,0.2173104964116107,0.5401327928978695,0.21594705004365378,0.013218422370544936
"Molinari, Edoardo",5,4,0.005524808460421082,0.16603841520079765,0.5690101011351012,0.24682376851762222,0.012602906686057791
"Molinari, Edoardo",6,3,0.0018099950794853714,0.099002946049145,0.5381323842181929,0.33766073207398073,0.023393942579196025
"Molinari, Edoardo",7,4,0.0017615029670966509,0.07878039608480192,0.4652807416373802,0.40280220442442793,0.051375154886293295
"Molinari, Edoardo",8,3,0.0007324107166060134,0.07159094379393915,0.5318471167415771,0.3723692882645637,0.023460240483313965
"Molinari, Edoardo",9,4,0.0023417225372443506,0.07232410308679987,0.40310233018571856,0.430536040921444,0.09169580326879323
"Molinari, Edoardo",10,4,0.002638658157880447,0.09597778763783393,0.48480318870352523,0.3730189868039099,0.043561378696850506
"Molinari, Edoardo",11,4,0.010768895940660772,0.19840935833295514,0.5425284153373481,0.23325260328131914,0.015040727107716867
"Molinari, Edoardo",12,5,0.003269134102984683,0.09928262408067201,0.4709122880600315,0.3757776811168292,0.05075827263948263
"Molinari, Edoardo",13,3,0.005744381396722231,0.16388602071156633,0.5614937398392466,0.25454322720428735,0.014332630848177486
"Molinari, Edoardo",14,4,0.004965794695962755,0.19269800908021417,0.6124216294994917,0.18533982758808,0.004574739136251393
"Molinari, Edoardo",15,4,0.002219787572047882,0.07505667373457381,0.4218648935763646,0.4229569024864557,0.07790174263055805
"Molinari, Edoardo",16,3,0.001376080112815481,0.10291078047442198,0.5797971704881889,0.30256326367790853,0.013352705246665098
"Molinari, Edoardo",17,4,0.01627154739004666,0.22614930317481624,0.5281118456915159,0.2148289776403456,0.014638326103275645
"Molinari, Edoardo",18,4,0.0018094335354888469,0.09205538682411252,0.5144593186983337,0.3607413206457042,0.03093454029636078
"Morikawa, Collin",1,4,0.005717596276301695,0.13330241861180986,0.5014237643273379,0.32394239087837384,0.035613829906176675
"Morikawa, Collin",2,4,0.009686705610606583,0.1582571317785163,0.4924806815782725,0.30281365917227276,0.036761821860331834
"Morikawa, Collin",3,4,0.021245497831952898,0.2283775185863791,0.5012773896964908,0.22793800848613266,0.021161585399044558
"Morikawa, Collin",4,5,0.022401314937117556,0.27622099863121746,0.5302628089357642,0.16352170809005928,0.007593169405841538
"Morikawa, Collin",5,4,0.010258367079958364,0.22438455254185108,0.5730642995278898,0.185396060454728,0.006896720395572764
"Morikawa, Collin",6,3,0.0036856592402363386,0.14386131773434951,0.5733680697803503,0.26581217785570743,0.01327277538935645
"Morikawa, Collin",7,4,0.0034213431419796714,0.11402392470599637,0.5113615491814905,0.3386922050211649,0.03250097794936857
"Morikawa, Collin",8,3,0.0016467487017682303,0.11033287397119407,0.5818703537417846,0.29326479491837776,0.012885228666875248
"Morikawa, Collin",9,4,0.0042339376951297525,0.10202322299014838,0.44919908397859454,0.380988913015865,0.06355484232026232
"Morikawa, Collin",10,4,0.004963919237144732,0.1355066122267105,0.5229867246538152,0.30924250986805035,0.027300234014279168
"Morikawa, Collin",11,4,0.018367348633300584,0.25603426437536264,0.5387557732377937,0.17815659498092762,0.008686018772615434
"Morikawa, Collin",12,5,0.005952440657018387,0.1380278463703895,0.5076549138178486,0.3156333732543932,0.032731425900350386
"Morikawa, Collin",13,3,0.010552463586958938,0.2208430155648875,0.5674724149975281,0.19314332101160148,0.007988784839023988
"Morikawa, Collin",14,4,0.00977659600250469,0.26227949175612364,0.5969276931430314,0.12882893013263763,0.0021872889657026384
"Morikawa, Collin",15,4,0.004085503856167516,0.10649616180156657,0.4679112425569677,0.3688393273393049,0.052667764445993304
"Morikawa, Collin",16,3,0.002983710262614403,0.1525656619375042,0.6098341846292956,0.2276768427629523,0.006939600407633417
"Morikawa, Collin",17,4,0.02649534981271634,0.28350200775637224,0.5172340551740451,0.1641689507293933,0.008599636527472976
"Morikawa, Collin",18,4,0.0036226049186619536,0.13355689978721286,0.5540011691225593,0.29057674343369255,0.01824258273787338
"Neergaard-Petersen, Rasmus",1,4,0.004072187896220658,0.11067794568326617,0.4811429212852468,0.35831573707660125,0.0457912080586651
"Neergaard-Petersen, Rasmus",2,4,0.007149918138273481,0.1343292304470181,0.4772889396577535,0.3345770365030396,0.04665487525391532
"Neergaard-Petersen, Rasmus",3,4,0.01625037734629764,0.1999193706478739,0.49874754073336436,0.25770490083072883,0.027377810441735262
"Neergaard-Petersen, Rasmus",4,5,0.016745399033756492,0.24174258267234972,0.5382770837558083,0.19274253029520438,0.010492404242881115
"Neergaard-Petersen, Rasmus",5,4,0.007228249745751536,0.18971351620999694,0.5735672178686264,0.2196838299513455,0.009807186224279674
"Neergaard-Petersen, Rasmus",6,3,0.0024637603801341834,0.11670347412451054,0.5557074971482502,0.3066354286511985,0.018489839695906563
"Neergaard-Petersen, Rasmus",7,4,0.0023481344876548627,0.09264642557344654,0.48658598036332146,0.3759289166554788,0.04249054292009835
"Neergaard-Petersen, Rasmus",8,3,0.0010406333093654907,0.08658479788232026,0.5556907580977992,0.3383837790790233,0.018300031631491742
"Neergaard-Petersen, Rasmus",9,4,0.003025340228026474,0.08406668039136378,0.4237812262597157,0.4103575252521794,0.07876922786871465
"Neergaard-Petersen, Rasmus",10,4,0.003469481985663825,0.11167117769040996,0.5029577736245241,0.34601979598879185,0.03588177071061027
"Neergaard-Petersen, Rasmus",11,4,0.013579026898264401,0.22215498789545896,0.5433352055593842,0.20896416735336776,0.011966612293524692
"Neergaard-Petersen, Rasmus",12,5,0.004237818758470846,0.11472938585247033,0.4882908590355111,0.35043536445843804,0.04230657189510967
"Neergaard-Petersen, Rasmus",13,3,0.007480244922953183,0.1870036257345909,0.5667732904420595,0.22750393965392013,0.011238899246476364
"Neergaard-Petersen, Rasmus",14,4,0.006667374622988942,0.2210168235988263,0.6091948127545768,0.1597559985604391,0.0033649904631689598
"Neergaard-Petersen, Rasmus",15,4,0.0028902312308479727,0.08747627444218808,0.44269919875921504,0.4007026343440041,0.0662316612237448
"Neergaard-Petersen, Rasmus",16,3,0.0019253628773940323,0.12242906086546629,0.5957513768005978,0.2697184262867829,0.01017577316975904
"Neergaard-Petersen, Rasmus",17,4,0.020109771947558863,0.250043952909844,0.5256684345870895,0.1924499938191595,0.01172784673634819
"Neergaard-Petersen, Rasmus",18,4,0.002444602075838409,0.10841575718314789,0.5335652331696991,0.33072764502195195,0.02484676254936269
"Nicholas, James",1,4,0.002341867477056503,0.08089267702071351,0.44098201597762954,0.4096364732577944,0.06614696626680605
"Nicholas, James",2,4,0.004357824608756611,0.10182873992235414,0.44508632114869306,0.3825422364875538,0.06618487783264237
"Nicholas, James",3,4,0.010480801644238813,0.1591379612171756,0.48481901797798543,0.3055317016556395,0.04003051750496067
"Nicholas, James",4,5,0.010377968498292423,0.19168955549658112,0.5381048077475428,0.24290932723096592,0.016918341026617822
"Nicholas, James",5,4,0.004067092368877312,0.14202806272130392,0.5592342636693003,0.278204561775245,0.016466019465273485
"Nicholas, James",6,3,0.0012746037213327566,0.0817723712254933,0.5147735590786635,0.37214477415019387,0.030034691824316617
"Nicholas, James",7,4,0.001271210398764322,0.06531653362295603,0.43933763207500304,0.43123972480272943,0.06283489910054718
"Nicholas, James",8,3,0.0004912960420884738,0.05741399728232344,0.5018136340326369,0.40975496239227915,0.03052611025067198
"Nicholas, James",9,4,0.0017519780014902397,0.06082000461294518,0.3788380940932626,0.4508699968359204,0.10771992645638162
"Nicholas, James",10,4,0.0019337276894098587,0.08053583823417121,0.46191044844964785,0.4020954290767573,0.05352455655001376
"Nicholas, James",11,4,0.008267873560745709,0.17374391300290942,0.5375098696066417,0.2612787091393407,0.019199634690362455
"Nicholas, James",12,5,0.0024350236206145404,0.08398087062508591,0.44911633784951493,0.4028737620090955,0.061594005895689086
"Nicholas, James",13,3,0.004251865371988739,0.14042438452519596,0.5511032466745107,0.28564693586802514,0.01857356756027939
"Nicholas, James",14,4,0.0035463972799092414,0.1639141228653691,0.6100931965811389,0.216097915866855,0.0063483674067277285
"Nicholas, James",15,4,0.001645897743452529,0.06291072819943044,0.3971528579085824,0.44576332210866976,0.09252719403986487
"Nicholas, James",16,3,0.0009387494661149964,0.08404493416991476,0.5572136205020255,0.33998156761308684,0.017821128248857954
"Nicholas, James",17,4,0.012780457818530488,0.20091052263680048,0.5269942072436701,0.24076191421223392,0.018552898088765035
"Nicholas, James",18,4,0.0012854405208071462,0.07614171367350259,0.48994449193005013,0.39359079027721067,0.03903756359842947
"Niemann, Joaquin",1,4,0.005764829420540296,0.13389609345955134,0.5018625682685485,0.3230885099148354,0.035387998936524445
"Niemann, Joaquin",2,4,0.009758268468407216,0.158877436918538,0.49279607690901134,0.30202722022148853,0.036540997482554904
"Niemann, Joaquin",3,4,0.021383775767355673,0.2290992418745303,0.5012748594999041,0.22721759850552736,0.02102452435268254
"Niemann, Joaquin",4,5,0.022559329114291704,0.2770895144014569,0.5299864567853247,0.16283320027218928,0.007531499426737365
"Niemann, Joaquin",5,4,0.010345519453544672,0.22527684022108346,0.5729546699648698,0.18458729067296642,0.006835679687535734
"Niemann, Joaquin",6,3,0.003721763340082007,0.14457945520918697,0.5737101575623433,0.26482672723066714,0.013161896657720606
"Niemann, Joaquin",7,4,0.003452705289243907,0.11459122776396535,0.5119087107414162,0.3377662708615705,0.03228108534380403
"Niemann, Joaquin",8,3,0.0016651490041362793,0.11097209795655,0.5824206496437749,0.2921709013214526,0.012771202074086219
"Niemann, Joaquin",9,4,0.004268621126600924,0.10249787512917885,0.44978481245066243,0.38023853890155546,0.06321015239200234
"Niemann, Joaquin",10,4,0.005007190189355359,0.13613373334023998,0.5234106333707125,0.3083364092438776,0.02711203385581462
"Niemann, Joaquin",11,4,0.018501899522193388,0.25689330429130547,0.5385610172812474,0.177427685520962,0.008616093384291812
"Niemann, Joaquin",12,5,0.006001660988624979,0.13863854682517368,0.5080684375209505,0.3147717687238618,0.03251958594138904
"Niemann, Joaquin",13,3,0.010640591098823593,0.22171379833703386,0.5673954422514138,0.1923299466712477,0.007920221641480985
"Niemann, Joaquin",14,4,0.009867282462553528,0.2633371870492791,0.5965130221334162,0.1281188708642973,0.0021636374904538958
"Niemann, Joaquin",15,4,0.004119957702809873,0.10699924483133455,0.4684855438020098,0.3680323753059207,0.05236287835792508
"Niemann, Joaquin",16,3,0.0030154839908929087,0.15336492583284983,0.6100681901831779,0.22667868135623015,0.006872718636849129
"Niemann, Joaquin",17,4,0.026672444998885603,0.2843410701041175,0.5169528169535806,0.16350102645027165,0.008532641493144588
"Niemann, Joaquin",18,4,0.0036572734696476705,0.13422249596460822,0.5544216322257245,0.28959813370639376,0.0181004646336258
"Norgaard, Niklas",1,4,0.00361319855810055,0.10353294132617136,0.47310227205840305,0.36996301014656974,0.049788577910755305
"Norgaard, Niklas",2,4,0.006424288577872306,0.12664595049953586,0.47102046836284334,0.34539571189161933,0.050513580668129165
"Norgaard, Niklas",3,4,0.014783029597449593,0.19051272615502673,0.4967000413261838,0.2681643023351983,0.02983990058614161
"Norgaard, Niklas",4,5,0.015106331183162791,0.2302564274247188,0.5395755245526318,0.20337015391685753,0.011691562922629073
"Norgaard, Niklas",5,4,0.006386123083394646,0.17848999384753805,0.5719665421089575,0.2321264389262676,0.01103090203384216
"Norgaard, Niklas",6,3,0.002137156218473435,0.10822583057803487,0.5479906999678303,0.3209984433551344,0.020647869880527026
"Norgaard, Niklas",7,4,0.0020564402779684743,0.08599982135581402,0.47697106347988444,0.38852103023402373,0.04645164465230933
"Norgaard, Niklas",8,3,0.0008849936534546243,0.07935242815249599,0.5450449452317613,0.3541539926459716,0.020563640316316523
"Norgaard, Niklas",9,4,0.002687938637482845,0.078449295439258,0.41434590071928207,0.4199229328871944,0.0845939323167827
"Norgaard, Niklas",10,4,0.003057848268028851,0.10417338009150129,0.4948496497752053,0.35861862852468607,0.0393004933405785
"Norgaard, Niklas",11,4,0.012202702312170688,0.2109644699772627,0.5434052985164742,0.22010749391122197,0.013320035282870402
"Norgaard, Niklas",12,5,0.0037595496640769888,0.10736127232763776,0.48051543604488317,0.36228268620118287,0.046081055762219214
"Norgaard, Niklas",13,3,0.006623041234997851,0.17604594936159368,0.5648180347786982,0.2399169788272657,0.012595995797444637
"Norgaard, Niklas",14,4,0.005821172300548905,0.20760285585438532,0.6113233650819785,0.1713665940845268,0.00388601267856048
"Norgaard, Niklas",15,4,0.002558725550638019,0.08153272580986709,0.4332228005342036,0.41121083948199955,0.07147490862329176
"Norgaard, Niklas",16,3,0.0016491572865349746,0.113065963845082,0.588897422880148,0.2848280689850816,0.011559387003153399
"Norgaard, Niklas",17,4,0.018239706376763865,0.2388305325059022,0.527211169382781,0.2027072663576608,0.013011325376892202
"Norgaard, Niklas",18,4,0.0021278241027832823,0.10057792066375598,0.5250802629523728,0.344675867548896,0.02753812473219197
"Novak, Andrew",1,4,0.004238399574852225,0.1131613571073139,0.4837375472155178,0.35436020977112037,0.04450248633119569
"Novak, Andrew",2,4,0.007410508071932498,0.13698469374476047,0.47928680989440253,0.33091008433351177,0.04540790395539274
"Novak, Andrew",3,4,0.01677271342523473,0.20313901034780252,0.4993032672503689,0.25419852573439106,0.026586483242202807
"Novak, Andrew",4,5,0.017331578795720337,0.24566450794596062,0.5376691958308384,0.18922190347170087,0.010112813955779787
"Novak, Andrew",5,4,0.007533638266345566,0.19358335465687249,0.5739030158405136,0.21555796230499447,0.009422028931273863
"Novak, Andrew",6,3,0.0025837210823180246,0.11966234040552809,0.5581269879011326,0.3018203499125577,0.017806600698463626
"Novak, Andrew",7,4,0.0024546747037083594,0.0949689022966747,0.4897098696653325,0.37164887723168094,0.04121767610260352
"Novak, Andrew",8,3,0.0010985533186662066,0.0891302095426239,0.559101444420899,0.33308382039969775,0.017585972318113097
"Novak, Andrew",9,4,0.0031474817560054325,0.08602514413074758,0.4268895872285837,0.4070632430803407,0.07687454380432257
"Novak, Andrew",10,4,0.003619174148198734,0.11428085481657796,0.5055577459886733,0.3417571949211178,0.034785030125432215
"Novak, Andrew",11,4,0.014072579840193111,0.22598694529952662,0.5431371696078648,0.20526551277152794,0.011537792480887488
"Novak, Andrew",12,5,0.004411017198180434,0.11728918420454754,0.49079011033515163,0.34641843902424796,0.04109124923787244
"Novak, Andrew",13,3,0.007790690237603259,0.1907812844746813,0.5672358082346183,0.22338150288443626,0.010810714168660862
"Novak, Andrew",14,4,0.006976409357869251,0.2256364313806144,0.6082323214708477,0.1559508871002775,0.003203950690391144
"Novak, Andrew",15,4,0.0030105010028774193,0.08954930912270459,0.44580883215483125,0.39709954155977467,0.06453181615981207
"Novak, Andrew",16,3,0.002027616939785537,0.12570265937384667,0.5978369758880465,0.26468994127009227,0.009742806528229009
"Novak, Andrew",17,4,0.020776212072811162,0.2538648415408155,0.5249895889730233,0.1890489412216254,0.011320416191724636
"Novak, Andrew",18,4,0.002560718863706013,0.11115233942442321,0.5362657916777385,0.32603097274113235,0.023990177292999904
"Olesen, Thorbjorn",1,4,0.004373443548588651,0.11514177020371391,0.48573647182436863,0.3512393473550517,0.043508967068277116
"Olesen, Thorbjorn",2,4,0.0076214365746940516,0.13909693642958781,0.4808168065881812,0.32801929387477546,0.04444552653276146
"Olesen, Thorbjorn",3,4,0.01719381950869181,0.20568873226636175,0.4996924745583159,0.25144773337551973,0.025977240291110815
"Olesen, Thorbjorn",4,5,0.017805133363451187,0.24876679807207808,0.5371308282923616,0.18647467692972586,0.009822563342383295
"Olesen, Thorbjorn",5,4,0.00778190751032376,0.196657943502271,0.5740946339159355,0.21233723037138996,0.009128284700079758
"Olesen, Thorbjorn",6,3,0.002681812305633413,0.12202618492417883,0.559964502267156,0.2980433426084683,0.0172841578945635
"Olesen, Thorbjorn",7,4,0.0025415736868391603,0.0968253992650478,0.49212434397032473,0.3682708436754575,0.04023783940233083
"Olesen, Thorbjorn",8,3,0.0011461969013691342,0.09117140554753339,0.5617194445671668,0.3289220821649951,0.017040870818935572
"Olesen, Thorbjorn",9,4,0.0032467067011563433,0.087589154916425,0.4293081077636371,0.4044480495753372,0.07540798104344437
"Olesen, Thorbjorn",10,4,0.0037410275053790243,0.11636323515651092,0.5075546070703785,0.3383997301626158,0.033941400105115704
"Olesen, Thorbjorn",11,4,0.014471795351957806,0.22902202669511074,0.5429195368623712,0.20237687671290217,0.011209764377658082
"Olesen, Thorbjorn",12,5,0.004551739264171073,0.11933008543591728,0.4927119071219511,0.343251417751269,0.040154850426691535
"Olesen, Thorbjorn",13,3,0.008042920572696621,0.19378247797101927,0.56752960773034,0.2201611991743203,0.010483794551623848
"Olesen, Thorbjorn",14,4,0.00722843661241962,0.22930449776874318,0.6073887246434657,0.15299621280902986,0.003082128166341569
"Olesen, Thorbjorn",15,4,0.0031083015284213977,0.09120510338406335,0.44822381149988044,0.39424472744050765,0.06321805614712717
"Olesen, Thorbjorn",16,3,0.0021115281949339315,0.12831989530053578,0.5993965875654195,0.2607585162354522,0.009413472703658554
"Olesen, Thorbjorn",17,4,0.02131375250272799,0.2568844098911898,0.5243994651713675,0.18639389241420412,0.01100848002051058
"Olesen, Thorbjorn",18,4,0.002655580954056491,0.1133390099227411,0.5383322014302232,0.32233957463112417,0.023333633061854986
"Ortiz, Alvaro",1,4,0.0029854203150229686,0.09296093259038407,0.459477761142502,0.3879512145884165,0.05662467136367444
"Ortiz, Alvaro",2,4,0.005415596694433589,0.11515203319956957,0.4601737512978795,0.3621748217263516,0.0570837970817657
"Ortiz, Alvaro",3,4,0.012708284382197621,0.17617757289632507,0.49229129225738155,0.28474647489004634,0.03407637557404941
"Ortiz, Alvaro",4,5,0.012810174571337984,0.2126796755475907,0.5400856472676456,0.22060910492237307,0.013815397691052667
"Ortiz, Alvaro",5,4,0.005237944644614745,0.1616359968742736,0.56764156982396,0.25226313229608743,0.013221356361064251
"Ortiz, Alvaro",6,3,0.0017027137690621141,0.0957885160254251,0.5342974369492208,0.34374446582056173,0.024466867435730233
"Ortiz, Alvaro",7,4,0.0016640942345518273,0.07626663080361346,0.46087323075734327,0.4079291657116816,0.053266878492809866
"Ortiz, Alvaro",8,3,0.0006831812177610641,0.06891322239092529,0.5268101868936698,0.3789970337785835,0.02459637571906037
"Ortiz, Alvaro",9,4,0.002226096953636958,0.0701848222595991,0.39891889050373297,0.4342829059441994,0.09438728433883159
"Ortiz, Alvaro",10,4,0.0024994731437514295,0.09311082648857111,0.48096821262590855,0.3782197298510991,0.045201757890669825
"Ortiz, Alvaro",11,4,0.010284726550027157,0.19393323600888884,0.5419556001119664,0.23811368918567422,0.015712748143443367
"Ortiz, Alvaro",12,5,0.0031054528542804327,0.0964499843557744,0.46725373988252,0.38063925216316863,0.05255157074425654
"Ortiz, Alvaro",13,3,0.005451253622212049,0.15958570643301373,0.5600024410943123,0.25994662077546515,0.015013978074996714
"Ortiz, Alvaro",14,4,0.004683450164714165,0.18742361623632514,0.6124601626056352,0.19058152042948318,0.00485125056384228
"Ortiz, Alvaro",15,4,0.0021069019980176074,0.07279620504373274,0.4176226520373456,0.42712761783891046,0.08034662308199358
"Ortiz, Alvaro",16,3,0.00128741969221563,0.0993799833036561,0.5761756921486234,0.3090943220852964,0.014062582770208443
"Ortiz, Alvaro",17,4,0.015601846823803223,0.2216018072232031,0.5282058745535263,0.21931800582791183,0.015272465571555482
"Ortiz, Alvaro",18,4,0.0017047585451713254,0.08908592910913177,0.510379526628121,0.36657605282942696,0.03225373288814892
"Ortiz, Carlos",1,4,0.00437241399767041,0.11512679437268553,0.48572158513641434,0.35126283671506797,0.043516369778161756
"Ortiz, Carlos",2,4,0.007619831124594745,0.13908098137734076,0.4808054429306399,0.3280410439207919,0.04445270064663265
"Ortiz, Carlos",3,4,0.01719061989979004,0.20566950984885768,0.4996897066790527,0.251468386457094,0.02598177711520555
"Ortiz, Carlos",4,5,0.01780153202775714,0.2487434219071717,0.5371350728250773,0.18649525499876707,0.00982471824122677
"Ortiz, Carlos",5,4,0.007780014280635572,0.19663473153730576,0.5740934321248845,0.21236135901645692,0.009130463040717296
"Ortiz, Carlos",6,3,0.0026810623991843086,0.12200829566934224,0.5599509069055539,0.29807169838188863,0.01728803664403089
"Ortiz, Carlos",7,4,0.002540910065552071,0.09681134590970947,0.4921063364601821,0.36829627219221184,0.04024513537234453
"Ortiz, Carlos",8,3,0.0011458317244010807,0.09115593275324663,0.5616999803231362,0.328953340385331,0.017044914813885148
"Ortiz, Carlos",9,4,0.003245950268132458,0.08757732051589961,0.4292900160427311,0.4044677854711852,0.07541892770205161
"Ortiz, Carlos",10,4,0.003740097751726068,0.11634748409082107,0.5075397566125155,0.3384249817174392,0.033947679827498245
"Ortiz, Carlos",11,4,0.014468757730692894,0.22899914388532105,0.5429213760698728,0.20239852213091458,0.011212200183198684
"Ortiz, Carlos",12,5,0.0045506664201026,0.11931465361547966,0.49269760710916854,0.34327524707071033,0.04016182578453886
"Ortiz, Carlos",13,3,0.008040997631899971,0.19375982060146857,0.5675276296771492,0.2201853320016527,0.010486220087829512
"Ortiz, Carlos",14,4,0.007226512100705629,0.22927681287895568,0.6073953496979434,0.15301829697849434,0.003083028343900951
"Ortiz, Carlos",15,4,0.003107555636343129,0.09119257356064397,0.44820576142492957,0.3942662536320699,0.06322785574601342
"Ortiz, Carlos",16,3,0.002110885702556131,0.12830008210582755,0.599385131337438,0.26078798874294895,0.009415912111229385
"Ortiz, Carlos",17,4,0.021309667378295483,0.2568616662337218,0.5244040853966407,0.18641378377132956,0.011010797220012414
"Ortiz, Carlos",18,4,0.002654856018353746,0.11332246009627084,0.538316859863445,0.32236731153679843,0.023338512485131968
"Ott, Harrison",1,4,0.0016605229370300068,0.06619335873484145,0.4131679740434735,0.4377396148398852,0.08123852944476984
"Ott, Harrison",2,4,0.003203343189024821,0.0852625883669087,0.4217786234924009,0.40924204339771986,0.08051340155394571
"Ott, Harrison",3,4,0.007972969848064893,0.137249038028933,0.47110735152569183,0.3340821588465992,0.049588481750711066
"Ott, Harrison",4,5,0.00769106297700578,0.16460795203465167,0.5306899407496005,0.2748563628613504,0.022154681377391627
"Ott, Harrison",5,4,0.002838012674189039,0.11759742566414066,0.5424339737693127,0.3150957176087211,0.022034870283636487
"Ott, Harrison",6,3,0.0008450806948934741,0.06502085857202689,0.48397787706311995,0.4107688942382275,0.0393872894317322
"Ott, Harrison",7,4,0.0008681358770871728,0.05223982236240382,0.4075056494722069,0.46124163755229397,0.07814475473600813
"Ott, Harrison",8,3,0.0003077633650223066,0.04408695076975583,0.46399925040770806,0.45101799249122176,0.04058804296629204
"Ott, Harrison",9,4,0.0012487819958104107,0.0495146514118856,0.35000614197563545,0.4709976613179291,0.12823276329873945
"Ott, Harrison",10,4,0.0013442163080703007,0.0653129259349629,0.4329300633951517,0.4334876728018997,0.06692512155991537
"Ott, Harrison",11,4,0.0060612723897827125,0.147942700734981,0.5267238967804462,0.2942087765149305,0.02506335357985967
"Ott, Harrison",12,5,0.0017254274146694115,0.06877328638850416,0.4216259977008517,0.4318896891658236,0.07598559933015114
"Ott, Harrison",13,3,0.0029863665146587226,0.11652532181397907,0.5338498108218879,0.3220039227904222,0.024634578059052115
"Ott, Harrison",14,4,0.0023857287302578856,0.1346214495064545,0.6000639982869744,0.2538539436866407,0.009074879789672474
"Ott, Harrison",15,4,0.0011607003244079594,0.0510038390995845,0.367505004869791,0.4688592229920602,0.11147123271415638
"Ott, Harrison",16,3,0.0005993186604198453,0.06587731554469389,0.5260657301881304,0.3830806398678921,0.02437699573886376
"Ott, Harrison",17,4,0.00962242353289633,0.17400827403816516,0.5209163859514025,0.27141303134684125,0.02403988513069466
"Ott, Harrison",18,4,0.0008613452679186451,0.06067381559237123,0.4585094522816817,0.4297167882372288,0.0502385986207996
"Pavan, Andrea",1,4,0.003066806763346752,0.09439102384989473,0.4614514218606251,0.385463792203933,0.05562695532220041
"Pavan, Andrea",2,4,0.005547541447992299,0.11671606426819059,0.46176050971635785,0.3598489297092826,0.05612695485817665
"Pavan, Andrea",3,4,0.012982209610737372,0.17814743030705693,0.49299401868191217,0.28242028188800217,0.03345605951229136
"Pavan, Andrea",4,5,0.013111762228226409,0.2150997706738702,0.5401269857190159,0.2181616231731418,0.01349985820574573
"Pavan, Andrea",5,4,0.005386510269986489,0.163933316423567,0.5683777544967025,0.24940820667987684,0.012894212129867189
"Pavan, Andrea",6,3,0.0017581646187105893,0.09746285781892405,0.5363222565252379,0.3405569035763433,0.02389981746078418
"Pavan, Andrea",7,4,0.0017144885619828076,0.07757586778910691,0.4631917014014315,0.4052487396296164,0.05226920261786239
"Pavan, Andrea",8,3,0.0007085740808021601,0.07030619107329683,0.5294635684545012,0.37552603812114627,0.02399562827025359
"Pavan, Andrea",9,4,0.0022860011681919423,0.07129946465802989,0.4011159835521494,0.43232826699796734,0.09297028362366144
"Pavan, Andrea",10,4,0.0025715291944312657,0.0946048995362484,0.4829885452870747,0.37549860732128404,0.04433641866096161
"Pavan, Andrea",11,4,0.010535918234770236,0.19627150173543972,0.5422724843597828,0.2355625033516885,0.01535759231831868
"Pavan, Andrea",12,5,0.003190246820845122,0.09792661445921685,0.46918068681358566,0.3780964003452161,0.05160605156113629
"Pavan, Andrea",13,3,0.005603095725536966,0.1618298175659414,0.5608021820570915,0.2571112171021641,0.014653687549265992
"Pavan, Andrea",14,4,0.004829506762804747,0.19017621459426992,0.6124640421400191,0.18782562976500605,0.0047046067379001855
"Pavan, Andrea",15,4,0.002165366138684899,0.07397389690247053,0.4198516670185027,0.42495023296059276,0.07905883697974914
"Pavan, Andrea",16,3,0.001333187576475936,0.1012185275630445,0.5780928350080222,0.3056686628270937,0.013686787025363634
"Pavan, Andrea",17,4,0.015949632256896995,0.22397911677272503,0.5281721991739432,0.21696163704800686,0.014937414748427913
"Pavan, Andrea",18,4,0.001758880215472658,0.09063261844288267,0.5125304150034142,0.3635210362726464,0.03155705006558396
"Pavon, Matthieu",1,4,0.0031196330402633587,0.09530909730499887,0.46269598203416007,0.38387598375963683,0.054999303860940874
"Pavon, Matthieu",2,4,0.0056329858728957904,0.11771855767199169,0.46275855159941454,0.35836523456866554,0.05552467028703245
"Pavon, Matthieu",3,4,0.013159171131808811,0.17940680320433744,0.4934266779927892,0.2809411723922052,0.033066175278859355
"Pavon, Matthieu",4,5,0.013306860273587962,0.21664622412838086,0.5401342282383085,0.2166103713745947,0.013302315985127988
"Pavon, Matthieu",5,4,0.005482991428904849,0.16540522760300547,0.5688240958382953,0.2475979908952568,0.012689694234537585
"Pavon, Matthieu",6,3,0.0017943018827868973,0.09853912030297002,0.5375924285048994,0.3385293990653334,0.02354475024401026
"Pavon, Matthieu",7,4,0.0017472769324293758,0.0784176024004703,0.464655915856697,0.4035371220537818,0.05164208275662152
"Pavon, Matthieu",8,3,0.0007251832556517401,0.0712036688160908,0.5311349425168572,0.37331641414749006,0.023619791263910228
"Pavon, Matthieu",9,4,0.0023248783739687195,0.07201557588136664,0.4025075430892091,0.4310752218955581,0.09207678075989745
"Pavon, Matthieu",10,4,0.002618355135132089,0.0955644549319769,0.48426101587705866,0.37376344009171547,0.04379273396411687
"Pavon, Matthieu",11,4,0.0106985361600071,0.19776679301420624,0.5424548534133677,0.23394462606217192,0.01513519135024699
"Pavon, Matthieu",12,5,0.0032452856671236763,0.09887445774415748,0.4703948407892138,0.37647398208519156,0.05101143371431349
"Pavon, Matthieu",13,3,0.005701667301571345,0.16326755397416504,0.56128982843817,0.255312644611003,0.01442830567509068
"Pavon, Matthieu",14,4,0.0049245529312647585,0.19193953602119695,0.6124389468860192,0.18608360486614162,0.004613359295377428
"Pavon, Matthieu",15,4,0.002203332407407388,0.07473062275665837,0.42126225770980724,0.42355627367648446,0.07824751344964254
"Pavon, Matthieu",16,3,0.0013630818195402017,0.10240101559338949,0.5792897438313472,0.30349397640163345,0.013452182354089626
"Pavon, Matthieu",17,4,0.01617439355683392,0.22549735733473553,0.5281329251821467,0.21546781702067241,0.01472750690561142
"Pavon, Matthieu",18,4,0.001794130504613245,0.09162688398488805,0.5138833135755874,0.3615754549445087,0.031120216990402683
"Pendrith, Taylor",1,4,0.00481314284080403,0.12137550230603034,0.49164031965994415,0.3416055968636683,0.04056543832955317
"Pendrith, Taylor",2,4,0.00830356531812948,0.1457154065594921,0.4852841704700612,0.31910822920298676,0.04158862844933042
"Pendrith, Taylor",3,4,0.01854584349273436,0.2136144443110497,0.5006226280012372,0.24304064703863548,0.02417643715634321
"Pendrith, Taylor",4,5,0.01933114216845877,0.25838905280304053,0.5351460973211237,0.17815861398883515,0.008975093718541771
"Pendrith, Taylor",5,4,0.008591058402274754,0.20626993122944792,0.5742823472123437,0.2025820467683339,0.008274616387599742
"Pendrith, Taylor",6,3,0.003004888247014892,0.1294903299267252,0.5652410563711582,0.2865048954721867,0.015758829982915
"Pendrith, Taylor",7,4,0.002826504934667795,0.10269408710277994,0.499299060344162,0.3578376911176254,0.03734265650076485
"Pendrith, Taylor",8,3,0.0013048163413881264,0.0976603737217488,0.5693951393888446,0.31618548901394683,0.015454181534071632
"Pendrith, Taylor",9,4,0.003569715189236655,0.09252503960982411,0.4365863052076057,0.396287401057978,0.07103153893535552
"Pendrith, Taylor",10,4,0.004139135173445052,0.12292496453339435,0.5134170988879063,0.3280668550916983,0.03145194631355597
"Pendrith, Taylor",11,4,0.01576111179517703,0.23845807352688836,0.5419100976925131,0.19361941665922178,0.010251300326199697
"Pendrith, Taylor",12,5,0.005009932853201393,0.12575174909020193,0.49836729513717026,0.33348763648353985,0.03738338643588657
"Pendrith, Taylor",13,3,0.008864106806988348,0.20316425735373522,0.5680447404015722,0.21039505408578318,0.009531841351921089
"Pendrith, Taylor",14,4,0.00805447877013038,0.24075816399049066,0.6043227153473758,0.14413144517795784,0.0027331967140453717
"Pendrith, Taylor",15,4,0.003427235452230726,0.09643217954631483,0.4554656955580235,0.3853666451167832,0.05930824432664772
"Pendrith, Taylor",16,3,0.0023896795047700925,0.13659471299427278,0.6037354708217484,0.24881918898103572,0.008460947698173071
"Pendrith, Taylor",17,4,0.023041023206530786,0.2662345973255227,0.5222782050611847,0.17835056896958634,0.01009560543717547
"Pendrith, Taylor",18,4,0.0029675153232864293,0.12024623774664672,0.5443546517211297,0.31102293878218823,0.02140865642674883
"Perez, Victor",1,4,0.003731178318512718,0.10541222602381611,0.4753029369055296,0.36686056512366816,0.048693093628473405
"Perez, Victor",2,4,0.006611690668653913,0.12867318183545412,0.47274695941499867,0.34251074649049373,0.049457421590399564
"Perez, Victor",3,4,0.01516387676152664,0.1930079984709412,0.4973060404567735,0.2653580497818201,0.029164034528938565
"Perez, Victor",4,5,0.015530621861195748,0.23330721686508615,0.5393022285785265,0.20050022233362197,0.011359710361569686
"Perez, Victor",5,4,0.006602401105893718,0.1814549692387588,0.5724830959429775,0.22876829636774287,0.01069123734462707
"Perez, Victor",6,3,0.0022204279072421396,0.11045035068881726,0.5501331716930002,0.317145304042476,0.02005074566846432
"Perez, Victor",7,4,0.0021310518217321217,0.08774283137758648,0.4795932834399504,0.3851686105002695,0.04536422286046149
"Perez, Victor",8,3,0.0009243779834591237,0.08124132460818234,0.5479688901301909,0.3499292985874676,0.01993610869070006
"Perez, Victor",9,4,0.0027746828244423205,0.07992429463371731,0.41690076426606415,0.41739498083633947,0.08300527743943675
"Perez, Victor",10,4,0.0031634012382462107,0.1061438928376725,0.49707584343209327,0.3552557396938558,0.0383611227981322
"Perez, Victor",11,4,0.012558432881663084,0.21393205853693092,0.5434623203205929,0.2171015104955023,0.012945677765310748
"Perez, Victor",12,5,0.0038824828047773763,0.1092997207185632,0.4826477469264388,0.3591240967625656,0.045045952787655
"Perez, Victor",13,3,0.0068433580681872,0.17894093544149803,0.5654262855998962,0.236569625891767,0.012219794998651556
"Perez, Victor",14,4,0.00603761915568235,0.21114863135727163,0.6108606493226203,0.16821309153618125,0.003740008628244418
"Perez, Victor",15,4,0.0026438474732800032,0.08309299268269099,0.4357940465976112,0.40842683383386746,0.07004227941255037
"Perez, Victor",16,3,0.001719259247706939,0.11552035832920082,0.5908277479186947,0.2807584568280743,0.011174177676323227
"Perez, Victor",17,4,0.018724759894210186,0.2418122946881136,0.5268675851212603,0.19993869303098288,0.01265666726543302
"Perez, Victor",18,4,0.0022086847112814945,0.10263415927999403,0.5274186030530369,0.3409430539086006,0.026795499047087
"Phillips, Trent",1,4,0.0028424156823130264,0.09040008730382243,0.45583419076265874,0.39244853945514213,0.05847476679606367
"Phillips, Trent",2,4,0.005182827643839039,0.11234379288802687,0.45723188486238797,0.3663851335214505,0.058856361084295594
"Phillips, Trent",3,4,0.01222303677594394,0.1726250085868119,0.4909424702773945,0.28898104234879407,0.03522844201105557
"Phillips, Trent",4,5,0.012277187508181187,0.20831153071076142,0.5399167114087677,0.22508914989116358,0.014405420481126141
"Phillips, Trent",5,4,0.004977139848641676,0.15750843891276917,0.566194602107873,0.2574852596137418,0.013834559516974432
"Phillips, Trent",6,3,0.0016059562326685706,0.0927970454931743,0.5305269734996734,0.34954321920924025,0.02552680556524345
"Phillips, Trent",7,4,0.0015759110005184596,0.07392818794454054,0.45660410593415673,0.4127723437505272,0.05511945137025709
"Phillips, Trent",8,3,0.000639151106599678,0.06643442219253926,0.5219033066098704,0.3853021358892248,0.02572098420176583
"Phillips, Trent",9,4,0.002120812739355604,0.0681914387001743,0.3948927337629145,0.43779067377221464,0.09700434102534095
"Phillips, Trent",10,4,0.0023731236483396367,0.09043739096772196,0.47723107746324667,0.38314852799354593,0.0468098799271458
"Phillips, Trent",11,4,0.009841372448569918,0.18971825149109417,0.5412847502026968,0.2427790722550489,0.01637655360259016
"Phillips, Trent",12,5,0.00295646486872303,0.09380529566588236,0.4636917547495967,0.3852406087233804,0.05430587599241754
"Phillips, Trent",13,3,0.005184522125901925,0.15555332613443834,0.5584441789586205,0.26512939377659384,0.015688579004445424
"Phillips, Trent",14,4,0.00442795760311121,0.18247681379779673,0.6123174907601545,0.195649392471815,0.005128345367122478
"Phillips, Trent",15,4,0.002004259419054799,0.07069059644668241,0.4135322197141541,0.4310443575778582,0.0827285668422505
"Phillips, Trent",16,3,0.0012078688037914787,0.09609844026326098,0.5725777416924878,0.31534728972777304,0.014768659512686688
"Phillips, Trent",17,4,0.01498616610188186,0.2173066245989772,0.5281792843617865,0.2236297234644704,0.01589820147288401
"Phillips, Trent",18,4,0.0016102240380878596,0.08632278207047034,0.5063921612651607,0.372121893311659,0.033552939314622
"Pollo, Zachery",1,4,0.00209080658609051,0.07574968974026847,0.4319843753955778,0.4192597926298629,0.0709153356482003
"Pollo, Zachery",2,4,0.003937186711324536,0.0960779935898603,0.4376206208937756,0.3916406861643552,0.07072351264068433
"Pollo, Zachery",3,4,0.00957750646882205,0.15163228055980377,0.48067619328076133,0.3150793739451505,0.04303464574546234
"Pollo, Zachery",4,5,0.009403155648820272,0.1824159399110954,0.5362300272955787,0.2534189126771409,0.018531964467364714
"Pollo, Zachery",5,4,0.003612661584660559,0.13354981314071263,0.5542869674862572,0.2903796789217159,0.018170878866653695
"Pollo, Zachery",6,3,0.0011131581026991855,0.07586739514880209,0.5049736985953472,0.3851226783693298,0.032923069783821646
"Pollo, Zachery",7,4,0.0011209573167255127,0.060706726388073895,0.4289733293080214,0.4415444176407766,0.06765456934640257
"Pollo, Zachery",8,3,0.00042110595997735256,0.052661159582903516,0.48959667583677147,0.4236994954314629,0.03362156318888476
"Pollo, Zachery",9,4,0.0015667467574401739,0.05685176681330317,0.36935376590300245,0.4579506608255977,0.11427705970065649
"Pollo, Zachery",10,4,0.0017152198363694082,0.07519681918791404,0.45257143834736013,0.4127839411438933,0.05773258148446314
"Pollo, Zachery",11,4,0.007464443598375448,0.16487684596782415,0.5345041831096695,0.2721453567640256,0.021009170560105317
"Pollo, Zachery",12,5,0.002173521454315097,0.07866258463316783,0.44024836279304247,0.4127818580150604,0.0661336731044142
"Pollo, Zachery",13,3,0.0037848614408122483,0.13213424252007555,0.5459757344828122,0.29767019979192,0.020434961764379977
"Pollo, Zachery",14,4,0.0031127569208446726,0.15374549937740267,0.6076107919269461,0.2283674634231685,0.007163488351638048
"Pollo, Zachery",15,4,0.0014667343407916977,0.058727515656790075,0.3874304116406906,0.4538179104730922,0.09855742788863542
"Pollo, Zachery",16,3,0.0008097495010573885,0.07761829091860672,0.5474372621067187,0.35431894108471285,0.019815756388904315
"Pollo, Zachery",17,4,0.01164033753811422,0.19172572032342955,0.5255310337339207,0.25085324701292333,0.020249661391612106
"Pollo, Zachery",18,4,0.0011265093733601184,0.07068937196845199,0.47985323845846856,0.40581047701813466,0.042520403181584676
"Poston, J.T.",1,4,0.003986074862329936,0.10937050708199475,0.4797365638222912,0.36041720233703234,0.04648965189635179
"Poston, J.T.",2,4,0.0070144685007699215,0.13292814855853863,0.4762006964292609,0.3365266157534048,0.047330070758025755
"Poston, J.T.",3,4,0.015977940673142288,0.19821417976568328,0.49842372545928465,0.2595769727407109,0.02780718136117888
"Poston, J.T.",4,5,0.016440212100254037,0.2396634416640413,0.5385659164422385,0.19463085500195587,0.010699574791510291
"Poston, J.T.",5,4,0.007070114433130215,0.18766973187029706,0.573346284271355,0.22189601170028106,0.010017857724936574
"Poston, J.T.",6,3,0.00240195297793816,0.11514819133954557,0.5543807756693306,0.30920636139796365,0.01886271861522193
"Poston, J.T.",7,4,0.002293121829265665,0.09142622699398217,0.4848972996432689,0.3782020865270036,0.043181265006479674
"Poston, J.T.",8,3,0.0010109443547685615,0.08525117295734824,0.55383662784882,0.3412109754832592,0.01869027935580403
"Poston, J.T.",9,4,0.0029620520184086563,0.08303685584156029,0.4221101770566888,0.41209835091867175,0.07979256416467051
"Poston, J.T.",10,4,0.0033920549939081557,0.11029799885453012,0.5015449550004383,0.3482876936271283,0.0364772975239952
"Poston, J.T.",11,4,0.01332233734579863,0.2201258073724593,0.5434047831426838,0.21094650352005273,0.012200568619005536
"Poston, J.T.",12,5,0.0041480868544471194,0.11338149200389724,0.48693408399535787,0.35257078038764533,0.042965556758652435
"Poston, J.T.",13,3,0.007319408288907481,0.18500842632498077,0.5664863174042194,0.22971296149842158,0.011472886483470779
"Poston, J.T.",14,4,0.006507789210544623,0.2185758661247219,0.6096572143967122,0.16180544252468998,0.003453687743331324
"Poston, J.T.",15,4,0.002827965968110857,0.08638637375469976,0.4410248574768674,0.4026098547875838,0.06715094801273813
"Poston, J.T.",16,3,0.001872841118208568,0.12070947723730752,0.5945936633951197,0.27241089307298827,0.010413125176375937
"Poston, J.T.",17,4,0.019762322330837745,0.24801675683711755,0.5259974205438633,0.19427352950993304,0.011949970778248331
"Poston, J.T.",18,4,0.002384728038430539,0.10697753495317996,0.5320933247938364,0.33323110764734165,0.02531330456721137
"Rahm, Jon",1,4,0.0056707069588961545,0.13271040509594095,0.5009818329030054,0.3247962142035029,0.035840840838654575
"Rahm, Jon",2,4,0.009615601756133851,0.15763819741791463,0.4921623093035933,0.3036001551116497,0.03698373641070851
"Rahm, Jon",3,4,0.02110797690901467,0.22765660926071501,0.501276775864502,0.22865923642427988,0.02129940154148846
"Rahm, Jon",4,5,0.022244235288136183,0.2753531505160603,0.5305354496146055,0.16421188096517225,0.007655283616025743
"Rahm, Jon",5,4,0.010171855674831087,0.22349387958117434,0.5731692603712899,0.18620676243402723,0.006958241938677445
"Rahm, Jon",6,3,0.0036498696459481006,0.14314543983727396,0.5730213097884728,0.266798920648913,0.013384460079392202
"Rahm, Jon",7,4,0.0033902371975116363,0.11345851848316807,0.5108110916666453,0.3396180479509122,0.03272210470176273
"Rahm, Jon",8,3,0.0016285337937160804,0.10969621441983379,0.5813151968191987,0.2943599202952799,0.013000134671971475
"Rahm, Jon",9,4,0.004199506493511973,0.10155007592228937,0.4486111747510274,0.3817382496703723,0.06390099316279896
"Rahm, Jon",10,4,0.004920981721934947,0.13488132281693166,0.5225592646919464,0.31014890818585894,0.027489522583328152
"Rahm, Jon",11,4,0.01823363215453594,0.2551761626684766,0.538946637286688,0.17888712657908612,0.008756441311213337
"Rahm, Jon",12,5,0.005903578577162338,0.13741882139537176,0.5072381404806852,0.3164950571617624,0.03294440238501828
"Rahm, Jon",13,3,0.010464972658937977,0.21997380708762188,0.5675448515749673,0.19395849933964948,0.008057869338823354
"Rahm, Jon",14,4,0.00968663844349088,0.2612234728287933,0.5973371089813215,0.1295416051848708,0.0022111745615234213
"Rahm, Jon",15,4,0.004051308110142315,0.10599468707906778,0.46733444874298624,0.3696454985326032,0.05297405753520046
"Rahm, Jon",16,3,0.0029522385304473486,0.15176901463457615,0.6095945799023121,0.22867711076057473,0.007007056172089632
"Rahm, Jon",17,4,0.026319238208509843,0.28266341106810333,0.517511846119157,0.1648384120612344,0.008667092542995358
"Rahm, Jon",18,4,0.00358823157768412,0.1328934417635667,0.5535764895848245,0.29155618650483883,0.01838565056908581
"Rai, Aaron",1,4,0.004186622682818553,0.11239329115309732,0.4829456711073112,0.3555785488997514,0.04489586615702157
"Rai, Aaron",2,4,0.007329449077495831,0.13616422305652148,0.47867845543081977,0.33203917281450335,0.04578869962065957
"Rai, Aaron",3,4,0.016610485996645163,0.2021459190555428,0.499139557812354,0.2552761295529671,0.026827907582490984
"Rai, Aaron",4,5,0.017149376942965977,0.2444553322185381,0.5378653338018997,0.19030164288620977,0.010228314150386497
"Rai, Aaron",5,4,0.007438484044816229,0.19238820412314422,0.5738106915096771,0.21682351529469146,0.009539105027670969
"Rai, Aaron",6,3,0.0025462596359813183,0.118746580285498,0.5573925651344482,0.30330009843467964,0.018014496509392797
"Rai, Aaron",7,4,0.002421436445150027,0.09424994672975318,0.488755278497059,0.37296734610773885,0.041605992220298926
"Rai, Aaron",8,3,0.001080424542337255,0.0883412660084803,0.5580619487483607,0.33471325477325675,0.017803105927565066
"Rai, Aaron",9,4,0.0031094351971228673,0.08541910223714383,0.42593731954222847,0.4080803463358521,0.07745379668765273
"Rai, Aaron",10,4,0.003572509104769528,0.11347354501722606,0.5047651716516584,0.3430692560837094,0.035119518142636585
"Rai, Aaron",11,4,0.013919096306020562,0.22480491213140985,0.5432074662292894,0.2064002323907257,0.011668292942554448
"Rai, Aaron",12,5,0.004357063616357015,0.11649755712167298,0.49002789473436914,0.3476553426652186,0.041462141862382285
"Rai, Aaron",13,3,0.007693982585297188,0.18961462724944939,0.5671041188457229,0.22464634612868872,0.010940925190841888
"Rai, Aaron",14,4,0.006880001625399479,0.22421004849166304,0.6085415425090714,0.15711566055833215,0.0032527468155338912
"Rai, Aaron",15,4,0.002973023261921559,0.08890776964404273,0.4448568583795557,0.39821115194627477,0.06505119676820525
"Rai, Aaron",16,3,0.0019956410388772827,0.12468919485619889,0.5972075843675761,0.2662332995857054,0.009874280151642267
"Rai, Aaron",17,4,0.02056918986636086,0.2526872399279417,0.5252069418552354,0.1900921793565855,0.011444448993876533
"Rai, Aaron",18,4,0.0025244704778698557,0.11030531569312307,0.5354437169407004,0.32747543809571367,0.02425105879259304
"Reed, Patrick",1,4,0.00410515038416992,0.11117459526118229,0.4816697838517506,0.3575209141628922,0.045529556340004995
"Reed, Patrick",2,4,0.0072016853553358295,0.13486089481472963,0.47769567681194036,0.3338399214350227,0.04640182158297146
"Reed, Patrick",3,4,0.016354328468974666,0.200565266273996,0.49886483552577826,0.2569985206310683,0.027217049100182744
"Reed, Patrick",4,5,0.016861946575437825,0.24252976425650985,0.5381616525468162,0.1920315822178127,0.010415054403423385
"Reed, Patrick",5,4,0.007288796631470251,0.19048871272288848,0.5736430699012609,0.21885080861098816,0.009728612133392156
"Reed, Patrick",6,3,0.0024874817394817117,0.11729472151489084,0.5562018131438557,0.30566536644592013,0.018350617155851623
"Reed, Patrick",7,4,0.0023692260711072888,0.09311039216895933,0.48721941993002477,0.37506902159441236,0.04223194023549626
"Reed, Patrick",8,3,0.0010520557440179545,0.08709256773888163,0.5563844104164866,0.3373165438860384,0.018154422214575527
"Reed, Patrick",9,4,0.0030495643729944177,0.08445809941985877,0.42440969332061335,0.4096974100085319,0.07838523287800159
"Reed, Patrick",10,4,0.0034991428822200854,0.11219293370429984,0.5034864250608279,0.3451626213187087,0.03565887703394355
"Reed, Patrick",11,4,0.01367710344494899,0.22292366370243144,0.5433024286487538,0.2082175573898689,0.01187924681399688
"Reed, Patrick",12,5,0.004272166657874332,0.11524135954481635,0.4887987713702581,0.34962794240718253,0.042059760019868664
"Reed, Patrick",13,3,0.0075418109430867575,0.1877603759796896,0.5668743531680546,0.22667187011338263,0.011151589795786454
"Reed, Patrick",14,4,0.0067285567793891055,0.22194245309215999,0.6090110433225281,0.15898592772158548,0.0033320190843373343
"Reed, Patrick",15,4,0.0029140735333732515,0.08789055846646576,0.44332843801089583,0.39998000721348037,0.06588692277578478
"Reed, Patrick",16,3,0.0019455501992114432,0.12308297562041098,0.5961802518381487,0.2687038794962481,0.010087342845980785
"Reed, Patrick",17,4,0.020242372254449803,0.2508111741847306,0.5255382617199362,0.19176332119308126,0.011644870647802175
"Reed, Patrick",18,4,0.002467572779862537,0.10896254283189233,0.5341152119099019,0.32978227225158285,0.024672400226760427
"Riley, Davis",1,4,0.003594151973703663,0.10322661390924093,0.4727375467708345,0.3704713891958885,0.04997029815033238
"Riley, Davis",2,4,0.00639397439074274,0.12631506662807668,0.4707335861889874,0.34586868813902294,0.050688684653170224
"Riley, Davis",3,4,0.014721295228330322,0.19010452795174299,0.4965964942885965,0.26862558673588144,0.029952095795448774
"Riley, Davis",4,5,0.015037632084378083,0.22975709404659722,0.539615218998138,0.20384321205954326,0.011746842811343416
"Riley, Davis",5,4,0.006351220360677756,0.1780058158162256,0.5718755831571063,0.23267982485947325,0.011087555806517102
"Riley, Davis",6,3,0.002123758646277174,0.10786359961512948,0.54763355959635,0.32163175157018475,0.020747330572058575
"Riley, Davis",7,4,0.0020444197062592373,0.08571606436914325,0.4765371121265247,0.3890702438011704,0.0466321599969024
"Riley, Davis",8,3,0.0008786769841449549,0.07904545696298404,0.544559676497179,0.3548479389153605,0.02066825064033151
"Riley, Davis",9,4,0.00267393341922606,0.07820903602816615,0.41392433880218293,0.4203357703194644,0.08485692143096046
"Riley, Davis",10,4,0.003040825076315923,0.10385229190434231,0.4944802169870412,0.3591701735192274,0.03945649251307315
"Riley, Davis",11,4,0.012145141183740327,0.2104790769745381,0.5433906497980274,0.2206027498661638,0.013382382177530294
"Riley, Davis",12,5,0.003739703585639742,0.10704526844157441,0.4801617514840558,0.36280046673747535,0.046252809751254675
"Riley, Davis",13,3,0.00658747540263116,0.17557318249268944,0.5647122436482104,0.24046838978802332,0.012658708668445762
"Riley, Davis",14,4,0.005786301875725985,0.2070236987321562,0.6113918704346417,0.17188766334660044,0.003910465610875713
"Riley, Davis",15,4,0.0025449894769609127,0.08127860422695032,0.4327981771328169,0.411665978805726,0.07171225035754591
"Riley, Davis",16,3,0.001637900075788512,0.11266647602676566,0.5885738112616117,0.28549809246444924,0.01162372017138491
"Riley, Davis",17,4,0.018161102829868603,0.2383422589451083,0.5272627470868883,0.20316352467956567,0.013070366458569183
"Riley, Davis",18,4,0.002114808066583207,0.10024311712627154,0.5246916379812503,0.345288763774658,0.0276616730512369
"Rose, Justin",1,4,0.0036700028740161428,0.10444164310041598,0.4741742466926737,0.3684593518397713,0.04925475549312286
"Rose, Justin",2,4,0.006514597432644986,0.12762676832270886,0.47186243750409074,0.34399715471241055,0.04999904202814487
"Rose, Justin",3,4,0.014966729007532265,0.19172120047098712,0.49699929906047496,0.26680232175670393,0.029510449704301722
"Rose, Justin",4,5,0.015310883450741053,0.23173428331881435,0.5394497163306362,0.20197556375503856,0.011529553144769777
"Rose, Justin",5,4,0.006490238404692816,0.17992482540881571,0.5722251530306439,0.23049479868028522,0.01086498447556239
"Rose, Justin",6,3,0.002177188905673033,0.1093009809372878,0.5490370233315913,0.3191284418395095,0.020356364985938402
"Rose, Justin",7,4,0.002092331229089417,0.08684216010061158,0.478247548197016,0.38689638159564643,0.04592157887763659
"Rose, Justin",8,3,0.0009039012134499091,0.08026456579849572,0.5464701233084861,0.3521042284561229,0.020257181223445442
"Rose, Justin",9,4,0.002729705484117606,0.07916228855243657,0.4155879693618396,0.4186995458294744,0.08382049077213183
"Rose, Justin",10,4,0.0031086466269031887,0.10512605037190897,0.49593468370769334,0.3569881025776983,0.038842516715796194
"Rose, Justin",11,4,0.012374152560311491,0.21240159897841393,0.543439867942197,0.21864708847380032,0.013137292045277249
"Rose, Justin",12,5,0.0038187386794953926,0.10829862488026926,0.48155449093958924,0.36075155343949217,0.04557659206115394
"Rose, Justin",13,3,0.0067291157957617975,0.1774469345589842,0.5651208354538393,0.23829083781965743,0.012412276371757347
"Rose, Justin",14,4,0.005925290180497311,0.20931893202052249,0.6111086615438888,0.16983255246467555,0.0038145637904158924
"Rose, Justin",15,4,0.0025997017395736344,0.08228690096447483,0.434473302894652,0.40986290152055005,0.07077719288074946
"Rose, Justin",16,3,0.0016828301698529335,0.11425198790275293,0.5898425397975682,0.28285152731912566,0.0113711148107003
"Rose, Justin",17,4,0.018473639720390844,0.24027526195510152,0.5270508168900131,0.201362050589859,0.012838230844635534
"Rose, Justin",18,4,0.0021667061177570446,0.10157170397229959,0.5262207184403129,0.3428650911715042,0.027175780298126284
"Schauffele, Xander",1,4,0.005143605237978965,0.12586317391396162,0.49554463022041817,0.3348438023268566,0.03860478830078462
"Schauffele, Xander",2,4,0.008811870415674605,0.1504525996713258,0.4881906964921252,0.3128641269993392,0.039680706421535206
"Schauffele, Xander",3,4,0.019544168643582438,0.21922937709337376,0.5010330262807102,0.2372129472769755,0.022980480705358075
"Schauffele, Xander",4,5,0.020463076008728043,0.2651856883957866,0.5334653486209404,0.17246468159447104,0.008421205380073848
"Schauffele, Xander",5,4,0.009199861023432121,0.21312811972123796,0.5740533933739439,0.19589851013933912,0.007720115742046896
"Schauffele, Xander",6,3,0.003251210185550635,0.1348844943946721,0.5685887243206819,0.2785134423394139,0.014762128759681525
"Schauffele, Xander",7,4,0.0030425409414074345,0.10694182136527997,0.5040840138228738,0.3505105809538217,0.035421042916617074
"Schauffele, Xander",8,3,0.0014273928322220963,0.10238996248548832,0.5744160098831814,0.3073451018782136,0.014421532920894542
"Schauffele, Xander",9,4,0.0038124269005370692,0.09609047327646197,0.4415264476579815,0.3904816328374513,0.06808901932756817
"Schauffele, Xander",10,4,0.004439618046799765,0.12765500090158222,0.5172607317875522,0.32084223930649336,0.02980240995757244
"Schauffele, Xander",11,4,0.01672016460910425,0.2451435032551818,0.540900392068511,0.1876116537142274,0.00962428635297552
"Schauffele, Xander",12,5,0.005354298824502612,0.13037240244505965,0.5020879227335084,0.3266455777375592,0.03553979825937015
"Schauffele, Xander",13,3,0.009481146074157898,0.20985765067950057,0.5680561712059351,0.20369312894535174,0.00891190309505474
"Schauffele, Xander",14,4,0.00868034952464275,0.2489166037727759,0.6017600561538488,0.13813216507852988,0.00251082547020276
"Schauffele, Xander",15,4,0.0036674138129880185,0.10020924579960006,0.46035731103043875,0.3790772672903945,0.05668876206657869
"Schauffele, Xander",16,3,0.002603449045960604,0.14258385099863552,0.6063536195652915,0.24061291545636987,0.007846164933742461
"Schauffele, Xander",17,4,0.024317665774194197,0.27282518119603577,0.5205223247818681,0.17283765510295968,0.00949717314494225
"Schauffele, Xander",18,4,0.003204866005526552,0.1252404817987729,0.5482609662819775,0.3031498495125813,0.0201438364011417
"Scheffler, Scottie",1,4,0.008040745186497056,0.1598126135362391,0.5171353946868316,0.28796362985704294,0.02704761673338929
"Scheffler, Scottie",2,4,0.013141669175411264,0.18561933187627566,0.503144655600416,0.2697584510843227,0.028335892263574358
"Scheffler, Scottie",3,4,0.027787705884940117,0.25949251354336195,0.49843873867988775,0.19829090496725033,0.01599013692455986
"Scheffler, Scottie",4,5,0.029945150701795598,0.3133581071880492,0.5154357720778358,0.13591803610571285,0.005342933926606674
"Scheffler, Scottie",5,4,0.01454949955494994,0.26337345608283286,0.5644111007371863,0.15296681432670944,0.004699129298321503
"Scheffler, Scottie",6,3,0.0055167845664635395,0.1761425283169954,0.5836587608435571,0.2254476718334839,0.0092342544395001
"Scheffler, Scottie",7,4,0.004993827804524009,0.13964523260141753,0.5314690945789404,0.2996664499445406,0.024225395070577416
"Scheffler, Scottie",8,3,0.0026082919583622632,0.13959207926264822,0.6007199000945491,0.24831084256303537,0.008768886121405028
"Scheffler, Scottie",9,4,0.0059399311028691115,0.12339246722462044,0.4719191003116696,0.3485289075265595,0.05021959383428132
"Scheffler, Scottie",10,4,0.007111685157149883,0.16357702536425273,0.5376979659940153,0.27137261245233013,0.020240711032252
"Scheffler, Scottie",11,4,0.02483078010228057,0.293018447401702,0.5271989940052852,0.14882176884896214,0.006130009641770018
"Scheffler, Scottie",12,5,0.008373213800344448,0.1652655661313292,0.5221974025453635,0.27944554193628024,0.024718275586682603
"Scheffler, Scottie",13,3,0.014879573625811104,0.2588945224517471,0.5603035887473627,0.16041521969201988,0.005507095483059166
"Scheffler, Scottie",14,4,0.014306433926463746,0.30824609369175415,0.5749830815189174,0.10109594247940867,0.0013684483834559558
"Scheffler, Scottie",15,4,0.005788115642560432,0.12915479771522542,0.4898732270791528,0.33422225882573864,0.04096160073732269
"Scheffler, Scottie",16,3,0.00462303035498951,0.18857474030818377,0.6147816362367433,0.1874552442654457,0.004565348834637661
"Scheffler, Scottie",17,4,0.034885885966723595,0.31922305366268977,0.5024278130330087,0.1373238165744527,0.0061394307631252865
"Scheffler, Scottie",18,4,0.0053736343865363745,0.16352373183209518,0.5679797756388691,0.2501166505828366,0.013006207559662752
"Schenk, Adam",1,4,0.002956311195886352,0.09244470967002966,0.4587546924134834,0.38885333341302186,0.05699095330757875
"Schenk, Adam",2,4,0.005368312902275851,0.11458672488171151,0.4595912142766681,0.3630188413415687,0.05743490659777584
"Schenk, Adam",3,4,0.012609922636869664,0.1754640541623247,0.49202885612926317,0.28559289020089806,0.03430427687064441
"Schenk, Adam",4,5,0.012702003841202514,0.21180271746810359,0.5400615384041718,0.22150203420066195,0.01393170608586014
"Schenk, Adam",5,4,0.005184831424703051,0.16080537640061077,0.5673633505338128,0.2533043583776051,0.013342083263268245
"Schenk, Adam",6,3,0.0016829478615920657,0.0951847820647258,0.5335524744931615,0.3449039474371396,0.024675848143381085
"Schenk, Adam",7,4,0.0016461060876317712,0.07579461829011847,0.4600248996038821,0.408900985831938,0.05363339018642965
"Schenk, Adam",8,3,0.0006741574773047043,0.06841192083614495,0.5258372586067315,0.38025872727395016,0.024817935805868774
"Schenk, Adam",9,4,0.002204668739954896,0.06978272219478393,0.3981168645161489,0.4349892581971181,0.09490648635199417
"Schenk, Adam",10,4,0.0024737269746044066,0.09257170067688825,0.48022732553796704,0.37920747094240426,0.04551977586813605
"Schenk, Adam",11,4,0.010194687593488183,0.1930864621300123,0.5418311968608998,0.2390440222152338,0.015843631200366026
"Schenk, Adam",12,5,0.003075125373204035,0.09591691243762474,0.46654733414464755,0.38156184233056856,0.05289878571395512
"Schenk, Adam",13,3,0.005396951749432777,0.15877428364602186,0.5597015217320513,0.2609803753417095,0.015146867530784536
"Schenk, Adam",14,4,0.004631323747491978,0.18642825650810302,0.61244562613964,0.19158921621855118,0.0049055773862137775
"Schenk, Adam",15,4,0.0020859998490496134,0.07237141165606642,0.41680841147266373,0.4279153586575446,0.08081881836467564
"Schenk, Adam",16,3,0.0012711362490049893,0.09871736186967722,0.5754676306199606,0.31034244763466867,0.014201423626688525
"Schenk, Adam",17,4,0.015477002941680806,0.22073993927150992,0.5282096217629357,0.22017754352433472,0.015395892499538766
"Schenk, Adam",18,4,0.0016854568831254912,0.08852824976443768,0.50958991244205,0.36768618200829184,0.032510198902095055
"Scott, Adam",1,4,0.0043334511945207765,0.11455867284530913,0.4851542822690503,0.3521551668047618,0.043798426886358044
"Scott, Adam",2,4,0.00755904425385634,0.13847551411741577,0.4803720474775962,0.328867385100878,0.0447260090502537
"Scott, Adam",3,4,0.017069411181705574,0.20493963437341745,0.4995827468847749,0.25225353934661654,0.026154668213485555
"Scott, Adam",4,5,0.01766514098396954,0.24785569210632524,0.5372941587288675,0.1872780972511935,0.009906910929644241
"Scott, Adam",5,4,0.007708371226834765,0.19575373763561188,0.5740450807655367,0.21327923244070035,0.009213577931316275
"Scott, Adam",6,3,0.002652705890277829,0.12132980644157004,0.5594318011933059,0.2991497053912646,0.017435981083581575
"Scott, Adam",7,4,0.0025158082292324746,0.09627838283550194,0.4914204003289149,0.3692622292025475,0.04052317940380323
"Scott, Adam",8,3,0.0011320337187507579,0.0905693770423649,0.5609578604660856,0.33014153313687444,0.017199195635924314
"Scott, Adam",9,4,0.003217323024671037,0.08712845515872664,0.42860148492443045,0.4052169381288946,0.07583579876327728
"Scott, Adam",10,4,0.0037049203051131574,0.11574999987368739,0.5069735975574671,0.339384463985428,0.03418701827830439
"Scott, Adam",11,4,0.01435373412803781,0.2281302965729845,0.542988988929468,0.20322187798241176,0.01130510238709792
"Scott, Adam",12,5,0.0045100652584542655,0.11872921774459133,0.4921525220527622,0.34418057532417445,0.04042761962001773
"Scott, Adam",13,3,0.007968224714753502,0.19289987061405484,0.5674498696455942,0.2211032814757119,0.010578753549885578
"Scott, Adam",14,4,0.007153714685123824,0.22822596583965665,0.6076439362867414,0.15385897217907918,0.003117411009398996
"Scott, Adam",15,4,0.0030793308787515628,0.09071734189011443,0.44751864389828894,0.3950835656694591,0.06360111766338594
"Scott, Adam",16,3,0.002086602001022231,0.12754869356170134,0.5989467557777848,0.2619089284418348,0.009509020217656872
"Scott, Adam",17,4,0.021154922547537647,0.255997853404343,0.524577598724661,0.18717045954464906,0.011099165778809317
"Scott, Adam",18,4,0.0026274405588442296,0.11269478752036793,0.5377316807083226,0.32342152332164564,0.02352456789081958
"Simpson, Lance",1,4,0.002341867477056503,0.08089267702071351,0.44098201597762954,0.4096364732577944,0.06614696626680605
"Simpson, Lance",2,4,0.004357824608756611,0.10182873992235414,0.44508632114869306,0.3825422364875538,0.06618487783264237
"Simpson, Lance",3,4,0.010480801644238813,0.1591379612171756,0.48481901797798543,0.3055317016556395,0.04003051750496067
"Simpson, Lance",4,5,0.010377968498292423,0.19168955549658112,0.5381048077475428,0.24290932723096592,0.016918341026617822
"Simpson, Lance",5,4,0.004067092368877312,0.14202806272130392,0.5592342636693003,0.278204561775245,0.016466019465273485
"Simpson, Lance",6,3,0.0012746037213327566,0.0817723712254933,0.5147735590786635,0.37214477415019387,0.030034691824316617
"Simpson, Lance",7,4,0.001271210398764322,0.06531653362295603,0.43933763207500304,0.43123972480272943,0.06283489910054718
"Simpson, Lance",8,3,0.0004912960420884738,0.05741399728232344,0.5018136340326369,0.40975496239227915,0.03052611025067198
"Simpson, Lance",9,4,0.0017519780014902397,0.06082000461294518,0.3788380940932626,0.4508699968359204,0.10771992645638162
"Simpson, Lance",10,4,0.0019337276894098587,0.08053583823417121,0.46191044844964785,0.4020954290767573,0.05352455655001376
"Simpson, Lance",11,4,0.008267873560745709,0.17374391300290942,0.5375098696066417,0.2612787091393407,0.019199634690362455
"Simpson, Lance",12,5,0.0024350236206145404,0.08398087062508591,0.44911633784951493,0.4028737620090955,0.061594005895689086
"Simpson, Lance",13,3,0.004251865371988739,0.14042438452519596,0.5511032466745107,0.28564693586802514,0.01857356756027939
"Simpson, Lance",14,4,0.0035463972799092414,0.1639141228653691,0.6100931965811389,0.216097915866855,0.0063483674067277285
"Simpson, Lance",15,4,0.001645897743452529,0.06291072819943044,0.3971528579085824,0.44576332210866976,0.09252719403986487
"Simpson, Lance",16,3,0.0009387494661149964,0.08404493416991476,0.5572136205020255,0.33998156761308684,0.017821128248857954
"Simpson, Lance",17,4,0.012780457818530488,0.20091052263680048,0.5269942072436701,0.24076191421223392,0.018552898088765035
"Simpson, Lance",18,4,0.0012854405208071462,0.07614171367350259,0.48994449193005013,0.39359079027721067,0.03903756359842947
"Smith, Cameron",1,4,0.003971882308999919,0.1091536195990987,0.4795005252352624,0.36076708663166035,0.04660688622497866
"Smith, Cameron",2,4,0.00699211510793829,0.13269552010951868,0.4760176936704338,0.33685131018833114,0.0474433609237781
"Smith, Cameron",3,4,0.015932917331082375,0.1979306249546427,0.4983678770031525,0.2598892949113297,0.027879285799792708
"Smith, Cameron",4,5,0.01638981338674622,0.239317570526628,0.5386116935310539,0.19494647522913244,0.010734447326439467
"Smith, Cameron",5,4,0.007044057465838083,0.18733026369330397,0.5733066200704915,0.2222657077645359,0.010053351005830602
"Smith, Cameron",6,3,0.002391789246626641,0.1148903576018045,0.5541570915003418,0.30963527868145724,0.018925482969769813
"Smith, Cameron",7,4,0.0022840673855537563,0.09122398074216842,0.4846141801857754,0.37858050948500066,0.04329726220150176
"Smith, Cameron",8,3,0.0010060724407908173,0.08503037664771279,0.5535250816465392,0.34168246479038744,0.01875600447456971
"Smith, Cameron",9,4,0.0029516207615113976,0.08286610411210538,0.4218306249340122,0.41238755672451166,0.07996409346785938
"Smith, Cameron",10,4,0.003379302546675511,0.11007025583223268,0.50130759662063,0.34866551106527,0.036577333935191914
"Smith, Cameron",11,4,0.013279965755999934,0.21978839962305224,0.5434139536474993,0.21127773667520877,0.012239944298239713
"Smith, Cameron",12,5,0.004133297930487223,0.11315787748374351,0.48670622712514955,0.3529264077866522,0.043076189673967535
"Smith, Cameron",13,3,0.007292900646684863,0.18467702103773992,0.5664357451316497,0.23008204019508338,0.011512292988842043
"Smith, Cameron",14,4,0.006481522673342344,0.2181703509825063,0.6097308837295852,0.1621485694804926,0.0034686731340736188
"Smith, Cameron",15,4,0.002817706874702397,0.08620567264537554,0.4407445810818073,0.40292692225653304,0.06730511714158172
"Smith, Cameron",16,3,0.0018642151989589073,0.12042448339909789,0.5943975515901032,0.2728606003262445,0.010453149485595503
"Smith, Cameron",17,4,0.01970491233490923,0.2476794174385636,0.5260500493187572,0.19457827688105478,0.011987344026715196
"Smith, Cameron",18,4,0.002374879070705882,0.10673912173022848,0.5318457475920516,0.3336484809439161,0.025391770663097946
"Smith, Jordan",1,4,0.004025099836527601,0.10996481811544012,0.48037934132484555,0.35946032199209266,0.046170418731094065
"Smith, Jordan",2,4,0.007075889914560818,0.13356529059769012,0.4766985326318922,0.33563877001524567,0.04702151684061118
"Smith, Jordan",3,4,0.016101561319758095,0.19899016993322438,0.49857363936214544,0.2587237411181764,0.027610888266695666
"Smith, Jordan",4,5,0.016578646066510216,0.2406097772087344,0.5384373485980275,0.1937694687044208,0.010604759422307097
"Smith, Jordan",5,4,0.0071417712786606136,0.188599308523193,0.5734505577167189,0.2208869622551921,0.009921400226235333
"Smith, Jordan",6,3,0.0024299335596273397,0.11585494832528975,0.5549884465874897,0.3080346059671719,0.018692065560421245
"Smith, Jordan",7,4,0.0023180367446155037,0.09198066557892082,0.48566872669567585,0.3771670847297064,0.04286548625108144
"Smith, Jordan",8,3,0.0010243715879999504,0.08585683064433863,0.5546845148741708,0.33992265282232403,0.018511630071166518
"Smith, Jordan",9,4,0.0029907338457457744,0.08350486773528643,0.4228727689575775,0.41130649202409997,0.0793251374372903
"Smith, Jordan",10,4,0.0034271326350390763,0.1109221290897262,0.5021909861288172,0.34725474566051384,0.036205006485903746
"Smith, Jordan",11,4,0.013438749292365548,0.22104920838248798,0.5433761806513757,0.21004236027913326,0.012093501394637496
"Smith, Jordan",12,5,0.004188751755417053,0.11399421296561962,0.4875543784839019,0.3515983256280716,0.042664331166989866
"Smith, Jordan",13,3,0.007392296344586713,0.18591591385091227,0.5666205500703736,0.22870546710955253,0.011365772624574833
"Smith, Jordan",14,4,0.006580065409294067,0.21968618921588146,0.6094508966281365,0.1608698247760938,0.0034130239705941756
"Smith, Jordan",15,4,0.002856179628788924,0.08688167289229437,0.4417891733613682,0.40174202854109253,0.06673094557645598
"Smith, Jordan",16,3,0.0018966040506161463,0.12149079741271801,0.595125101349229,0.27118309097642523,0.010304406211011585
"Smith, Jordan",17,4,0.01991996786840261,0.24893958899159352,0.5258503571435533,0.1934417535682399,0.011848332428210595
"Smith, Jordan",18,4,0.0024118374417286814,0.10763107843967401,0.5327667479232789,0.3320904697647098,0.025099866430608575
"Spaun, J.J.",1,4,0.004561260379027987,0.11784331649297358,0.48836595213716705,0.3470293011085839,0.04220016988224751
"Spaun, J.J.",2,4,0.007913654096761369,0.14197077898550015,0.48281643925937046,0.32412281412769983,0.0431763135306682
"Spaun, J.J.",3,4,0.017774806938681498,0.20914193970120276,0.5001491728172595,0.24775832318432867,0.025175757358527617
"Spaun, J.J.",4,5,0.018459864370254264,0.25296317497482246,0.5363231730951515,0.18281036212426416,0.00944342543550758
"Spaun, J.J.",5,4,0.008127395418556338,0.20083578808594188,0.5742513938992055,0.20803980455034443,0.008745618045951753
"Spaun, J.J.",6,3,0.0028191369703952085,0.12525668654527006,0.5623438168526674,0.2929786268943593,0.016601732737308028
"Spaun, J.J.",7,4,0.002662916894589362,0.099364132574004,0.4953114636978862,0.3637124194369118,0.03894906739660864
"Spaun, J.J.",8,3,0.0012133077629699063,0.09397179602936523,0.5651492117524114,0.3233355991432936,0.016330085311959897
"Spaun, J.J.",9,4,0.003384690317036476,0.08972584977366982,0.4325235103269012,0.40089797748956835,0.07346797209282419
"Spaun, J.J.",10,4,0.0039108307118418395,0.1192056443000703,0.5101725205951346,0.3338783793429366,0.032832625050016606
"Spaun, J.J.",11,4,0.01502444853563839,0.23313305608237778,0.5425408522914492,0.1985205432911844,0.010781099799350158
"Spaun, J.J.",12,5,0.004747454864483469,0.12211353571983746,0.495234730227399,0.3389822512197569,0.038922027968523176
"Spaun, J.J.",13,3,0.008393706517660526,0.19786039112269577,0.5678272437364272,0.2158612346163704,0.01005742400684606
"Spaun, J.J.",14,4,0.007580290283413282,0.23428545969515774,0.6061341834337377,0.14907530833711102,0.0029247582505802505
"Spaun, J.J.",15,4,0.0032444419603409602,0.09346757842013925,0.4514280706931504,0.3903770065007255,0.061482902425643915
"Spaun, J.J.",16,3,0.0022294332424774854,0.13189935472234082,0.6013809111476813,0.25550467446768854,0.00898562641981182
"Spaun, J.J.",17,4,0.02205573586196785,0.2609649969207599,0.5235278494834489,0.18285094187291606,0.010600475860907288
"Spaun, J.J.",18,4,0.002788261594382724,0.1163279924654474,0.5410302026861644,0.31737960294201173,0.02247394031199368
"Spieth, Jordan",1,4,0.004693362860354211,0.11970837973419335,0.49011754282821857,0.3441541803086795,0.04132653426855437
"Spieth, Jordan",2,4,0.008118423497951499,0.1439498053083489,0.484139747295591,0.32146386467367527,0.04232815922443334
"Spieth, Jordan",3,4,0.01818031548740401,0.21150943001953237,0.5004162094796643,0.24525258979748,0.024641455215919317
"Spieth, Jordan",4,5,0.01891776228270109,0.2558366359403158,0.5357182698548186,0.1803349215064901,0.009192410415674312
"Spieth, Jordan",5,4,0.008370524597217266,0.2037091026024715,0.574291694500235,0.20513574407863522,0.00849293422144104
"Spieth, Jordan",6,3,0.0029163345721646694,0.12749077161844385,0.5639031803361518,0.2895397700407001,0.016149943432539615
"Spieth, Jordan",7,4,0.0027485929358455063,0.10112092593791883,0.49744187865821693,0.36059850173749664,0.0380901007305221
"Spieth, Jordan",8,3,0.0012610887260927628,0.09591564635426614,0.5674241994789877,0.3195387440642483,0.01586032137640503
"Spieth, Jordan",9,4,0.0034817319695748528,0.09120309598093257,0.4346883413683122,0.3984590687962771,0.07216776188490326
"Spieth, Jordan",10,4,0.004030486496065744,0.12116910877513554,0.5119104097253774,0.33079582656685125,0.03209416843657009
"Spieth, Jordan",11,4,0.015411428772886926,0.23595176842187526,0.5422264444704369,0.19591317839475964,0.01049717994004129
"Spieth, Jordan",12,5,0.004885113997755597,0.1240347330025724,0.4969117661502437,0.3360688096426421,0.03809957720678625
"Spieth, Jordan",13,3,0.008640420398076831,0.20066485935613443,0.567965728470541,0.2129534223950551,0.009775569380192639
"Spieth, Jordan",14,4,0.007828662599496494,0.2377087950688916,0.605201155877466,0.14643969596039907,0.002821690493746809
"Spieth, Jordan",15,4,0.003340279829647297,0.09503203314476916,0.4535810788465225,0.38772485069231744,0.06032175748674362
"Spieth, Jordan",16,3,0.00231317842812534,0.13437648413137482,0.6026573263511863,0.2519491377751175,0.008703873314195976
"Spieth, Jordan",17,4,0.022573843947515715,0.263756611831994,0.5228831053563814,0.18045643775875264,0.010330001105356312
"Spieth, Jordan",18,4,0.0028820892144867938,0.11839548093365299,0.542813704599862,0.3140052863949233,0.02190343885707491
"Stevens, Sam",1,4,0.004191576528017216,0.11246699146318673,0.48302206406257503,0.3554614480029671,0.04485791994325394
"Stevens, Sam",2,4,0.007337209103910003,0.13624298309406846,0.4787371980854611,0.33193063622929764,0.04575197348726279
"Stevens, Sam",3,4,0.016626026219321577,0.2022413151618001,0.4991555806521328,0.2551724635264109,0.026804614440334662
"Stevens, Sam",4,5,0.017166824934005565,0.24457150617319334,0.5378468254169725,0.19019768488912125,0.010217158586707353
"Stevens, Sam",5,4,0.007447587246213028,0.1925029518941172,0.5738199938318258,0.2167016743190362,0.00952779270880777
"Stevens, Sam",6,3,0.0025498402439966816,0.11883442781903086,0.5574635716237681,0.30315774330782597,0.017994417005378294
"Stevens, Sam",7,4,0.002424614643788625,0.09431890896213246,0.4888473226568044,0.37284062792197425,0.04156852581530024
"Stevens, Sam",8,3,0.0010821556997659965,0.08841690383182954,0.5581622863227006,0.33455652535833735,0.017782128787366513
"Stevens, Sam",9,4,0.003113075442976454,0.08547724255820166,0.42602904523914964,0.407982681093378,0.07739795566629426
"Stevens, Sam",10,4,0.0035769725398705488,0.11355100358037923,0.5048416683959129,0.3429431139053666,0.03508724157847076
"Stevens, Sam",11,4,0.013933791353808456,0.22491845525473564,0.5432010684751127,0.20629099553239705,0.011655689383946122
"Stevens, Sam",12,5,0.004362225711541989,0.11657352072979693,0.49010144784017334,0.34753644407909823,0.04142636163938951
"Stevens, Sam",13,3,0.007703235259345909,0.18972664027949432,0.5671171918720068,0.22452458671363262,0.010928345875520273
"Stevens, Sam",14,4,0.006889220198271817,0.22434700990930634,0.6085123139819657,0.1570034299088886,0.0032480260015675944
"Stevens, Sam",15,4,0.002976608532749725,0.08896931372809147,0.44494858235925505,0.3981043796017575,0.06500111577814627
"Stevens, Sam",16,3,0.0019986956280027,0.12478640367728738,0.597268580294803,0.2660847489152186,0.009861571484688358
"Stevens, Sam",17,4,0.020589019614274395,0.25280039667895293,0.5251863696761788,0.1899917423510381,0.011432471679555745
"Stevens, Sam",18,4,0.0025279356313397394,0.11038656709320033,0.5355231064081956,0.3273365199295586,0.024225870937705785
"Straka, Sepp",1,4,0.004725262023094312,0.120154550007537,0.49052901411955036,0.3434701358105252,0.04112103803929312
"Straka, Sepp",2,4,0.008167777790793529,0.14442264296801666,0.48444954790941847,0.3208314869118123,0.04212854441995906
"Straka, Sepp",3,4,0.01827785842408436,0.21207382358834975,0.5004744029214254,0.24465805690151343,0.02451585816462698
"Straka, Sepp",4,5,0.019028017160681365,0.25652121670391803,0.5355680094601217,0.17974914752661053,0.009133609148668342
"Straka, Sepp",5,4,0.008429248445700255,0.20439515108067025,0.5742933371872967,0.2044484423390729,0.008433820947259862
"Straka, Sepp",6,3,0.0029398788508890883,0.1280256755359943,0.5642663622682913,0.288723969402332,0.016044113942493277
"Straka, Sepp",7,4,0.002769321094884869,0.10154169004635744,0.49794323490179637,0.3598575443320269,0.037888209624934444
"Straka, Sepp",8,3,0.0012726968256912552,0.09638192557219843,0.5679574187676024,0.318637582450637,0.01575037638387089
"Straka, Sepp",9,4,0.0035051637541743674,0.09155674956982307,0.43519969452223556,0.39787708649958087,0.07186130565418614
"Straka, Sepp",10,4,0.00405940705553276,0.12163895564550914,0.5123179270091418,0.3300630446170244,0.03192066567279184
"Straka, Sepp",11,4,0.015504664713720084,0.23662374884028636,0.5421450032882855,0.1952959260315581,0.010430657126149878
"Straka, Sepp",12,5,0.004918355041128364,0.12449428238909066,0.49730529494022024,0.33537589126137934,0.03790617636818139
"Straka, Sepp",13,3,0.008699992795510036,0.20133445680925854,0.5679909650860024,0.21226499028730483,0.009709595021924144
"Straka, Sepp",14,4,0.007888744743756892,0.23852587998958497,0.6049701093086258,0.14581758805545852,0.002797677902573792
"Straka, Sepp",15,4,0.0033634320874101897,0.09540659324652989,0.45408911445597255,0.3870925717802026,0.060048288429884744
"Straka, Sepp",16,3,0.0023334995359917676,0.13496978105607627,0.6029516174918508,0.2511070519928702,0.008638049923211044
"Straka, Sepp",17,4,0.022698499092922264,0.26442138865681164,0.5227238224961201,0.17988968964181107,0.010266600112334934
"Straka, Sepp",18,4,0.0029048071934766884,0.11889055014051264,0.5432309869751537,0.3132040141980208,0.02176964149283611
"Sugiura, Yuta",1,4,0.002626422168789888,0.08640768162934126,0.4498612326332776,0.39957140747044184,0.061533256098149414
"Sugiura, Yuta",2,4,0.004828881516948769,0.10794579143069583,0.452375880831189,0.3730674870495033,0.06178195917166307
"Sugiura, Yuta",3,4,0.011480028868657732,0.16702008480324215,0.4885951313915261,0.2957666971026154,0.037138057833958626
"Sugiura, Yuta",4,5,0.011464361256885713,0.20141090168551717,0.5393950239373932,0.23233513793867644,0.015394575181527426
"Sugiura, Yuta",5,4,0.00458385979558229,0.15103800309722876,0.5635907690807902,0.26592067304534006,0.014866694981058637
"Sugiura, Yuta",6,3,0.0014615214748798233,0.08815131412423377,0.5242614387510248,0.35882318229637944,0.027302543353482145
"Sugiura, Yuta",7,4,0.0014436425917788154,0.07029821451138663,0.44963501312224435,0.4204341106689402,0.05818901910565
"Sugiura, Yuta",8,3,0.0005741189594258844,0.06261078158879535,0.5138388478945498,0.3953665411689141,0.027609710388314834
"Sugiura, Yuta",9,4,0.001961721390539739,0.0650903661176862,0.38837089982008743,0.4432752205415736,0.10130179213011303
"Sugiura, Yuta",10,4,0.0021829489291698145,0.086274738272623,0.4710855142121675,0.39097879083431863,0.049478007751721065
"Sugiura, Yuta",11,4,0.009166696923674778,0.18307397064151676,0.5399582618192601,0.2503125049431991,0.017488565672349243
"Sugiura, Yuta",12,5,0.0027314451646170412,0.08968087285423976,0.45784032302941663,0.39253858382487894,0.05720877512684763
"Sugiura, Yuta",13,3,0.0047818581447475195,0.14923091189847393,0.5556738364240714,0.2734913879143712,0.01682200561833591
"Sugiura, Yuta",14,4,0.004044998993033011,0.1747194738953315,0.6117255763359409,0.20390888560342746,0.005601065172267106
"Sugiura, Yuta",15,4,0.0018494420393427302,0.0674163759355782,0.4068911592966816,0.43719339131088897,0.08664963141750848
"Sugiura, Yuta",16,3,0.0010898987278115668,0.09101109883813596,0.5665261658797993,0.3254110501055143,0.015961786448738913
"Sugiura, Yuta",17,4,0.014044522026364581,0.21050987491940076,0.5279011255348918,0.23059939522879436,0.016945082290548585
"Sugiura, Yuta",18,4,0.0014688635437264952,0.08203219254722582,0.49981263414196136,0.3809652657885172,0.03572104397856912
"Summerhays, Preston",1,4,0.002587614429727658,0.08567340545175645,0.44872226569556967,0.4008963249830081,0.06212038943993814
"Summerhays, Preston",2,4,0.004764968728796892,0.10713420565189724,0.4514454188851665,0.37431246908937543,0.06234293764476395
"Summerhays, Preston",3,4,0.011345170331516219,0.1659801742208737,0.4881293044487114,0.2970399889829327,0.03750536201596599
"Summerhays, Preston",4,5,0.0113172748490446,0.20012944278721012,0.5392628178312626,0.23370407031858897,0.01558639421389374
"Summerhays, Preston",5,4,0.004513287382931719,0.14984323533234634,0.56306331922208,0.26751273813082044,0.01506741993182148
"Summerhays, Preston",6,3,0.0014357978350281742,0.08729936514012326,0.5230555267597061,0.3605626007328334,0.027646709532308966
"Summerhays, Preston",7,4,0.0014200006813140376,0.06963272594816178,0.4483100556943246,0.4218579791909919,0.05877923848520772
"Summerhays, Preston",8,3,0.0005626283331099935,0.061913089616127126,0.5122985500639309,0.39724931717729683,0.027976414809535166
"Summerhays, Preston",9,4,0.0019331273700435303,0.06452090645197961,0.38713765292887403,0.4442855391735862,0.10212277407551662
"Summerhays, Preston",10,4,0.0021488687682916785,0.08550987829750661,0.4699111068191784,0.39243860383744256,0.049991542277580736
"Summerhays, Preston",11,4,0.009044804905587955,0.18184206563334077,0.5396750103093714,0.2517340276785126,0.0177040914731873
"Summerhays, Preston",12,5,0.002691017258920292,0.08892214260546294,0.45672290590718845,0.39389751041603616,0.057766423812392165
"Summerhays, Preston",13,3,0.004709541775068493,0.14806330701065978,0.55511676399975,0.27506824413703324,0.017042143077488525
"Summerhays, Preston",14,4,0.0039765883257120715,0.17328680154366394,0.6115648444332042,0.20547787708635779,0.005693888611061904
"Summerhays, Preston",15,4,0.0018216540574561568,0.06681532192064865,0.40563335767905995,0.43832961906767864,0.0874000472751566
"Summerhays, Preston",16,3,0.001068991933070862,0.09007939797746983,0.5653519226621062,0.32730522241554183,0.01619446501181121
"Summerhays, Preston",17,4,0.01387375999235868,0.20924614550594955,0.5278167139629015,0.23191558246410193,0.01714779807468836
"Summerhays, Preston",18,4,0.0014436546857893862,0.08124543333503859,0.49855237329600655,0.38261846047019665,0.03614007821296883
"Tankersley, Cameron",1,4,0.0020488197969577016,0.0748611528699426,0.43035449774273976,0.42094550320495516,0.07179002638540477
"Tankersley, Cameron",2,4,0.003866335734931392,0.09507970051551123,0.436260287542964,0.39323882915040187,0.07155484705619153
"Tankersley, Cameron",3,4,0.009424251524318972,0.15031957629013037,0.4798941054606228,0.31677475209689043,0.043587314628037443
"Tankersley, Cameron",4,5,0.009238505879728687,0.18079254085361451,0.5358337506199111,0.25530306279684645,0.018832139849899177
"Tankersley, Cameron",5,4,0.003536821928415479,0.13207753669634537,0.5533378307677106,0.29255860486287233,0.01848920574465618
"Tankersley, Cameron",6,3,0.0010865000588148321,0.07485176560400175,0.5031805000098312,0.3874214440457422,0.03345979028161006
"Tankersley, Cameron",7,4,0.0010960150802247215,0.05991395037624547,0.42710303235961633,0.44334646188567406,0.06854054029823942
"Tankersley, Cameron",8,3,0.00040964687605643535,0.05184952902731521,0.48738128182149104,0.426161505771958,0.03419803650317932
"Tankersley, Cameron",9,4,0.001535750360803445,0.05616756946603746,0.36765298778390904,0.4591717763129267,0.11547191607632334
"Tankersley, Cameron",10,4,0.0016788142875268086,0.07427574418252214,0.4508757147987006,0.414662523516643,0.05850720321460745
"Tankersley, Cameron",11,4,0.007329047759644769,0.16332799609825716,0.5339073681739225,0.27409006118792645,0.021345526780249147
"Tankersley, Cameron",12,5,0.002129791612300702,0.07774348778703716,0.4386392462543851,0.4145202780613354,0.06696719628494163
"Tankersley, Cameron",13,3,0.0037068288909093416,0.1306942691163862,0.544997605751411,0.2998193904464721,0.02078190579482142
"Tankersley, Cameron",14,4,0.0030408668654437476,0.15197982300144158,0.6070785287246889,0.2305830906862767,0.007317690722149051
"Tankersley, Cameron",15,4,0.0014368126135986259,0.05800664302038888,0.385683620149322,0.45521399525001777,0.09965892896667272
"Tankersley, Cameron",16,3,0.000788601341418671,0.07651524585395042,0.545633202631969,0.35687344882219074,0.02018950135047115
"Tankersley, Cameron",17,4,0.011447172900870939,0.19011501193656027,0.5252116081022518,0.25266152214479565,0.020564684915521436
"Tankersley, Cameron",18,4,0.0011002161827184387,0.06975160531223357,0.478016513720202,0.4079665426638692,0.043165122120976784
"Taylor, Nick",1,4,0.004082826213901769,0.11083846267214453,0.4813136435380639,0.35805864346481797,0.04570642411107184
"Taylor, Nick",2,4,0.007166630320013745,0.13450109760152212,0.47742079447400515,0.33433859354908757,0.04657288405537141
"Taylor, Nick",3,4,0.016283946484136114,0.20012823458368206,0.4987857914361353,0.2574763145104295,0.027325712985617034
"Taylor, Nick",4,5,0.016783029952187334,0.24199715613845962,0.5382401171901121,0.19251237202448146,0.010467324694759528
"Taylor, Nick",5,4,0.007247789729260268,0.18996412955649922,0.5735922151945521,0.21941416076523756,0.009781704754450948
"Taylor, Nick",6,3,0.002471412452537236,0.11689453816245488,0.5558678375290048,0.3063215128492034,0.01844469900679968
"Taylor, Nick",7,4,0.0023549395605305112,0.09279635204414033,0.48679118838830626,0.3756507824363554,0.042406737570667485
"Taylor, Nick",8,3,0.0010443162942553874,0.08674883857945814,0.5559155846072287,0.33803844631852775,0.018252814200530043
"Taylor, Nick",9,4,0.0030331584154815183,0.08419317334062171,0.4239847239930031,0.41014410571881177,0.07864483853208193
"Taylor, Nick",10,4,0.003479053350819772,0.1118398010545627,0.5031291138306639,0.3457424982843803,0.035809533479573274
"Taylor, Nick",11,4,0.013610690913993806,0.22240355199847678,0.5433249907866011,0.20872248009217764,0.011938286208750704
"Taylor, Nick",12,5,0.0042489041938527095,0.11489485820251472,0.4884554634583746,0.35017418105074305,0.04222659309451493
"Taylor, Nick",13,3,0.007500114714811379,0.18724827666067145,0.566806428471962,0.22723459288269565,0.011210587269859462
"Taylor, Nick",14,4,0.0066871148215889575,0.22131608339259556,0.6091359026205916,0.15950660786382942,0.0033542913013944187
"Taylor, Nick",15,4,0.002897925599142759,0.0876101547105187,0.44290297467527023,0.40046896936246235,0.06611997565260597
"Taylor, Nick",16,3,0.0019318731485040153,0.12264036373526094,0.595890640683929,0.2693900327901906,0.010147089642115414
"Taylor, Nick",17,4,0.020152591200868042,0.2502920888339485,0.5256266729962025,0.19222770141712242,0.011700945551858632
"Taylor, Nick",18,4,0.0024520125186299757,0.10859245083349567,0.533743533282409,0.33042176489760977,0.024790238467855552
"Thomas, Justin",1,4,0.004690073936143846,0.11966228634264148,0.4900748692083064,0.34422493058891346,0.04134783992399482
"Thomas, Justin",2,4,0.008113332870153644,0.1439009438975027,0.48410759439354634,0.32152927620823013,0.0423488526305672
"Thomas, Justin",3,4,0.01817025020606322,0.2114510799685655,0.5004100736041324,0.2453141174473189,0.02465447877392002
"Thomas, Justin",4,5,0.018906387684274162,0.25576585072488,0.535733672309759,0.1803955771046899,0.009198512176396889
"Thomas, Justin",5,4,0.00836447026492454,0.2036381986012299,0.5742913505595872,0.20520691048350115,0.008499070090757233
"Thomas, Justin",6,3,0.002913908684934352,0.12743552115078954,0.5638654452157634,0.289624199577015,0.016160925371497603
"Thomas, Justin",7,4,0.002746456655817131,0.1010774680741206,0.4973899028915758,0.36067513637127113,0.038111036007215326
"Thomas, Justin",8,3,0.0012598934323279631,0.09586750315050391,0.5673688725058564,0.3196319984434539,0.01587173246785778
"Thomas, Justin",9,4,0.0034793160398149947,0.09116656609079682,0.4346353713332361,0.39851922519605754,0.07219952134009455
"Thomas, Justin",10,4,0.004027505267434728,0.12112057235804535,0.5118681298338394,0.3308716311875488,0.03211216135313166
"Thomas, Justin",11,4,0.015401811206306237,0.2358822958040665,0.5422347225157412,0.19597708780873724,0.010504082665148795
"Thomas, Justin",12,5,0.0048816867226220695,0.12398725633841001,0.4968709438297802,0.3361404830642739,0.03811963004491381
"Thomas, Justin",13,3,0.008634278203581758,0.20059565531679263,0.5679629493428415,0.21302470052467815,0.009782416612105882
"Thomas, Justin",14,4,0.007822470241749369,0.237624341840943,0.6052248545188345,0.1465041482621059,0.0028241851363672854
"Thomas, Justin",15,4,0.0033378929644652944,0.09499334438351043,0.4535284408635903,0.38779021885549536,0.06035010293293863
"Thomas, Justin",16,3,0.0023110854172323503,0.13431520659617818,0.6026266821197199,0.2520363181980769,0.008710707668792561
"Thomas, Justin",17,4,0.022560981591781715,0.263687867658555,0.5228994509921181,0.18051512048601115,0.010336579271533974
"Thomas, Justin",18,4,0.0028797482466587643,0.11834434619474143,0.5427703908525892,0.31408819519373354,0.021917319512277045
"Thompson, Davis",1,4,0.004279626601226605,0.11376941708327426,0.4843578253213652,0.35339884763191887,0.04419428336221509
"Thompson, Davis",2,4,0.007474975909756321,0.13763373315187255,0.4797624564727291,0.3300193739606734,0.04510946050496867
"Thompson, Davis",3,4,0.016901577297360915,0.20392353446749423,0.4994277750847173,0.25334970163050496,0.026397411519922587
"Thompson, Davis",4,5,0.017476401331962155,0.24661939392573484,0.5375088563612276,0.18837279791515427,0.010022550465921154
"Thompson, Davis",5,4,0.007609417976838728,0.19452844497072602,0.5739689126590076,0.21456261746366778,0.009330606929759844
"Thompson, Davis",6,3,0.0026136083659386578,0.12038773050766494,0.5586997269613723,0.3006548050303772,0.01764412913464697
"Thompson, Davis",7,4,0.0024811721686449073,0.0955385009635697,0.4904583491343717,0.370608397901138,0.040913579832275726
"Thompson, Davis",8,3,0.001113043275719705,0.08975587023139603,0.5599147607480337,0.33179995740607304,0.017416368338777577
"Thompson, Davis",9,4,0.0031777748889135204,0.08650514361887213,0.4276377797957136,0.4062591498649135,0.07642015183158724
"Thompson, Davis",10,4,0.0036563526464317153,0.11492010379237716,0.5061779790198084,0.3407224172159441,0.0345231473254386
"Thompson, Davis",11,4,0.014194621987864031,0.22692077202829358,0.5430758786041934,0.20437293397882172,0.011435793400827343
"Thompson, Davis",12,5,0.004453977537899556,0.11791585655347275,0.49138680586931477,0.3454426445768466,0.04080071546246633
"Thompson, Davis",13,3,0.007867692986807118,0.19170382817765402,0.5673329757624097,0.22238650212920108,0.010709000943928126
"Thompson, Davis",14,4,0.007053262002701455,0.2267641631255249,0.6079803375447197,0.15503629502819316,0.003165942298860802
"Thompson, Davis",15,4,0.003040350280893833,0.09005745072277954,0.44655636151678313,0.39622125702754485,0.06412458045199865
"Thompson, Davis",16,3,0.002053155823552477,0.12650562704003465,0.5983254651436039,0.26347552654014406,0.009640225452664963
"Thompson, Davis",17,4,0.02094068255195103,0.25479452802294067,0.5248129103440735,0.1882284326946514,0.011223446386383396
"Thompson, Davis",18,4,0.0025896302783335323,0.11182332099052017,0.5369083716778731,0.3248925283789216,0.02378614867435158
"Truslow, Austen",1,4,0.002069716587287329,0.07530445541475805,0.43117054307226294,0.4201036327205234,0.07135165220516826
"Truslow, Austen",2,4,0.003901617134606017,0.095577941343787,0.436941673797188,0.39244052036033283,0.07113824736408614
"Truslow, Austen",3,4,0.009500608802882726,0.15097510496487881,0.48028685218783523,0.31592716568389456,0.043310268360508664
"Truslow, Austen",4,5,0.009320512670935976,0.18160327443464247,0.536034255767479,0.2543604181232201,0.01868153900372249
"Truslow, Austen",5,4,0.0035745612091176437,0.13281235279059617,0.5538149990118646,0.2914686333882064,0.018329453600215206
"Truslow, Austen",6,3,0.0010997550500265185,0.0753583032310588,0.5040789732303622,0.3862724321352331,0.033190536353319366
"Truslow, Austen",7,4,0.0011084219045305876,0.06030933964272517,0.42803918400916563,0.4424466119249143,0.06809644251866431
"Truslow, Austen",8,3,0.0004153397595055841,0.0522541050983899,0.4884905552825727,0.4249312076569314,0.03390879220260046
"Truslow, Austen",9,4,0.001551177967352435,0.05650887334943683,0.36850389779578785,0.4585626680865681,0.1148733828008548
"Truslow, Austen",10,4,0.0016969281768974276,0.07473522989020476,0.4517248734466153,0.41372409017373946,0.05811887831254303
"Truslow, Austen",11,4,0.007396472658220854,0.1641013727637286,0.534208117647161,0.27311725315151514,0.021176783779374375
"Truslow, Austen",12,5,0.0021515557973975086,0.0782020472428619,0.43944499725625796,0.41365197514927265,0.06654942455420998
"Truslow, Austen",13,3,0.0037456629447009115,0.1314129767988772,0.5454891547683944,0.29874439016929843,0.020607815318729017
"Truslow, Austen",14,4,0.003076622807322793,0.15286106607791855,0.6073480757157981,0.22947400786359262,0.007240227535368016
"Truslow, Austen",15,4,0.001451703114164371,0.05836622695508975,0.38655767271920155,0.45451733800212424,0.09910705920942009
"Truslow, Austen",16,3,0.0007991110229234044,0.07706529307259191,0.5465376678429905,0.3555960397354788,0.02000188832601535
"Truslow, Austen",17,4,0.011543404336011198,0.19091951584049932,0.5253735513293651,0.2517568705147424,0.020406657979381904
"Truslow, Austen",18,4,0.001113291647917125,0.0702193096127322,0.4789364392659883,0.4068891769780677,0.04284178249529469
"Van Rooyen, Erik",1,4,0.00369383310570226,0.1048207050400704,0.47461704706341473,0.36783405305095673,0.04903436173985587
"Van Rooyen, Erik",2,4,0.006552439225732509,0.128035592449747,0.4722096937259972,0.34341573162212513,0.049786542976398174
"Van Rooyen, Erik",3,4,0.01504360981612951,0.1922242466620686,0.4971206702308083,0.2662369819955336,0.029374491295459992
"Van Rooyen, Erik",4,5,0.015396548005031763,0.23234927517813014,0.5393937125402701,0.20139763221940754,0.011462832057160366
"Van Rooyen, Erik",5,4,0.006533925842863275,0.1805227187836152,0.5723281222542027,0.2298185271708153,0.01079670594850346
"Van Rooyen, Erik",6,3,0.0021940167823752965,0.10974974567547219,0.5494677423326078,0.3183521874059405,0.020236307803604303
"Van Rooyen, Erik",7,4,0.002107406109766119,0.08719379906360619,0.47877528649773476,0.3862206770511133,0.04570283127777963
"Van Rooyen, Erik",8,3,0.0009118636989456919,0.0806457327657299,0.5470583357276435,0.3512530419888721,0.02013102581880888
"Van Rooyen, Erik",9,4,0.0027472263417901988,0.07945983419122071,0.4161023761728438,0.4181897823123546,0.0835007809817907
"Van Rooyen, Erik",10,4,0.003129969904869745,0.10552353329596609,0.496382534708057,0.3563103996436594,0.038653562447447776
"Van Rooyen, Erik",11,4,0.012445981424670016,0.21299987702852458,0.5434504008156789,0.21804171812868212,0.013062022602444379
"Van Rooyen, Erik",12,5,0.003843569455649065,0.10868961459046977,0.4819834856110104,0.36011497520622815,0.04536835513664261
"Van Rooyen, Erik",13,3,0.006773617031704926,0.1780307111537911,0.5652423212979683,0.23761670343992514,0.01233664707661064
"Van Rooyen, Erik",14,4,0.005969022378367439,0.2100339209692174,0.6110140767749631,0.1691977470651551,0.0037852328122969237
"Van Rooyen, Erik",15,4,0.002616896220280829,0.08260165217964205,0.43499094351926176,0.4093015925173924,0.07048891556342296
"Van Rooyen, Erik",16,3,0.0016970004893391288,0.11474715808934766,0.5902302773462205,0.28203186793213453,0.011293696142958165
"Van Rooyen, Erik",17,4,0.018571560485802996,0.24087629595304283,0.5269807126124543,0.20080451328275684,0.012766917665943067
"Van Rooyen, Erik",18,4,0.0021830456130865206,0.10198652483286852,0.5266910253087778,0.34211296252009893,0.027026441725168215
"Vegas, Jhonattan",1,4,0.0034725306000072953,0.10125067201982663,0.47034359428295214,0.37376879729556767,0.05116440580164627
"Vegas, Jhonattan",2,4,0.006199999591567695,0.12417771662788113,0.46884549701512623,0.3489381139474178,0.05183867281800714
"Vegas, Jhonattan",3,4,0.014325402501339068,0.18746148431209764,0.4958956419840992,0.27162754951866697,0.03068992168379714
"Vegas, Jhonattan",4,5,0.014597600203899441,0.22652223057171456,0.539837619524798,0.20693082834765675,0.012111721351931282
"Vegas, Jhonattan",5,4,0.006128440187756212,0.17487671336741945,0.5712421477061039,0.23629068839503553,0.01146201034368488
"Vegas, Jhonattan",6,3,0.0020385152708722876,0.10552960529562389,0.5452754339707797,0.32575268276282443,0.021403762699899742
"Vegas, Jhonattan",7,4,0.0019678279483506533,0.08388814425134095,0.4736931576299697,0.39263159984758755,0.04781927032275113
"Vegas, Jhonattan",8,3,0.0008386187156511626,0.07707165183208109,0.5413700561214165,0.3593604120088193,0.02135926132203192
"Vegas, Jhonattan",9,4,0.002584494540725679,0.07666039719243345,0.4111699938893761,0.4230038041218076,0.08658131025565718
"Vegas, Jhonattan",10,4,0.0029322396394681483,0.10178188986124737,0.4920521414594972,0.3627509235176415,0.04048280552214578
"Vegas, Jhonattan",11,4,0.011776699661758927,0.2073367245427981,0.5432590987261615,0.22383366504886038,0.01379381202042107
"Vegas, Jhonattan",12,5,0.0036129783256372283,0.10500668884114245,0.47783831129697923,0.3661602458036667,0.047381775732574405
"Vegas, Jhonattan",13,3,0.006360386416113417,0.17251769860632465,0.5639839415548176,0.24406500731669256,0.013072966106051798
"Vegas, Jhonattan",14,4,0.0055641280701452245,0.20327990327490586,0.6117857720143034,0.17529739913427345,0.004072797506372128
"Vegas, Jhonattan",15,4,0.0024573179570313575,0.07964080099114174,0.4300213960628182,0.4146107519985477,0.07326973299046102
"Vegas, Jhonattan",16,3,0.0015664183889205208,0.11009362980738624,0.5864246770121115,0.2898657633263879,0.01204951146519384
"Vegas, Jhonattan",17,4,0.017657184791923963,0.23517741016656396,0.5275647409839986,0.20614085715432395,0.013459806903189486
"Vegas, Jhonattan",18,4,0.002031949432041047,0.09808601165121839,0.5221335004598542,0.34927249324075405,0.02847604521613234
"Velo, Kevin",1,4,0.002821506258094908,0.09002032389089898,0.4552816265366038,0.39312021381259143,0.05875632950181087
"Velo, Kevin",2,4,0.005148691096462821,0.11192650359871387,0.4567843570834542,0.36701451673318686,0.05912593148818224
"Velo, Kevin",3,4,0.01215165232723403,0.172095381834113,0.49073226721687,0.2896167220474296,0.035403976574353346
"Velo, Kevin",4,5,0.012198919929934493,0.20765992898273988,0.5398809398485909,0.22576444205650836,0.014495769182226392
"Velo, Kevin",5,4,0.004939033324546815,0.15689482739828442,0.5659655390135598,0.2582719765999417,0.013928623663667206
"Velo, Kevin",6,3,0.0015918827661854373,0.09235417677855928,0.5299516351575941,0.3504132400835428,0.0256890652141184
"Velo, Kevin",7,4,0.001563057249858224,0.0735820689225497,0.4559578852998654,0.41349531296643105,0.055401675561295605
"Velo, Kevin",8,3,0.0006327772314259072,0.06606854996173922,0.5211582679063084,0.38624707329462227,0.025893331605904235
"Velo, Kevin",9,4,0.002105415639341135,0.0678961111829276,0.3942854095265901,0.43831161399750035,0.09740144965364084
"Velo, Kevin",10,4,0.002354678081535999,0.09004115218167219,0.4766635198191578,0.3838856410680298,0.04705500884960423
"Velo, Kevin",11,4,0.009776329791866767,0.1890901008824507,0.541173605395572,0.24348179688943528,0.016478167040675284
"Velo, Kevin",12,5,0.0029346810490020747,0.0934130430747363,0.46315105504919973,0.38592824816275184,0.05457297266431005
"Velo, Kevin",13,3,0.005145530381706953,0.15495381564729083,0.5581988989094858,0.2659097758819423,0.01579197917957409
"Velo, Kevin",14,4,0.004390727045367027,0.18174128791669364,0.612281002078866,0.1964158801305098,0.005171102828563479
"Velo, Kevin",15,4,0.0019892608108798004,0.07037870218721837,0.41291456791585124,0.43162707428327735,0.08309039480277325
"Velo, Kevin",16,3,0.0011963320342021078,0.09561299881701057,0.5720256990982847,0.31628781185343857,0.014877158197064033
"Velo, Kevin",17,4,0.014895639364182423,0.21666543188804366,0.5281655229955948,0.22427947330292086,0.015993932449258286
"Velo, Kevin",18,4,0.0015964633211877355,0.08591374081255582,0.5057856584041486,0.3729526517194498,0.03375148574265807
"Vincent, Scott",1,4,0.003196520474532949,0.09663146787599913,0.46445833075633625,0.3816012991987131,0.054112381694418565
"Vincent, Scott",2,4,0.005757076350563273,0.119160400964549,0.4641683649428172,0.35624102999645935,0.05467312774561117
"Vincent, Scott",3,4,0.01341558729736192,0.1812137026758182,0.49402508867326583,0.2788299223278997,0.03251569902565432
"Vincent, Scott",4,5,0.013589918952922275,0.2188639503602216,0.5401188522802114,0.21440283201803645,0.013024446388608224
"Vincent, Scott",5,4,0.005623485281620599,0.16752136419196645,0.5694317618557228,0.2450209906437778,0.012402398026912453
"Vincent, Scott",6,3,0.0018470991114704072,0.10009121387005271,0.5393819405486896,0.335634529951111,0.023045216518676304
"Vincent, Scott",7,4,0.0017951077802823567,0.07963171076425918,0.4667323173001691,0.4010842735742497,0.05075659058103965
"Vincent, Scott",8,3,0.0007495336901403582,0.07250077233097857,0.5334991329472901,0.3701590822859796,0.02309147874561135
"Vincent, Scott",9,4,0.0023814560522849026,0.07304779467047329,0.40448639400057407,0.429272955556366,0.09081139972030172
"Vincent, Scott",10,4,0.0026865859857861385,0.09694712513410492,0.48606080186764855,0.3712801019557118,0.04302538505674858
"Vincent, Scott",11,4,0.010934637311473039,0.19991268048852956,0.5426893271311648,0.23164107593673933,0.01482227913209333
"Vincent, Scott",12,5,0.0033253945288292397,0.10023956177966864,0.47211283721565517,0.3741507526175971,0.05017145385824984
"Vincent, Scott",13,3,0.005845153881597953,0.16533444798518193,0.5619576556836552,0.2527512304939171,0.01411151195564786
"Vincent, Scott",14,4,0.005063224308168135,0.19447420097777107,0.6123659126610008,0.18361091650136296,0.004485745551697007
"Vincent, Scott",15,4,0.002258616889569187,0.07582152883912102,0.42326655008197783,0.42155384959895004,0.07709945459038192
"Vincent, Scott",16,3,0.0014068509498696424,0.10410720766142878,0.5809681849831818,0.300394696884118,0.013123059521401692
"Vincent, Scott",17,4,0.016500185322306793,0.22767344569904818,0.5280527509380217,0.21334157529025455,0.014432042750368801
"Vincent, Scott",18,4,0.0018456033070524125,0.0930608122449828,0.5157943782617525,0.35879434789069553,0.030504858295516746
"Vogt, Matt",1,4,0.0010893172522114525,0.05148856517119338,0.37757762587631377,0.4675168763662986,0.10232761533398282
"Vogt, Matt",2,4,0.0021962038485433544,0.06823751318274862,0.3910787592552024,0.4380953893163002,0.1003921343972054
"Vogt, Matt",3,4,0.005696345002602521,0.11381861677147642,0.4501760297306493,0.3671259466509563,0.06318306184431544
"Vogt, Matt",4,5,0.005314809975448365,0.13553502087277514,0.5151708002755537,0.31390914513467605,0.030070223741546664
"Vogt, Matt",5,4,0.001821399438099447,0.09253046862296199,0.5154092099118266,0.3596229054917758,0.030616016535336188
"Vogt, Matt",6,3,0.0005099131474796681,0.04871404631077986,0.44285717931450375,0.4545165351386571,0.053402326088579644
"Vogt, Matt",7,4,0.0005438676717445246,0.03949439326627002,0.36757363060933357,0.4926170942422379,0.09977101421041401
"Vogt, Matt",8,3,0.00017323468210861392,0.03162762867337848,0.4156513199878579,0.4967159487586983,0.05583186789795669
"Vogt, Matt",9,4,0.0008252011458560471,0.03831867442912945,0.3148469631987457,0.49013785130297977,0.15587130992328901
"Vogt, Matt",10,4,0.0008603581084375977,0.05021617100385184,0.3954748523175692,0.4674392256522216,0.08600939291791976
"Vogt, Matt",11,4,0.004133995894209597,0.12057187005549724,0.5073738556058627,0.3340337370241515,0.033886541420278915
"Vogt, Matt",12,5,0.0011308330559799407,0.05353723167192809,0.3861722538663173,0.4629586624829023,0.09620101892287236
"Vogt, Matt",13,3,0.0019323824165017323,0.09196166476956907,0.506625627425465,0.3655955176064293,0.03388480778203484
"Vogt, Matt",14,4,0.0014616528101120685,0.10464857387956755,0.5785333100037269,0.301766717694711,0.013589745611882531
"Vogt, Matt",15,4,0.0007568273385514246,0.039252936776186076,0.33103303967733283,0.49162575308918766,0.137331443118742
"Vogt, Matt",16,3,0.0003449360915172006,0.04842230097099198,0.4830032520932437,0.43357255261280025,0.03465695823144688
"Vogt, Matt",17,4,0.006780671227252233,0.14483267723907634,0.5073370883878116,0.3088018258055374,0.03224773734032249
"Vogt, Matt",18,4,0.0005267627682569165,0.045607631800228865,0.41750449007573287,0.4696844542280182,0.06667666112776316
"Wallace, Matt",1,4,0.004148162079934237,0.11181953989167998,0.48234797903730076,0.35649158473648057,0.04519273425460446
"Wallace, Matt",2,4,0.007269168759981959,0.13555085489914376,0.4782184631962615,0.3328855358748868,0.04607597726972601
"Wallace, Matt",3,4,0.016489698319510138,0.20140251465834152,0.4990125249580928,0.2560850873161573,0.02701017474789824
"Wallace, Matt",4,5,0.017013801984393062,0.24354985896025527,0.5380071343067886,0.1911135120205265,0.010315692728036563
"Wallace, Matt",5,4,0.0073678149157258566,0.1914944201859724,0.5737350310126765,0.21777498906687653,0.009627744818748618
"Wallace, Matt",6,3,0.002518486504426265,0.11806287575169805,0.5568358814884475,0.30441098299226377,0.018171773263164326
"Wallace, Matt",7,4,0.002396775569484366,0.09371326785478612,0.4880354683340821,0.3739553183058716,0.041899169935775804
"Wallace, Matt",8,3,0.0010670084028839288,0.08775291074117242,0.5572765067865308,0.33593612078826496,0.017967453281147794
"Wallace, Matt",9,4,0.0030811725519946376,0.08496657762518145,0.4252206861380042,0.4088411564701705,0.07789040721464924
"Wallace, Matt",10,4,0.0035378655493618627,0.11287059022540913,0.5041664028223088,0.344053029098203,0.03537211230471715
"Wallace, Matt",11,4,0.013804932843800188,0.22392011184471733,0.5432547281673993,0.207253219773737,0.011767007370346194
"Wallace, Matt",12,5,0.0043169862692502,0.11590616829735839,0.48945226483785886,0.3485824927743768,0.04174208782115574
"Wallace, Matt",13,3,0.007622146849015077,0.1887421375951332,0.5669991523279057,0.22559708624682284,0.011039476981123286
"Wallace, Matt",14,4,0.006808469854453547,0.2231431480267237,0.6087658396598307,0.1579927609668822,0.0032897814921099
"Wallace, Matt",15,4,0.0029451914383690214,0.08842876478726341,0.44414004491535036,0.3990431419761118,0.06544285688290541
"Wallace, Matt",16,3,0.001971960329585465,0.12393271590378552,0.596728335806292,0.2673930884351623,0.00997389952517469
"Wallace, Matt",17,4,0.020415072407717227,0.2518051638026778,0.5253650143638403,0.19087650269842427,0.011538246727340384
"Wallace, Matt",18,4,0.002497589313465276,0.10967296482340061,0.5348219758040993,0.32855919021509306,0.024448279843941823
"Weaver, Tyler",1,4,0.002260979689407361,0.07926611661329935,0.4382145532288795,0.41265527636176935,0.06760307410664446
"Weaver, Tyler",2,4,0.00422284642531473,0.10001494389838406,0.44279816809960554,0.38539198625261817,0.0675720553240775
"Weaver, Tyler",3,4,0.010192132444491075,0.1567808651946206,0.4835771685212653,0.30850352574271755,0.04094630809690547
"Weaver, Tyler",4,5,0.010065657502114578,0.1887788875737793,0.537586211909114,0.24616227419992875,0.017406968815063317
"Weaver, Tyler",5,4,0.003920514060381297,0.1393546567489765,0.5577669370303999,0.28197678095737255,0.016981111202869714
"Weaver, Tyler",6,3,0.0012222169056457788,0.07990007888979467,0.5117780033328796,0.37618981473626656,0.030909886135413345
"Weaver, Tyler",7,4,0.0012225994524147632,0.06385477075653412,0.4361425430193687,0.434475287681656,0.0643047990900264
"Weaver, Tyler",8,3,0.00046837619800244035,0.0559008443807289,0.4980587107861942,0.4141092840804088,0.03146278455466567
"Weaver, Tyler",9,4,0.0016923192790389563,0.05956350749946848,0.3759031453427256,0.4531108176042659,0.10973021027450103
"Weaver, Tyler",10,4,0.0018631794197927487,0.07884589514046503,0.45904215260221604,0.4054419261006069,0.05480684673691927
"Weaver, Tyler",11,4,0.00801014049602039,0.1709573240186601,0.5366390313530778,0.2646456593775911,0.019747844754650634
"Weaver, Tyler",12,5,0.0023507685507187515,0.08229916054138142,0.4463915639208646,0.40597901196304664,0.06297949502398859
"Weaver, Tyler",13,3,0.004101333804606644,0.1378106622766505,0.5495767415470683,0.28937471064660314,0.01913655172507145
"Weaver, Tyler",14,4,0.003406004801467688,0.16070764849067248,0.6094143205953819,0.21987933442881613,0.006592691683661722
"Weaver, Tyler",15,4,0.001588129261067217,0.061585758268569546,0.39414766122543554,0.4483051731970589,0.09437327804786877
"Weaver, Tyler",16,3,0.0008967235002213525,0.08200483554550242,0.5542408943154558,0.3444350749434081,0.018422471695412335
"Weaver, Tyler",17,4,0.01241582091436566,0.1980306834483196,0.5265998543933119,0.24388633030751095,0.019067310936491833
"Weaver, Tyler",18,4,0.0012339245133997645,0.07441291130249222,0.4868497764207314,0.39740807646743426,0.04009531129594235
"Woodland, Gary",1,4,0.0033660015264858067,0.09949072945831672,0.46814988409608294,0.3767323988805018,0.05226098603861273
"Woodland, Gary",2,4,0.006029505886897324,0.12226956653742255,0.46710784390716026,0.3516993084946356,0.05289377517388427
"Woodland, Gary",3,4,0.013976169029397023,0.18509259951381252,0.495222190255994,0.2743406768278088,0.03136836437298762
"Woodland, Gary",4,5,0.014210199924471867,0.2236204177393058,0.5399852441906634,0.20973487172755323,0.0124492664180057
"Woodland, Gary",5,4,0.005933439621729264,0.1720809708596412,0.5706081118805528,0.23956829655189094,0.011809181086185783
"Woodland, Gary",6,3,0.001964294411628431,0.10345454459106385,0.5430941017394226,0.3294761487900447,0.022010910467840317
"Woodland, Gary",7,4,0.0019009803672347392,0.08226362723629815,0.4710935613130994,0.39583102576141416,0.04891080532195358
"Woodland, Gary",8,3,0.0008039307332876056,0.07532288743609178,0.5384408430829322,0.3634330562985689,0.021999282449119528
"Woodland, Gary",9,4,0.0025061407771875266,0.0752827050967162,0.40866462661970154,0.4253872967794011,0.08815923072699361
"Woodland, Gary",10,4,0.002837297036712705,0.09993893265242998,0.48982244521250096,0.36597418905223056,0.0414271360461258
"Woodland, Gary",11,4,0.011452690421031808,0.20452114496382046,0.5430864229217435,0.22676546516132567,0.014174276532078589
"Woodland, Gary",12,5,0.003501980650446601,0.10319063391335298,0.47570634201545764,0.3691819844693268,0.04841905895141596
"Woodland, Gary",13,3,0.006161503145527825,0.16978753416273829,0.5632666381455564,0.24732765616568952,0.01345666838048798
"Woodland, Gary",14,4,0.005370240949074734,0.19993374078356085,0.612064603961894,0.17840703038668226,0.004224383918788099
"Woodland, Gary",15,4,0.0023805832562058815,0.07818406786844972,0.42749204671352414,0.41724648483408777,0.07469681732773248
"Woodland, Gary",16,3,0.0015043872156924043,0.10780802186585303,0.5844185781443731,0.2938238588875618,0.012445153886519678
"Woodland, Gary",17,4,0.017212886852211784,0.23233597536087475,0.5277876510161097,0.20884381191856827,0.013819674852235453
"Woodland, Gary",18,4,0.0019597427073136386,0.09616844441800365,0.5197786503845678,0.3528654545400055,0.029227707950109316
"Young, Cameron",1,4,0.004182663378038076,0.11233435421705207,0.48288451836574653,0.35567222230879303,0.0449262417303703
"Young, Cameron",2,4,0.007323246266248862,0.13610123516262906,0.4786314235196714,0.33212599746781224,0.04581809758363842
"Young, Cameron",3,4,0.01659806276984016,0.20206961652258482,0.49912669642512647,0.25535907001969005,0.026846554262758504
"Young, Cameron",4,5,0.017135429463216945,0.2443624073562755,0.5378800867135074,0.1903848302183666,0.010237246248633536
"Young, Cameron",5,4,0.007431208544073364,0.19229643207585762,0.5738031845595695,0.2169210114851784,0.009548163335321158
"Young, Cameron",6,3,0.002543398422584442,0.1186763338610003,0.557335700453112,0.3034139933989891,0.01803057386431417
"Young, Cameron",7,4,0.002418896600638154,0.09419480268375624,0.48868160396674215,0.37306871171175415,0.0416359850371093
"Young, Cameron",8,3,0.0010790414448141328,0.08828078974915254,0.5579816196785774,0.33483864629170146,0.01781990283575441
"Young, Cameron",9,4,0.0031065257602784224,0.08537261033448423,0.4258639143261137,0.4081584580488766,0.07749849153024702
"Young, Cameron",10,4,0.0035689419572058068,0.11341160380495013,0.5047039302697105,0.34317016703698455,0.03514535693114895
"Young, Cameron",11,4,0.013907349890496856,0.2247140951383923,0.5432125290409598,0.2064876416241901,0.01167838430596091
"Young, Cameron",12,5,0.0043529378714728395,0.11643680988518984,0.48996901201359927,0.3477504561620385,0.04149078406769957
"Young, Cameron",13,3,0.007686587490986385,0.18952504222652744,0.5670935975422753,0.22474377502762122,0.010950997712589672
"Young, Cameron",14,4,0.006872634612376416,0.2241005086546965,0.6085648480406793,0.15720548078284846,0.0032565279093992316
"Young, Cameron",15,4,0.0029701578476842294,0.08885855618092758,0.4447834504757432,0.39829655237766326,0.06509128311798174
"Young, Cameron",16,3,0.0019932004200172715,0.12461146451283811,0.5971587145590301,0.2663521631280974,0.009884457380017087
"Young, Cameron",17,4,0.02055333771933404,0.2525967259533142,0.5252233494619323,0.1901725481730796,0.011454038692339852
"Young, Cameron",18,4,0.002521701447491864,0.11024034415982181,0.5353801527908848,0.32758657669367364,0.024271224908127942
