player,hole,par,p_eagle_or_better,p_birdie,p_par,p_bogey,p_double_or_worse
"Ahlawat, Veer",1,4,0.006021943558281617,0.17081491692081358,0.5672130397359391,0.24338029123930593,0.01256980854565981
"Ahlawat, Veer",2,4,0.014114967647819776,0.17820586470303468,0.4832413505737419,0.2869018969813929,0.037535920094010744
"Ahlawat, Veer",3,5,0.033191075411452775,0.2201769579741834,0.4408973650540148,0.25924458798321337,0.04649001357713567
"Ahlawat, Veer",4,3,0.019415566610203328,0.17910310810814434,0.44658084298559514,0.29911494134938643,0.055785540946670764
"Ahlawat, Veer",5,4,0.013274310052933613,0.2699325382334337,0.5748003064005944,0.1386906322548067,0.003302213058231529
"Ahlawat, Veer",6,4,0.0068342116308208745,0.21935007674075824,0.6060211520164457,0.16408372253051162,0.0037108370814635805
"Ahlawat, Veer",7,3,0.004995804199564968,0.12704992185919112,0.5019947334734055,0.33018058798309835,0.035778952484740056
"Ahlawat, Veer",8,5,0.03441273140395129,0.2223778065946206,0.43924086461682477,0.2574229879266592,0.04654560945794417
"Ahlawat, Veer",9,4,0.010496968457451628,0.1480177520915304,0.46203755544678055,0.32623216023021706,0.05321556377402037
"Ahlawat, Veer",10,4,0.00789549599289624,0.12902056068425516,0.4521528053844173,0.34970731296418955,0.061223824974241725
"Ahlawat, Veer",11,3,0.027980278243292356,0.34647138452275633,0.5237144593033471,0.09973183488776338,0.0021020430428407844
"Ahlawat, Veer",12,4,0.008758274514485909,0.15345020967816186,0.4949934489457043,0.30647910018827496,0.03631896667337298
"Ahlawat, Veer",13,3,0.0036409445337537427,0.17909279334603778,0.6261194790828175,0.1871501286155537,0.003996654421837276
"Ahlawat, Veer",14,4,0.005746039859625962,0.11223036353399463,0.444417588190787,0.37070120201420853,0.06690480640138385
"Ahlawat, Veer",15,5,0.030685422942676732,0.3119483818559242,0.5128491638150261,0.13874480559770286,0.005772225788670093
"Ahlawat, Veer",16,4,0.008042262824259183,0.2084974417459512,0.5827609545791197,0.19379466545161328,0.006904675399056592
"Ahlawat, Veer",17,3,0.005466245784016721,0.16801326552129653,0.5731244415541785,0.24173711424189104,0.011658932898617191
"Ahlawat, Veer",18,5,0.06687301729587719,0.32714256628644967,0.4378982692287024,0.15391009619098217,0.014176050997988576
"Aiken, Thomas",1,4,0.006496911124553473,0.17741164732304865,0.568724522757966,0.23564636435493025,0.011720554439501596
"Aiken, Thomas",2,4,0.014944575159495377,0.18359317508579343,0.4850818574514176,0.2806505483655035,0.03572984393779011
"Aiken, Thomas",3,5,0.03469193546594884,0.22509379997758117,0.44142981767905365,0.25420070568677533,0.04458374119064101
"Aiken, Thomas",4,3,0.020415202929276177,0.18392999879111843,0.44843863659120964,0.2937237533264697,0.053492408361926036
"Aiken, Thomas",5,4,0.01425739154546729,0.2784885507546908,0.5714505879965646,0.13276979643689446,0.0030336732663829302
"Aiken, Thomas",6,4,0.007410642408887225,0.22763593297203044,0.6043697185720247,0.157183374793755,0.0034003312533026353
"Aiken, Thomas",7,3,0.0053659304709824385,0.13205853758260894,0.505908759662965,0.322796543586542,0.033870228696901594
"Aiken, Thomas",8,5,0.03595110300320453,0.22727049724232357,0.4397087064289342,0.2524232083400504,0.04464648498548729
"Aiken, Thomas",9,4,0.011131055916497712,0.15281876679056172,0.4650325341434333,0.32016811484107377,0.05084952830843348
"Aiken, Thomas",10,4,0.008394861256460773,0.1334988747300127,0.4558768481574149,0.3436733905572025,0.05855602529890913
"Aiken, Thomas",11,3,0.029762790361010594,0.35498514430094935,0.5181466298336002,0.09517603459561119,0.001929400908828649
"Aiken, Thomas",12,4,0.009335192084295507,0.15874304045087112,0.49776839317702426,0.2996773169951128,0.034476057292696316
"Aiken, Thomas",13,3,0.003983881933125044,0.1868687528837712,0.6261272837003982,0.1793673543985318,0.003652727084173746
"Aiken, Thomas",14,4,0.0061303433001745344,0.11641712770388751,0.4488209545869474,0.3646350903782061,0.0639964840307845
"Aiken, Thomas",15,5,0.03245335154965162,0.3193814495484552,0.509239133332152,0.13355050184249284,0.005375563727248345
"Aiken, Thomas",16,4,0.008670425553715444,0.21605195274697397,0.5822293154788681,0.18665713852500665,0.0063911676954357954
"Aiken, Thomas",17,3,0.0059082835643934906,0.17465243690661025,0.5746925941576679,0.23389329655036883,0.010853388820959431
"Aiken, Thomas",18,5,0.06962744735644516,0.3324600594626969,0.4350291256626386,0.14944489287110652,0.013438474647112786
"Akesson, Bjorn",1,4,0.005298448715101822,0.16013999139152002,0.5639682748893906,0.2564895373949836,0.014103747609003903
"Akesson, Bjorn",2,4,0.012820397144986895,0.16940709300485407,0.47972274701890083,0.29733856771368183,0.04071119511757637
"Akesson, Bjorn",3,5,0.030808735421240907,0.21205119912520543,0.439665812738441,0.26766226023354367,0.04981199248156898
"Akesson, Bjorn",4,3,0.017841931485511442,0.17119145410159137,0.44312816208185024,0.30805943845172656,0.059779013879320386
"Akesson, Bjorn",5,4,0.011765782053676621,0.25588205797884744,0.5796251415818879,0.1489294539159658,0.0037975644696222055
"Akesson, Bjorn",6,4,0.005961151930846786,0.2058807831670149,0.6078896791607089,0.17598319188888645,0.004285193852543001
"Akesson, Bjorn",7,3,0.004429243062685051,0.11897808232117463,0.49497147346584325,0.3424657996697864,0.039155401480510665
"Akesson, Bjorn",8,5,0.03196923140234903,0.21428746962798317,0.4381208046112412,0.26576811863022953,0.049854375728197065
"Akesson, Bjorn",9,4,0.009509976220491045,0.14021186159881976,0.4566539506111298,0.3362722164249421,0.05735199514461731
"Akesson, Bjorn",10,4,0.007121125218912394,0.12176672513867559,0.4455823128684293,0.3596497666900643,0.06588007008391839
"Akesson, Bjorn",11,3,0.025207360420879177,0.3322843851453403,0.5324250167245623,0.10766209487264189,0.002421142836576351
"Akesson, Bjorn",12,4,0.007866033282388829,0.14485981848492457,0.4898856091315305,0.31781942102016536,0.03956911808099073
"Akesson, Bjorn",13,3,0.003127875085195242,0.16656191790442976,0.625136485207151,0.20053904193861727,0.004634679864606639
"Akesson, Bjorn",14,4,0.005152878638959413,0.10547559186731709,0.4367388079621744,0.3806548644343445,0.07197785709720461
"Akesson, Bjorn",15,5,0.02791646213752491,0.299590066326837,0.5183254408894467,0.1476767675511177,0.0064912630950737515
"Akesson, Bjorn",16,4,0.007083938541291412,0.196208155600548,0.5828595424163048,0.20600660028971451,0.007841763152141246
"Akesson, Bjorn",17,3,0.004794536494345636,0.15728168870016934,0.5697628298126036,0.2550439277660699,0.013117017226811578
"Akesson, Bjorn",18,5,0.06247059209681788,0.3181939979248258,0.4423430930579202,0.1615094207866824,0.015482896133753754
"Amat, Bastien",1,4,0.004980483111804657,0.15517657386183886,0.5620988340804498,0.2628511280814938,0.01489298086441293
"Amat, Bastien",2,4,0.012238242220521944,0.16527958073881432,0.47784296970573126,0.3023335496286974,0.04230565770623507
"Amat, Bastien",3,5,0.02972003315227628,0.2081971686728873,0.4389253380195111,0.2716905047324466,0.05146695542287871
"Amat, Bastien",4,3,0.017128377246675763,0.16746738473415024,0.4413213456380964,0.3123156966618902,0.06176719571918743
"Amat, Bastien",5,4,0.011098265624464476,0.2492610843078562,0.5815924583472595,0.15399086773140536,0.004057323989014483
"Amat, Bastien",6,4,0.005579574767013096,0.19959311900667648,0.6083904171317873,0.18184977481751885,0.004587114277004201
"Amat, Bastien",7,3,0.004179060467572715,0.11523852295417553,0.4913972621113132,0.34832496966496396,0.04086018480197462
"Amat, Bastien",8,5,0.03085188381701459,0.21044826590867338,0.43743526860970067,0.26976216162774835,0.051502420036863006
"Amat, Bastien",9,4,0.009067167839106827,0.1365651978769462,0.4539094535240589,0.34103969645011634,0.0594184843097717
"Amat, Bastien",10,4,0.006774934889205109,0.11838976500175002,0.44228340534904875,0.36434921408097887,0.06820268067901725
"Amat, Bastien",11,3,0.023964428120478443,0.32550927864727575,0.5363310375533146,0.11160646111812877,0.002588794560802521
"Amat, Bastien",12,4,0.007468178578261431,0.1408536051731415,0.4872331069823136,0.32323938782802064,0.04120572143826284
"Amat, Bastien",13,3,0.002906236439961185,0.16075958055900463,0.6242386784620606,0.20712458443929938,0.004970920099674259
"Amat, Bastien",14,4,0.0048888671711172504,0.102342544894305,0.4329211886977205,0.3853404506365128,0.07450694860034446
"Amat, Bastien",15,5,0.02666719595776207,0.29369903592475294,0.5207009690491076,0.152070315754411,0.006862483313966439
"Amat, Bastien",16,4,0.006662180826099151,0.19046674477095848,0.5825584261051282,0.21198424004013683,0.008328408257677333
"Amat, Bastien",17,3,0.004500008282680101,0.1522972312801228,0.5678277939246882,0.261506312958514,0.013868653553994914
"Amat, Bastien",18,5,0.060445869625272874,0.31388002598879916,0.4443172469595247,0.1652129914513275,0.016143865975075777
"Armitage, Marcus",1,4,0.0077006393591045885,0.19291222830589783,0.5709291316647486,0.21848344102699413,0.009974559643254888
"Armitage, Marcus",2,4,0.016985822531454253,0.196115168357554,0.4884937861827833,0.26651369337916897,0.03189152954903951
"Armitage, Marcus",3,5,0.038308344457955945,0.2363589515171104,0.44206058596172615,0.24278440680193103,0.04048771126127648
"Armitage, Marcus",4,3,0.02284861230251284,0.19510247242576406,0.45204994470042353,0.2814374132956434,0.04856155727565614
"Armitage, Marcus",5,4,0.01672563718565412,0.2982217978353139,0.5626124738235234,0.11994467600242231,0.0024954151530862667
"Armitage, Marcus",6,4,0.00888148724931842,0.24698778147111106,0.5991614048734265,0.14218919305969324,0.002780133346450775
"Armitage, Marcus",7,3,0.006298500971353926,0.1438919334069485,0.5139281031413805,0.3060364585293365,0.029845003950980553
"Armitage, Marcus",8,5,0.039654891911379164,0.23847266636539266,0.44019953032006653,0.24110827058571338,0.04056464081744826
"Armitage, Marcus",9,4,0.012696164345710581,0.16404166889462962,0.4711572486426979,0.3063182719279608,0.04578664618900108
"Armitage, Marcus",10,4,0.00963320503939652,0.14401647646150362,0.4636992212606687,0.3298150548581902,0.05283604238024098
"Armitage, Marcus",11,3,0.03416297119833922,0.3742636404013326,0.5046050528417234,0.08538418911428636,0.0015841464443184794
"Armitage, Marcus",12,4,0.010770422868124352,0.17114021441130567,0.5032405715918274,0.28427403952415664,0.030574751604585892
"Armitage, Marcus",13,3,0.004872393877645043,0.20522538805599766,0.6245242012994225,0.16240974921306428,0.002968267553870474
"Armitage, Marcus",14,4,0.007088891782504825,0.12629818846477436,0.4582208710560355,0.35063541577321555,0.057756632923469775
"Armitage, Marcus",15,5,0.03678209202967775,0.3362679734725186,0.5001694358908242,0.12221714713308252,0.0045633514738969705
"Armitage, Marcus",16,4,0.010259172726994448,0.23368450384514328,0.579711776942291,0.1709960546520255,0.005348491833545799
"Armitage, Marcus",17,3,0.00703189644412705,0.19027370520853687,0.576987587146532,0.21650524244567715,0.009201568755126899
"Armitage, Marcus",18,5,0.07620713070293755,0.34436432999107636,0.4279686311367796,0.13957458306517245,0.011885325104034061
"Ayora, Angel",1,4,0.008062154747292882,0.1972712379719327,0.5712329377207768,0.21389501368559716,0.009538655874400503
"Ayora, Angel",2,4,0.017583719687748522,0.19960447249918023,0.48923855733102806,0.2626696408756821,0.03090360960636107
"Ayora, Angel",3,5,0.039348808395817336,0.2394587947326895,0.44209282867193567,0.23967681855583145,0.03942274964372605
"Ayora, Angel",4,3,0.023554908381248685,0.1982047319544925,0.45288812071943246,0.27807345128166916,0.047278787663157185
"Ayora, Angel",5,4,0.017460921705722332,0.30367899552048305,0.5599069694322498,0.11658898124307382,0.0023641320984709724
"Ayora, Angel",6,4,0.009325702147130022,0.25239919501581387,0.5973902924843976,0.1382554398796627,0.002629370472995829
"Ayora, Angel",7,3,0.006577239487921049,0.14723654387314022,0.5159039774790866,0.3014658431129932,0.028816396046858928
"Ayora, Angel",8,5,0.04071975206620704,0.24155332168549348,0.4401952371673258,0.2380286034919562,0.039503085589017495
"Ayora, Angel",9,4,0.013155859864622865,0.16718490582401302,0.4726639369501877,0.30251984807148646,0.04447544928968994
"Ayora, Angel",10,4,0.00999838583437307,0.14697432085275192,0.4656790488565658,0.32599620836769694,0.051352036088612274
"Ayora, Angel",11,3,0.03545491180466476,0.3795076558860935,0.5006977003069939,0.08283962640933484,0.0015001055929130258
"Ayora, Angel",12,4,0.011194785137121466,0.1746179313498119,0.5045319398893457,0.2800810889460702,0.029574254677650735
"Ayora, Angel",13,3,0.005144218731289674,0.2104068338599498,0.6236957601832032,0.15795072756234996,0.0028024596632074683
"Ayora, Angel",14,4,0.007372967009160791,0.12908891877737572,0.46063928741205806,0.34676199548299136,0.05613683131841407
"Ayora, Angel",15,5,0.038044395558439636,0.3408763860182013,0.4974863693069413,0.11923156783146904,0.004361281284948726
"Ayora, Angel",16,4,0.010735459521460544,0.23861326985612086,0.5787091151080612,0.16685101982665795,0.005091135687699477
"Ayora, Angel",17,3,0.007370199533976718,0.1946716982590896,0.5773067171039952,0.21186121485859377,0.008790170244344697
"Ayora, Angel",18,5,0.07808578494918433,0.34757132425339426,0.42591090140701404,0.13694316182897026,0.011488827561437098
"Bairstow, Sam",1,4,0.008634458393560973,0.2039276566990899,0.5714473021571501,0.20707666948804293,0.00891391326215607
"Bairstow, Sam",2,4,0.018517540903088714,0.20490756300049334,0.49020591686604353,0.25690458276397987,0.029464396466394538
"Bairstow, Sam",3,5,0.04095822476627342,0.24413832880308695,0.44202775525613847,0.2350129139017758,0.037862777272725356
"Bairstow, Sam",4,3,0.024652640101262557,0.20291095003956516,0.4540276341044258,0.27300953722386834,0.04539923853087813
"Bairstow, Sam",5,4,0.018619676265942242,0.3119356258188317,0.5556071909628344,0.11165922743064427,0.002178279521747317
"Bairstow, Sam",6,4,0.010031003378953018,0.2606360017874236,0.5944479734214665,0.13246869175980458,0.002416329652352278
"Bairstow, Sam",7,3,0.00701738799313073,0.15235871143565882,0.5186984552398088,0.29460167632826595,0.0273237690031356
"Bairstow, Sam",8,5,0.04236628582570484,0.2462023781096454,0.44007662058241775,0.23340683805344964,0.03794787742878236
"Bairstow, Sam",9,4,0.013874921860934086,0.1719754116543411,0.4747932607308683,0.29679743860987395,0.04255896714398255
"Bairstow, Sam",10,4,0.010570855447263106,0.1514923702884594,0.46852701059187774,0.320228820610005,0.04918094306239473
"Bairstow, Sam",11,3,0.03747491666764036,0.38736996499890475,0.49465906429091655,0.07911480344728283,0.001381250595255512
"Bairstow, Sam",12,4,0.011860956751743312,0.17992245735014872,0.5063073484446451,0.2737896418782928,0.028119595575170075
"Bairstow, Sam",13,3,0.005578858429691469,0.21833367380506197,0.6221350609620571,0.1513838072973861,0.0025685995058033484
"Bairstow, Sam",14,4,0.007819495457116576,0.13336157541487775,0.46415250581361095,0.34090002696539623,0.05376639634899849
"Bairstow, Sam",15,5,0.04001091808977658,0.3477993498947809,0.49328858211292587,0.11482897614491294,0.004072173757603714
"Bairstow, Sam",16,4,0.011488678629278715,0.24611460735658214,0.5769477596685322,0.16072443907876854,0.0047245152668384804
"Bairstow, Sam",17,3,0.00790648643446168,0.20139172198760197,0.5775364851750278,0.2049639971110334,0.008201309291875125
"Bairstow, Sam",18,5,0.08097961046393248,0.35235585049468904,0.42271353754762064,0.13303733521294714,0.010913666280810697
"Baldwin, Matthew",1,4,0.00602494522964786,0.17085757021531373,0.5672239841909061,0.24332941101521532,0.012564089348916951
"Baldwin, Matthew",2,4,0.014120258370830308,0.1782408169543831,0.4832540436558037,0.28686100295103634,0.03752387806794655
"Baldwin, Matthew",3,5,0.033200708453788585,0.22020899846590042,0.44090134911537315,0.2592115987823328,0.046477345182605045
"Baldwin, Matthew",4,3,0.01942196266965429,0.17913446558437268,0.4465935100079582,0.29907975649599694,0.05577030524201787
"Baldwin, Matthew",5,4,0.013280540319305145,0.2699881679096394,0.574779510148394,0.13865139099926194,0.003300390623399485
"Baldwin, Matthew",6,4,0.006837846771552303,0.21940374531471674,0.6060116448129387,0.16403803543172124,0.0037087276690710436
"Baldwin, Matthew",7,3,0.004998147578450296,0.12708225562331388,0.5020210563905283,0.330132343595852,0.035766196811855555
"Baldwin, Matthew",8,5,0.03442260765878424,0.22240969631215812,0.43924442068845226,0.25739028569686384,0.04653298964374153
"Baldwin, Matthew",9,4,0.010501008432618197,0.1480488475536607,0.4620577100547115,0.32619261303804226,0.05319982092096731
"Baldwin, Matthew",10,4,0.007898673095130426,0.1290495250837443,0.4521776854503555,0.3496680312552348,0.061206085115534936
"Baldwin, Matthew",11,3,0.027991633376753977,0.3465270444409142,0.5236788837789808,0.09970156783444017,0.002100870568910951
"Baldwin, Matthew",12,4,0.0087619413684904,0.153484468612968,0.49501229864947766,0.3064346266039616,0.03630666476510236
"Baldwin, Matthew",13,3,0.0036430971471213547,0.17914299539033635,0.6261209483109413,0.18709864370274476,0.0039943154488562005
"Baldwin, Matthew",14,4,0.005748480592486893,0.11225740209692753,0.4444468748868688,0.37066177115454646,0.06688547126917033
"Baldwin, Matthew",15,5,0.030696713736379222,0.3119969333726514,0.5128263491279251,0.13871045268575521,0.005769551077289048
"Baldwin, Matthew",16,4,0.008046235010878977,0.20854638525137886,0.5827586293442235,0.19374754621346546,0.006901204180053133
"Baldwin, Matthew",17,3,0.005469036800127114,0.1680561753881467,0.5731357894246636,0.2416854945785345,0.011653503808528143
"Baldwin, Matthew",18,5,0.0668907423263399,0.32717745549543537,0.4378800035666287,0.15388067938983419,0.014171119221761841
"Bekirian, Jean",1,4,0.00507120510376835,0.15661115186439872,0.5626637953918441,0.260994346146613,0.014659501493375915
"Bekirian, Jean",2,4,0.012405229089640424,0.16647503789229062,0.47840292326748735,0.30088024180654227,0.04183656794403934
"Bekirian, Jean",3,5,0.03003348404260764,0.20931625658632663,0.43915085899304224,0.2705184613005006,0.05098093907752288
"Bekirian, Jean",4,3,0.01733344972068518,0.16854685586785495,0.441857326227675,0.3110789537668497,0.0611834144169352
"Bekirian, Jean",5,4,0.011289018196360523,0.2511805684943472,0.581043001438439,0.15250726735315023,0.00398014451770301
"Bekirian, Jean",6,4,0.005688304894502061,0.20141204320724476,0.608271040613932,0.18013125184854983,0.004497359435771342
"Bekirian, Jean",7,3,0.004250522368310361,0.11631850523987619,0.4924512816954042,0.3466216700077186,0.040358020688690655
"Bekirian, Jean",8,5,0.031173628346166993,0.21156318026280396,0.4376447004854219,0.2686000331484636,0.05101845775714353
"Bekirian, Jean",9,4,0.009194116620593773,0.1376203948787118,0.45471912777838097,0.339655123884542,0.05881123683777145
"Bekirian, Jean",10,4,0.006874103402493836,0.11936613983841715,0.44325346690335,0.3629858776647308,0.06752041219100824
"Bekirian, Jean",11,3,0.024320672562805734,0.3274794216736282,0.5352123058149478,0.11044864003496113,0.0025389599136571572
"Bekirian, Jean",12,4,0.007582077588777492,0.14201236383925359,0.48801866383066156,0.32166296250577786,0.0407239322355295
"Bekirian, Jean",13,3,0.0029692220325232555,0.1624349769885134,0.6245283774032226,0.20519651761935653,0.004870905956384175
"Bekirian, Jean",14,4,0.004964418084492828,0.10324762981708596,0.43404137718123026,0.38398244983977103,0.07376412507741992
"Bekirian, Jean",15,5,0.02702580041567626,0.29541144144361525,0.5200262788757946,0.1507839025586456,0.006752576706268276
"Bekirian, Jean",16,4,0.006782554445165456,0.1921279834786847,0.5826692806758508,0.21023604332019397,0.008184138080105097
"Bekirian, Jean",17,3,0.0045839983285745345,0.15373753419648584,0.568412479298785,0.2596197879162083,0.013646200259946228
"Bekirian, Jean",18,5,0.061029661292697934,0.3151372749985293,0.44375311342916623,0.16413086490145667,0.015949085378149874
"Besseling, Wil",1,4,0.0061690609970794785,0.17289064181638236,0.5677277271732577,0.24091756020337207,0.012295009809908386
"Besseling, Wil",2,4,0.01437354381925049,0.17990499999005677,0.4838469339685377,0.28491901648868545,0.03695550573346962
"Besseling, Wil",3,5,0.033660937490731624,0.22173240446800957,0.4410829601907579,0.25764491654835375,0.045878781302147176
"Besseling, Wil",4,3,0.019727844178817844,0.18062686165123853,0.4471872663750966,0.29740764390080343,0.0550503838940436
"Besseling, Wil",5,4,0.013579401952055314,0.27263509262338925,0.573774990774658,0.13679565476611388,0.0032148598837835607
"Besseling, Wil",6,4,0.007012495080765069,0.22196045401889103,0.6055405203949258,0.1618767693738985,0.003609761131519562
"Besseling, Wil",7,3,0.005110591995119873,0.12862421224438803,0.5032602281889456,0.3278403859185638,0.03516458165298275
"Besseling, Wil",8,5,0.03489441917118308,0.22392583337818306,0.43940578778189243,0.2558372547860135,0.04593670488272794
"Besseling, Wil",9,4,0.01069447443583893,0.1495301974620794,0.463006311311021,0.32431273785047476,0.05245627894058591
"Besseling, Wil",10,4,0.008050886488170927,0.13042997451290772,0.45335135696193146,0.3477997226267425,0.060368059410247366
"Besseling, Wil",11,3,0.0285354395031866,0.3491707859240542,0.5219765851471423,0.09827133268173538,0.00204585674388158
"Besseling, Wil",12,4,0.008937674423065034,0.15511685936786068,0.49589689933823955,0.3043223252579723,0.03572624161286242
"Besseling, Wil",13,3,0.003746670971472077,0.1815370456442994,0.626169243635299,0.18466242331996552,0.003884616428963983
"Besseling, Wil",14,4,0.005865480447017624,0.11354667500024851,0.44583037717612195,0.3687854448596928,0.06597202251691914
"Besseling, Wil",15,5,0.031237002046664686,0.3143036784979968,0.5117307659846952,0.1370847910030899,0.0056437624675533815
"Besseling, Wil",16,4,0.008236911348880771,0.21087780802499234,0.582630748697182,0.1915164456717714,0.006738086257173426
"Besseling, Wil",17,3,0.00560307742391819,0.17010174829475344,0.573658195815788,0.23923884096325854,0.011398137502281802
"Besseling, Wil",18,5,0.06773687488907776,0.32883270997684544,0.4370049696352426,0.15248688908171248,0.013938556417121717
"Bjerregaard, Lucas",1,4,0.005487546950757316,0.16300935570360964,0.5649419142804444,0.2528907192911387,0.013670463774049901
"Bjerregaard, Lucas",2,4,0.013162627345708222,0.17178241869391558,0.48073710616448084,0.2944929473143013,0.03982490048159404
"Bjerregaard, Lucas",3,5,0.03144356296478812,0.21425675934996075,0.4400439687198516,0.2653673530346038,0.04888835593079577
"Bjerregaard, Lucas",4,3,0.01825964787812384,0.17333085680555782,0.4441128919437527,0.3056275787174414,0.05866902465512425
"Bjerregaard, Lucas",5,4,0.012161412663725002,0.2596839743499261,0.5784051688690487,0.14609309795338543,0.0036563461639147476
"Bjerregaard, Lucas",6,4,0.006188718597039122,0.2095085387461766,0.6074904325233048,0.17269105302269638,0.00412125711078315
"Bjerregaard, Lucas",7,3,0.0045776714633056215,0.12114380263229707,0.4969463782546401,0.3391217370250983,0.03821041062465891
"Bjerregaard, Lucas",8,5,0.03262055691206961,0.21648397169239153,0.43846811685562387,0.2634928491569455,0.048934505382969506
"Bjerregaard, Lucas",9,4,0.009770592974676473,0.14231483343247753,0.45816903047693863,0.333545235468898,0.05620030764700934
"Bjerregaard, Lucas",10,4,0.007325239969546482,0.12371759926050402,0.44741720760928155,0.3569553310527015,0.06458462210796645
"Bjerregaard, Lucas",11,3,0.025939269573925172,0.33614868609728177,0.5301232637064501,0.10545869143940689,0.0023300891829360904
"Bjerregaard, Lucas",12,4,0.008100917895467519,0.14717220168301715,0.4913367574737205,0.31472944167946515,0.038660681268329666
"Bjerregaard, Lucas",13,3,0.0032608329598228236,0.169923431193084,0.6255244194818821,0.19683897246612692,0.004452343899084221
"Bjerregaard, Lucas",14,4,0.005308886472303376,0.10728893736515288,0.4388726291665351,0.3779627173140896,0.07056682968191907
"Bjerregaard, Lucas",15,5,0.02864967552232739,0.30295308902413604,0.51690087675634,0.14520853021177282,0.006287828485423752
"Bjerregaard, Lucas",16,4,0.00733459037709977,0.1995193252774065,0.5829303217224604,0.2026398928121076,0.007575869810925728
"Bjerregaard, Lucas",17,3,0.004969899057732041,0.16016477626523945,0.570771055349115,0.25138949319925796,0.012704776128655615
"Bjerregaard, Lucas",18,5,0.06364743982322846,0.32064262664651044,0.44117404440742164,0.15941904012913388,0.015116848993705578
"Boneta, Albert",1,4,0.006120179266851544,0.17220427942589867,0.5675615737886264,0.2417288833986918,0.012385084119931555
"Boneta, Albert",2,4,0.014287793098588741,0.17934357046879457,0.4836494199600465,0.28557305027634416,0.037146166196226016
"Boneta, Albert",3,5,0.03350533008102419,0.22121893496410627,0.44102345605261184,0.258172571777183,0.0460797071250747
"Boneta, Albert",4,3,0.019624356784131436,0.1801235234796828,0.44698900011599246,0.2979710605214474,0.055292059098745905
"Boneta, Albert",5,4,0.01347809084513879,0.2717425151998416,0.5741170037468388,0.13741894532963028,0.00324344487855055
"Boneta, Albert",6,4,0.006953231356434386,0.22109762104781566,0.6057034858759357,0.16260283242361218,0.003642829296202077
"Boneta, Albert",7,3,0.005072466956137833,0.12810348154618545,0.5028452703957621,0.32861248427525525,0.03536629682665937
"Boneta, Albert",8,5,0.03473490376942473,0.22341483581037763,0.4393530839017362,0.2563603073083165,0.046136869210144926
"Boneta, Albert",9,4,0.010628963070708097,0.14903027335217944,0.4626886979900367,0.3249462573164542,0.052705808270621546
"Boneta, Albert",10,4,0.007999329072395478,0.1299639663538073,0.452957797494675,0.348429574086519,0.06064933299260322
"Boneta, Albert",11,3,0.028351289365791232,0.3482802930944605,0.5225527103689179,0.09875146721853112,0.002064239952299207
"Boneta, Albert",12,4,0.00887813827939421,0.15456588877635402,0.49560128562975825,0.30503379000896214,0.035920897305531385
"Boneta, Albert",13,3,0.003711491705489456,0.1807285631043598,0.6261576781012177,0.18548100468025674,0.003921262408676296
"Boneta, Albert",14,4,0.005825836163973364,0.11311131269268582,0.4453660256726645,0.36941820079557575,0.0662786246751006
"Boneta, Albert",15,5,0.031054138390387176,0.31352655539020574,0.5121024007665005,0.13763104674344095,0.0056858587094656965
"Boneta, Albert",16,4,0.008172244836011255,0.21009104493447417,0.5826776373988802,0.1922664261681737,0.0067926466624606
"Boneta, Albert",17,3,0.005557604545030959,0.16941110611778076,0.5734858650612966,0.24006181702476792,0.01148360725112374
"Boneta, Albert",18,5,0.06745094323578887,0.32827558801273854,0.43730133773489643,0.15295560786329299,0.014016523153283167
"Bradbury, Dan",1,4,0.006860260421382547,0.1822636018760585,0.5696111637699129,0.2301263757115195,0.011138598221126506
"Bradbury, Dan",2,4,0.015569500872096798,0.18753273963785944,0.4862831654149629,0.2761443420393328,0.03447025203574805
"Bradbury, Dan",3,5,0.03581019483751596,0.22866217153509488,0.44171763700395716,0.2505634529452958,0.043246543678136184
"Bradbury, Dan",4,3,0.021163997744986673,0.1874518736601018,0.4496791655129066,0.28982176600020015,0.05188319708180478
"Bradbury, Dan",5,4,0.015005828453735548,0.2847209201026626,0.5688233109298058,0.12859780327282921,0.00285213724096689
"Bradbury, Dan",6,4,0.007853191003724502,0.23371138967862154,0.6029317569864385,0.15231284803898615,0.003190814292229227
"Bradbury, Dan",7,3,0.005648208641052699,0.135752725325192,0.5085915868862245,0.3174630256776828,0.03254445346984802
"Bradbury, Dan",8,5,0.037096824436611886,0.23082006723785625,0.4399509790692134,0.24881802888691074,0.04331410036940775
"Bradbury, Dan",9,4,0.011609482932143422,0.1563400082064389,0.46708325255554756,0.31577385315256423,0.04919340315330589
"Bradbury, Dan",10,4,0.008772555208476307,0.13679147583301604,0.4584613969777342,0.33928787901025204,0.056686692970521424
"Bradbury, Dan",11,3,0.031107931318442084,0.3611275578690379,0.5139724512289754,0.09197922146546045,0.0018128381180841924
"Bradbury, Dan",12,4,0.009772276661483281,0.1626291609136849,0.4996346351417233,0.2947705062940622,0.03319342098904632
"Bradbury, Dan",13,3,0.004249260004850541,0.19260245563628836,0.6258613016259729,0.1738658773043682,0.0034211054285200326
"Bradbury, Dan",14,4,0.00642188853190423,0.11950326326259675,0.451902211240988,0.36021475925474455,0.06195787770976646
"Bradbury, Dan",15,5,0.03378177555820083,0.3247529557693899,0.5064843448530839,0.12987657509609352,0.005104348723231844
"Bradbury, Dan",16,4,0.009150471966902496,0.22158908301335656,0.5816255303551712,0.1815933001523723,0.006041614512197424
"Bradbury, Dan",17,3,0.00624696593481211,0.1795390749931987,0.5756137856366732,0.22829802368167318,0.010302149753642853
"Bradbury, Dan",18,5,0.07167048881319366,0.3362730390344193,0.4328648329955533,0.1462650331349149,0.012926606021918863
"Brown, Daniel",1,4,0.0073088326307795826,0.18804172091170296,0.5704302427304117,0.22373050439458875,0.01048869933251706
"Brown, Daniel",2,4,0.016330298965620826,0.19220025591871132,0.4875532360319199,0.2708754590141602,0.03304075006958773
"Brown, Daniel",3,5,0.03715814526716671,0.23286093441715772,0.441951451439119,0.24630862550556043,0.04172084337099613
"Brown, Daniel",4,3,0.02207098660627599,0.19161624884923595,0.4510238707856562,0.28524238190706586,0.05004651185176601
"Brown, Daniel",5,4,0.01592570689113959,0.2920767376134629,0.5655258914298009,0.1238197682314871,0.002651895834109408
"Brown, Daniel",6,4,0.008401283707225649,0.24092528935629554,0.600986897687189,0.14672642228096822,0.0029601069683216075
"Brown, Daniel",7,3,0.005995742991657893,0.14016373945894112,0.5115789297084752,0.311216088826632,0.031045499014293765
"Brown, Daniel",8,5,0.038477345415690256,0.2349953413965128,0.44013264670209196,0.24460098754615334,0.04179367893955166
"Brown, Daniel",9,4,0.01219280729890243,0.1605233174898164,0.46936468946361315,0.31061153870755254,0.047307647040115475
"Brown, Daniel",10,4,0.009234081291071117,0.1407119117667736,0.4613757182794006,0.33412216414679063,0.05455612451596403
"Brown, Daniel",11,3,0.032747976176225047,0.36831337962467503,0.5089225722811588,0.08833166642124357,0.0016844054966975719
"Brown, Daniel",12,4,0.01030717699348388,0.16725025420532869,0.5016725540085925,0.2890294786858095,0.03174053610678551
"Brown, Daniel",13,3,0.004580303434063182,0.19944548797012962,0.6252600553508669,0.16754763948839013,0.0031665137565500823
"Brown, Daniel",14,4,0.006779124048154173,0.12318645028604513,0.45540463687031363,0.3549961478813082,0.05963364091417889
"Brown, Daniel",15,5,0.03539522139198409,0.3310471054990992,0.5031015835301018,0.12565403453343604,0.004802055045378895
"Brown, Daniel",16,4,0.009742537093975712,0.22816194642027976,0.5806841137319734,0.17575779605186181,0.005653606701909397
"Brown, Daniel",17,3,0.006665673307671038,0.18536220886240573,0.5764664769479328,0.2218183052168159,0.009687335665174546
"Brown, Daniel",18,5,0.07412299582280013,0.340709643425394,0.4302319261555624,0.14258717507544927,0.012348259520794214
"Brown, Hamish",1,4,0.005802013488963698,0.16765451448824598,0.5663584162641654,0.24718278013987227,0.013002275618752668
"Brown, Hamish",2,4,0.013725583217416126,0.1756116435455053,0.482271305050499,0.28994950391453833,0.038441964272041274
"Brown, Hamish",3,5,0.03247986253318169,0.2177936513821756,0.44058193975624454,0.26170291619943664,0.04744163012896152
"Brown, Hamish",4,3,0.01894406682005023,0.17677416222817027,0.445617864619369,0.3017340400536197,0.05692986627879082
"Brown, Hamish",5,4,0.012817200375535631,0.265799404640836,0.5763086769368367,0.1416341619183641,0.00344055612842753
"Brown, Hamish",6,4,0.006568148687046749,0.2153701420917406,0.6066816606629911,0.16750900121690515,0.0038710473413163804
"Brown, Hamish",7,3,0.00482395104035932,0.12465597063937739,0.5000066014013018,0.3337736916967058,0.03673978522225574
"Brown, Hamish",8,5,0.033683472599043585,0.22000547139128812,0.4389575310107475,0.2598599883262114,0.04749353667270939
"Brown, Hamish",9,4,0.010199774191658295,0.14571171885913914,0.4605148137463999,0.3291748644769543,0.054398828725848336
"Brown, Hamish",10,4,0.007661940497209252,0.12687406495315484,0.4502795367170029,0.3526276783762454,0.0625567794563876
"Brown, Hamish",11,3,0.027145046193492783,0.34232479023551954,0.5263341248757458,0.10200495880939497,0.0021910798858468805
"Brown, Hamish",12,4,0.008488849815736166,0.1509103994921157,0.49356300218205795,0.30979264962547903,0.03724509888461114
"Brown, Hamish",13,3,0.0034837491731560255,0.17537592357739273,0.6259575609217334,0.19100837113886782,0.0041743951888501
"Brown, Hamish",14,4,0.005566771965510253,0.11022805770548388,0.4422173127164258,0.37363038740301613,0.06835747020956395
"Brown, Hamish",15,5,0.02985387925752625,0.30833287097825396,0.5145196722838226,0.14131896481016903,0.005974612670228141
"Brown, Hamish",16,4,0.007751140600430806,0.20486742754565113,0.582891603768276,0.19732217153805187,0.007167656547590218
"Brown, Hamish",17,3,0.005261841841365189,0.16483451110934993,0.572238550995742,0.2455954716852159,0.012069624368327037
"Brown, Hamish",18,5,0.06556269376312857,0.32453863162076135,0.43924085744041136,0.15611016606229056,0.014547651113408167
"Brun, Julien",1,4,0.0051699437090496625,0.158155585835897,0.5632494813528597,0.25901191272476043,0.014413076377433276
"Brun, Julien",2,4,0.0125861588447288,0.16775977099808997,0.47899053305656253,0.2993244170689374,0.041339120031681276
"Brun, Julien",3,5,0.030372041513376746,0.21051632715233476,0.43938312239850685,0.2692637571327424,0.05046475180303922
"Brun, Julien",4,3,0.017555284120454318,0.1697061522125602,0.4424217660888854,0.30975348854599183,0.06056330903210827
"Brun, Julien",5,4,0.01149635547798361,0.253241739368478,0.580433902792585,0.1509290131809522,0.0038989891800012
"Brun, Julien",6,4,0.005806772604798505,0.20336880637548627,0.6081193013225228,0.17830209499025185,0.00440302470694065
"Brun, Julien",7,3,0.004328225807961772,0.11748197207606403,0.49356685085891727,0.34479689286689585,0.03982605839016107
"Brun, Julien",8,5,0.03152110149495102,0.21275865542316186,0.4378598347877113,0.26735597638094943,0.0505044319132264
"Brun, Julien",9,4,0.009331726842720545,0.1387552945241297,0.4555757785077702,0.33817056652272226,0.05816663360265728
"Brun, Julien",10,4,0.006981674107498559,0.12041697446060323,0.44428265719980176,0.3615227405445842,0.06679595368751223
"Brun, Julien",11,3,0.02470692148870296,0.32958955173309945,0.5339984978482246,0.10921845076558168,0.002486578164391351
"Brun, Julien",12,4,0.00770569012035599,0.14325908447006375,0.4888470891541095,0.3199748460793458,0.04021329017612496
"Brun, Julien",13,3,0.003038004020947782,0.16424018607437896,0.6248126136956782,0.2031433566299473,0.004765839579047748
"Brun, Julien",14,4,0.005046440408944641,0.10422243715049945,0.43523200826369385,0.382523837296997,0.07297527687986505
"Brun, Julien",15,5,0.027414109465337233,0.29724610917125754,0.5192889945533394,0.14941413040154727,0.006636656408518515
"Brun, Julien",16,4,0.0069135305367802324,0.19391480039590026,0.5827668131530094,0.20837271042736027,0.00803214548694986
"Brun, Julien",17,3,0.004675451099598271,0.15528845664565039,0.5690187003736988,0.25760589221570107,0.013411499665351378
"Brun, Julien",18,5,0.06165943909786331,0.31648131496039716,0.4431398546834259,0.16297656746397848,0.015742823794335115
"Bryant, Davis",1,4,0.006501727224028309,0.17747702206761018,0.5687377124281742,0.23557105707880321,0.011712481201384128
"Bryant, Davis",2,4,0.01495291175640956,0.18364638263466743,0.485098885912191,0.2805893234644319,0.035712496232300106
"Bryant, Davis",3,5,0.03470692118672031,0.22514214555334483,0.44143426847382816,0.2541512960588851,0.04456536872722161
"Bryant, Davis",4,3,0.02042521523714358,0.18397760866361146,0.44845604702201813,0.2936708269773479,0.05347030209987891
"Bryant, Davis",5,4,0.01426733197558211,0.2785728650017388,0.5714160844620406,0.13271257771049716,0.003031140850141334
"Bryant, Davis",6,4,0.007416499587854064,0.22771790014659266,0.6043515718385755,0.15711662215794242,0.0033974062690353968
"Bryant, Davis",7,3,0.005369676750867358,0.1321082541133909,0.5059459931402621,0.322724137285599,0.03385193870988057
"Bryant, Davis",8,5,0.035966459450020305,0.22731859523332587,0.4397125325893366,0.2523742329330746,0.044628179794242606
"Bryant, Davis",9,4,0.01113743383420901,0.1528662658283812,0.4650610069024068,0.32010854000487665,0.050826753430126326
"Bryant, Davis",10,4,0.008399891203159815,0.1335432444819405,0.4559125276264019,0.34361400707351186,0.05853032961498594
"Bryant, Davis",11,3,0.029780721780978348,0.3550685736149594,0.5180908149014345,0.09513211565498625,0.0019277740476415506
"Bryant, Davis",12,4,0.0093410089220895,0.15879543857089956,0.4977945053857561,0.2996106699692239,0.03445837715203093
"Bryant, Davis",13,3,0.003987382644060566,0.1869459292003388,0.6261251978808811,0.17929199933931306,0.003649490935406563
"Bryant, Davis",14,4,0.00613422108092837,0.11645867103673152,0.44886334356204405,0.3645752986788078,0.06396846564148828
"Bryant, Davis",15,5,0.03247109160300682,0.31945435700138985,0.5092025600637529,0.13350019341595276,0.0053717979158977025
"Bryant, Davis",16,4,0.008676791225001201,0.21612666788203327,0.5822223522474141,0.1865878833831569,0.006386305262394476
"Bryant, Davis",17,3,0.005912769811654894,0.17471825968948101,0.574706288811534,0.2338169443364162,0.010845737350913875
"Bryant, Davis",18,5,0.06965487752520255,0.3325119790198809,0.43500025967826217,0.14940147306610796,0.013431410710546432
"Cabrera Bello, Rafa",1,4,0.006045994088795692,0.1711563146735373,0.5673002038581303,0.24297336936872826,0.012524118010808438
"Cabrera Bello, Rafa",2,4,0.014157341301871074,0.1784855790052572,0.48334265165332324,0.28657475584969494,0.03743967218985356
"Cabrera Bello, Rafa",3,5,0.033268204252012656,0.22043331824495033,0.44092905209482014,0.25898068142114705,0.046388743987069825
"Cabrera Bello, Rafa",4,3,0.019466785226637195,0.179354039019529,0.44668198669423376,0.29883344183386484,0.055663747225735194
"Cabrera Bello, Rafa",5,4,0.013324222951450082,0.2703776862333229,0.5746335298927857,0.13837690203990893,0.0032876588825323516
"Cabrera Bello, Rafa",6,4,0.006863340611324986,0.21977960706382554,0.6059446192927551,0.16371844115967915,0.0036939918724151477
"Cabrera Bello, Rafa",7,3,0.005014578662432323,0.12730874036897583,0.502205045983834,0.32979462357621114,0.03567701140854673
"Cabrera Bello, Rafa",8,5,0.03449180667234203,0.22263295806814581,0.43926912981114097,0.25716137763147384,0.046444727816897347
"Cabrera Bello, Rafa",9,4,0.010529326214354429,0.1482666208302001,0.46219858019081334,0.32591574846030313,0.05308972430432901
"Cabrera Bello, Rafa",10,4,0.007920944311711864,0.12925238875565437,0.452351648736514,0.34939299964640325,0.06108201854971651
"Cabrera Bello, Rafa",11,3,0.0280712268170491,0.34691666239362207,0.5234295512554975,0.09948987968561784,0.0020926798482134856
"Cabrera Bello, Rafa",12,4,0.008787647052247494,0.15372440508361762,0.49514398542934485,0.3061233155539317,0.036220646880858354
"Cabrera Bello, Rafa",13,3,0.00365819744342466,0.17949463983171116,0.6261307104910063,0.18673847530359322,0.003977976930264582
"Cabrera Bello, Rafa",14,4,0.005765591500893563,0.11244679215987263,0.4446516972143533,0.37038567276557166,0.06675024635930882
"Cabrera Bello, Rafa",15,5,0.030775845649065048,0.3123368080985777,0.5126663568523856,0.1384701305259186,0.005750858874053022
"Cabrera Bello, Rafa",16,4,0.008074088637308241,0.20888915086451926,0.5827419288868243,0.19341788284560724,0.0068769487657409645
"Cabrera Bello, Rafa",17,3,0.005488609397425737,0.1683567234746544,0.5732148208918405,0.24132428464204703,0.01161556159403232
"Cabrera Bello, Rafa",18,5,0.06701491932270087,0.3274216322581456,0.43775196335900934,0.15367484689908895,0.01413663816105526
"Campillo, Jorge",1,4,0.0076208307165338,0.191932819708726,0.5708425179847163,0.21952824053677478,0.010075591053249178
"Campillo, Jorge",2,4,0.016852947197230128,0.19532931055887748,0.4883139651169294,0.2673850829550357,0.03211869417192725
"Campillo, Jorge",3,5,0.038076011103727825,0.2356584931897684,0.44204492861418543,0.2434886255226424,0.04073194156967597
"Campillo, Jorge",4,3,0.02269126660719889,0.19440314510108003,0.45185130627692505,0.2821985864648481,0.04885569554994795
"Campillo, Jorge",5,4,0.016562956467628287,0.29699012987970125,0.5632078096357231,0.1207130774614118,0.0025260265555355765
"Campillo, Jorge",6,4,0.008783566249979835,0.24577003337923636,0.5995417304018348,0.14308935229081576,0.0028153176781332556
"Campillo, Jorge",7,3,0.006236888505846749,0.14314148439480306,0.5134678447147097,0.3070718098214822,0.030081972563158255
"Campillo, Jorge",8,5,0.03941706692138419,0.23777643313999897,0.4401922466895392,0.24180618038607338,0.04080807286300425
"Campillo, Jorge",9,4,0.012594078284080656,0.16333471278308898,0.4708061481768253,0.3071774002628871,0.046087660493117966
"Campillo, Jorge",10,4,0.009552195096472538,0.14335194437005894,0.4632415445701654,0.3306777433554108,0.053176572607892325
"Campillo, Jorge",11,3,0.03387602027936126,0.3730748601707316,0.5054774862110027,0.08596788125254817,0.0016037520863562138
"Campillo, Jorge",12,4,0.01067634977715548,0.17035834820203066,0.502936003624571,0.2852242704225737,0.03080502797366913
"Campillo, Jorge",13,3,0.004812681358604964,0.20406228150457129,0.6246885187938997,0.16342952027062785,0.0030069980722962075
"Campillo, Jorge",14,4,0.0070259574108389455,0.1256719115300099,0.45766433589452366,0.35150952458372187,0.05812827058090564
"Campillo, Jorge",15,5,0.03650121825999264,0.33522423684615554,0.50076475724141,0.12289956069337227,0.004610226959069541
"Campillo, Jorge",16,4,0.010153974751770212,0.23257528455233906,0.579920052381669,0.17194237168934268,0.0054083166248790615
"Campillo, Jorge",17,3,0.006957262361858174,0.18928583431065715,0.5768969430970861,0.21756298000517504,0.009296980225223628
"Campillo, Jorge",18,5,0.07578677469261463,0.34363552901513517,0.42842686283950404,0.14017414491092572,0.011976688541820435
"Canter, Laurie",1,4,0.008817577763766349,0.20599831222257642,0.5714544790749647,0.20500059199860998,0.00872903894008259
"Canter, Laurie",2,4,0.018813234167579407,0.20655122499091783,0.4904662564647926,0.25513636390079475,0.029032920475915436
"Canter, Laurie",3,5,0.041464036390104764,0.2455810946235863,0.4419802736383807,0.23358154755562055,0.037393047792307677
"Canter, Laurie",4,3,0.02499891928357384,0.20436756143700568,0.4543485705577124,0.2714517874493675,0.044833161272340605
"Canter, Laurie",5,4,0.018989131811505133,0.31448527934708137,0.554230103107455,0.11017166679320578,0.002123818940752642
"Canter, Laurie",6,4,0.010257185738561159,0.2631916133104689,0.5934764793578132,0.1307207274356117,0.002353994157545003
"Canter, Laurie",7,3,0.00715795097563221,0.15395580241473183,0.5195143591452256,0.29249420404791093,0.02687768341649943
"Canter, Laurie",8,5,0.04288361149980863,0.2476353809997454,0.44001302183070967,0.23198845748507713,0.03747952818465916
"Canter, Laurie",9,4,0.014102882473581269,0.1734634872523888,0.47541461096678106,0.29503611788854867,0.0419829014187002
"Canter, Laurie",10,4,0.010752651166298977,0.15289828073075057,0.4693709330321559,0.3184502699134225,0.04852786515737206
"Canter, Laurie",11,3,0.03811503789672133,0.3897803882207058,0.4927641571782143,0.07799396735989572,0.001346449344462819
"Canter, Laurie",12,4,0.012072734143343034,0.18157119445307202,0.5068126176517906,0.2718592753239577,0.027684178427836548
"Canter, Laurie",13,3,0.005719003707207071,0.22080289852247387,0.6215793670551177,0.14939845427030596,0.0025002764448953663
"Canter, Laurie",14,4,0.007961594094027025,0.13469353559969194,0.46520224522418385,0.33908942549846044,0.053053199583636745
"Canter, Laurie",15,5,0.04063235716646729,0.3499252529028366,0.4919592017638982,0.11349645296055888,0.003986735206239045
"Canter, Laurie",16,4,0.011729489206579458,0.24844191249480202,0.5763452157193971,0.15886683617071462,0.004616546408506839
"Canter, Laurie",17,3,0.008078262145433668,0.2034831457297328,0.5775465448980597,0.20286481442629967,0.008027232800474238
"Canter, Laurie",18,5,0.08188610805482488,0.35381713469587195,0.42170597160998224,0.13184897552593444,0.010741810113386485
"Cantero Gutierrez, Ivan",1,4,0.00673996038372221,0.1806748816451642,0.5693412496976507,0.23191853525318606,0.011325373020276919
"Cantero Gutierrez, Ivan",2,4,0.015363486387817482,0.18624484435535354,0.4859036376119154,0.2776114838103899,0.03487654783452365
"Cantero Gutierrez, Ivan",3,5,0.035442675575452776,0.2274981121641596,0.4416327911371747,0.2517478329438084,0.04367858817940451
"Cantero Gutierrez, Ivan",4,3,0.020917534983004138,0.18630124164752276,0.44928438993983855,0.2910936481886436,0.05240318524099097
"Cantero Gutierrez, Ivan",5,4,0.01475836805785613,0.2826858164394952,0.5696982400207186,0.1299474009783581,0.002910174503572005
"Cantero Gutierrez, Ivan",6,4,0.007706524214106614,0.2317238274303049,0.6034227228000136,0.15388916441751987,0.003257761138054982
"Cantero Gutierrez, Ivan",7,3,0.005554829423961849,0.13454212863775866,0.507730962635329,0.3192004815627625,0.032971597740187986
"Cantero Gutierrez, Ivan",8,5,0.03672032457385782,0.22966225864875506,0.4398808670860097,0.2499919412046805,0.04374460848669692
"Cantero Gutierrez, Ivan",9,4,0.011451690715521656,0.1551878990373372,0.466425592823411,0.31720665974662166,0.049728157677108475
"Cantero Gutierrez, Ivan",10,4,0.008647901264472901,0.13571343056233043,0.45762917404224246,0.3407190216941981,0.05729047243675611
"Cantero Gutierrez, Ivan",11,3,0.03066427699258706,0.35912729381873054,0.5153461918477633,0.09301214698296822,0.0018500903579509176
"Cantero Gutierrez, Ivan",12,4,0.00962795426145896,0.16135729352708444,0.49903943338347,0.2963684133437925,0.033606905484194094
"Cantero Gutierrez, Ivan",13,3,0.0041611153776478504,0.19072372441555996,0.6259729623603453,0.17564712374556635,0.0034950741008805686
"Cantero Gutierrez, Ivan",14,4,0.0063255856919366416,0.11849208820324802,0.4509076295224192,0.36165829886067014,0.062616397721726
"Cantero Gutierrez, Ivan",15,5,0.03334415730793078,0.32300288628599655,0.507395265992061,0.13106635076274376,0.0051913396512679455
"Cantero Gutierrez, Ivan",16,4,0.008991581922610736,0.21977780380247403,0.5818424502396589,0.18323457553442757,0.0061535885008288105
"Cantero Gutierrez, Ivan",17,3,0.006134784286169426,0.17793868046222855,0.5753332065379819,0.23011433284514915,0.010478995868471008
"Cantero Gutierrez, Ivan",18,5,0.07099989210747354,0.33503346383049154,0.43357833609828533,0.1472968227064042,0.013091485257345381
"Catlin, John",1,4,0.007706234758137365,0.19298065754050936,0.5709349286548842,0.21841063498897573,0.009967544057493338
"Catlin, John",2,4,0.01699512623427074,0.19617004879438965,0.48850617688105846,0.2664529175891466,0.03187573050113457
"Catlin, John",3,5,0.038324596801530275,0.2364078361155767,0.4420615631941475,0.24273528748917805,0.04047071639956745
"Catlin, John",4,3,0.02285962413028536,0.19515130113468127,0.4520636802072137,0.28138430557512606,0.0485410889526936
"Catlin, John",5,4,0.01673703783934899,0.29830777612384257,0.5625707039884809,0.11989119000459103,0.0024932920437364947
"Catlin, John",6,4,0.008888354507665341,0.24707283733629687,0.5991345873040372,0.14212652735587827,0.0027776934961223354
"Catlin, John",7,3,0.006302819555783712,0.14394437987321107,0.5139600346564165,0.30596423671001327,0.02982852920457546
"Catlin, John",8,5,0.03967152780296429,0.23852125457190604,0.44019992477754843,0.24105959157871903,0.0405477012688622
"Catlin, John",9,4,0.012703313275321537,0.16409105240810928,0.47118160518788993,0.3062583248342504,0.04576570429442883
"Catlin, John",10,4,0.009638879236786135,0.14406290649178316,0.4637310204218681,0.32975484468775684,0.05281234916180577
"Catlin, John",11,3,0.034183065376215294,0.3743465529478714,0.5045440205130012,0.08534357436778395,0.0015827867951281327
"Catlin, John",12,4,0.010777012955111354,0.17119483512299116,0.5032616513938,0.28420776137052073,0.030558739157576786
"Catlin, John",13,3,0.004876584404054862,0.20530666714070245,0.624512417744367,0.16233874843550555,0.0029655822753700267
"Catlin, John",14,4,0.007093301057602919,0.1263419554246959,0.45825957298398645,0.350574395942589,0.057730774591125744
"Catlin, John",15,5,0.036801753652024816,0.3363407827625558,0.5001277370100775,0.12216962955102784,0.004560097024314036
"Catlin, John",16,4,0.0102665474626501,0.23376197805847482,0.5796969889022927,0.170930145523294,0.005344340053288321
"Catlin, John",17,3,0.00703712974506393,0.19034272978645522,0.5769936575895888,0.2164315386400768,0.009194944238815284
"Catlin, John",18,5,0.07623652395570207,0.3444151358678044,0.42793655812305487,0.13953280851987038,0.01187897353356826
"Chacarra, Eugenio",1,4,0.008659231170984882,0.20420940113839453,0.5714499100114272,0.20679295489113003,0.008888502788063413
"Chacarra, Eugenio",2,4,0.018557628218669686,0.20513137278776528,0.4902424535582407,0.25666329824846434,0.029405247186859995
"Chacarra, Eugenio",3,5,0.04102690294233885,0.244334994064267,0.4420220411886453,0.2348176206953192,0.03779844110942965
"Chacarra, Eugenio",4,3,0.024699621696898044,0.20310934627933963,0.454072222760228,0.27279709991603784,0.045321709347496464
"Chacarra, Eugenio",5,4,0.018669693431498657,0.3122830675337882,0.5554208917715564,0.11145556798734879,0.002170779275807888
"Chacarra, Eugenio",6,4,0.01006158783657607,0.2609839191615295,0.5943173206048338,0.1322294300799728,0.0024077423170878465
"Chacarra, Eugenio",7,3,0.007036411085035776,0.15257591591208064,0.5188109391797739,0.29431415591270693,0.027262577910402763
"Chacarra, Eugenio",8,5,0.042436531545288925,0.2463977227283724,0.44006869872036564,0.233213315183867,0.037883731822106026
"Chacarra, Eugenio",9,4,0.013905819087394189,0.172177944327991,0.4748789320271663,0.29655726618455536,0.04248003837289316
"Chacarra, Eugenio",10,4,0.010595487031321793,0.1516836513872541,0.4686429939160248,0.3199863918272189,0.04909147583818041
"Chacarra, Eugenio",11,3,0.037561685485815954,0.3876989188478016,0.494401673137954,0.07896126545448312,0.001376457073945292
"Chacarra, Eugenio",12,4,0.011889644371129993,0.18014682980806224,0.5063773892213592,0.2735262497659787,0.028059886833469827
"Chacarra, Eugenio",13,3,0.005597787765079576,0.21866955869061805,0.6220613703110522,0.15111209880907506,0.0025591844241751316
"Chacarra, Eugenio",14,4,0.007838740215344864,0.13354272831704078,0.46429652548236866,0.34065330849766484,0.05366869748758085
"Chacarra, Eugenio",15,5,0.040095202225691295,0.34808937616621954,0.4931083386832296,0.11464665557463105,0.0040604273502284904
"Chacarra, Eugenio",16,4,0.011521261489527201,0.24643144532455458,0.5768672679212888,0.16047036443295615,0.004709660831673235
"Chacarra, Eugenio",17,3,0.007929719616414255,0.2016762651861398,0.5775395376337962,0.20467709959704383,0.008177377966606003
"Chacarra, Eugenio",18,5,0.081102775835101,0.35255542555647673,0.4225767947064738,0.13287491255331152,0.010890091348636943
"Clements, Todd",1,4,0.007582119757822192,0.19145546411920317,0.570797824720418,0.2200393356916044,0.010125255710952352
"Clements, Todd",2,4,0.016788378324216313,0.19494603867288224,0.4882246372438412,0.26781082616521334,0.03223011959384692
"Clements, Todd",3,5,0.0379629644117736,0.23531656061591405,0.442036160695466,0.24383266368054402,0.04085165059630236
"Clements, Todd",4,3,0.022614755889489302,0.1940619887211325,0.451753099849595,0.28257029453615545,0.04899986100362774
"Clements, Todd",5,4,0.01648400117158627,0.2963890895529792,0.5634962645775056,0.1210895453544053,0.002541099343523645
"Clements, Todd",6,4,0.008736089262735114,0.24517626472199056,0.5997247096625726,0.1435302900589206,0.0028326462937811048
"Clements, Todd",7,3,0.006206993133104355,0.1427758588575304,0.5132413213432319,0.30757755950717536,0.030198267158958014
"Clements, Todd",8,5,0.03930134227640053,0.23743654823616783,0.44018758223100707,0.24214713892391349,0.04092738833251108
"Clements, Todd",9,4,0.012544481059238943,0.1629900501308022,0.47063332999407637,0.3075968947007699,0.046235244115112595
"Clements, Todd",10,4,0.009512849001084567,0.14302806175708632,0.46301674683751626,0.3310988331418312,0.05334350926248166
"Clements, Todd",11,3,0.03373660370368026,0.37249404929916563,0.5059019472995776,0.0862539926233763,0.0016134070742002127
"Clements, Todd",12,4,0.010630667741850175,0.16997720802360006,0.5027856155675703,0.2856884993968739,0.030918009270105573
"Clements, Todd",13,3,0.004783757239461395,0.20349554201780484,0.6247656535651103,0.16392896922356925,0.003026077954054296
"Clements, Todd",14,4,0.006995401629195708,0.12536676875011926,0.4573913140922511,0.35193606589089177,0.05831044963754217
"Clements, Todd",15,5,0.036364686534548385,0.3347144162251595,0.5010538870018865,0.12323373479775734,0.004633275440648288
"Clements, Todd",16,4,0.010102941891362627,0.23203442144588593,0.5800192620598029,0.1724056256105575,0.005437748992391023
"Clements, Todd",17,3,0.006921067982500917,0.18880439413737599,0.5768502062117249,0.21808044133448545,0.009343890333912697
"Clements, Todd",18,5,0.07558212747809778,0.34327920906516646,0.42864964191533167,0.14046749270716652,0.012021528834237571
"Cockerill, Aaron",1,4,0.007369598318319348,0.1888075074969488,0.5705200842238327,0.22289692273290151,0.010405887227997623
"Cockerill, Aaron",2,4,0.016432498122981642,0.19281695187115988,0.4877088626532342,0.2701849138642627,0.03285677348836158
"Cockerill, Aaron",3,5,0.037338135795949356,0.2334133827291951,0.4419738426186538,0.24575080311474107,0.04152383574146068
"Cockerill, Aaron",4,3,0.022192452234214177,0.19216581374094222,0.45119159756031424,0.28464083598757717,0.0498093004769522
"Cockerill, Aaron",5,4,0.016049981015670345,0.2930462600679757,0.5650757287615815,0.12320145572467467,0.002626574430097839
"Cockerill, Aaron",6,4,0.008475671717641187,0.24187960584994878,0.6007109094914167,0.14600284835125577,0.002930964589737517
"Cockerill, Aaron",7,3,0.006042745178452658,0.14074930655436518,0.5119583705879733,0.3103965421689089,0.030853035510299942
"Cockerill, Aaron",8,5,0.038661642096386895,0.2355445895785131,0.44014829303719816,0.24404813937090797,0.04159733591699388
"Cockerill, Aaron",9,4,0.012271237904726784,0.16107696511571817,0.4696543150542123,0.30993302573694437,0.047064456188398385
"Cockerill, Aaron",10,4,0.009296218741087159,0.14123147709512301,0.46174898005985077,0.3334421230313691,0.05428120107256995
"Cockerill, Aaron",11,3,0.03296847171702105,0.3692553565815361,0.5082472803153304,0.08786071600174539,0.0016681753843670322
"Cockerill, Aaron",12,4,0.010379257539480546,0.16786217652703367,0.5019280224966471,0.2882767720880629,0.031553771348775794
"Cockerill, Aaron",13,3,0.004625428187545633,0.20035356514982144,0.625157965404914,0.16672865080613164,0.0031343904515872545
"Cockerill, Aaron",14,4,0.006827300187781826,0.12367526707571769,0.4558555545852908,0.3543082082497736,0.05933366990143607
"Cockerill, Aaron",15,5,0.035611642031664226,0.3318730555641459,0.5026453238842734,0.12510639787243583,0.004763580647480614
"Cockerill, Aaron",16,4,0.009822693130635773,0.22903133533108178,0.5805418502834803,0.17499977117800736,0.0056043500767948284
"Cockerill, Aaron",17,3,0.006722441259407075,0.18613425776046705,0.5765601764906518,0.22097406863840596,0.009609055851068082
"Cockerill, Aaron",18,5,0.07444965039186685,0.34128934769188407,0.429878664003415,0.14210831042964134,0.012274027483192729
"Colsaerts, Nicolas",1,4,0.006175195466149308,0.1729765467805947,0.5677482440854774,0.24081622314144102,0.012283790526337546
"Colsaerts, Nicolas",2,4,0.014384293755307531,0.1799752400986182,0.4838714661307885,0.28483727048823027,0.03693172952705548
"Colsaerts, Nicolas",3,5,0.03368043016719341,0.22179661093765196,0.4410902788634967,0.2575789648812222,0.04585371515043568
"Colsaerts, Nicolas",4,3,0.01974081261910543,0.1806898242011944,0.4472119254902167,0.29733720442221423,0.055020233267269236
"Colsaerts, Nicolas",5,4,0.013592111936017726,0.27274673426360707,0.5737319790249831,0.13671787203285546,0.0032113027425366703
"Colsaerts, Nicolas",6,4,0.007019934305752318,0.2220684237941032,0.6055198448875393,0.16178615040231337,0.003605646610291835
"Colsaerts, Nicolas",7,3,0.005115375516531018,0.1286893988833856,0.5033119226136753,0.3277438692292304,0.03513943375717765
"Colsaerts, Nicolas",8,5,0.03491440081166364,0.22398972917979487,0.4394122577689612,0.25577187876337115,0.04591173347620914
"Colsaerts, Nicolas",9,4,0.010702688028796647,0.14959275522716198,0.46304587584248086,0.3242335270777864,0.05242515382377411
"Colsaerts, Nicolas",10,4,0.008057351659100376,0.1304882979490289,0.4534004241899084,0.3477209540926396,0.06033297210932276
"Colsaerts, Nicolas",11,3,0.028558528074856204,0.34928209449858777,0.5219043759984915,0.09821143210802985,0.0020435693200346883
"Colsaerts, Nicolas",12,4,0.008945140980489263,0.15518581003498527,0.4959336823675747,0.3042333960689926,0.035701970547958206
"Colsaerts, Nicolas",13,3,0.0037510893393228883,0.18163825323107946,0.6261703534218201,0.1845602466832339,0.003880057324543551
"Colsaerts, Nicolas",14,4,0.005870452770334822,0.11360117248587465,0.44588830135080504,0.368706298745736,0.06593377464724948
"Colsaerts, Nicolas",15,5,0.03125992249813586,0.3144008264258427,0.5116841266266525,0.1370166045059793,0.005638519943389597
"Colsaerts, Nicolas",16,4,0.008245026183681226,0.21097625600425912,0.5826246153078262,0.19142280899603925,0.006731293508194236
"Colsaerts, Nicolas",17,3,0.005608784704586922,0.170188193158741,0.5736794770824971,0.23913605231176427,0.011387492742410688
"Colsaerts, Nicolas",18,5,0.06777268208092369,0.32890231858220076,0.4369678081802645,0.15242835424180945,0.013928836914801623
"Coussaud, Ugo",1,4,0.007631922905344202,0.19206932288791112,0.5708549990172016,0.2193823149364985,0.010061440253044562
"Coussaud, Ugo",2,4,0.016871434409429342,0.19543887948635674,0.4883393056225472,0.26726346366834564,0.0320869168133211
"Coussaud, Ugo",3,5,0.038108360545915154,0.2357562066068134,0.44204729858063196,0.24339034294338635,0.04069779132325313
"Coussaud, Ugo",4,3,0.022713166843617183,0.19450066370774916,0.45187922103464184,0.28209238067871756,0.04881456773527426
"Coussaud, Ugo",5,4,0.016585574487896104,0.2971619128897969,0.5631251175962845,0.12060566011052232,0.002521734915500229
"Coussaud, Ugo",6,4,0.008797172580430057,0.24593979578867897,0.5994891176214978,0.1429635297682874,0.002810384241105801
"Coussaud, Ugo",7,3,0.006245453428245007,0.14324605407912672,0.5135323553922934,0.3069273232808928,0.030048813819442133
"Coussaud, Ugo",8,5,0.039450181976816934,0.23787355960982137,0.44019344592051945,0.24170877787899536,0.04077403461384688
"Coussaud, Ugo",9,4,0.012608280059372479,0.16343325960671468,0.47085536212412793,0.307057534892613,0.04604556331717191
"Coussaud, Ugo",10,4,0.009563462936919731,0.14344456140978507,0.4633056182038141,0.33055740487860064,0.05312895257088046
"Coussaud, Ugo",11,3,0.03391594052170327,0.3732407771240089,0.5053560170833068,0.08588626206544492,0.0016010032055361334
"Coussaud, Ugo",12,4,0.010689433147455574,0.1704673300231972,0.5029787733973727,0.2850916529806433,0.03077281045133118
"Coussaud, Ugo",13,3,0.004820973980177168,0.20422436265057864,0.6246661049423097,0.16328699180598127,0.0030015666209533
"Coussaud, Ugo",14,4,0.00703470924270877,0.12575918119079427,0.45774219457371706,0.35138761334362156,0.058076301649158335
"Coussaud, Ugo",15,5,0.03654030427357863,0.3353698894571802,0.5006819546323134,0.12280419113663676,0.00460366050029104
"Coussaud, Ugo",16,4,0.010168596813297015,0.23272991936473214,0.5798914045778237,0.17181014581620668,0.005399933427940429
"Coussaud, Ugo",17,3,0.006967634259163746,0.1894235103168106,0.576909998947347,0.21741524123418876,0.009283615242489995
"Coussaud, Ugo",18,5,0.07584532277327904,0.343737287404797,0.42836308999087075,0.14009039612953145,0.011963903701521783
"Crocker, Sean",1,4,0.007764263754350631,0.1936885094842839,0.5709929528728596,0.21765897235959386,0.009895301528912048
"Crocker, Sean",2,4,0.017091519859720072,0.19673755120474595,0.4886330298082806,0.2658250472088307,0.03171285191842266
"Crocker, Sean",3,5,0.03849286707243865,0.23691309322329118,0.44207078180445314,0.24222781614805056,0.04029544175176647
"Crocker, Sean",4,3,0.022973675068631294,0.19565615681233617,0.452204673693883,0.2808355077877768,0.04832998663737276
"Crocker, Sean",5,4,0.016855234375745043,0.29919658046301306,0.5621372927481503,0.11933944371162242,0.0024714487014692033
"Crocker, Sean",6,4,0.00895958907546901,0.2479524830395088,0.5988553116570053,0.1414800216104024,0.0027525946176144567
"Crocker, Sean",7,3,0.006347598658229259,0.1444870101640237,0.514288620111652,0.30521803956686244,0.029658731499232593
"Crocker, Sean",8,5,0.03984376453104482,0.23902343660955466,0.44020313239194986,0.24055667116749013,0.040372995299960523
"Crocker, Sean",9,4,0.012777389743002798,0.16460181370106597,0.4714322276413643,0.30563881370465673,0.045549755209910225
"Crocker, Sean",10,4,0.009697683857740114,0.14454319712597108,0.46405860342632416,0.32913250308895825,0.0525680125010064
"Crocker, Sean",11,3,0.034391274691947804,0.37520311525605815,0.5039120984717267,0.08492471233862098,0.0015687992416464347
"Crocker, Sean",12,4,0.01084531633651692,0.1717597972947436,0.5034781828729081,0.28352301992910467,0.03039368356672667
"Crocker, Sean",13,3,0.004920074961278331,0.2061475577117844,0.6243882149086508,0.16160619009773136,0.0029379623205550986
"Crocker, Sean",14,4,0.007139005456311298,0.12679477297149694,0.4586585274010681,0.3499435896122163,0.05746410455890738
"Crocker, Sean",15,5,0.03700542743411994,0.3370930687623568,0.4996955925675747,0.1216793223962842,0.004526588839664392
"Crocker, Sean",16,4,0.010343024175743898,0.23456320524622054,0.5795422160414898,0.17024994869966903,0.005301605836876777
"Crocker, Sean",17,3,0.0070914087871896125,0.19105677145768757,0.577054448372863,0.21567063640719097,0.009126734975068773
"Crocker, Sean",18,5,0.07654075965204848,0.3449398167795953,0.4276043492342721,0.13910156145959773,0.011813512874486398
"Dantorp, Jens",1,4,0.006558148822235932,0.17824072574898786,0.5688892485605473,0.23469322738194487,0.011618649486283994
"Dantorp, Jens",2,4,0.015050467820004299,0.18426769147932842,0.4852960878915491,0.2798751368912864,0.03551061591783178
"Dantorp, Jens",3,5,0.03488214769727249,0.2257063722670939,0.4414850892600908,0.25357491712617397,0.04435147364936887
"Dantorp, Jens",4,3,0.02054233329230637,0.18453346376406754,0.44865801092219826,0.29305326178113233,0.0532129302402955
"Dantorp, Jens",5,4,0.014383745446855334,0.279557128865574,0.571011173399983,0.13204621590274823,0.0030017363848394707
"Dantorp, Jens",6,4,0.0074851353551346755,0.22867521986728184,0.6041370623014002,0.156339134334173,0.0033634481420102835
"Dantorp, Jens",7,3,0.0054135554786460816,0.13268915741203163,0.5063787340680941,0.3218793977849381,0.03363915525629002
"Dantorp, Jens",8,5,0.036146015313246294,0.22787991793096968,0.4397560787966932,0.2518029223719461,0.0444150655871447
"Dantorp, Jens",9,4,0.011212077995527758,0.15342103475544527,0.4653919028371749,0.3194133382059573,0.05056164620589476
"Dantorp, Jens",10,4,0.008458769687539724,0.1340615561771602,0.4563275841683004,0.3429208895729948,0.05823120039400487
"Dantorp, Jens",11,3,0.029990584709269297,0.3560418324100758,0.5174379027212468,0.0946207942896311,0.0019088858697769995
"Dantorp, Jens",12,4,0.009409106680483892,0.15940747373369724,0.49809756952679407,0.298833191308954,0.034252658750070775
"Dantorp, Jens",13,3,0.004028428282466856,0.18784766061675306,0.6260977615637888,0.17841422403260543,0.0036119255043858267
"Dantorp, Jens",14,4,0.006179622687506547,0.11694405522600532,0.4493567463149648,0.3638772869477309,0.06364228882379241
"Dantorp, Jens",15,5,0.03267865061362135,0.3203049729238376,0.5087741922711488,0.13291414774772337,0.00532803644366886
"Dantorp, Jens",16,4,0.008751360766904415,0.21699926583636608,0.5821386052013862,0.18578094988080995,0.006329818314533386
"Dantorp, Jens",17,3,0.005965333012042717,0.17548723664648153,0.574863643446399,0.23292697036510368,0.010756816529973179
"Dantorp, Jens",18,5,0.06997551117240025,0.33311738927893336,0.434662440835094,0.14889542399122047,0.013349234722351944
"De Bruyn, Jannik",1,4,0.005895591640243725,0.1690078209495316,0.5667349876698011,0.24554663312147773,0.012814966618945878
"De Bruyn, Jannik",2,4,0.013891685477379845,0.17672358300007468,0.4826938641797925,0.2886402371090847,0.03805063023366828
"De Bruyn, Jannik",3,5,0.03278379451651542,0.2188164488337157,0.4407219229390137,0.2606468465541535,0.0470309871566017
"De Bruyn, Jannik",4,3,0.019145383440985486,0.1777727716567314,0.4460361498338165,0.3006095955458805,0.0564360995225861
"De Bruyn, Jannik",5,4,0.013011847340929139,0.26757196212494533,0.5756707029032441,0.14036497969703943,0.0033805079338420363
"De Bruyn, Jannik",6,4,0.0066812875940367444,0.21707518630585276,0.6064095117091362,0.1660325265376026,0.0038014878533717544
"De Bruyn, Jannik",7,3,0.004897110822803863,0.12568063781221628,0.5008670941978468,0.33223063333011427,0.036324523837018785
"De Bruyn, Jannik",8,5,0.033995138066913955,0.22102361944462634,0.4390836801277949,0.25881306697307904,0.047084495387585745
"De Bruyn, Jannik",9,4,0.010326516823224163,0.14669966842182713,0.4611739983371135,0.32791176099612707,0.05388805542170816
"De Bruyn, Jannik",10,4,0.007761503982986251,0.12779330307844983,0.4510889134198459,0.35137479013906003,0.06198148937965797
"De Bruyn, Jannik",11,3,0.02750121956899776,0.3441058331803311,0.5252163492814839,0.1010241727510871,0.002152425218100218
"De Bruyn, Jannik",12,4,0.008603671702809845,0.15199830288143762,0.49418373248817143,0.3083693330886861,0.03684495983889502
"De Bruyn, Jannik",13,3,0.0035505068969531317,0.17696681761948696,0.6260397923310995,0.18934568166826615,0.004097201484194235
"De Bruyn, Jannik",14,4,0.005643155203926387,0.1110851906471596,0.44316683514728245,0.3723742660039163,0.06773055299771524
"De Bruyn, Jannik",15,5,0.030208733635924467,0.3098854404092567,0.5138092093172838,0.14020969363001345,0.005886923007521583
"De Bruyn, Jannik",16,4,0.007875030489606027,0.2064226802612042,0.5828457829574396,0.19580287167532462,0.007053634616425608
"De Bruyn, Jannik",17,3,0.005348791526397001,0.16619551626921897,0.5726288452957362,0.24393513897858365,0.011891707930064221
"De Bruyn, Jannik",18,5,0.06612305726342538,0.32565822078965856,0.4386685851224267,0.15516311400881988,0.014387022815669503
"De Leo, Gregorio",1,4,0.006455303607993457,0.17684563296568306,0.5686088844415619,0.23629945393080853,0.011790725053953066
"De Leo, Gregorio",2,4,0.01487249187812395,0.18313235783183385,0.48493344846016284,0.2811812216531845,0.03588048017669487
"De Leo, Gregorio",3,5,0.034562281684121954,0.2246749163471864,0.44139061772802096,0.2546289593400658,0.044743224900604894
"De Leo, Gregorio",4,3,0.02032860369783135,0.18351761101505265,0.4482870903730264,0.2941823954783579,0.05368429943573172
"De Leo, Gregorio",5,4,0.014171490762780237,0.2777581684254402,0.5717482733706415,0.13326636660726354,0.0030557008338745195
"De Leo, Gregorio",6,4,0.007360050703934307,0.2269261398548622,0.6045254032303727,0.15776263014497227,0.003425776065858477
"De Leo, Gregorio",7,3,0.005333559931192167,0.13162815841226883,0.5055851358793146,0.32342406310980887,0.034029082667415445
"De Leo, Gregorio",8,5,0.03581823865642603,0.22685375054602536,0.43967492722509727,0.2528477001595728,0.04480538341287854
"De Leo, Gregorio",9,4,0.011075913542799354,0.1524074566727972,0.46478504203848314,0.3206843366435955,0.051047251102324775
"De Leo, Gregorio",10,4,0.00835137903020694,0.13311471388356055,0.45556694482007926,0.3441878698741959,0.05877909239195733
"De Leo, Gregorio",11,3,0.029607759645602583,0.35426204597766087,0.518629371363057,0.0955572703085068,0.0019435527051727686
"De Leo, Gregorio",12,4,0.009284912096015785,0.15828933421606428,0.49754119363605176,0.3002549624696622,0.03462959758220596
"De Leo, Gregorio",13,3,0.003953657541901079,0.18620065279267078,0.6261436022412984,0.1800212056835171,0.0036808817406126515
"De Leo, Gregorio",14,4,0.006096826740083383,0.11605748918311881,0.4484529413576797,0.36515303276633426,0.06423970995278383
"De Leo, Gregorio",15,5,0.03229993911885026,0.31874960351800524,0.5095551478796848,0.13398701028306803,0.005408299200391653
"De Leo, Gregorio",16,4,0.008615427745286675,0.21540494532619503,0.5822882405368978,0.1872579401837342,0.006433446207886329
"De Leo, Gregorio",17,3,0.005869529035143817,0.17408256568762653,0.5745725379840241,0.23455546869599941,0.010919898597206212
"De Leo, Gregorio",18,5,0.06939006748042686,0.33200991108041494,0.435278701904618,0.14982148962325292,0.013499829911287287
"De Vries, Wouter",1,4,0.004420098008641182,0.14596007031129127,0.5579676718102933,0.2751459968849166,0.01650616298485763
"De Vries, Wouter",2,4,0.011189838728784762,0.1575489930025884,0.47390679815660564,0.31186333870834293,0.04549103140367827
"De Vries, Wouter",3,5,0.027729448476680463,0.20090312815769412,0.43724140145306883,0.279377081562979,0.05474894034957756
"De Vries, Wouter",4,3,0.01583321007269689,0.16046921981740592,0.4375978253427435,0.32039241641699656,0.06570732835015713
"De Vries, Wouter",5,4,0.009914481259313768,0.23681468810116263,0.5847259175290619,0.16394692347784912,0.004597989632612598
"De Vries, Wouter",6,4,0.004910641963673801,0.1878769724452326,0.6086366766347004,0.193358776038006,0.005216932918387096
"De Vries, Wouter",7,3,0.0037361185784707263,0.10831651430653144,0.48420128416867175,0.359462917313882,0.044283165632444055
"De Vries, Wouter",8,5,0.02880772502152007,0.20317876956467923,0.4358589424254585,0.2773844926259684,0.0547700703623738
"De Vries, Wouter",9,4,0.008271419910312883,0.1297611540487466,0.4483741367101643,0.3500664170860389,0.0635268722447373
"De Vries, Wouter",10,4,0.0061548622109804385,0.11210942242375904,0.4357153160966438,0.3732069317016182,0.07281346756699847
"De Vries, Wouter",11,3,0.02173350138242547,0.3126147699998152,0.5433017445546429,0.11941157443666883,0.0029384096264476467
"De Vries, Wouter",12,4,0.006757337146434561,0.1333915917704226,0.4818024597752124,0.33356493053085057,0.04448368077707987
"De Vries, Wouter",13,3,0.0025218860466434956,0.15002983567350325,0.6217604392184074,0.2200138674331723,0.005673971628273544
"De Vries, Wouter",14,4,0.004417931354265159,0.09653593613779321,0.42538507500277856,0.39413625008716224,0.07952480741800083
"De Vries, Wouter",15,5,0.024410910746190007,0.28250342911322385,0.5247876356732419,0.1606741662172818,0.007623858250062399
"De Vries, Wouter",16,4,0.005917954109463941,0.17975894894776673,0.5813585203937301,0.22363264180784026,0.009331934741198866
"De Vries, Wouter",17,3,0.003982047404879618,0.14305107675764667,0.563554439396337,0.27400469020186036,0.015407746239276432
"De Vries, Wouter",18,5,0.05672201717712355,0.3055932212779183,0.44780699651676303,0.17240421114500326,0.017473553883191828
"Dean, Joe",1,4,0.007266205562893813,0.187502175098114,0.5703643515050378,0.22431976767200867,0.010547500161945611
"Dean, Joe",2,4,0.016258486545878803,0.19176549089713224,0.48744182724920804,0.2713630690124461,0.03317112629533481
"Dean, Joe",3,5,0.037031520508635896,0.2324711411340029,0.4419344852838818,0.24670249022417357,0.04186036284930583
"Dean, Joe",4,3,0.021985584431843452,0.19122872003775593,0.4509042427276618,0.2856669559474323,0.050214496855306545
"Dean, Joe",5,4,0.015838481484730382,0.29139289613561375,0.565841249807429,0.12425747028171241,0.0026699022905144476
"Dean, Joe",6,4,0.008349120176778801,0.2402526637522096,0.6011788321255289,0.14723854893193133,0.0029808350135513972
"Dean, Joe",7,3,0.005962760396492572,0.13975130652344764,0.5113093019518387,0.3117946782750085,0.03118195285321268
"Dean, Joe",8,5,0.038347685247481944,0.23460779072049248,0.44012045580759296,0.2449913428671594,0.041932725357273215
"Dean, Joe",9,4,0.012137706425556116,0.16013313120427902,0.46915886273097557,0.311090382917,0.04747991672218932
"Dean, Joe",10,4,0.009190438701229042,0.14034584434377023,0.46111093000811293,0.3346019367061417,0.05475085024074611
"Dean, Joe",11,3,0.03259306545804591,0.36764824792697876,0.5093975384133012,0.08866519972731957,0.0016959484743546138
"Dean, Joe",12,4,0.010256559761386175,0.16681904467400643,0.5014905322848859,0.2895609440737842,0.03187291920593727
"Dean, Joe",13,3,0.004548687673770646,0.19880584809608415,0.6253288855081491,0.16812721161977506,0.0031893671022209524
"Dean, Joe",14,4,0.006745298433375568,0.12284214422107687,0.4550850942167233,0.355481363404463,0.05984609972436128
"Dean, Joe",15,5,0.03524310420189408,0.33046402383082124,0.5034219570728493,0.12604153488625414,0.004829380008181228
"Dean, Joe",16,4,0.009686300963880012,0.22754916368384992,0.5807819288693176,0.17629399934670031,0.005688607136252188
"Dean, Joe",17,3,0.006625857339291608,0.18481829210495726,0.5763977847478228,0.22241513884762476,0.009742926960303544
"Dean, Joe",18,5,0.07389307607762546,0.34030005300825755,0.4304802281369139,0.14292575030746035,0.012400892469742741
"Del Rey, Alejandro",1,4,0.007409154160762155,0.18930390791473545,0.5705760267908739,0.22235830400580514,0.010352607127823377
"Del Rey, Alejandro",2,4,0.0164989183831869,0.1932164754077786,0.48780818519847846,0.26973824060271534,0.03273818040784071
"Del Rey, Alejandro",3,5,0.03745497931505626,0.23377099820578306,0.44198730369447004,0.2453899564358577,0.04139676234883294
"Del Rey, Alejandro",4,3,0.02227134784786311,0.19252176662571985,0.4512990346826322,0.2842515615596223,0.04965628928416255
"Del Rey, Alejandro",5,4,0.016130835809560207,0.2936740597159935,0.564782323909371,0.12280247397411881,0.0026103065909565126
"Del Rey, Alejandro",6,4,0.008524112594429367,0.24249799429402852,0.6005297819759217,0.14553586530628393,0.0029122458293364684
"Del Rey, Alejandro",7,3,0.006073332107062068,0.14112900644483806,0.5122023065461736,0.3098663275207608,0.030729027381165452
"Del Rey, Alejandro",8,5,0.038781275680295824,0.2359001199477287,0.4401574024018857,0.24369051286932852,0.04147068910076124
"Del Rey, Alejandro",9,4,0.0123222197352309,0.1614357588063539,0.4698404920646009,0.30949389715877307,0.04690763223504124
"Del Rey, Alejandro",10,4,0.00933662001066815,0.14156827168792407,0.4619893411348086,0.3330018728428803,0.05410389432371887
"Del Rey, Alejandro",11,3,0.033111796207326294,0.36986468196077943,0.5078088183464047,0.08755695391104723,0.0016577495744423132
"Del Rey, Alejandro",12,4,0.01042613170286294,0.16825877615099144,0.502091827153182,0.2877898567156367,0.03143340827732688
"Del Rey, Alejandro",13,3,0.004654837553015101,0.20094234178475656,0.6250890465803788,0.16620001267399376,0.0031137614078557974
"Del Rey, Alejandro",14,4,0.006858633901662192,0.12399221591726106,0.45614621758704255,0.35386273030431836,0.05914020228971584
"Del Rey, Alejandro",15,5,0.035752256053149356,0.3324074379072172,0.5023486029117035,0.12475287096426524,0.0047388321636646635
"Del Rey, Alejandro",16,4,0.009874865194869242,0.22959467755122065,0.5804474922022812,0.17451028346410746,0.005572681587521444
"Del Rey, Alejandro",17,3,0.006759400734375698,0.1866347541369373,0.576618546671188,0.22042859914017987,0.00955869931731923
"Del Rey, Alejandro",18,5,0.07466160000904126,0.3416641048216032,0.42964914685390954,0.14179894702345686,0.012226201291989147
"Ding, Wenyi",1,4,0.008521710164309304,0.20263883668540916,0.5714287669810254,0.20837949211156004,0.009031194057696146
"Ding, Wenyi",2,4,0.018334749539421658,0.20388309486289663,0.49003427533668387,0.25801111768639484,0.029736762574603004
"Ding, Wenyi",3,5,0.04064464203735613,0.24323726145121377,0.4420508705966688,0.23590843023832508,0.03815879567643621
"Ding, Wenyi",4,3,0.02443826611020039,0.2020025818944059,0.45381994150537663,0.2739832640386377,0.04575594645137937
"Ding, Wenyi",5,4,0.018391887996929535,0.3103441773900531,0.5564550343735202,0.11259594311845555,0.0022129571210416366
"Ding, Wenyi",6,4,0.009891860523688178,0.25904372898670947,0.5950394108443812,0.13356895572441885,0.002456043920802342
"Ding, Wenyi",7,3,0.006930778430562612,0.15136554180006784,0.5181779699965212,0.2959200140483169,0.02760569572453142
"Ding, Wenyi",8,5,0.0420455289048563,0.24530732058797838,0.4401098952252016,0.23429424236030594,0.03824301292165777
"Ding, Wenyi",9,4,0.01373406587373932,0.17104870591458798,0.47439680390608946,0.29789818169836857,0.04292224260721467
"Ding, Wenyi",10,4,0.010458597912447909,0.15061742313381687,0.46799178309856043,0.32133952731744886,0.049592668537725926
"Ding, Wenyi",11,3,0.03707931836014405,0.3858612439279291,0.49583468017929583,0.07982134092287352,0.001403416609757513
"Ding, Wenyi",12,4,0.011730238892775913,0.17889593120437142,0.505981727844863,0.27499748627631915,0.028394615781670574
"Ding, Wenyi",13,3,0.005492824510541283,0.2167975634469982,0.622464370359074,0.1526330879362845,0.0026121537471019973
"Ding, Wenyi",14,4,0.007731821205091416,0.13253322534014728,0.4634889009527828,0.3420300663040833,0.05421598619789525
"Ding, Wenyi",15,5,0.03962645615377214,0.3464695610309757,0.49411049255809414,0.1156670887143264,0.004126401542831615
"Ding, Wenyi",16,4,0.01134036256064036,0.24466456190555647,0.5773099077657984,0.16189203363729887,0.004793134130705923
"Ding, Wenyi",17,3,0.007800765355025274,0.20009020859759263,0.5775157042265784,0.20628153832395735,0.008311783496846359
"Ding, Wenyi",18,5,0.08041690841205623,0.3514398975398193,0.4233376274744907,0.1337832794042746,0.011022287169359157
"Donaldson, Jamie",1,4,0.004819343325107306,0.15259054616565176,0.5610285085119825,0.2662362246643346,0.015325377332923829
"Donaldson, Jamie",2,4,0.011939824272486854,0.1631193841510607,0.4767985197033667,0.30497344082205324,0.04316883105103253
"Donaldson, Jamie",3,5,0.02915747056279383,0.2061690225226216,0.43849452533183386,0.2738195592702328,0.05235942231251789
"Donaldson, Jamie",4,3,0.01676108438767454,0.16551495560602775,0.44032618331213674,0.31455879073614157,0.0628389859580194
"Donaldson, Jamie",5,4,0.010758852684948528,0.24578889437895968,0.5825422165238088,0.1567090498489936,0.004200986563289488
"Donaldson, Jamie",6,4,0.005386738286989323,0.19631100360137604,0.6085519502810668,0.18499601838128255,0.004754289449285354
"Donaldson, Jamie",7,3,0.004051966710744814,0.11329345693730447,0.48945320789053354,0.35141583577373414,0.041785532687683036
"Donaldson, Jamie",8,5,0.030274340665927768,0.20842740802137466,0.43703389973941975,0.271873283618591,0.05239106795468684
"Donaldson, Jamie",9,4,0.008840438577690513,0.13466050286571468,0.45241533874845175,0.34354936033176275,0.060534359476380306
"Donaldson, Jamie",10,4,0.006597986061002203,0.11662896829916869,0.44049989577283194,0.36681725359377215,0.06945589627322502
"Donaldson, Jamie",11,3,0.02332838692349437,0.3219329907928525,0.5383257075171319,0.11373130850484248,0.0026816062616786818
"Donaldson, Jamie",12,4,0.007265088098086847,0.13876298543832344,0.48577726193738285,0.3261017601197227,0.042092904406484166
"Donaldson, Jamie",13,3,0.00279487280343671,0.1577429433113079,0.6236527010387707,0.2106521563159105,0.005157326530574213
"Donaldson, Jamie",14,4,0.004754216803885936,0.10071190483772868,0.4308666588511081,0.38779604015978575,0.07587117934749155
"Donaldson, Jamie",15,5,0.026025817236734805,0.2905919090623131,0.5218918079071937,0.15442424453477432,0.00706622125898404
"Donaldson, Jamie",16,4,0.006448298799047902,0.18746842470057523,0.5823082570964624,0.21517876429081095,0.00859625511310358
"Donaldson, Jamie",17,3,0.004350916733381505,0.14970162749378457,0.566720306412122,0.26494631166892324,0.014280837691788673
"Donaldson, Jamie",18,5,0.05939636976835183,0.31159188541461286,0.44532040756763297,0.1671883558038867,0.016502981445515652
"Driessen, Bjorn",1,4,0.0029539716652242087,0.11815146445586872,0.5394173166237467,0.3165787219664966,0.022898525288663762
"Driessen, Bjorn",2,4,0.008275466795591213,0.13362181150155256,0.45791697502297674,0.34285316370125496,0.057332582978624536
"Driessen, Bjorn",3,5,0.021955431765116495,0.1776490599073871,0.42926894889485945,0.3044199343592413,0.06670662507339564
"Driessen, Bjorn",4,3,0.012152196445985308,0.1385946883932896,0.42295713471207197,0.346264516814632,0.08003146363402114
"Driessen, Bjorn",5,4,0.006765786682609298,0.19800125791175888,0.5891351953267758,0.19924300558300445,0.0068547544958516005
"Driessen, Bjorn",6,4,0.003187166974401301,0.15222641099298662,0.6029041140708038,0.2338209763530148,0.007861331608793432
"Driessen, Bjorn",7,3,0.0025618156491041266,0.08759179633940534,0.45742143279645653,0.3952435917587368,0.05718136345629721
"Driessen, Bjorn",8,5,0.022868519455974845,0.17997142505568808,0.4282614769163556,0.3022290593624807,0.06666951920950082
"Driessen, Bjorn",9,4,0.006072122117677159,0.10891747486292674,0.4276556128696431,0.378763737424173,0.07859105272557998
"Driessen, Bjorn",10,4,0.004456623877059418,0.09304263327672829,0.4118739959994826,0.40097910323795005,0.08964764360877964
"Driessen, Bjorn",11,3,0.015598932492036699,0.271022213130625,0.5613978445062349,0.14757459771442072,0.004406412156682693
"Driessen, Bjorn",12,4,0.004824505051703232,0.1106535018922587,0.4607920794466184,0.3669759588675855,0.0567539547418342
"Driessen, Bjorn",13,3,0.0015607580992132997,0.11806957511832122,0.6067284855969581,0.2649968729880371,0.008644308197470307
"Driessen, Bjorn",14,4,0.0031427611083389984,0.07907656388359313,0.39860212375199006,0.4213653780540645,0.09781317320201333
"Driessen, Bjorn",15,5,0.018094575862671713,0.2464924976856639,0.5339089903282868,0.1908304260741256,0.0106735100492521
"Driessen, Bjorn",16,4,0.003964839484715099,0.14707343786687355,0.5717244155183321,0.2638272942245936,0.013410012905485713
"Driessen, Bjorn",17,3,0.0026350220471538233,0.11523506659289601,0.5443915887789861,0.31620116601172343,0.0215371565692406
"Driessen, Bjorn",18,5,0.04574667202887028,0.2781073671526537,0.4565845837486151,0.19704237453304774,0.02251900253681316
"Elvira Mijares, Ignacio",1,4,0.006970489361465826,0.18370445334707713,0.5698390796511688,0.22851368921141535,0.01097228842887299
"Elvira Mijares, Ignacio",2,4,0.01575751794448943,0.18869905104060086,0.4866159284934222,0.27482069758770866,0.03410680493377882
"Elvira Mijares, Ignacio",3,5,0.03614465953860768,0.22971427075270456,0.4417868211791306,0.24949477465833458,0.042859473871222575
"Elvira Mijares, Ignacio",4,3,0.021388604431227143,0.18849328949350608,0.45002774728244466,0.2886730659839134,0.05141729280890872
"Elvira Mijares, Ignacio",5,4,0.015232285086803521,0.2865618991178225,0.5680177840903352,0.1273873904005708,0.002800641304467999
"Elvira Mijares, Ignacio",6,4,0.007987701739299413,0.23551245147641492,0.6024699143740677,0.1508984902027568,0.003131442207461088
"Elvira Mijares, Ignacio",7,3,0.005733703718473815,0.13685147439354572,0.5093573205903301,0.31589473398101786,0.03216276731663248
"Elvira Mijares, Ignacio",8,5,0.03743942435007164,0.23186641922131312,0.44000694987773414,0.24775881492159968,0.042928391629281415
"Elvira Mijares, Ignacio",9,4,0.011753552187858451,0.15738416546141265,0.4676682494516935,0.31447944057638877,0.04871459232264663
"Elvira Mijares, Ignacio",10,4,0.008886440064047041,0.1377691322738246,0.4592045081533884,0.3379939894444196,0.05614593006432034
"Elvira Mijares, Ignacio",11,3,0.03151300105038529,0.3629324631506116,0.5127209307017335,0.09105381018578429,0.0017797949114852774
"Elvira Mijares, Ignacio",12,4,0.009904187227372074,0.1637821622121226,0.5001612891952995,0.293328617000732,0.032823744364473884
"Elvira Mijares, Ignacio",13,3,0.004330265075170037,0.19430738560646066,0.6257397533942726,0.17226705639508055,0.003355539529016127
"Elvira Mijares, Ignacio",14,4,0.006509940493197475,0.12042088725075512,0.45279232749993825,0.3589088108798766,0.061368033876232575
"Elvira Mijares, Ignacio",15,5,0.034180895814257206,0.32633282897839655,0.5056509190082581,0.12880842385915914,0.005026932339929013
"Elvira Mijares, Ignacio",16,4,0.009296020068328248,0.22323027052758931,0.5814129465146727,0.18011868100537531,0.005942081884034445
"Elvira Mijares, Ignacio",17,3,0.006349797300059412,0.180990778401507,0.5758508371316178,0.22666384927420125,0.010144737892614497
"Elvira Mijares, Ignacio",18,5,0.072280052298895,0.33738981899790266,0.43221377975351016,0.14533704688440652,0.012779302065285658
"Elvira, Manuel",1,4,0.006734988587817126,0.18060885203923982,0.5693296055174155,0.2319933398353149,0.0113332140202127
"Elvira, Manuel",2,4,0.015354953489364553,0.186191274203102,0.4858875750457613,0.2776726354811754,0.03489356178059677
"Elvira, Manuel",3,5,0.03542742964257467,0.22744964086201575,0.44162906866410956,0.2517971954884761,0.043696665342823904
"Elvira, Manuel",4,3,0.02090731864400658,0.18625336604172787,0.44926774389402324,0.2911466305424817,0.05242494087776062
"Elvira, Manuel",5,4,0.014748133833275001,0.28260111633139207,0.5697342984977615,0.13000383567126106,0.002912615666310403
"Elvira, Manuel",6,4,0.007700465767541409,0.2316411836880206,0.6034427087673487,0.15395506396827985,0.003260577808809395
"Elvira, Manuel",7,3,0.005550968558041824,0.1344918350464666,0.507694820813535,0.3192728803710815,0.03298949521087513
"Elvira, Manuel",8,5,0.03670470515275409,0.22961404516490674,0.43987776073711604,0.25004086797038727,0.04376262097483585
"Elvira, Manuel",9,4,0.011445156666942735,0.15513999732758949,0.4663979705469762,0.31726633609210964,0.04975053936638196
"Elvira, Manuel",10,4,0.008642741233706563,0.13566862388884804,0.4575942916670507,0.3407786038957594,0.057315739314635294
"Elvira, Manuel",11,3,0.03064590569079062,0.3590439289471888,0.5154031428326946,0.09305536499832856,0.0018516575309974748
"Elvira, Manuel",12,4,0.009621981467069607,0.16130442036687687,0.4990143640775462,0.29643500849737237,0.03362422559113498
"Elvira, Manuel",13,3,0.004157478443708507,0.19064566838988206,0.6259770905897858,0.17572157550972212,0.003498187066901526
"Elvira, Manuel",14,4,0.006321600964046992,0.1184500761795989,0.45086599325683385,0.3617183756047976,0.06264395399472267
"Elvira, Manuel",15,5,0.03332602500179055,0.3229299668603173,0.5074329403768205,0.1311160750282666,0.005194992732804993
"Elvira, Manuel",16,4,0.00898501427574383,0.21970248652364516,0.5818510649587036,0.1833031405185821,0.006158293723325325
"Elvira, Manuel",17,3,0.006130149030273924,0.17787217230676639,0.5753211055581511,0.23019015158418388,0.010486421520624734
"Elvira, Manuel",18,5,0.07097205551829683,0.3349817581084571,0.43360788997410477,0.14733990190569024,0.013098394493451071
"Erickson, Dan",1,4,0.005822370343938843,0.16795001087141365,0.566442010063184,0.2468245079781728,0.012961100743290821
"Erickson, Dan",2,4,0.013761770948736651,0.1758545757751664,0.4823644970311276,0.2896630754399837,0.03835608080498565
"Erickson, Dan",3,5,0.032546148268355446,0.2180172703855845,0.4406131395475429,0.26147188442155367,0.047351557376963505
"Erickson, Dan",4,3,0.018987950297972844,0.176992382616253,0.44570996253442857,0.3014881394008696,0.05682156515047598
"Erickson, Dan",5,4,0.012859562825891735,0.2661867936909641,0.576170399190148,0.14135590499232342,0.003427339300672738
"Erickson, Dan",6,4,0.006592752026513993,0.2157425438668506,0.6066236169168975,0.16718535271035107,0.0038557344793868076
"Erickson, Dan",7,3,0.004839870962389858,0.12487965221936281,0.5001956711814601,0.3334361890589903,0.036648616577796944
"Erickson, Dan",8,5,0.033751447737889684,0.22022808145752076,0.43898569824393174,0.2596309560715645,0.04740381648909331
"Erickson, Dan",9,4,0.01022738260211975,0.14592750254066478,0.46065966721733553,0.32889867656538874,0.0542867710744912
"Erickson, Dan",10,4,0.00768362341739387,0.1270747945120057,0.4504571966551557,0.35235380502752944,0.06243058038791527
"Erickson, Dan",11,3,0.027222628464072918,0.3427143821323999,0.526090574923519,0.10178984367233124,0.002182570807677031
"Erickson, Dan",12,4,0.0085138515517853,0.15114798870670104,0.49369959668778357,0.3094812966257614,0.03715726642796868
"Erickson, Dan",13,3,0.003498255327700539,0.1757232076222195,0.6259771806063641,0.19064395768588838,0.004157398757827502
"Erickson, Dan",14,4,0.005583401880190908,0.11041518004296813,0.44242558871430215,0.37335587848324914,0.06821995087928967
"Erickson, Dan",15,5,0.029931206753507744,0.3086724398013783,0.5143651711592716,0.14107585007586088,0.0059553322099814565
"Erickson, Dan",16,4,0.007778093981488654,0.2052071286026667,0.5828829056853335,0.19698929547815536,0.0071425762523558145
"Erickson, Dan",17,3,0.005280753913006586,0.16513166797749285,0.5723251842518478,0.2452318846968511,0.012030509160801728
"Erickson, Dan",18,5,0.06568495754980797,0.32478368333875496,0.439116241993067,0.1559027347248807,0.014512382393489398
"Fdez-Castano, Gonzalo",1,4,0.003913665837029012,0.13703658920718714,0.55308073116791,0.28769053551868684,0.01827847826918705
"Fdez-Castano, Gonzalo",2,4,0.010214414718986153,0.1499757136609085,0.46949657074393514,0.32142445068632064,0.048888850189849564
"Fdez-Castano, Gonzalo",3,5,0.025839489744374555,0.19365773763320931,0.4351926731800921,0.28709317287998926,0.05821692656233479
"Fdez-Castano, Gonzalo",4,3,0.014615422909577902,0.1535823490169287,0.43349693974467435,0.32843848328373804,0.06986680504508103
"Fdez-Castano, Gonzalo",5,4,0.00883591137634493,0.2245708067267806,0.5870419677498218,0.17434514489561226,0.005206169251440462
"Fdez-Castano, Gonzalo",6,4,0.004310508227169718,0.17648464452311158,0.6079429044543416,0.20533458008633243,0.005927362709044592
"Fdez-Castano, Gonzalo",7,3,0.0033333025377377257,0.10164073418101244,0.4764893042517484,0.37057880406862775,0.04795785496087368
"Fdez-Castano, Gonzalo",8,5,0.026865379146708057,0.19595314544419834,0.4339218286960224,0.285037562496133,0.0582220842169382
"Fdez-Castano, Gonzalo",9,4,0.0075331433663313185,0.12312844366697184,0.44242712623955854,0.35902970757930297,0.06788157914783532
"Fdez-Castano, Gonzalo",10,4,0.0055820919359979015,0.10601341156193428,0.4287657336413628,0.3819475866058182,0.07769117625488686
"Fdez-Castano, Gonzalo",11,3,0.019667952654590704,0.29972438770707616,0.549646300422239,0.12762866246247784,0.003332696753616249
"Fdez-Castano, Gonzalo",12,4,0.00610295352336121,0.12613498098565268,0.47586801323184724,0.34390237158937265,0.047991680669766223
"Fdez-Castano, Gonzalo",13,3,0.002182052856081862,0.13970154857893574,0.6182645470534958,0.23338252491915845,0.0064693265923281285
"Fdez-Castano, Gonzalo",14,4,0.003985304940909817,0.09092548824509544,0.41749354395677185,0.4027666143408498,0.08482904851637307
"Fdez-Castano, Gonzalo",15,5,0.022304140320811794,0.2713292703696361,0.5282919920426746,0.1696103279897142,0.008464269277163261
"Fdez-Castano, Gonzalo",16,4,0.005244326084609896,0.1693330502665828,0.5793273272586457,0.2356481112782577,0.0104471851119039
"Fdez-Castano, Gonzalo",17,3,0.003515310900370938,0.13411118617170242,0.5585027359425347,0.286768197364079,0.017102569621312957
"Fdez-Castano, Gonzalo",18,5,0.05315907513140383,0.2972035393362925,0.45093972875593547,0.17979254555134305,0.01890511122502514
"Ferguson, Ewen",1,4,0.008995539920208628,0.20798457486332989,0.5714355200997661,0.2030286522484135,0.00855571286828194
"Ferguson, Ewen",2,4,0.019099225115741802,0.20812529545411157,0.4906983371106623,0.2534511745568335,0.028625967762650806
"Ferguson, Ewen",3,5,0.04195156692747115,0.24695943313718322,0.4419229017235125,0.23221697768158567,0.03694912053024746
"Ferguson, Ewen",4,3,0.025333253422837432,0.20576161176078211,0.45464183903182565,0.26996516615468413,0.044298129629870675
"Ferguson, Ewen",5,4,0.01934759171905126,0.31692268307499427,0.5528921897523149,0.10876454659054802,0.002072988863091485
"Ferguson, Ewen",6,4,0.010477223236516175,0.2656400618151666,0.5925203405999603,0.12906652051226553,0.0022958538360914327
"Ferguson, Ewen",7,3,0.007294435652142384,0.15548947598312923,0.5202737242551846,0.29048480157068945,0.02645756253885434
"Ferguson, Ewen",8,5,0.043382172911238415,0.24900423145881795,0.4399404246207086,0.23063628943263703,0.03703688157659801
"Ferguson, Ewen",9,4,0.014323484696523725,0.17489002103116957,0.47599276309729516,0.29335480640925504,0.0414389247657565
"Ferguson, Ewen",10,4,0.01092871666965023,0.15424714118041727,0.4701621408612108,0.3167510420377283,0.04791095925099342
"Ferguson, Ewen",11,3,0.03873435483903542,0.39207698323271994,0.49093959619554356,0.0769350864459204,0.0013139792867806754
"Ferguson, Ewen",12,4,0.012277935690546748,0.18315216744199886,0.5072768206534376,0.27001926731211234,0.02727380890190445
"Ferguson, Ewen",13,3,0.005855684836951147,0.22317291521324106,0.6210159418198014,0.14751886179163198,0.0024365963383744527
"Ferguson, Ewen",14,4,0.008099346806260233,0.13597251364082846,0.46619037087905096,0.33735832974309676,0.05237943893076358
"Ferguson, Ewen",15,5,0.04123283467914263,0.3519523474822234,0.4906739302295727,0.11223420623723124,0.003906681371830034
"Ferguson, Ewen",16,4,0.011963428409515864,0.25067160863152044,0.5757436014811813,0.15710581649987732,0.004515544977905073
"Ferguson, Ewen",17,3,0.008245280996449,0.2054897603198393,0.5775295216910395,0.20087132957956721,0.007864107413104948
"Ferguson, Ewen",18,5,0.08275851500051917,0.35520703642588863,0.42073391797624105,0.13072056210738903,0.010579968489962122
"Fisher, Ross",1,4,0.005477882502418818,0.16286413295836438,0.564894474834145,0.25307150374639353,0.013692005958678255
"Fisher, Ross",2,4,0.013145205839573182,0.1716623856052621,0.48068700979263956,0.29463624292550405,0.03986915583702111
"Fisher, Ross",3,5,0.031411336637869325,0.21414551929405706,0.4400256847115635,0.2654829189114114,0.048934540445098706
"Fisher, Ross",4,3,0.01823841428812023,0.17322281013712165,0.4440640795972541,0.3057501621884342,0.05872453378906983
"Fisher, Ross",5,4,0.012141216533587407,0.2594920025229038,0.5784683194087357,0.14623511791973054,0.0036633436150426135
"Fisher, Ross",6,4,0.006177076989555774,0.20932505999584772,0.6075125138267514,0.1728559724216202,0.004129376766224824
"Fisher, Ross",7,3,0.004570091793636544,0.12103412341239594,0.49684799807194535,0.3392902354750228,0.038257551246999366
"Fisher, Ross",8,5,0.03258749666033489,0.21637319845368674,0.43845137810296253,0.2636074235514074,0.04898050323160841
"Fisher, Ross",9,4,0.009757320721788587,0.14220848674706033,0.45809357955719376,0.33368274605108605,0.05625786692287127
"Fisher, Ross",10,4,0.007314838793445133,0.12361888412029304,0.4473255834389396,0.35709130983358806,0.0646493838137342
"Fisher, Ross",11,3,0.025901990313752732,0.3359540188443987,0.5302404921102665,0.10556889930833435,0.002334599423247763
"Fisher, Ross",12,4,0.00808894340796118,0.14705522982472585,0.491264726778872,0.31488508001016824,0.03870601997827272
"Fisher, Ross",13,3,0.003254017571285406,0.16975317764024755,0.6255070309469223,0.1970244030684163,0.00446137077312847
"Fisher, Ross",14,4,0.005300930638931778,0.1071971222748529,0.43876589325407744,0.3780986774022278,0.07063737642991008
"Fisher, Ross",15,5,0.028612371906559353,0.3027836198752775,0.5169738454376603,0.14533222597403417,0.006297936806468618
"Fisher, Ross",16,4,0.00732178312309073,0.19935188164443512,0.5829285069157781,0.20280876050492103,0.007589067811775041
"Fisher, Ross",17,3,0.0049609330580923094,0.16001883195368055,0.5707219228531675,0.25157304696655125,0.01272526516850836
"Fisher, Ross",18,5,0.0635877645492422,0.32051947872357045,0.44123368274313046,0.1595239703811241,0.015135103602932798
"Fitzpatrick, Alex",1,4,0.007927265179632603,0.19565936042987614,0.5711359882079285,0.215580111070369,0.00969727511219376
"Fitzpatrick, Alex",2,4,0.01736138409954896,0.1983157543608386,0.4889736273446004,0.26408464204489157,0.03126459215012045
"Fitzpatrick, Alex",3,5,0.038962835733166334,0.23831586225373863,0.44208795968120174,0.2408209207341504,0.0398124215977429
"Fitzpatrick, Alex",4,3,0.023292586271768945,0.19705949763248964,0.45258683156041907,0.2793128938128113,0.04774819072251102
"Fitzpatrick, Alex",5,4,0.017186878049556487,0.3016656870960877,0.5609178948928946,0.11781778579441937,0.0024117541670418685
"Fitzpatrick, Alex",6,4,0.00915983216773969,0.25039975646527907,0.5980599565031732,0.13969642137669835,0.0026840334871096605
"Fitzpatrick, Alex",7,3,0.006473302131998759,0.14599888804191913,0.5151870337444819,0.3031489014998068,0.029191874581793398
"Fitzpatrick, Alex",8,5,0.04032476664210605,0.2404175568731055,0.4402037401664306,0.23916241099584024,0.03989152532251761
"Fitzpatrick, Alex",9,4,0.01298485169084157,0.16602319033935392,0.47211734440448017,0.30391965598297044,0.044954957582353905
"Fitzpatrick, Alex",10,4,0.009862463262610255,0.1458805114001528,0.46495772793542506,0.327404426991283,0.05189487041052887
"Fitzpatrick, Alex",11,3,0.034974348628737495,0.37757739345275687,0.5021471169971747,0.08377055795466126,0.0015305829666696358
"Fitzpatrick, Alex",12,4,0.01103677928803709,0.17333232885085498,0.5040665174443393,0.281624723720695,0.029939650696073628
"Fitzpatrick, Alex",13,3,0.005042540918485383,0.20848992561531582,0.6240203819563674,0.1595846025478409,0.002862548961990452
"Fitzpatrick, Alex",14,4,0.007267161131972566,0.12805630840834953,0.4597560522994089,0.34819109640374946,0.05672938175651954
"Fitzpatrick, Alex",15,5,0.03757528559960854,0.3391792676747671,0.4984847936979914,0.12032587438058329,0.004434778647049664
"Fitzpatrick, Alex",16,4,0.010557791179627185,0.2367922263158972,0.579094124675219,0.1683712182400896,0.005184639589167039
"Fitzpatrick, Alex",17,3,0.007243928015571499,0.1930451557615907,0.5772045938996653,0.21356649904070646,0.008939823282466008
"Fitzpatrick, Alex",18,5,0.07738960294599811,0.3463923599211132,0.4266752424408844,0.13790924627300472,0.01163354841899955
"Follet-Smith, Benjamin",1,4,0.004981750782473815,0.15519672376286325,0.5621069104696047,0.26282494463177386,0.014889670353284368
"Follet-Smith, Benjamin",2,4,0.012240580556752423,0.16529638616367304,0.4778509299851346,0.30231308190751205,0.04229902138692787
"Follet-Smith, Benjamin",3,5,0.02972442903359579,0.2082129167016022,0.438928571575148,0.27167399806070247,0.051460084628951575
"Follet-Smith, Benjamin",4,3,0.01713125113220315,0.16748256459831268,0.44132895269166206,0.31229828821465,0.061758943363172114
"Follet-Smith, Benjamin",5,4,0.011100932696013088,0.24928807808324982,0.5815848510241517,0.15396991047876607,0.004056227717819327
"Follet-Smith, Benjamin",6,4,0.005581093270037585,0.19961867632635993,0.6083888859342027,0.1818255053658906,0.004585839103509182
"Follet-Smith, Benjamin",7,3,0.004180059465081598,0.11525368742324466,0.4914121865005437,0.34830098957616584,0.040853077034964214
"Follet-Smith, Benjamin",8,5,0.030856396271519593,0.2104639559553803,0.43743827498018834,0.2697457943846544,0.05149557840825736
"Follet-Smith, Benjamin",9,4,0.00906894513808082,0.13658002595805102,0.4539209200605461,0.34102021131128935,0.05940989753203274
"Follet-Smith, Benjamin",10,4,0.006776322806139157,0.11840348101774417,0.44229712544178595,0.36433003627696425,0.06819303445736646
"Follet-Smith, Benjamin",11,3,0.02396941503442601,0.3255370187758691,0.5363153833276774,0.11159009629125116,0.00258808657077636
"Follet-Smith, Benjamin",12,4,0.007469772265484287,0.14086988580731175,0.4872442489131783,0.32321718928315024,0.041198903730875425
"Follet-Smith, Benjamin",13,3,0.002907115132286864,0.16078310346942304,0.6242429206374502,0.2070973619183698,0.004969498842469999
"Follet-Smith, Benjamin",14,4,0.004889924114374944,0.102355255087697,0.43293701856035244,0.3853213554397932,0.07449644679778245
"Follet-Smith, Benjamin",15,5,0.026672218993200048,0.29372314343243633,0.5206915611222149,0.15205215202314903,0.00686092442899966
"Follet-Smith, Benjamin",16,4,0.006663863032071726,0.1904900884612395,0.5825601197745303,0.2119595678543722,0.008326360877786376
"Follet-Smith, Benjamin",17,3,0.00450118163545965,0.15231745956523512,0.5678361517254826,0.2614797082467909,0.013865498827031697
"Follet-Smith, Benjamin",18,5,0.060454061595424435,0.31389774439462487,0.44430936046070196,0.1651977250510066,0.01614110849824213
"Forrest, Grant",1,4,0.007006434449699228,0.18417129059772264,0.5699095153728537,0.22799373825761293,0.010919021322111533
"Forrest, Grant",2,4,0.015818676686409072,0.18907659077614014,0.48672143225881254,0.2743932411120882,0.03399005916655007
"Forrest, Grant",3,5,0.036253262495707594,0.2300544206691233,0.4418076690401572,0.24914962716901679,0.0427350206259951
"Forrest, Grant",4,3,0.02146159904092182,0.1888302807171297,0.450138778452983,0.2883018586789362,0.051267483110029266
"Forrest, Grant",5,4,0.0153060726594611,0.2871574196918284,0.5677543720846872,0.12699795122121893,0.0027841843428044744
"Forrest, Grant",6,4,0.008031589898114089,0.23609568798787917,0.6023169363747782,0.15044331163138458,0.0031124741078439877
"Forrest, Grant",7,3,0.005761569655855725,0.1372076397748485,0.5096024274033137,0.31538811719302906,0.03204024597295296
"Forrest, Grant",8,5,0.03755066120265255,0.23220469120465653,0.4400235467761341,0.24741672793188818,0.04280437288466865
"Forrest, Grant",9,4,0.011800428072647473,0.15772232905629818,0.4678554735455191,0.31406107111356973,0.048560698211965514
"Forrest, Grant",10,4,0.00892350950208326,0.13808588555299317,0.45944291977789325,0.33757559106396373,0.05597209410306658
"Forrest, Grant",11,3,0.03164479790633773,0.36351538875944295,0.5123143096326305,0.09075626659783098,0.0017692371037578702
"Forrest, Grant",12,4,0.00994713548915871,0.16415563813016004,0.5003292670965935,0.2928629210194015,0.03270503826468629
"Forrest, Grant",13,3,0.004356729382559654,0.19485999769677753,0.625696278906674,0.1717523946110191,0.0033345994029696513
"Forrest, Grant",14,4,0.006538615403257786,0.12071831467812283,0.4530783190280142,0.35848634149751424,0.06117840939309094
"Forrest, Grant",15,5,0.03431066788063858,0.3268432264273305,0.5053794235582644,0.12846453679662984,0.005002145337136721
"Forrest, Grant",16,4,0.009343474289160936,0.2237617093517349,0.5813408707835453,0.17964370817286768,0.005910237402691143
"Forrest, Grant",17,3,0.006383338480858369,0.1814611852432379,0.5759241242833417,0.22613701977940637,0.010094332213155588
"Forrest, Grant",18,5,0.07247783498865135,0.33775015427643995,0.4320020419330032,0.14503794584138274,0.012732022960522782
"Forsstrom, Simon",1,4,0.006605225706651452,0.17887489989301047,0.5690115353124658,0.23396694077831737,0.011541398309554918
"Forsstrom, Simon",2,4,0.015131713886524623,0.1847832616663499,0.48545744006329317,0.2792835310689904,0.03534405331484192
"Forsstrom, Simon",3,5,0.03502788495469089,0.22617414441755457,0.44152565534728194,0.2530974415695102,0.0441748737109624
"Forsstrom, Simon",4,3,0.02063980450445363,0.18499459521086153,0.4488237353330341,0.2925414408692949,0.053000424082355835
"Forsstrom, Simon",5,4,0.01448082101310022,0.2803734897718365,0.5706723731723687,0.13149574839359723,0.00297756764909729
"Forsstrom, Simon",6,4,0.0075424282646948115,0.22946986891074783,0.6039554243536103,0.15569673560387343,0.0033355428670736043
"Forsstrom, Simon",7,3,0.005450153283314663,0.13317170079607027,0.5067349847721851,0.3211794772083928,0.03346368394003707
"Forsstrom, Simon",8,5,0.036295345620206365,0.22834526222323165,0.4397906353195101,0.2513296497083911,0.04423910712866075
"Forsstrom, Simon",9,4,0.011274255108492004,0.15388155547424048,0.4656642762233542,0.318837091794542,0.050342821399371296
"Forsstrom, Simon",10,4,0.008507828799434403,0.1344919412485252,0.4566698048641553,0.34234616369790105,0.057984261389984026
"Forsstrom, Simon",11,3,0.03016539885560593,0.35684812324882537,0.5168944997327707,0.09419861493745707,0.0018933632253409494
"Forsstrom, Simon",12,4,0.009465859079128724,0.15991559730625032,0.4983464746845332,0.29818909686390804,0.03408297206617972
"Forsstrom, Simon",13,3,0.004062723653226241,0.18859667819503795,0.6260707005137169,0.17768883448553485,0.0035810631524839653
"Forsstrom, Simon",14,4,0.006217466387185955,0.11734722406508757,0.4497639775886207,0.3632983223773243,0.06337300958178149
"Forsstrom, Simon",15,5,0.03285145577685272,0.32100980388630335,0.5084169190197919,0.1324298039148848,0.005292017402167226
"Forsstrom, Simon",16,4,0.008813571989567948,0.21772355770253754,0.5820657139811429,0.18511380597497118,0.0062833503517804035
"Forsstrom, Simon",17,3,0.0060091987966223726,0.17612584457877106,0.5749906493138359,0.23219068652141295,0.010683620789357695
"Forsstrom, Simon",18,5,0.07024203834191367,0.3336185678283072,0.4343810722486056,0.1484768462427727,0.01328147533840085
"Frances, Alexander George",1,4,0.005139883271356005,0.1576872294820854,0.5630743176787113,0.2596112962912196,0.014487273276627688
"Frances, Alexander George",2,4,0.01253116426390305,0.16737041665230667,0.4788139914744676,0.2997952725878714,0.04148915502145123
"Frances, Alexander George",3,5,0.030269251240008677,0.21015291301097283,0.43931383024234927,0.2696434804259509,0.05062052508071835
"Frances, Alexander George",4,3,0.01748789570155901,0.1693548988258975,0.4422519641753551,0.31015478982948175,0.060750451467706634
"Frances, Alexander George",5,4,0.0114332624147373,0.25261725960403536,0.5806205170703443,0.15140556942443273,0.003923391486450267
"Frances, Alexander George",6,4,0.005770691611212131,0.20277556867558533,0.6081678353289398,0.17885451929617657,0.004431385088086159
"Frances, Alexander George",7,3,0.004304577378638541,0.11712905962215836,0.49323063334388517,0.3453492875470543,0.03998644210826363
"Frances, Alexander George",8,5,0.03141560892162065,0.21239664597137198,0.4377957162183399,0.26773247376396614,0.05065955512470133
"Frances, Alexander George",9,4,0.009289892728327254,0.1384112504795369,0.4553176284404819,0.3386201059064241,0.05836112244522984
"Frances, Alexander George",10,4,0.006948964074122821,0.12009833700637634,0.44397219836789553,0.361965940319406,0.06701456023219932
"Frances, Alexander George",11,3,0.024589491006503317,0.3289508323496262,0.5343676050611282,0.10958974511799591,0.0025023264647463517
"Frances, Alexander George",12,4,0.007668095206006753,0.1428810945534078,0.4885977442128727,0.3204857912212764,0.040367274806436315
"Frances, Alexander George",13,3,0.003017038489128321,0.16369258412752258,0.6247294189787769,0.2037635377193806,0.004797420685191622
"Frances, Alexander George",14,4,0.005021491434567205,0.10392677656571503,0.4348726121485582,0.3829657969614435,0.07321332288971605
"Frances, Alexander George",15,5,0.02729610695237067,0.29669070468318887,0.5195137616773537,0.14982787617922066,0.006671550507866053
"Frances, Alexander George",16,4,0.006873659335861593,0.19337311921430272,0.5827396028053331,0.2089357393913549,0.008077879253147735
"Frances, Alexander George",17,3,0.0046476043197742345,0.154818097207841,0.5688373853848043,0.2582147561941961,0.01348215689338439
"Frances, Alexander George",18,5,0.06146831527813906,0.3160747608257598,0.4433264691121677,0.16332545253354525,0.015805002250388167
"Frittelli, Dylan",1,4,0.006916028913754924,0.1829943315785723,0.5697287446193448,0.22930700281310656,0.01105389207522145
"Frittelli, Dylan",2,4,0.015664713704967692,0.18812443841743653,0.486453277969618,0.27547223286211664,0.03428533704586112
"Frittelli, Dylan",3,5,0.035979681701376,0.22919617236594741,0.44175364055382055,0.25002082539796533,0.04304967998089071
"Frittelli, Dylan",4,3,0.021277778230674282,0.18798027959538582,0.44985706547362725,0.28923863317364085,0.0516462435266718
"Frittelli, Dylan",5,4,0.015120434498443636,0.28565513388507496,0.5684162039095518,0.1279823403251652,0.0028258873817643693
"Frittelli, Dylan",6,4,0.007921229992897294,0.23462498045946495,0.6026994872215327,0.15159375620780868,0.0031605461182964145
"Frittelli, Dylan",7,3,0.005691471336134346,0.13630985866192497,0.5089816778138474,0.3166667821835333,0.032350210004560065
"Frittelli, Dylan",8,5,0.0372704382077691,0.2313511625981977,0.4399802638084173,0.2482802046464605,0.043117930739155375
"Frittelli, Dylan",9,4,0.011682433027389638,0.15686963853797797,0.46738128769022796,0.31511679376414947,0.04894984698025495
"Frittelli, Dylan",10,4,0.008830212775065127,0.13728730082263113,0.458839644141758,0.33863120099512434,0.05641164126542142
"Frittelli, Dylan",11,3,0.03131304050717709,0.3620440065374462,0.5133384022865759,0.09150855742428088,0.0017959932445199556
"Frittelli, Dylan",12,4,0.009839053600483205,0.16321396428244567,0.49990328217233965,0.2940383872952266,0.0330053126495049
"Frittelli, Dylan",13,3,0.0042902147494826015,0.1934669882895158,0.6258020516844702,0.17305306964382072,0.003387675632710585
"Frittelli, Dylan",14,4,0.006466459262226054,0.119968569944567,0.4523550412029568,0.35955206160124276,0.06165786798900741
"Frittelli, Dylan",15,5,0.03398392403023731,0.32555505624043735,0.5060625295713882,0.1293335767859558,0.005064913371981339
"Frittelli, Dylan",16,4,0.009224114386593374,0.22242159261703104,0.5815195887617037,0.18084380484501228,0.005990899389659576
"Frittelli, Dylan",17,3,0.006298986868879197,0.18027527699802653,0.5757360630473549,0.22746770429876983,0.01022196878696957
"Frittelli, Dylan",18,5,0.07197946483404738,0.33684029321270686,0.4325351165387426,0.14579348695427108,0.012851638460232073
"Gale, Daniel",1,4,0.005688321953966291,0.16599274613942305,0.5658739353553336,0.24920825123541368,0.013236745315863385
"Gale, Daniel",2,4,0.013522915881176822,0.17424402160499086,0.4817375049599566,0.29156602290703093,0.03892953464684479
"Gale, Daniel",3,5,0.03210790585136075,0.2165330559870035,0.44039981674259765,0.2630067477956466,0.0479524736233915
"Gale, Daniel",4,3,0.01869805223184956,0.175545154057774,0.4450919062175769,0.3031208440056343,0.05754404348716524
"Gale, Daniel",5,4,0.012580410627992089,0.2636172269714382,0.5770755006957561,0.14321086304334574,0.0035159986614679006
"Gale, Daniel",6,4,0.006430831441215201,0.21327481737396609,0.6069935520377987,0.16934231772273722,0.003958481424282789
"Gale, Daniel",7,3,0.004734989082053109,0.1233986433175176,0.49893095972920737,0.33567768862229785,0.03725771924892407
"Gale, Daniel",8,5,0.033302007033769065,0.2187504841494552,0.4387925865444666,0.2611525548045839,0.04800236746772524
"Gale, Daniel",9,4,0.010045199081941902,0.14449755654811253,0.45969055602874503,0.3307321011560207,0.05503458718517984
"Gale, Daniel",10,4,0.007540593581333077,0.12574509370449116,0.44927066640331326,0.3541710127581005,0.06327263355276203
"Gale, Daniel",11,3,0.026710710508469016,0.3401265579284699,0.5276982769462604,0.10322479313509281,0.002239661481707955
"Gale, Daniel",12,4,0.008348972635396135,0.1495738160427732,0.4927837450448841,0.31154955694923947,0.037743909327707104
"Gale, Daniel",13,3,0.003402901016535509,0.17342386641377744,0.6258297308360639,0.19307202796145762,0.004271473772165635
"Gale, Daniel",14,4,0.005473753753650612,0.10917609434199504,0.4410361139548417,0.3751765533173236,0.06913748463218905
"Gale, Daniel",15,5,0.029420631112548723,0.3064173624863204,0.5153818904720168,0.14269566564477787,0.00608445028433624
"Gale, Daniel",16,4,0.007600581681265928,0.20295592767177312,0.582926774703817,0.19920607372371657,0.0073106422194273435
"Gale, Daniel",17,3,0.005156248663825025,0.16316361978528438,0.5717365255798053,0.24765118715694323,0.012292418814142114
"Gale, Daniel",18,5,0.06487608134623196,0.3231543826588173,0.4399380528068785,0.1572834300864666,0.014748053101605652
"Garcia-Heredia, Alfredo",1,4,0.005610341709102629,0.1648415263756376,0.5655238459640279,0.25062215336023574,0.013402132590996096
"Garcia-Heredia, Alfredo",2,4,0.01338334825526194,0.1732951137778046,0.4813579329640117,0.2926916582972565,0.03927194670566525
"Garcia-Heredia, Alfredo",3,5,0.031851030683160086,0.21565670229133,0.44026694094056334,0.2639146091684985,0.04831071691644806
"Garcia-Heredia, Alfredo",4,3,0.018528386294062726,0.1746919138687973,0.44471946438234183,0.30408553161710483,0.05797470383769332
"Garcia-Heredia, Alfredo",5,4,0.012417801411572005,0.2621018530219067,0.5775958317236624,0.14431511821394294,0.0035693956289160056
"Garcia-Heredia, Alfredo",6,4,0.006336736660904951,0.2118221850759766,0.6071949868846771,0.17062569802034377,0.004020393358097563
"Garcia-Heredia, Alfredo",7,3,0.004673920478386384,0.12252818191028347,0.498173358480361,0.33700272243434803,0.037621816696621124
"Garcia-Heredia, Alfredo",8,5,0.033038536095707005,0.21787794954529666,0.43867173647456836,0.26205259177695395,0.04835918610747403
"Garcia-Heredia, Alfredo",9,4,0.009938794276922902,0.14365574645746176,0.45910983879427997,0.33181496069189087,0.0554806597794445
"Garcia-Heredia, Alfredo",10,4,0.007457114074630011,0.124962833463093,0.44856193800683875,0.3552433471252676,0.06377476733017062
"Garcia-Heredia, Alfredo",11,3,0.026411764475584465,0.33859638585057134,0.5286377507459932,0.10408004074739785,0.002274058180453231
"Garcia-Heredia, Alfredo",12,4,0.008252788561690316,0.14864740364867918,0.4922327501781785,0.3127726659208886,0.03809439169056339
"Garcia-Heredia, Alfredo",13,3,0.0033476140542392785,0.17207249825684412,0.6257235691377894,0.19451607163687523,0.004340246914251944
"Garcia-Heredia, Alfredo",14,4,0.005409812344452647,0.10844766842800008,0.44020785037673915,0.37625009912905116,0.06968456972175696
"Garcia-Heredia, Alfredo",15,5,0.02912209533241905,0.30508445881473734,0.5159724977904705,0.14365897566825625,0.006161972394116866
"Garcia-Heredia, Alfredo",16,4,0.0074972884296520825,0.20163056562026088,0.5829373047387523,0.20052317294439537,0.007411668266939397
"Garcia-Heredia, Alfredo",17,3,0.005083852168399239,0.1620062953630782,0.5713738282922387,0.24908639930916676,0.012449624867117093
"Garcia-Heredia, Alfredo",18,5,0.06440136554124082,0.32218923334660127,0.44041741242762045,0.1581030171440938,0.014888971540443663
"Germishuys, Deon",1,4,0.005966651234205422,0.17002693620142761,0.5670080464567515,0.244322345193699,0.012676020913916397
"Germishuys, Deon",2,4,0.014017396952574923,0.17755986939347668,0.4830049605528836,0.28765850576981244,0.037759267331252344
"Germishuys, Deon",3,5,0.03301327903030388,0.21958444420489376,0.4408224655430005,0.25985493204370647,0.046724879178095424
"Germishuys, Deon",4,3,0.019297561904955907,0.1785234537537343,0.44634526414432046,0.29976572591060335,0.05606799428638598
"Germishuys, Deon",5,4,0.013159504708356473,0.26890410514809077,0.5751824159421859,0.13941788247886677,0.0033360917225000453
"Germishuys, Deon",6,4,0.006767268738496757,0.21835838133571567,0.606193973496616,0.16493032062613167,0.0037500558030398867
"Germishuys, Deon",7,3,0.004952627851914138,0.12645270338252562,0.5015060174683464,0.33107304572195484,0.03601560557525896
"Germishuys, Deon",8,5,0.034230440286589225,0.22178806537892098,0.439173896226712,0.25802802626209,0.04677957184568782
"Germishuys, Deon",9,4,0.010422472837748942,0.14744316330188756,0.4616633304213164,0.32696356022560225,0.053507473213444845
"Germishuys, Deon",10,4,0.007836922004798741,0.12848544674020196,0.4516912560398393,0.3504336376456283,0.061552737569531724
"Germishuys, Deon",11,3,0.027770899324429055,0.34544167103335727,0.524370645136614,0.10029294335843564,0.0021238411471640184
"Germishuys, Deon",12,4,0.00869067996736933,0.15281721840524148,0.4946430488942676,0.3073018846792459,0.0365471680538757
"Germishuys, Deon",13,3,0.003601326516996739,0.17816553944051688,0.6260889331814816,0.18810405365000316,0.0040401472110016545
"Germishuys, Deon",14,4,0.005701051899471565,0.11173092398633239,0.4438745979352285,0.3714301393985032,0.06726328678046434
"Germishuys, Deon",15,5,0.030477162793890844,0.3110502729889741,0.513269368493125,0.13938128890573243,0.005821906818277656
"Germishuys, Deon",16,4,0.007969087662217267,0.2075930265763838,0.5828012409588907,0.19466747317132194,0.006969171631186266
"Germishuys, Deon",17,3,0.005414839802877602,0.16722058725402272,0.5729119071570543,0.24269289794020843,0.011759767845836988
"Germishuys, Deon",18,5,0.06654575925619904,0.3264968107502756,0.4382350193553905,0.1544548546978174,0.014267555940317478
"Girrbach, Joel",1,4,0.006181335338033722,0.17306247609571734,0.5677687049196187,0.24071490353260305,0.012272580114027098
"Girrbach, Joel",2,4,0.014395050613319027,0.180045493837991,0.483895963366421,0.28475552635416024,0.036907965828108735
"Girrbach, Joel",3,5,0.03369993213182776,0.22186082244881672,0.4410975710108123,0.2575130144033425,0.045828660005200694
"Girrbach, Joel",4,3,0.019753788295436503,0.18075279679732092,0.4472365569969672,0.2972667622203863,0.05499009568988911
"Girrbach, Joel",5,4,0.013604832185390436,0.2728583912802543,0.5736889095127566,0.13664011787870123,0.0032077491428974536
"Girrbach, Joel",6,4,0.007027380495383595,0.22217641922704234,0.605499101664335,0.16169556231448956,0.003601536298749597
"Girrbach, Joel",7,3,0.005120163023213442,0.1287546066968222,0.5033635780398935,0.3276473516207864,0.035114300619284444
"Girrbach, Joel",8,5,0.034934391843546464,0.2240536296504062,0.4394187015303869,0.25570650399750905,0.04588677297815136
"Girrbach, Joel",9,4,0.01071090711441064,0.14965532792682612,0.46308540987203467,0.3241543117163841,0.05239404337034448
"Girrbach, Joel",10,4,0.008063821393112514,0.1305466374721671,0.4534494630046331,0.34764217735876113,0.06029790077132613
"Girrbach, Joel",11,3,0.02858163218384091,0.349393402324212,0.5218321239178163,0.09815155735659009,0.0020412842175406842
"Girrbach, Joel",12,4,0.008952613002065735,0.15525477832194867,0.4959704278826579,0.3041444677950538,0.035677712998273936
"Girrbach, Joel",13,3,0.0037555123789957956,0.18173949351938634,0.6261713885613058,0.18445810252509354,0.00387550301521844
"Girrbach, Joel",14,4,0.005875428832187224,0.11365568712539226,0.44594619887070674,0.36862714120850837,0.0658955439632054
"Girrbach, Joel",15,5,0.03128285685726956,0.3144979759733701,0.5116374461945683,0.13694843923093825,0.005633281743853802
"Girrbach, Joel",16,4,0.008253148039782277,0.2110747267468574,0.5826184214131118,0.1913291969890485,0.0067245068112000705
"Girrbach, Joel",17,3,0.00561449714744483,0.1702746634693627,0.5737007005329224,0.2390332822291218,0.01137685662114829
"Girrbach, Joel",18,5,0.06780850389155674,0.3289719201209771,0.43693062109478636,0.1523698316362312,0.013919123256448618
"Gouveia, Ricardo",1,4,0.006833364401317932,0.18190988855539386,0.5695527674438651,0.23052410894523523,0.011179870654187907
"Gouveia, Ricardo",2,4,0.01552351613025199,0.1872461745208358,0.4861998177492504,0.2764702892971802,0.03456020230248158
"Gouveia, Ricardo",3,5,0.03572825517959766,0.2284033684488646,0.44169952807047846,0.25082659419911846,0.043342254101940814
"Gouveia, Ricardo",4,3,0.021109016979376005,0.18719590997417862,0.449592222935155,0.2901044558904212,0.05199839422086916
"Gouveia, Ricardo",5,4,0.014950531175026038,0.28426829565743567,0.5690193181356108,0.12889691159439354,0.002864943437533962
"Gouveia, Ricardo",6,4,0.007820387852038702,0.23326902879981193,0.6030427346699825,0.15266226522302873,0.0032055834551381057
"Gouveia, Ricardo",7,3,0.0056273380891177505,0.13548311495903592,0.5084014635986127,0.31784910550944057,0.032638977843793104
"Gouveia, Ricardo",8,5,0.03701288629317645,0.23056266369304446,0.4399361355009006,0.24907884251913015,0.04340947199374834
"Gouveia, Ricardo",9,4,0.011574255784856435,0.1560835749008181,0.46693798225547734,0.3160923481929886,0.04931183886585955
"Gouveia, Ricardo",10,4,0.008744719018906666,0.13655146497423293,0.45827728189865047,0.3396061029838907,0.056820431124319226
"Gouveia, Ricardo",11,3,0.031008885263755892,0.36068313973956373,0.5142788717264568,0.09220804633012514,0.0018210569400984866
"Gouveia, Ricardo",12,4,0.009740042713524244,0.16234604119157275,0.4995034413048178,0.295125532362298,0.033284942427787234
"Gouveia, Ricardo",13,3,0.004229529284669409,0.1921840672817019,0.625888202715758,0.17426078045179483,0.0034374202660758524
"Gouveia, Ricardo",14,4,0.006400376494063886,0.11927807884981018,0.45168197266873605,0.3605358255484554,0.06210374643893446
"Gouveia, Ricardo",15,5,0.033684120882384094,0.3243640532695564,0.5066878876798093,0.1301403710656509,0.0051235671025993135
"Gouveia, Ricardo",16,4,0.00911495219574704,0.22118597009361435,0.5816754211792928,0.1819573161755238,0.006066340355821986
"Gouveia, Ricardo",17,3,0.006221880881913278,0.17918273597177659,0.5755530688141117,0.22870109193620614,0.010341222395992222
"Gouveia, Ricardo",18,5,0.07152104898687633,0.3359978053625181,0.4330240867775223,0.1464939690217193,0.012963089851363963
"Green, Gavin",1,4,0.006680512356884216,0.1798834107449731,0.5691994208663781,0.2328168791762656,0.011419776855498998
"Green, Gavin",2,4,0.015261359879708392,0.18560249102120968,0.4857095741542675,0.27834540969499044,0.035081165249823965
"Green, Gavin",3,5,0.035260079050521864,0.2269166233195271,0.44158713318799525,0.2523402516190918,0.04389591282286398
"Green, Gavin",4,3,0.02079521740269885,0.18572709190857267,0.449083598302962,0.2917293659764022,0.05266472640936426
"Green, Gavin",5,4,0.014635959665492304,0.28166992771479943,0.5701288412037355,0.1306256808601849,0.002939590555787852
"Green, Gavin",6,4,0.007634099041115616,0.23073301203600655,0.6036600649061923,0.1546811179502714,0.0032917060664141573
"Green, Gavin",7,3,0.005508656101802845,0.13393938722002946,0.5072957733264265,0.3200692870616171,0.03318689629012406
"Green, Gavin",8,5,0.036533249916356814,0.22908384973674728,0.4398426142567531,0.2505791325594243,0.0439611535307185
"Green, Gavin",9,4,0.0113734956165365,0.15461362267056533,0.4660929676220413,0.31792264537532366,0.04999726871553323
"Green, Gavin",10,4,0.008586158877358752,0.13517634188923594,0.457209498913717,0.3414337462737628,0.05759425404592555
"Green, Gavin",11,3,0.030444422288305517,0.35812681471748437,0.5160280749058591,0.09353171182593012,0.001868976262420885
"Green, Gavin",12,4,0.009556494163833695,0.1607234575281853,0.4987371827926082,0.29716763344225594,0.033815232073116874
"Green, Gavin",13,3,0.004117659465020518,0.18978824016202228,0.6260197321479515,0.17654177382209268,0.003532594402913092
"Green, Gavin",14,4,0.006277915393837097,0.11798857918159872,0.45040696676743275,0.3623788414651652,0.06294769719196625
"Green, Gavin",15,5,0.03312710504775962,0.3221278596438311,0.5078458724701542,0.13166383498244594,0.005235327855809047
"Green, Gavin",16,4,0.00891304704214435,0.21887480653616898,0.5819435890275942,0.18405829549215302,0.006210261901939407
"Green, Gavin",17,3,0.006079365641301515,0.1771415084900837,0.5751858306050985,0.23102488845248637,0.010568406811029885
"Green, Gavin",18,5,0.0706664060499782,0.334412699071826,0.43393205391020884,0.14781423663541737,0.013174604332569562
"Guerrier, Julien",1,4,0.008147971412026833,0.1982879313023223,0.5712849275741547,0.21283905227342037,0.009440117438075712
"Guerrier, Julien",2,4,0.017724713808719206,0.20041640548893658,0.4893994258042573,0.26178097791448784,0.030678476983599046
"Guerrier, Julien",3,5,0.0395930081346369,0.24017771649363234,0.44209170304410417,0.2389581672132065,0.039179405114420085
"Guerrier, Julien",4,3,0.02372106511486821,0.19892594767338279,0.4530730062658223,0.277294348753343,0.04698563219258367
"Guerrier, Julien",5,4,0.0176350804414655,0.30494608924591476,0.5592631275747143,0.11582106718089535,0.0023346355570100785
"Guerrier, Julien",6,4,0.00943130315814339,0.2536593731982711,0.5969591582052552,0.13735463778507684,0.0025955276532534377
"Guerrier, Julien",7,3,0.006643324349366542,0.1480177333953246,0.5163480213905456,0.3004084783828629,0.02858244248190045
"Guerrier, Julien",8,5,0.040969631580135835,0.24226767928202403,0.44018575961041395,0.2373164273862166,0.039260502141209574
"Guerrier, Julien",9,4,0.013264343949211388,0.16791731194047277,0.4730024113817568,0.3016397736089895,0.044176159119569514
"Guerrier, Julien",10,4,0.010084657310990286,0.14766428435038592,0.46612759321786945,0.325110320912006,0.05101314420874836
"Guerrier, Julien",11,3,0.03575974186879183,0.38071984877598203,0.49978081576895245,0.08225836076235105,0.0014812328239226513
"Guerrier, Julien",12,4,0.01129510658088878,0.17542859918518866,0.5048182943551486,0.27911152254518334,0.029346477333590637
"Guerrier, Julien",13,3,0.005209060706264812,0.21161646166273335,0.6234801428436132,0.15692906065055345,0.0027652741368352496
"Guerrier, Julien",14,4,0.007440166371198376,0.12974063897639437,0.4611897963985631,0.34586252204579604,0.0557668762080481
"Guerrier, Julien",15,5,0.03834170229830375,0.34194266253015243,0.4968529042336869,0.11854708898336785,0.00431564195448908
"Guerrier, Julien",16,4,0.010848464384452139,0.23976097878339048,0.578457809123104,0.16589961463969471,0.005033133069358708
"Guerrier, Julien",17,3,0.007450559535402246,0.19569779079132138,0.5773616767868902,0.21079274223000344,0.008697230656382726
"Guerrier, Julien",18,5,0.07852581051297819,0.3483108260755015,0.4254267629866828,0.13633793770148972,0.011398662723347774
"Gumberg, Jordan",1,4,0.006452112815874211,0.17680213552179974,0.5685998905904999,0.23634972320978576,0.011796137862040368
"Gumberg, Jordan",2,4,0.014866959414074954,0.18309693375902142,0.4849219708364685,0.28122204689215236,0.03589208909828279
"Gumberg, Jordan",3,5,0.034552324824808245,0.2246427028293862,0.4413875558292747,0.25466190463353433,0.044755511882996535
"Gumberg, Jordan",4,3,0.020321955135160774,0.1834859060658927,0.44827538428372565,0.294217671673191,0.053699082842029844
"Gumberg, Jordan",5,4,0.014164901518716688,0.27770201058991933,0.5717710722693575,0.1333046144078337,0.0030574012141727502
"Gumberg, Jordan",6,4,0.0073561716731515014,0.22687158419612546,0.6045372610681425,0.1578072426353121,0.0034277404272684553
"Gumberg, Jordan",7,3,0.0053310770971370935,0.13159508927309793,0.5055601724560117,0.3234723336353673,0.03404132753838596
"Gumberg, Jordan",8,5,0.035808035008541295,0.22682170075423214,0.4396722828446015,0.25288035618692795,0.0448176252056971
"Gumberg, Jordan",9,4,0.011071681679583334,0.15237584330953868,0.4647659501371753,0.3207240390159847,0.051062485857718
"Gumberg, Jordan",10,4,0.008348042448968807,0.13308519105790656,0.45554305554858926,0.34422743195936223,0.058796278985173145
"Gumberg, Jordan",11,3,0.02959586201734621,0.3542064198460755,0.518666431863039,0.09558664107283099,0.0019446452007083614
"Gumberg, Jordan",12,4,0.009281054238182651,0.15825446426480155,0.49752365040753854,0.30029939948988504,0.03464143159959221
"Gumberg, Jordan",13,3,0.0039513411176726465,0.18614931705908,0.6261447269004028,0.18007155939676478,0.003683055526079837
"Gumberg, Jordan",14,4,0.006094255281404448,0.11602985466668997,0.44842458501192184,0.36519285568170434,0.0642584493582794
"Gumberg, Jordan",15,5,0.03228816299357423,0.31870100143257496,0.5095793857977968,0.1340206251377607,0.005410824638293343
"Gumberg, Jordan",16,4,0.00861120984713215,0.21535521447407813,0.582292667538056,0.1873041995130048,0.006436708627728938
"Gumberg, Jordan",17,3,0.005866557278111417,0.1740387735020988,0.5745632012293972,0.23460643859751995,0.010925029392872654
"Gumberg, Jordan",18,5,0.06937183334024594,0.33197527104399077,0.43529785580712743,0.14985048026126435,0.013504559547371509
"Halvorsen, Andreas",1,4,0.006863628989345005,0.18230784268774586,0.5696183996144664,0.23007668021417227,0.011133448494270448
"Halvorsen, Andreas",2,4,0.015575257176211221,0.18756857494894502,0.48629354399020636,0.2761036020955695,0.0344590217890679
"Halvorsen, Andreas",3,5,0.03582044811282836,0.2286945268261547,0.4417198706535694,0.25053056252199823,0.043234591885449314
"Halvorsen, Andreas",4,3,0.02117087885078006,0.18748387984069143,0.44969000175292523,0.2897864278453508,0.05186881171025248
"Halvorsen, Andreas",5,4,0.015012752958913522,0.28477751326107525,0.5687987467093911,0.12856044696880387,0.002850540101816179
"Halvorsen, Andreas",6,4,0.007857299896437686,0.23376671202485966,0.6029178095369778,0.15226920608301397,0.003188972458710859
"Halvorsen, Andreas",7,3,0.0056508222865988555,0.1357864502690445,0.5086153069510455,0.3174147666777878,0.03253265381552328
"Halvorsen, Andreas",8,5,0.037107327634724185,0.23085224716513003,0.4399528049040641,0.2487854294743509,0.04330219082173081
"Halvorsen, Andreas",9,4,0.011613892864336173,0.15637207878008474,0.4671013760808778,0.3157340375992248,0.04917861467547646
"Halvorsen, Andreas",10,4,0.008776040188108791,0.13682149506504304,0.4584843782140822,0.33924809338133255,0.056669993151433395
"Halvorsen, Andreas",11,3,0.031120330458169088,0.3611831065581999,0.513934102816733,0.09195064702613609,0.001811813140761953
"Halvorsen, Andreas",12,4,0.009776312449841729,0.1626645702369341,0.4996509911969286,0.29472613071779197,0.03318199539850364
"Halvorsen, Andreas",13,3,0.004251732123050245,0.1926547899775891,0.625857855128731,0.17381655179705757,0.0034190709735719693
"Halvorsen, Andreas",14,4,0.006424582030009562,0.11953143054829335,0.4519297096584419,0.36017461482953106,0.061939662933724104
"Halvorsen, Andreas",15,5,0.03379399875432754,0.3248015683886566,0.5064588572529081,0.12984362466042532,0.005101950943682487
"Halvorsen, Andreas",16,4,0.009154920447419168,0.22163949641220987,0.5816192262706921,0.18154782679884873,0.006038530070830106
"Halvorsen, Andreas",17,3,0.006250107855091169,0.17958364528123233,0.5756213095522773,0.22824766257541662,0.010297274735982631
"Halvorsen, Andreas",18,5,0.07168918562181659,0.33630743402917107,0.4328448982985652,0.1462364302581004,0.012922051792346734
"Harding, Justin",1,4,0.0052530859219596104,0.15944274224745808,0.5637200002206879,0.25737265697850475,0.014211514631389588
"Harding, Justin",2,4,0.01273786729573717,0.16882871492971963,0.4794683670275636,0.29803464512571487,0.04093040562126471
"Harding, Justin",3,5,0.03065507949372237,0.2115127984594688,0.4395684823019118,0.2682236159724005,0.0500400237724965
"Harding, Justin",4,3,0.017741005974405866,0.17067011179873803,0.44288235163065015,0.3086535198539956,0.060053010742210367
"Harding, Justin",5,4,0.011670726581284596,0.2549553706372584,0.5799126198346078,0.14962843998203057,0.0038328429648185613
"Harding, Justin",6,4,0.0059066302347906,0.20499845001810219,0.6079747524281175,0.1767939967490405,0.004326170569949217
"Harding, Justin",7,3,0.004393597701062291,0.11845224822409312,0.4944815928990824,0.3432831381792377,0.03938942299652448
"Harding, Justin",8,5,0.031811559752598306,0.2137512169145802,0.43803106933672264,0.26632468741450677,0.05008146658159207
"Harding, Justin",9,4,0.009447161064296605,0.1397002831439928,0.45627798006690323,0.3369380651756775,0.05763651054912988
"Harding, Justin",10,4,0.007071968208410551,0.12129252552458647,0.44512854838980015,0.3603069706855152,0.06619998719168763
"Harding, Justin",11,3,0.025030990501659578,0.33133961156547176,0.5329796310847834,0.10820586739642235,0.002443899451662901
"Harding, Justin",12,4,0.0078094995331018935,0.1442975227058776,0.48952400088830855,0.3185750285095059,0.039793948363206044
"Harding, Justin",13,3,0.003096105033435659,0.16574585755749038,0.6250279327852784,0.20144982250938126,0.004680282114414291
"Harding, Justin",14,4,0.005115345090941914,0.10503519361165004,0.43621229798380146,0.38131089178481803,0.07232627152878857
"Harding, Justin",15,5,0.027739513904378843,0.29876818639492936,0.5186660513987607,0.1482843465156597,0.0065419017862714535
"Harding, Justin",16,4,0.007023790627736393,0.19540267031029623,0.5828310934652762,0.20683440723230107,0.007908038364390135
"Harding, Justin",17,3,0.004752490863870806,0.15658127587278653,0.5695057863749549,0.25594085141800416,0.01321959547038365
"Harding, Justin",18,5,0.0621853286154912,0.3175940334606626,0.4426241588738158,0.1620228966902908,0.015573582359739602
"Hebert, Benjamin",1,4,0.006519413284036879,0.17771684512118718,0.5687858032657211,0.23529501771944106,0.011682920609613734
"Hebert, Benjamin",2,4,0.014983513490572864,0.18384154119435553,0.48516115420362804,0.28036484408487694,0.035648947026566624
"Hebert, Benjamin",3,5,0.034761914316603304,0.22531943530532944,0.44145046009975064,0.25397013507675636,0.04449805520156025
"Hebert, Benjamin",4,3,0.020461962642246645,0.1841522253220499,0.44851975125049026,0.2934767530531559,0.0533893077320573
"Hebert, Benjamin",5,4,0.014303831308806914,0.2788820866208788,0.5712892969657767,0.13250291349653864,0.0030218716079989383
"Hebert, Benjamin",6,4,0.007438010826668007,0.22801856654579883,0.6042847098009658,0.15687201216457458,0.0033867006619927587
"Hebert, Benjamin",7,3,0.005383433013287919,0.13229064963343107,0.5060823249988021,0.3224586474304306,0.033784944924048266
"Hebert, Benjamin",8,5,0.036022812397169146,0.22749497537679247,0.4397264353723809,0.2521946643807025,0.04456111247295502
"Hebert, Benjamin",9,4,0.011160846727837459,0.1530405000340957,0.4651652581609121,0.3198900800549982,0.050743315022156565
"Hebert, Benjamin",10,4,0.008418356983283193,0.13370601054300935,0.456043213039694,0.34339623158714205,0.058436187846871435
"Hebert, Benjamin",11,3,0.029846547019191372,0.35537447168804404,0.517885958712242,0.09497120303392315,0.0019218195465995347
"Hebert, Benjamin",12,4,0.009362364465098305,0.158987648852904,0.4978900674799612,0.2993663055091653,0.034393613692871194
"Hebert, Benjamin",13,3,0.004000242163979373,0.18722906438886316,0.626117190715286,0.17901585567708111,0.003637647054790305
"Hebert, Benjamin",14,4,0.006148458209534802,0.11661107903471912,0.4490186384645054,0.3643560111406433,0.06386581315059736
"Hebert, Benjamin",15,5,0.032536206922290534,0.31972168784723154,0.5090682634736153,0.13331583175690753,0.00535800999995506
"Hebert, Benjamin",16,4,0.008700167097959899,0.21640073017103667,0.5821965298151879,0.18633406857649926,0.00636850433931635
"Hebert, Benjamin",17,3,0.005929245242020098,0.17495973089275024,0.5747562228091319,0.23353707894080955,0.010817722115288309
"Hebert, Benjamin",18,5,0.06975552599133389,0.33270231402186373,0.43489429619949216,0.14924232675471816,0.013405537032592063
"Hidalgo, Angel",1,4,0.006753234364946958,0.18085102603608655,0.5693721453418688,0.23171910752579983,0.011304486731297914
"Hidalgo, Angel",2,4,0.01538626069224519,0.18638773422117066,0.4859463738396509,0.27744842064268094,0.034831210604252316
"Hidalgo, Angel",3,5,0.03548335769973621,0.22762738125790205,0.4416426445175655,0.2516162046141591,0.0436304119106371
"Hidalgo, Angel",4,3,0.02094479921404413,0.18642893636264019,0.4493287023832088,0.2909523567894112,0.05234520525069564
"Hidalgo, Angel",5,4,0.014785689192264861,0.2829117211719818,0.5696019286334905,0.12979698725058497,0.002903673751677882
"Hidalgo, Angel",6,4,0.007722700587337761,0.23194427797081257,0.6033692425671353,0.15371351816209256,0.0032502607126217997
"Hidalgo, Angel",7,3,0.005565136730865838,0.13467630276636233,0.5078272305233014,0.31900741971013546,0.032923910269334944
"Hidalgo, Angel",8,5,0.03676200294239801,0.22979083919824306,0.43988907833163554,0.24986147510089285,0.04369660442683054
"Hidalgo, Angel",9,4,0.011469130689648666,0.1553156772025847,0.46649916637949806,0.3170475132833387,0.04966851244492987
"Hidalgo, Angel",10,4,0.008661674558189114,0.1358329588125045,0.45772211311971406,0.3405601165629206,0.05722313694667169
"Hidalgo, Angel",11,3,0.030713311720345526,0.35934959245303544,0.5151942095246902,0.09289696917850732,0.0018459171234215255
"Hidalgo, Angel",12,4,0.009643897557472803,0.16149833612932774,0.499106179681085,0.29619083220342135,0.03356075442869311
"Hidalgo, Angel",13,3,0.004170827787337739,0.1909319617314823,0.6259617486586815,0.17544867680469034,0.0034867850178081916
"Hidalgo, Angel",14,4,0.006336222504979672,0.11860416731587886,0.45101858332884737,0.36149806633110093,0.06254296051919317
"Hidalgo, Angel",15,5,0.03339254984565737,0.3231973383935283,0.5072946910092454,0.13093381147815886,0.005181609273410048
"Hidalgo, Angel",16,4,0.009009116210143497,0.21997870976847156,0.5818193119245192,0.18305180528968135,0.006141056807184464
"Hidalgo, Angel",17,3,0.006147160152940423,0.17811610406348444,0.575365315459387,0.22991220379668387,0.010459216527504367
"Hidalgo, Angel",18,5,0.0710741640082253,0.33517132371519787,0.4334994570449897,0.1471819792059348,0.01307307602565233
"Hill, Calum",1,4,0.007246741523900313,0.18725516297411815,0.5703334674041376,0.22459008171021622,0.01057454638762767
"Hill, Calum",2,4,0.01622566302727846,0.1915663760793211,0.4873903351741968,0.2715866021767588,0.03323102354244489
"Hill, Calum",3,5,0.03697360214913581,0.23229253343054973,0.44192638816024615,0.24688304084710366,0.041924435412964645
"Hill, Calum",4,3,0.021946535106329546,0.1910512134861443,0.4508490725266919,0.2858615388389011,0.050291640041933205
"Hill, Calum",5,4,0.015798640288213373,0.2910796160101375,0.565985123198178,0.12445842841269528,0.0026781920907759105
"Hill, Calum",6,4,0.00832530708041318,0.23994465731321596,0.6012660045904574,0.14747365201016338,0.0029903790057500546
"Hill, Calum",7,3,0.005947697209988445,0.13956252620014098,0.5111852290601141,0.3120598877368299,0.031244659792926566
"Hill, Calum",8,5,0.03828837683029612,0.23443020636850992,0.44011455126081833,0.2451702855279163,0.04199658001245932
"Hill, Calum",9,4,0.012112524078579157,0.1599544686209255,0.469064142878741,0.31130982297787424,0.04755904144388012
"Hill, Calum",10,4,0.009170496260104355,0.1401782529476555,0.46098920721760916,0.33482176061256885,0.054840282962062115
"Hill, Calum",11,3,0.032522266963783075,0.3673433403487536,0.5096147566157423,0.08881837303553497,0.001701263036186118
"Hill, Calum",12,4,0.010233432736541148,0.16662161075454573,0.5014066384527491,0.2898045710228013,0.0319337470333626
"Hill, Calum",13,3,0.0045342623379519,0.19851305551430237,0.6253595381103481,0.16839325296885987,0.003199891068537797
"Hill, Calum",14,4,0.0067298449305459584,0.12268454231526527,0.454938292838459,0.3557036452912963,0.05994367462443351
"Hill, Calum",15,5,0.035173563267014984,0.33019676321495145,0.5035683260202958,0.12621939728946474,0.004841950208273049
"Hill, Calum",16,4,0.009660621004341452,0.2272685557042063,0.5808260396607395,0.1765400704404494,0.005704713190263333
"Hill, Calum",17,3,0.0066076787279786275,0.18456929031140745,0.5763655954054211,0.22268893624575525,0.009768499309437573
"Hill, Calum",18,5,0.07378787850736196,0.3401122176606529,0.43059373962814423,0.14308108343373172,0.012425080770109176
"Hillier, Daniel",1,4,0.008066038201322678,0.1973173926076101,0.5712354507973563,0.21384696097121147,0.009534157422499412
"Hillier, Daniel",2,4,0.01759010768057445,0.19964134714004245,0.4892459643532103,0.26262923410382943,0.03089334672234334
"Hillier, Daniel",3,5,0.03935988173529581,0.23949146461384768,0.44209284761003526,0.23964414412500734,0.03941166191581391
"Hillier, Daniel",4,3,0.023562439665190282,0.19823749189966922,0.4528965999546078,0.2780380377933078,0.047265430687224885
"Hillier, Daniel",5,4,0.01746880603375245,0.30373656446731356,0.5598778443375928,0.11655400109881409,0.0023627840625271013
"Hillier, Daniel",6,4,0.009330479655948631,0.25245641936821833,0.5973708661303825,0.1382144112887298,0.002627823556720754
"Hillier, Daniel",7,3,0.0065802306874397365,0.14727199836836213,0.5159242720898575,0.30141777149132154,0.028805727363019118
"Hillier, Daniel",8,5,0.0407310833332683,0.2415857850888165,0.4401948755771933,0.23799622332034898,0.039492032680372935
"Hillier, Daniel",9,4,0.01316077427489687,0.16721816048898192,0.4726794076292905,0.3024798477664751,0.04446180984035564
"Hillier, Daniel",10,4,0.010002293244741556,0.1470056422462226,0.4656995187175761,0.32595595263228316,0.0513365931591766
"Hillier, Daniel",11,3,0.03546872134373602,0.37956277461577237,0.5006561208898793,0.08281314014757613,0.0014992430030361659
"Hillier, Daniel",12,4,0.01119932834049664,0.17465473685102662,0.5045450598738257,0.2800370055133916,0.029563869421259437
"Hillier, Daniel",13,3,0.005147150435691195,0.21046173818683522,0.6236861530369222,0.1579041986674432,0.002800759673108111
"Hillier, Daniel",14,4,0.0073760098813792085,0.12911849805459336,0.46066438888009137,0.34672112988753534,0.05611997329640073
"Hillier, Daniel",15,5,0.03805786858312299,0.34092486151457246,0.49745767375154504,0.1192003987012954,0.004359197449464114
"Hillier, Daniel",16,4,0.01074057378348836,0.238665387533882,0.5786978477427488,0.16680770458981886,0.005088486350061983
"Hillier, Daniel",17,3,0.007373835621588942,0.19471827709377948,0.5773093699005422,0.2118125904781616,0.008785926905927832
"Hillier, Daniel",18,5,0.07810574544607496,0.3476049642910038,0.42588895687296585,0.1369156176297971,0.011484715760158304
"Huizing, Daan",1,4,0.005610341709102629,0.1648415263756376,0.5655238459640279,0.25062215336023574,0.013402132590996096
"Huizing, Daan",2,4,0.01338334825526194,0.1732951137778046,0.4813579329640117,0.2926916582972565,0.03927194670566525
"Huizing, Daan",3,5,0.031851030683160086,0.21565670229133,0.44026694094056334,0.2639146091684985,0.04831071691644806
"Huizing, Daan",4,3,0.018528386294062726,0.1746919138687973,0.44471946438234183,0.30408553161710483,0.05797470383769332
"Huizing, Daan",5,4,0.012417801411572005,0.2621018530219067,0.5775958317236624,0.14431511821394294,0.0035693956289160056
"Huizing, Daan",6,4,0.006336736660904951,0.2118221850759766,0.6071949868846771,0.17062569802034377,0.004020393358097563
"Huizing, Daan",7,3,0.004673920478386384,0.12252818191028347,0.498173358480361,0.33700272243434803,0.037621816696621124
"Huizing, Daan",8,5,0.033038536095707005,0.21787794954529666,0.43867173647456836,0.26205259177695395,0.04835918610747403
"Huizing, Daan",9,4,0.009938794276922902,0.14365574645746176,0.45910983879427997,0.33181496069189087,0.0554806597794445
"Huizing, Daan",10,4,0.007457114074630011,0.124962833463093,0.44856193800683875,0.3552433471252676,0.06377476733017062
"Huizing, Daan",11,3,0.026411764475584465,0.33859638585057134,0.5286377507459932,0.10408004074739785,0.002274058180453231
"Huizing, Daan",12,4,0.008252788561690316,0.14864740364867918,0.4922327501781785,0.3127726659208886,0.03809439169056339
"Huizing, Daan",13,3,0.0033476140542392785,0.17207249825684412,0.6257235691377894,0.19451607163687523,0.004340246914251944
"Huizing, Daan",14,4,0.005409812344452647,0.10844766842800008,0.44020785037673915,0.37625009912905116,0.06968456972175696
"Huizing, Daan",15,5,0.02912209533241905,0.30508445881473734,0.5159724977904705,0.14365897566825625,0.006161972394116866
"Huizing, Daan",16,4,0.0074972884296520825,0.20163056562026088,0.5829373047387523,0.20052317294439537,0.007411668266939397
"Huizing, Daan",17,3,0.005083852168399239,0.1620062953630782,0.5713738282922387,0.24908639930916676,0.012449624867117093
"Huizing, Daan",18,5,0.06440136554124082,0.32218923334660127,0.44041741242762045,0.1581030171440938,0.014888971540443663
"Jamieson, Scott",1,4,0.007507039999022025,0.19052530585811422,0.5707060410729763,0.2210387771447635,0.010222835925123963
"Jamieson, Scott",2,4,0.01666292498080879,0.19419873226866535,0.4880473850971754,0.26864237361140475,0.03244858404194573
"Jamieson, Scott",3,5,0.03774304343784152,0.23464926972448008,0.44201692178108776,0.24450457425183247,0.04108619080475817
"Jamieson, Scott",4,3,0.02246600452077302,0.1933966356508135,0.45155910207553274,0.2832959514790029,0.04928230627387786
"Jamieson, Scott",5,4,0.01633077865915289,0.29521653658891445,0.5640550948764246,0.12182682817903911,0.0025707616964689706
"Jamieson, Scott",6,4,0.008644044186347566,0.24401880161869005,0.6000767247034374,0.14439367359484356,0.0028667558966813944
"Jamieson, Scott",7,3,0.006148991542942073,0.14206367107851364,0.5127957666824622,0.308565178066584,0.03042639262949809
"Jamieson, Scott",8,5,0.039076200527537575,0.23677322538515266,0.4401763811586856,0.24281303980514912,0.041161153123475014
"Jamieson, Scott",9,4,0.012448135564947782,0.16231826547379435,0.4702933736086364,0.3084157481286771,0.04652447722394437
"Jamieson, Scott",10,4,0.009436438658448232,0.14239696265322033,0.4625754391057698,0.33192052950364315,0.05367063007891848
"Jamieson, Scott",11,3,0.033465770068128786,0.37135964079327244,0.5067275946560174,0.0868145843933743,0.0016324100892071147
"Jamieson, Scott",12,4,0.010541969483768232,0.1692344073051139,0.5024888931472439,0.2865951497876893,0.031139580276184686
"Jamieson, Scott",13,3,0.004727732708864729,0.20239149679638602,0.6249103580876082,0.164906768641234,0.0030636437659070648
"Jamieson, Scott",14,4,0.006936082998000859,0.12477236395220276,0.45685596129348033,0.35276816690631063,0.05866742485000542
"Jamieson, Scott",15,5,0.03609932927877213,0.3337188965897137,0.5016153264601406,0.12388787626474174,0.0046785714066318596
"Jamieson, Scott",16,4,0.01000395098911594,0.23098006479259192,0.5802082129419044,0.17331214851118082,0.005495622765206987
"Jamieson, Scott",17,3,0.006850881652842256,0.1878663521853038,0.5767542903298817,0.21909240198635316,0.009436073845619175
"Jamieson, Scott",18,5,0.07518379202798081,0.34258279925455354,0.4290826785905907,0.14104123626454568,0.01210949386232929
"Jarvis, Casey",1,4,0.00733022871936545,0.18831180727471225,0.570462420720878,0.223436137098471,0.010459406186573261
"Jarvis, Casey",2,4,0.01636630692716401,0.19241780920096818,0.4876084580316048,0.27063170537177594,0.03297572046848707
"Jarvis, Casey",3,5,0.03722159020391358,0.23305588405698435,0.44195957433742167,0.24611172640156576,0.041651225000114644
"Jarvis, Casey",4,3,0.022113792594440407,0.19181013732251023,0.4510833023500984,0.28503008018877596,0.04996268754417499
"Jarvis, Casey",5,4,0.015969473818612967,0.2924188224937695,0.5653674659296519,0.12360130395693747,0.002642933801028091
"Jarvis, Casey",6,4,0.008427472596364283,0.24126191585619272,0.6008900361787459,0.14647078363173227,0.0029497917369647464
"Jarvis, Casey",7,3,0.006012294860280709,0.14037023794385817,0.5117131892380669,0.31092682036361785,0.030977457594176472
"Jarvis, Casey",8,5,0.03854230937004538,0.2351891646717445,0.4401383863714732,0.2444058437073776,0.04172429587935933
"Jarvis, Casey",9,4,0.012220438938901457,0.16071860432212293,0.46946717313849873,0.3103720833641568,0.04722170023632011
"Jarvis, Casey",10,4,0.009255970524205959,0.14089515799199265,0.4615077062903101,0.33388219794704266,0.05445896724644861
"Jarvis, Casey",11,3,0.032825658886396714,0.36864588188649,0.5086845578163327,0.08816524053545982,0.0016786608753207588
"Jarvis, Casey",12,4,0.01033256719069553,0.1674660873868885,0.5017630402460129,0.28876379006546027,0.03167451511094277
"Jarvis, Casey",13,3,0.004596184749595167,0.19976572892269984,0.6252246367230663,0.16725830716269519,0.0031551424419435925
"Jarvis, Casey",14,4,0.006796092986886437,0.12335883333523567,0.45556402123136674,0.35475341906446856,0.05952763338204259
"Jarvis, Casey",15,5,0.03547148165956643,0.3313386287398134,0.502940871295043,0.12546057398123311,0.00478844432434411
"Jarvis, Casey",16,4,0.009770761969426556,0.2284686185135285,0.5806343972427268,0.17549004398244372,0.00563617829187435
"Jarvis, Casey",17,3,0.006685660485987066,0.1856344960580959,0.5765000313337002,0.22152016802301389,0.009659644099202946
"Jarvis, Casey",18,5,0.07423816043026993,0.34091431867029043,0.43010744615071533,0.14241805905852045,0.012322015690203858
"Jin, Zihao",1,4,0.005669803926219297,0.1657202161609635,0.5657921337223304,0.2495421692948998,0.013275676895587063
"Jin, Zihao",2,4,0.013489814278743573,0.17401949406723255,0.4816483753152193,0.29183206813560114,0.039010248203203424
"Jin, Zihao",3,5,0.03204703606150805,0.21632582251039473,0.44036886004004344,0.26322132456795755,0.04803695682009623
"Jin, Zihao",4,3,0.0186578304916466,0.17534330083992417,0.4450043382240561,0.30334892229159827,0.05764560815277486
"Jin, Zihao",5,4,0.012541810281704702,0.26325875922096625,0.5771994921911172,0.14347138369161916,0.0035285546145926716
"Jin, Zihao",6,4,0.0064084799771471634,0.21293101164728334,0.60704232803218,0.16964514275805653,0.003973037585333072
"Jin, Zihao",7,3,0.004720490810959821,0.12319253531317437,0.4987525358202673,0.33599092027105026,0.03734351778454825
"Jin, Zihao",8,5,0.03323957643685027,0.21854415968411223,0.43876446742143893,0.26136528078944155,0.048086515668157026
"Jin, Zihao",9,4,0.01001995953412027,0.14429832414196125,0.45955380317192357,0.33098814721180114,0.05513976594019376
"Jin, Zihao",10,4,0.0075207881272781885,0.1255599191468788,0.44910361784385666,0.3544246338473004,0.06339104103468596
"Jin, Zihao",11,3,0.02663979669527755,0.33976486000087563,0.5279210964471541,0.10342649806307369,0.0022477487936189977
"Jin, Zihao",12,4,0.00832614982305857,0.1493545401753542,0.4926541364704303,0.311838661358268,0.037826512172888904
"Jin, Zihao",13,3,0.003389759648764923,0.17310388389546327,0.6258059094811883,0.19341280625465407,0.004287640719929486
"Jin, Zihao",14,4,0.005458580018916803,0.10900362804313318,0.440840778758277,0.3754305171620993,0.06926649601757373
"Jin, Zihao",15,5,0.02934983976928629,0.306102260154845,0.5155222064872221,0.1429229983096275,0.006102695279019077
"Jin, Zihao",16,4,0.0075760544713905364,0.20264225681968717,0.5829302975923872,0.19951698020446074,0.007334410912074318
"Jin, Zihao",17,3,0.005139054449753877,0.16288962864673812,0.5716517729871033,0.24799012335394888,0.012329420562455784
"Jin, Zihao",18,5,0.06476363134613822,0.3229263611415839,0.44005180355553447,0.1574769468083187,0.014781257148424709
"Johnston, Ryggs",1,4,0.006149161237516909,0.17261161892585258,0.5676606599919953,0.2412470260279196,0.01233153381671559
"Johnston, Ryggs",2,4,0.014338654289238528,0.17967681383935719,0.4837669632943984,0.2851847037383476,0.03703286483865831
"Johnston, Ryggs",3,5,0.03359765040118079,0.22152376833611198,0.4410589913290981,0.25785926758704325,0.045960322346565885
"Johnston, Ryggs",4,3,0.019685746684539207,0.18042230280229887,0.44710693363730086,0.297636553280889,0.05514846359497205
"Johnston, Ryggs",5,4,0.013538165320066131,0.2722723637025265,0.5739143798797712,0.1370486460086483,0.0032264450889878393
"Johnston, Ryggs",6,4,0.006988365633456839,0.22160972960469538,0.6056072480498059,0.16217149426849065,0.003623162443551209
"Johnston, Ryggs",7,3,0.0050950730398043875,0.12841250191719739,0.5030919521311936,0.3281540586028745,0.03524641430893016
"Johnston, Ryggs",8,5,0.03482954366188773,0.2237182043449174,0.43938457921705953,0.25604973544832943,0.0460179373278059
"Johnston, Ryggs",9,4,0.010667818156403608,0.1493269879044255,0.4628775160305508,0.3245701410176607,0.05255753689095943
"Johnston, Ryggs",10,4,0.0080299061642643,0.13024053446640504,0.45319169236615814,0.3480556635696186,0.06048220343355393
"Johnston, Ryggs",11,3,0.028460508858437317,0.34880902815945414,0.5222109681376331,0.09846618791619832,0.002053306928277099
"Johnston, Ryggs",12,4,0.00891344580856035,0.15489289143024104,0.49577709551465027,0.3046113512702655,0.035805215976282834
"Johnston, Ryggs",13,3,0.0037323434894431795,0.1812083469229891,0.6261651213028192,0.1849947215978699,0.003899466686878572
"Johnston, Ryggs",14,4,0.005849346186899196,0.11336967664484898,0.44564193967141835,0.3690425906630439,0.06609644683378957
"Johnston, Ryggs",15,5,0.031162606556616346,0.31398795912058347,0.5118820600878752,0.13730654366044115,0.005660830574483855
"Johnston, Ryggs",16,4,0.008210586566041289,0.21055800942907543,0.5826502643250107,0.19182093513744336,0.0067602045424292045
"Johnston, Ryggs",17,3,0.00558456436550836,0.1698209782938418,0.5735886324821151,0.23957303215783177,0.011432792700702965
"Johnston, Ryggs",18,5,0.06762060243682155,0.32860643333436346,0.43712556726839646,0.152677211767153,0.013970185193265539
"Katsuragawa, Yuto",1,4,0.007429002152027131,0.1895523702991469,0.5706033525676002,0.22208921860273056,0.010326056378495263
"Katsuragawa, Yuto",2,4,0.01653221460552151,0.1934163796756918,0.48785744048500496,0.26951494888604843,0.03267901634773329
"Katsuragawa, Yuto",3,5,0.037513512960154094,0.23394984939185193,0.4419937315072519,0.24520956220194678,0.041333343938795286
"Katsuragawa, Yuto",4,3,0.022310884311193657,0.19269984646370086,0.4513524312665721,0.2840569134997927,0.04957992445874071
"Katsuragawa, Yuto",5,4,0.01617139392167588,0.2939880942781272,0.5646349969405685,0.12260330800350161,0.0026022068561267764
"Katsuragawa, Yuto",6,4,0.0085484240031658,0.2428074496219657,0.6004384684654547,0.14530273098476088,0.002902926924652882
"Katsuragawa, Yuto",7,3,0.00608867696120452,0.14131909300061435,0.5123238069206275,0.30960124487546214,0.03066717824209153
"Katsuragawa, Yuto",8,5,0.03884120545471287,0.23607792432665436,0.44016165808078755,0.2435117291765465,0.0414074829612987
"Katsuragawa, Yuto",9,4,0.012347779389576097,0.16161531778542038,0.4699332183565512,0.30927430690052504,0.046829377567927266
"Katsuragawa, Yuto",10,4,0.009356878189103301,0.1417368471649897,0.4621091789300034,0.3327816827095308,0.0540154130063728
"Katsuragawa, Yuto",11,3,0.03318365072766488,0.37016928741877814,0.507589144321808,0.08740535857583254,0.0016525589559164278
"Katsuragawa, Yuto",12,4,0.010449637898662156,0.168457267150385,0.5021732875164909,0.2875464382006859,0.03137336923377598
"Katsuragawa, Yuto",13,3,0.004669604708984143,0.20123708221044057,0.6250537445769405,0.1659360757101025,0.003103492793532281
"Katsuragawa, Yuto",14,4,0.006874348334747593,0.12415088344388708,0.45629122211747997,0.35363989190303446,0.05904365420085089
"Katsuragawa, Yuto",15,5,0.03582273349980292,0.33267461148141436,0.502199803042275,0.12457635099949105,0.004726500977016768
"Katsuragawa, Yuto",16,4,0.009901041850299108,0.22987658252647764,0.5803996342613104,0.1742658343336746,0.0055569070282383
"Katsuragawa, Yuto",17,3,0.006777947711554877,0.18688527744066707,0.5766470659795639,0.22015610119640194,0.009533607671812216
"Katsuragawa, Yuto",18,5,0.07476774735053432,0.34185138086886185,0.42953411305878386,0.1416444099067714,0.012202348815048558
"Kieffer, Maximilian",1,4,0.0072538140303333165,0.18734496520540517,0.570344747721149,0.2244917686290977,0.010564704414014914
"Kieffer, Maximilian",2,4,0.01623759227824567,0.19163877036393295,0.487409090807898,0.27150531412395307,0.03320923242597029
"Kieffer, Maximilian",3,5,0.03699465479689257,0.23235747821278152,0.441929355910872,0.24681738396118913,0.04190112711826477
"Kieffer, Maximilian",4,3,0.02196072808006888,0.191115753251422,0.45086915918563314,0.285790782430162,0.050263577052714004
"Kieffer, Maximilian",5,4,0.01581311803989377,0.2911935253041726,0.5659328540640276,0.12438532765944721,0.0026751749324588348
"Kieffer, Maximilian",6,4,0.008333959478839192,0.24005663923467924,0.6012343635347562,0.14738813246973426,0.0029869052819910813
"Kieffer, Maximilian",7,3,0.005953170823926823,0.13963115529902542,0.5112303823407409,0.31196344632371775,0.031221845212589083
"Kieffer, Maximilian",8,5,0.038309934868270445,0.23449477935093005,0.44011672142632163,0.24510521331796942,0.041973351036508455
"Kieffer, Maximilian",9,4,0.012121676050428076,0.16001942425732268,0.4690986142703262,0.3112300288164026,0.04753025660552046
"Kieffer, Maximilian",10,4,0.009177743669669114,0.1402391814858568,0.46103349632023266,0.3347418299020316,0.05480774862220983
"Kieffer, Maximilian",11,3,0.032547997179065036,0.3674542198181131,0.5095358027444938,0.0887626515418819,0.001699328716446069
"Kieffer, Maximilian",12,4,0.010241837296064704,0.1666933900761518,0.5014371792633285,0.28971597662470905,0.03191161673974596
"Kieffer, Maximilian",13,3,0.004539503182038052,0.19861949819777502,0.6253484567767551,0.16829648128160435,0.0031960605618275295
"Kieffer, Maximilian",14,4,0.006735460762516743,0.12274183718483195,0.4549917001741431,0.3556228234420843,0.05990817843642393
"Kieffer, Maximilian",15,5,0.035198837843015585,0.3302939499338451,0.5035151350824502,0.12615470128477901,0.004837375855910153
"Kieffer, Maximilian",16,4,0.009669952279481586,0.22737057670308658,0.5808100518310613,0.17645056742055387,0.005698851765816748
"Kieffer, Maximilian",17,3,0.0066142840237362055,0.1846598150644828,0.5763773519160736,0.22258935549825065,0.009759193497456686
"Kieffer, Maximilian",18,5,0.07382611891723656,0.340180529137813,0.4305524840912533,0.14302458755265957,0.012416280301037586
"Kim, Minkyu",1,4,0.006291221515511702,0.17459176720281022,0.5681225464976727,0.23891939941030083,0.012075065373704508
"Kim, Minkyu",2,4,0.014587140565324896,0.18129476010097034,0.4843249714345336,0.28330489135880155,0.03648823654036959
"Kim, Minkyu",3,5,0.034047641013883745,0.2230014087684305,0.44122259121405405,0.25634259971419826,0.04538575928943345
"Kim, Minkyu",4,3,0.019985314055557923,0.1818722269302835,0.4476691669338957,0.2960159706554515,0.05445732142481141
"Kim, Minkyu",5,4,0.013832332071776643,0.2748428423721746,0.5729148281141634,0.13526473868071753,0.0031452587611677796
"Kim, Minkyu",6,4,0.007160715293701769,0.22409759348358804,0.6051196486671353,0.1600927678224261,0.0035292747331487906
"Kim, Minkyu",7,3,0.005205807533084084,0.12991556767408824,0.5042739581665292,0.3259340299876039,0.03467063663869463
"Kim, Minkyu",8,5,0.03529079881209851,0.22518863298638436,0.4395287129464085,0.254546319266313,0.04544553598879564
"Kim, Minkyu",9,4,0.010857713164510785,0.1507684751795016,0.46378205411116974,0.32274748933840236,0.05184426820641552
"Kim, Minkyu",10,4,0.00817942142077488,0.13158483915446129,0.4543151626008055,0.3462425406292019,0.05967803619475642
"Kim, Minkyu",11,3,0.028994323917444054,0.35136896665679834,0.5205425274487556,0.09709307430222902,0.002001107674772906
"Kim, Minkyu",12,4,0.009086154259160817,0.15648189348500596,0.496616408745747,0.3025661587097752,0.035249384800311034
"Kim, Minkyu",13,3,0.0038348034212807303,0.18354194204433782,0.6261773402807131,0.18265045702741378,0.003795457226254517
"Kim, Minkyu",14,4,0.005964378644831958,0.11462617611944215,0.4469694309766072,0.36722020988235815,0.06521980437676056
"Kim, Minkyu",15,5,0.03169226263546082,0.31622263160927205,0.5108020465580342,0.1357420391428582,0.0055410200543747345
"Kim, Minkyu",16,4,0.008398484882275792,0.2128263587622563,0.5824984134627147,0.18967169779450876,0.006605045098244444
"Kim, Minkyu",17,3,0.0057167563579848535,0.1718137398919205,0.5740677889294106,0.23721221802270043,0.011189496797983645
"Kim, Minkyu",18,5,0.06844677728625564,0.3302061598602322,0.4362662929742399,0.15133309463627553,0.013747675242996693
"Kimsey, Nathan",1,4,0.007468838733239669,0.1900498186181352,0.5706567128041534,0.2215514969042517,0.010273132940220031
"Kimsey, Nathan",2,4,0.016598979621337384,0.19381647255755363,0.4879551386748695,0.26906845642261523,0.03256095272362425
"Kimsey, Nathan",3,5,0.03763080434728233,0.2343076379505274,0.442005981638778,0.2448488326991055,0.04120674336430674
"Kimsey, Nathan",4,3,0.022390134883770618,0.1930562123704992,0.4514585800941603,0.28366759666573504,0.04942747598583486
"Kimsey, Nathan",5,4,0.016252772310187957,0.29461643079400845,0.5643390956031455,0.12220562581510164,0.0025860754775564043
"Kimsey, Nathan",6,4,0.008597229386943461,0.24342688085637404,0.6002543430653835,0.14483717696287235,0.00288436972842665
"Kimsey, Nathan",7,3,0.006119469771797059,0.14169973909103017,0.5125658712996284,0.30907113063732716,0.030543789200217275
"Kimsey, Nathan",8,5,0.03896129129026127,0.2364336107637136,0.4401695714029571,0.2431542216456779,0.041281304897390125
"Kimsey, Nathan",9,4,0.01239903650665497,0.16197475960342356,0.47011794576969124,0.3088350757193098,0.04667318240092044
"Kimsey, Nathan",10,4,0.009397509931580394,0.14207435422224807,0.4623481680751064,0.3323411737401134,0.05383879403095171
"Kimsey, Nathan",11,3,0.03332774512472397,0.37077838139254954,0.5071489124672321,0.08710273891096365,0.0016422221045306884
"Kimsey, Nathan",12,4,0.010496788886425967,0.16885463103293225,0.5023353235833345,0.2870596808997029,0.03125357559760433
"Kimsey, Nathan",13,3,0.004699264469841091,0.20182726618055546,0.6249814558479607,0.1654089665151397,0.0030830469865030796
"Kimsey, Nathan",14,4,0.0069058726213349075,0.12446860459254416,0.456580576063374,0.35319401773372006,0.058850928989026885
"Kimsey, Nathan",15,5,0.03596402989991304,0.33320892159913845,0.5019013259465711,0.12422379812364981,0.004701924430727589
"Kimsey, Nathan",16,4,0.00995357697841004,0.2304408588798857,0.5803025611284001,0.17377752615539432,0.005525476857909828
"Kimsey, Nathan",17,3,0.0068151765997011005,0.1873868734990432,0.5767027727098308,0.21961158010973725,0.009483597081687667
"Kimsey, Nathan",18,5,0.074980387422938,0.34222572681172314,0.42930349584070504,0.14133562510026532,0.012154764824368502
"Kinhult, Marcus",1,4,0.007457955589713905,0.18991408171720514,0.5706423307843582,0.2216980888136132,0.010287543095109597
"Kinhult, Marcus",2,4,0.01658074813621324,0.1937073187600757,0.48792860116308573,0.26919021499135676,0.032593116949268586
"Kinhult, Marcus",3,5,0.037598786133350215,0.23421004790221722,0.4420027207618865,0.24494720562669503,0.04124123957585102
"Kinhult, Marcus",4,3,0.022368497579258406,0.19295899443489956,0.45142971564086803,0.2837737766598115,0.04946901568516249
"Kinhult, Marcus",5,4,0.016230543490185934,0.294445031067658,0.5644199608035863,0.12231399867987935,0.002590465958690391
"Kinhult, Marcus",6,4,0.008583894646056356,0.243257876334664,0.6003047571428127,0.14496405173222826,0.0028894201442386525
"Kinhult, Marcus",7,3,0.006111058078205944,0.1415958639941179,0.5124999776343645,0.30921570038707813,0.030577399906233538
"Kinhult, Marcus",8,5,0.03892851066473879,0.23633659514625993,0.4401674923050447,0.24325171573697846,0.041315686146978114
"Kinhult, Marcus",9,4,0.012385039048853075,0.16187668721880732,0.47006766150463625,0.30895487265830546,0.046715739569397896
"Kinhult, Marcus",10,4,0.009386413270279892,0.1419822597718342,0.4622830800492189,0.33246132947924545,0.05388691742942153
"Kinhult, Marcus",11,3,0.03328839564424574,0.37061228047870914,0.5072690924192812,0.08718519606900144,0.0016450353887624836
"Kinhult, Marcus",12,4,0.010483911175448057,0.16874620859994144,0.502291248955738,0.28719242225831665,0.0312862090105559
"Kinhult, Marcus",13,3,0.004691158823183161,0.2016662140131954,0.6250013936986312,0.16555262241262358,0.0030886110523666854
"Kinhult, Marcus",14,4,0.006897262453624764,0.1243819023238868,0.4565017480537378,0.3533156457812584,0.05890344138749226
"Kinhult, Marcus",15,5,0.035925449318913505,0.33306320567383263,0.5019828447133099,0.12431988449942666,0.004708615794517312
"Kinhult, Marcus",16,4,0.009939225137153784,0.23028690374226252,0.5803292150543348,0.17391062304502136,0.005534033021227569
"Kinhult, Marcus",17,3,0.006805005394541042,0.18725000197022934,0.5766877561030188,0.21976002300002895,0.009497213532181803
"Kinhult, Marcus",18,5,0.07492234898360622,0.3421236597958726,0.4293664640708431,0.14141980085066286,0.012167726299015191
"Kleen, Algot",1,4,0.005978568044382349,0.170197132613911,0.56705277450129,0.24411853434217645,0.012652990498240202
"Kleen, Algot",2,4,0.01403844391684328,0.17769944406127386,0.4830563239013264,0.28749490377166254,0.037710884348893914
"Kleen, Algot",3,5,0.033051654842713774,0.2197125173381036,0.4408388520318185,0.25972295885612007,0.04667401693124407
"Kleen, Algot",4,3,0.019323024659860355,0.1786487105492765,0.4463963992095675,0.2996250376601022,0.05600682792119349
"Kleen, Algot",5,4,0.013184254521396654,0.26912635362576603,0.5751002193140873,0.1392604322973574,0.003328740241392625
"Kleen, Algot",6,4,0.00678169358529479,0.21857261310422965,0.6061570990671101,0.164747049520665,0.003741544722700385
"Kleen, Algot",7,3,0.004961935007737728,0.1265816779563343,0.5016119656254608,0.33088009240916194,0.035964329001305195
"Kleen, Algot",8,5,0.034269787178435485,0.22191554173663203,0.43918856574158793,0.25789719973450076,0.046728905608843796
"Kleen, Algot",9,4,0.010438540837299726,0.14756728977382977,0.46174446320527374,0.32680545578727516,0.05344425039632161
"Kleen, Algot",10,4,0.007849554158544103,0.1286010300677643,0.4517912541818069,0.3502766569346346,0.06148150465725011
"Kleen, Algot",11,3,0.027816059478623034,0.3456643121699565,0.5242290828313938,0.10017143477330048,0.002119110746726216
"Kleen, Algot",12,4,0.008705256117011784,0.15295395285528363,0.4947190810905497,0.30712398187066425,0.03649772806649065
"Kleen, Algot",13,3,0.0036098596403028593,0.1783657880610683,0.6260960787205347,0.1878975659546449,0.004030707623449148
"Kleen, Algot",14,4,0.005710752445546419,0.11183878649249324,0.4439921917439541,0.3712726173640545,0.06718565195395176
"Kleen, Algot",15,5,0.030522092520907373,0.3112444432356227,0.5131788138182443,0.13924351748188646,0.005811132943339126
"Kleen, Algot",16,4,0.007984859524150456,0.20778840845507518,0.5827929694091594,0.19447858100272475,0.006955181608890193
"Kleen, Algot",17,3,0.005425918054671575,0.16739179147354727,0.5729582782361149,0.24248611044077362,0.011737901794892647
"Kleen, Algot",18,5,0.06661641250108696,0.3266364824343031,0.4381623958897679,0.15433698108001825,0.014247728094823775
"Knappe, Alexander",1,4,0.004798458203800426,0.152251724995699,0.5608832532069341,0.2666834075360013,0.01538315605756524
"Knappe, Alexander",2,4,0.01190097243404925,0.16283585113394045,0.4766582847191314,0.3053212557579169,0.043283635954961985
"Knappe, Alexander",3,5,0.02908399843412479,0.20590224858895678,0.43843572858043145,0.2741000793170637,0.05247794507942327
"Knappe, Alexander",4,3,0.01671318756133794,0.16525851692153187,0.4401929932198102,0.31485399852546525,0.06298130377185474
"Knappe, Alexander",5,4,0.010714804789483778,0.24533281441136745,0.5826626949697535,0.157069431550656,0.004220254278739288
"Knappe, Alexander",6,4,0.0053617726871153515,0.19588067320217384,0.6085679092483176,0.18541292413919364,0.004776720723199568
"Knappe, Alexander",7,3,0.004035478555170002,0.11303878049127286,0.4891942451371135,0.35182276226991294,0.041908733546530685
"Knappe, Alexander",8,5,0.03019890286945992,0.20816156626726967,0.4369790032754357,0.2721514485675358,0.05250907902029889
"Knappe, Alexander",9,4,0.008810933199071835,0.13441070136593192,0.4522162391202806,0.3438794988033943,0.06068262751132136
"Knappe, Alexander",10,4,0.006574974618406282,0.11639819426803932,0.4402628549913855,0.36714161332047635,0.06962236280169254
"Knappe, Alexander",11,3,0.02324563674662583,0.32146204097991926,0.5385848949327849,0.11401336856870825,0.002694058771961716
"Knappe, Alexander",12,4,0.007238690703070316,0.1384888977589187,0.4855826729853127,0.3264787741449585,0.04221096440773975
"Knappe, Alexander",13,3,0.00278048775350459,0.15734804289899357,0.6235697520397179,0.2111193672536147,0.005182350054169227
"Knappe, Alexander",14,4,0.004736721081669837,0.10049834204233676,0.43059407262761346,0.3881184929766699,0.07605237127171005
"Knappe, Alexander",15,5,0.025942264699229056,0.2901828631166603,0.5220453591238627,0.1547360484095195,0.007093464650728465
"Knappe, Alexander",16,4,0.006420570716554219,0.18707523111285673,0.5822706017962384,0.21560148601537743,0.008632110358973266
"Knappe, Alexander",17,3,0.004331601851537248,0.14936162325280639,0.5665700270390321,0.26540081221036027,0.014335935646264009
"Knappe, Alexander",18,5,0.059259135435453913,0.31128999236162974,0.4454505000783355,0.16744955921352522,0.016550812911055646
"Ko, Jeong Weon",1,4,0.005742759800507535,0.16679087306743734,0.5661096838606919,0.24823317292514413,0.013123510346219058
"Ko, Jeong Weon",2,4,0.013620076723241836,0.17490118326438142,0.48199595009990615,0.2907884077286558,0.038694382183814824
"Ko, Jeong Weon",3,5,0.03228638042710008,0.21713915088961327,0.4404887064253777,0.2623795577461958,0.047706204511713146
"Ko, Jeong Weon",4,3,0.018816046860063107,0.17613581720375537,0.4453462258771207,0.3024539409998651,0.057247969059195714
"Ko, Jeong Weon",5,4,0.012693832622671763,0.2646660716916853,0.5767095052838296,0.14245106403366448,0.0034795263681488553
"Ko, Jeong Weon",6,4,0.006496562483552126,0.21428140197335988,0.6068468463722967,0.16845898304439755,0.003916206126393762
"Ko, Jeong Weon",7,3,0.004777596623477154,0.12400239954093867,0.4994502090518823,0.3347619481799844,0.037007846603717476
"Ko, Jeong Weon",8,5,0.03348505036862187,0.2193538995066331,0.43887319911597816,0.2605307795876456,0.04775707142112129
"Ko, Jeong Weon",9,4,0.010119294618644192,0.14508084664394377,0.4600884893851096,0.3299833190111624,0.05472805034114003
"Ko, Jeong Weon",10,4,0.007598750080187067,0.1262873546432901,0.44975729226301453,0.35342909642428966,0.06292750658921864
"Ko, Jeong Weon",11,3,0.026918901537743956,0.3411838925416458,0.5270442625591188,0.10263677077167233,0.0022161725898190987
"Ko, Jeong Weon",12,4,0.008416000712820892,0.15021585975020924,0.49316037249583067,0.31070446830773224,0.037503298733406965
"Ko, Jeong Weon",13,3,0.003441577148767583,0.1743612139061415,0.625894848491299,0.19207783186554006,0.004224528588251841
"Ko, Jeong Weon",14,4,0.0055183228849666754,0.10968126624679503,0.4416055396077389,0.3744334352709602,0.06876143598953921
"Ko, Jeong Weon",15,5,0.02962837292691778,0.30733860909997623,0.5149691928993877,0.14203242946567018,0.006031395608048107
"Ko, Jeong Weon",16,4,0.007672677963039054,0.20387423926525483,0.5829128071526143,0.19829872221261735,0.007241553406474477
"Ko, Jeong Weon",17,3,0.005206802609664829,0.16396608269148177,0.5719807965256075,0.2466615071894046,0.012184810983841277
"Ko, Jeong Weon",18,5,0.06520565057125827,0.3238205305700045,0.4396039651263015,0.1567184909962933,0.014651362736142426
"Kobori, Kazuma",1,4,0.0075435820657688835,0.19097874024298173,0.5707515611658263,0.2205509827004556,0.010175133824967597
"Kobori, Kazuma",2,4,0.016724021169152392,0.19456310871994031,0.48813432029154236,0.2682366859419415,0.03234186387742344
"Kobori, Kazuma",3,5,0.037850191705148306,0.23497472895623434,0.44202665697639454,0.24417677747066246,0.040971644891560355
"Kobori, Kazuma",4,3,0.02253846276576066,0.19372107987886616,0.4516541086111591,0.28294198263003256,0.04914436611418149
"Kobori, Kazuma",5,4,0.016405368296332712,0.2957883629012605,0.5637832131632389,0.12146680225423534,0.002556253384932594
"Kobori, Kazuma",6,4,0.008688837422808737,0.24458311970862662,0.5999058747190597,0.14397209708757974,0.0028500710619252523
"Kobori, Kazuma",7,3,0.006177224745132492,0.14241080659588923,0.513013654287374,0.3080833802004719,0.0303149341711324
"Kobori, Kazuma",8,5,0.039185894255214015,0.23709675390962376,0.44018219111252793,0.24248817409400836,0.04104698662862594
"Kobori, Kazuma",9,4,0.012495053019467295,0.16264577872601155,0.4704596269009779,0.3080163343493475,0.04638320700419574
"Kobori, Kazuma",10,4,0.009473644680525806,0.14270461035945226,0.46279111008476603,0.331519773879966,0.0535108609952899
"Kobori, Kazuma",11,3,0.03359765958420602,0.371913083125884,0.5063253468412282,0.08654079545071625,0.0016231149979655246
"Kobori, Kazuma",12,4,0.010585156051752254,0.1695965291307735,0.5026341489348888,0.2861528325791497,0.03103133330343577
"Kobori, Kazuma",13,3,0.004754988222185397,0.20292965077649955,0.6248407442327512,0.16442934994206415,0.0030452668264997484
"Kobori, Kazuma",14,4,0.006964963206733121,0.12506209437868754,0.4571174901927417,0.3523623753473414,0.05849307687449623
"Kobori, Kazuma",15,5,0.03622857308037308,0.3342045408121779,0.5013419584450975,0.12356850096994432,0.0046564266924071784
"Kobori, Kazuma",16,4,0.010052132971356209,0.23149411781347368,0.5801168258966432,0.17286959968412652,0.0054673236344003895
"Kobori, Kazuma",17,3,0.006885039965926654,0.18832361725096297,0.5768018496517024,0.2185984857465303,0.009391007384877637
"Kobori, Kazuma",18,5,0.07537790158433094,0.3429226327212026,0.42887175761630764,0.14076119344980942,0.0120665146283494
"Kouwenaar, Koen",1,4,0.002745811330094272,0.11362680000017111,0.5353782445728819,0.32402530950750075,0.024223834589351956
"Kouwenaar, Koen",2,4,0.007835722862054528,0.12962957985807055,0.45462380656790363,0.34824953269036496,0.059661358021606326
"Kouwenaar, Koen",3,5,0.021047265071110544,0.17366030630851997,0.427478553704647,0.3087943762268164,0.06901949868890611
"Kouwenaar, Koen",4,3,0.011584497399064753,0.13490962729309502,0.4200013665502466,0.3507083622513426,0.082796146506251
"Kouwenaar, Koen",5,4,0.006311600794777716,0.19149651807739176,0.588964665594158,0.20588406052334796,0.007343155010324454
"Kouwenaar, Koen",6,4,0.0029463935081534554,0.14638645227864472,0.6008579286340111,0.24137309157275333,0.00843613400643739
"Kouwenaar, Koen",7,3,0.0023927575813225688,0.08424075234287737,0.45222792782450616,0.40139292705618523,0.05974563519510867
"Kouwenaar, Koen",8,5,0.02193288287613715,0.1759857137199462,0.42654030739007365,0.30657091333178377,0.06897018268205923
"Kouwenaar, Koen",9,4,0.005742086847151939,0.10547181761797858,0.4236151754351611,0.38365203767103695,0.08151888242867145
"Kouwenaar, Koen",10,4,0.004204033000509255,0.08991690602839308,0.40732828066234344,0.4056436070665751,0.09290717324217912
"Kouwenaar, Koen",11,3,0.014684525884001154,0.26383670227459577,0.5637935197329207,0.15295947191082138,0.004725780197661011
"Kouwenaar, Koen",12,4,0.004539150639139067,0.10691502513373796,0.45660274015024077,0.3727625312400892,0.05918055283679302
"Kouwenaar, Koen",13,3,0.0014305048401171416,0.11293857128268381,0.6030050551556632,0.27333288283196155,0.00929298588957439
"Kouwenaar, Koen",14,4,0.002955211318764528,0.07624012326705026,0.3935782068247885,0.42587800180324137,0.10134845678615534
"Kouwenaar, Koen",15,5,0.01713586090724989,0.24028038626374193,0.5348177115645474,0.19645405761382184,0.011311983650639013
"Kouwenaar, Koen",16,4,0.0036867700978938656,0.14169991341817567,0.5691313082482061,0.27120868865348435,0.014273319582239985
"Kouwenaar, Koen",17,3,0.002444932169904379,0.11072216954371245,0.5402229703373265,0.3237967900409313,0.022813137908125336
"Kouwenaar, Koen",18,5,0.04399472095826884,0.27322907397262153,0.45769602303113366,0.20155083721603206,0.02352934482194391
"Lafeber, Guus",1,4,0.002933401027191418,0.11771217685058183,0.5390392602893188,0.31729219222595384,0.023022969606954047
"Lafeber, Guus",2,4,0.008232357165039728,0.13323556452361457,0.4576068137161845,0.343372406244112,0.057552858351049174
"Lafeber, Guus",3,5,0.02186688998507752,0.1772645970608872,0.4291020146203036,0.30484060911708455,0.0669258892166471
"Lafeber, Guus",4,3,0.012096704424193805,0.1382386373150722,0.42267811188488635,0.34669290246779794,0.08029364390804972
"Lafeber, Guus",5,4,0.0067209928085701365,0.19737215766691213,0.5891312749940903,0.1998752398480632,0.006900334682364173
"Lafeber, Guus",6,4,0.003163322206979735,0.15165987724507385,0.6027210634629979,0.23454079335124678,0.007914943733701718
"Lafeber, Guus",7,3,0.002545140115530198,0.08726621112410393,0.45692862725905914,0.39583645962718794,0.05742356187411879
"Lafeber, Guus",8,5,0.022777318837968186,0.1795873203539204,0.42810115237814966,0.30264657065913436,0.0668876377708274
"Lafeber, Guus",9,4,0.006039744861247753,0.10858370359515707,0.42727254087142874,0.37923556387468815,0.07886844679747829
"Lafeber, Guus",10,4,0.004431815379483894,0.0927395167025602,0.4114417925594873,0.40143024655832926,0.08995662880013933
"Lafeber, Guus",11,3,0.01550913393043879,0.27033007497704237,0.561638531296157,0.14808606603382124,0.004436193762540563
"Lafeber, Guus",12,4,0.004796450588197054,0.11029108784465125,0.46039594489986085,0.3675332055537148,0.05698331111357602
"Lafeber, Guus",13,3,0.001547808148841534,0.11757047372048007,0.6063847018178957,0.2657922439745175,0.008704772338265165
"Lafeber, Guus",14,4,0.0031243137236700025,0.07880116866752102,0.3981234510917944,0.4218026873571252,0.09814837915988939
"Lafeber, Guus",15,5,0.018000654701515795,0.24589406151764737,0.5340055056954214,0.19136640402316463,0.010733374062250833
"Lafeber, Guus",16,4,0.003937369366351862,0.14655243309714977,0.5714869623839316,0.2645323985694208,0.013490836583145982
"Lafeber, Guus",17,3,0.0026162222712565186,0.11479674970638026,0.544001358531603,0.3169287685067276,0.021656900984032612
"Lafeber, Guus",18,5,0.04557619296564325,0.27763926093914854,0.4566970838364697,0.19747314004275274,0.022614322215985805
"Lagergren, Joakim",1,4,0.006253884911725793,0.17407396758958937,0.5680049170814336,0.2395257100650935,0.012141520352157764
"Lagergren, Joakim",2,4,0.014521963403561211,0.18087199447378727,0.48418118782378006,0.28379517659798537,0.0366296777008861
"Lagergren, Joakim",3,5,0.03392977702381933,0.2226156831716402,0.44118126637576327,0.25673818800243575,0.04553508542634144
"Lagergren, Joakim",4,3,0.019906795576873693,0.18149347569690877,0.44752390756012017,0.29643886570966305,0.05463695545643432
"Lagergren, Joakim",5,4,0.01375506632388751,0.27417150685270725,0.5731785205011646,0.13572864773240445,0.0031662585898362128
"Lagergren, Joakim",6,4,0.00711539678891826,0.2234472830192047,0.6052502988084448,0.16063346718525973,0.0035535541981724927
"Lagergren, Joakim",7,3,0.0051767157167471045,0.12952238420764406,0.5039676036446163,0.32651320678812956,0.03482008964286287
"Lagergren, Joakim",8,5,0.03516999099723589,0.22480480773496808,0.43949245087206945,0.25493844721859193,0.04559430317713464
"Lagergren, Joakim",9,4,0.010807893828306103,0.1503916747863247,0.4635476470879948,0.3232231918466766,0.052029592450697826
"Lagergren, Joakim",10,4,0.008140183486788577,0.1312333313147691,0.4540235372278061,0.3467159411570927,0.05988700681354353
"Lagergren, Joakim",11,3,0.028854271904674433,0.35070120536190147,0.5209799530199336,0.09744996227581249,0.0020146074376780065
"Lagergren, Joakim",12,4,0.009040819683819368,0.15606647428498122,0.49639937467535195,0.30309963398096407,0.035393697374883404
"Lagergren, Joakim",13,3,0.0038078345050667206,0.18293151385308948,0.6261779598218666,0.18326034424133442,0.0038223475786427485
"Lagergren, Joakim",14,4,0.005934178412575208,0.11429751895891321,0.4466244939337073,0.3676961894432993,0.065447619251505
"Lagergren, Joakim",15,5,0.03155337941018921,0.3156395987307008,0.5110858784874147,0.13614908756347321,0.005572055808222065
"Lagergren, Joakim",16,4,0.008349107513246135,0.2122334594506894,0.5825411115852034,0.19023110654393394,0.006645214906927155
"Lagergren, Joakim",17,3,0.005682006386842797,0.1712925938342887,0.5739457431164927,0.23782712932115257,0.011252527341223284
"Lagergren, Joakim",18,5,0.06823050633316607,0.329789205219746,0.4364917553735117,0.15168310850947608,0.013805424564100166
"Laporta, Francesco",1,4,0.008980590496246887,0.2078186923038895,0.5714380628367589,0.20319261387104004,0.008570040492064668
"Laporta, Francesco",2,4,0.01907525217232242,0.20799393356576495,0.4906796104015912,0.2535915055589696,0.028659698301351844
"Laporta, Francesco",3,5,0.04191076292914253,0.24684453026594377,0.44192813209477255,0.23233062556125417,0.036985949148886976
"Laporta, Francesco",4,3,0.025305249905350102,0.20564530618536897,0.4546178885844005,0.27008903718268984,0.04434251814219059
"Laporta, Francesco",5,4,0.019317502031860667,0.3167194352645626,0.5530045518677822,0.10888132868101941,0.002077182154775148
"Laporta, Francesco",6,4,0.010458730946657058,0.2654356928954168,0.5926010899925144,0.1292038374484744,0.002300648716937359
"Laporta, Francesco",7,3,0.007282974930966135,0.15536132830080668,0.5202111716694833,0.2906521633545538,0.026492361744190118
"Laporta, Francesco",8,5,0.043340448184740976,0.24889012555618945,0.43994691779668404,0.23074890362406042,0.037073604838325114
"Laporta, Francesco",9,4,0.014304988350863024,0.1747709168337025,0.47594514303798297,0.29349491487828994,0.04148403689916158
"Laporta, Francesco",10,4,0.010913949327836403,0.15413448118158057,0.4700967442666485,0.3168926981082141,0.047962127115720454
"Laporta, Francesco",11,3,0.03868243392686588,0.3918857650789205,0.49109222647468576,0.0770229169876856,0.0013166575318422913
"Laporta, Francesco",12,4,0.012260720885552467,0.18302015324693804,0.5072388135243253,0.2701725008994771,0.027307811443707086
"Laporta, Francesco",13,3,0.005844185066435026,0.2229749308994578,0.6210641225587117,0.14767491505365526,0.002441846421740168
"Laporta, Francesco",14,4,0.00808778793505438,0.13586565050070037,0.4661085479427522,0.33750268871636824,0.052435324905124814
"Laporta, Francesco",15,5,0.041182521661841165,0.35178350839117956,0.4907816414482548,0.11233903140690826,0.0039132970918162036
"Laporta, Francesco",16,4,0.011943780091174583,0.25048549900213835,0.5757947210902233,0.15725211405112383,0.004523885765339908
"Laporta, Francesco",17,3,0.008231247819933896,0.20532216205225046,0.5775319335622882,0.20103706762206608,0.007877588943461467
"Laporta, Francesco",18,5,0.08268554836152653,0.3550913988267154,0.4208153042110339,0.13081437491545977,0.010593373685264362
"Larrazabal, Pablo",1,4,0.006970489361465826,0.18370445334707713,0.5698390796511688,0.22851368921141535,0.01097228842887299
"Larrazabal, Pablo",2,4,0.01575751794448943,0.18869905104060086,0.4866159284934222,0.27482069758770866,0.03410680493377882
"Larrazabal, Pablo",3,5,0.03614465953860768,0.22971427075270456,0.4417868211791306,0.24949477465833458,0.042859473871222575
"Larrazabal, Pablo",4,3,0.021388604431227143,0.18849328949350608,0.45002774728244466,0.2886730659839134,0.05141729280890872
"Larrazabal, Pablo",5,4,0.015232285086803521,0.2865618991178225,0.5680177840903352,0.1273873904005708,0.002800641304467999
"Larrazabal, Pablo",6,4,0.007987701739299413,0.23551245147641492,0.6024699143740677,0.1508984902027568,0.003131442207461088
"Larrazabal, Pablo",7,3,0.005733703718473815,0.13685147439354572,0.5093573205903301,0.31589473398101786,0.03216276731663248
"Larrazabal, Pablo",8,5,0.03743942435007164,0.23186641922131312,0.44000694987773414,0.24775881492159968,0.042928391629281415
"Larrazabal, Pablo",9,4,0.011753552187858451,0.15738416546141265,0.4676682494516935,0.31447944057638877,0.04871459232264663
"Larrazabal, Pablo",10,4,0.008886440064047041,0.1377691322738246,0.4592045081533884,0.3379939894444196,0.05614593006432034
"Larrazabal, Pablo",11,3,0.03151300105038529,0.3629324631506116,0.5127209307017335,0.09105381018578429,0.0017797949114852774
"Larrazabal, Pablo",12,4,0.009904187227372074,0.1637821622121226,0.5001612891952995,0.293328617000732,0.032823744364473884
"Larrazabal, Pablo",13,3,0.004330265075170037,0.19430738560646066,0.6257397533942726,0.17226705639508055,0.003355539529016127
"Larrazabal, Pablo",14,4,0.006509940493197475,0.12042088725075512,0.45279232749993825,0.3589088108798766,0.061368033876232575
"Larrazabal, Pablo",15,5,0.034180895814257206,0.32633282897839655,0.5056509190082581,0.12880842385915914,0.005026932339929013
"Larrazabal, Pablo",16,4,0.009296020068328248,0.22323027052758931,0.5814129465146727,0.18011868100537531,0.005942081884034445
"Larrazabal, Pablo",17,3,0.006349797300059412,0.180990778401507,0.5758508371316178,0.22666384927420125,0.010144737892614497
"Larrazabal, Pablo",18,5,0.072280052298895,0.33738981899790266,0.43221377975351016,0.14533704688440652,0.012779302065285658
"Lawrence, Thriston",1,4,0.0075362611443503535,0.19088800741283363,0.5707425710535226,0.22064850170801564,0.010184658681277825
"Lawrence, Thriston",2,4,0.016711786622929548,0.19449020852572696,0.48811700496743066,0.2683178151755563,0.03236318470835653
"Lawrence, Thriston",3,5,0.037828742216132194,0.23490962968774476,0.4420247633239598,0.24424233144331764,0.04099453332884562
"Lawrence, Thriston",4,3,0.022523955374214644,0.1936561729922251,0.4516351641994416,0.283012777985129,0.049171929448989626
"Lawrence, Thriston",5,4,0.01639042707629651,0.2956739745840768,0.5638376990499687,0.12153875017664917,0.0025591491130088073
"Lawrence, Thriston",6,4,0.008679862526398796,0.2444702106057997,0.5999401765217518,0.14405634934068967,0.0028534010053600234
"Lawrence, Thriston",7,3,0.00617156893580173,0.14234133785857112,0.5129701595956964,0.30817973485605277,0.03033719875387797
"Lawrence, Thriston",8,5,0.039163935482094625,0.23703204153262902,0.4401810818472064,0.24255314177797827,0.0410697993600917
"Lawrence, Thriston",9,4,0.012485657298428765,0.1625802476275936,0.47042644035168757,0.30809622125773317,0.046411433464556895
"Lawrence, Thriston",10,4,0.009466193230497133,0.14264304949094037,0.4627480366378904,0.3315999360112887,0.053542784629383444
"Lawrence, Thriston",11,3,0.033571247511058555,0.37180240558134425,0.5064058737520387,0.08659550300622709,0.001624970149331384
"Lawrence, Thriston",12,4,0.010576506429188337,0.1695240712235181,0.5026051759420569,0.28624128865127496,0.031052957753961774
"Lawrence, Thriston",13,3,0.004749525935922816,0.2028219582721666,0.6248548153999045,0.16452476614033695,0.0030489342516691886
"Lawrence, Thriston",14,4,0.006959178686832768,0.12500411428712505,0.4570652424527015,0.3524435506902548,0.05852791388308587
"Lawrence, Thriston",15,5,0.03620269405795118,0.3341074156862738,0.5013967090410316,0.12363233307586041,0.004660848138883011
"Lawrence, Thriston",16,4,0.010042480405531518,0.2313912664241779,0.580135222813455,0.17295805727831126,0.005472973078524346
"Lawrence, Thriston",17,3,0.00687819629564157,0.18823211599636946,0.576792455274583,0.2186972268474917,0.00940000558591425
"Lawrence, Thriston",18,5,0.07533904914586681,0.3428546844766644,0.42891399006166275,0.1408171764366043,0.012075099879201745
"Lemke, Niklas",1,4,0.007264434202005066,0.18747971218048137,0.570361561622468,0.22434433557822375,0.010549956416821882
"Lemke, Niklas",2,4,0.016255500241215526,0.19174738558542087,0.4874371573102634,0.2713833890411209,0.03317656782197931
"Lemke, Niklas",3,5,0.03702625214063776,0.23245490283054843,0.4419337575182556,0.2467189031610474,0.04186618434951084
"Lemke, Niklas",4,3,0.021982032070879065,0.19121258019660786,0.45089923610104465,0.28568464565913365,0.05022150597233477
"Lemke, Niklas",5,4,0.015834856000914332,0.2913644122874456,0.5658543465121415,0.1242757302494587,0.00267065495003993
"Lemke, Niklas",6,4,0.008346952881284786,0.24022465587639585,0.6011867776157556,0.14725991211296363,0.00298170151360011
"Lemke, Niklas",7,3,0.00596138961955528,0.1397341381435689,0.5112980354089145,0.3118187876489411,0.03118764917902017
"Lemke, Niklas",8,5,0.038342290480143315,0.2345916455661322,0.4401199272655251,0.24500760961226642,0.04193852707593293
"Lemke, Niklas",9,4,0.012135415247495285,0.16011688466051027,0.4691502617682283,0.3111103328059136,0.04748710551785251
"Lemke, Niklas",10,4,0.009188624184731542,0.14033060383851342,0.4610998736833897,0.33462192257250334,0.05475897572086197
"Lemke, Niklas",11,3,0.032586623983042684,0.3676205304836404,0.5094172978642267,0.08867911667810802,0.0016964309909821562
"Lemke, Niklas",12,4,0.010254455422715136,0.16680109083983113,0.5014829177034766,0.28958309098318746,0.03187844505078963
"Lemke, Niklas",13,3,0.004547374588656283,0.19877922082371702,0.6253316953460357,0.1681513867037967,0.0031903225377942768
"Lemke, Niklas",14,4,0.00674389227493899,0.12282781144869431,0.4550717575730621,0.35550157367784074,0.059854965025463835
"Lemke, Niklas",15,5,0.03523677764181243,0.33043972778550934,0.5034352755294097,0.12605769749294715,0.004830521550321376
"Lemke, Niklas",16,4,0.009683963959839281,0.22752364734574132,0.5807859576755428,0.17631636136580076,0.0056900696530759465
"Lemke, Niklas",17,3,0.006624202913175614,0.1847956479530936,0.5763948767642412,0.22244002306932686,0.00974524930016274
"Lemke, Niklas",18,5,0.07388350792878584,0.3402829798243836,0.4304905549939717,0.14293986753326282,0.012403089719596028
"Li, Haotong",1,4,0.009263994837818867,0.21093384894776657,0.5713614646615446,0.20013532159565084,0.008305369957219089
"Li, Haotong",2,4,0.01952815335240282,0.21045791960811167,0.4910115621881968,0.25096845725979067,0.028033907591498042
"Li, Haotong",3,5,0.04267972611035531,0.24899603659356206,0.44181671124739796,0.23020584344081219,0.036301682607872476
"Li, Haotong",4,3,0.025833634604348787,0.20782588822807024,0.4550513562785024,0.267771382305953,0.043517738583125576
"Li, Haotong",5,4,0.019887246072289255,0.32052682067203825,0.5508757447884226,0.1067102187678548,0.0019999696993950877
"Li, Haotong",6,4,0.010809555830823436,0.269270139163928,0.5910577727634314,0.12665012958152522,0.002212402660291879
"Li, Haotong",7,3,0.007500106171854537,0.15776978136302522,0.5213597835320434,0.2875229049708471,0.025847423962229832
"Li, Haotong",8,5,0.044126686588919994,0.25102652754416843,0.43981204546817004,0.2286434711477472,0.03639126925099434
"Li, Haotong",9,4,0.014654564331902875,0.17700664642474534,0.47681941202647493,0.29087301236460006,0.040646364852276795
"Li, Haotong",10,4,0.01119320636002269,0.156250486265185,0.47130432895416235,0.3142401986571247,0.047011779763505235
"Li, Haotong",11,3,0.03966354359504998,0.3954590932722015,0.48821847944658103,0.07539152953575345,0.001267354150414013
"Li, Haotong",12,4,0.012586373234895365,0.18549868204669417,0.5079296579641817,0.26730797822530405,0.026677308528924693
"Li, Haotong",13,3,0.006062748875482804,0.22669449722622598,0.6201255105436452,0.1447719714467418,0.002345271907904234
"Li, Haotong",14,4,0.008306523977554936,0.13787398757910585,0.46762401896486094,0.3347981932422561,0.051397276236222145
"Li, Haotong",15,5,0.04213238219859977,0.35494047347088936,0.4887477958906772,0.1103882106186308,0.0037911378212028835
"Li, Haotong",16,4,0.012316159709008179,0.2539773645019674,0.5748084443561734,0.15452797882600044,0.0043700526068506385
"Li, Haotong",17,3,0.008497375316145306,0.20847002186319374,0.5774568667159907,0.19794710296897078,0.007628633135699392
"Li, Haotong",18,5,0.0840591105361495,0.35724972727609017,0.4192807890721559,0.12906543039792617,0.010344942717678274
"Lindberg, Mikael",1,4,0.005804917739285376,0.16769670974323264,0.5663703999961773,0.247131585942448,0.012996386578856711
"Lindberg, Mikael",2,4,0.013730747862001236,0.17564633768933519,0.48228464412823197,0.28990858470339875,0.03842968561703286
"Lindberg, Mikael",3,5,0.03248932509979302,0.21782559288655928,0.4405864166963963,0.26166991112275206,0.04742875419449932
"Lindberg, Mikael",4,3,0.018950330601857246,0.17680532882297606,0.4456310419488091,0.30169891388141334,0.05691438474494426
"Lindberg, Mikael",5,4,0.012823244753741858,0.26585473359608686,0.5762889668740767,0.1415943895651408,0.0034386652109537064
"Lindberg, Mikael",6,4,0.006571658471481556,0.21542332252758672,0.6066734197664907,0.16746274277604467,0.003868856458396408
"Lindberg, Mikael",7,3,0.004826222453041984,0.12468790922673262,0.5000336400144318,0.33372547852071877,0.03672674978507473
"Lindberg, Mikael",8,5,0.033693176430198535,0.22003726904003795,0.43896157451103046,0.2598272688379951,0.04748071118073793
"Lindberg, Mikael",9,4,0.010203714265935249,0.14574253376444124,0.46053552958615596,0.329135413086849,0.05438280929661854
"Lindberg, Mikael",10,4,0.007665034755576228,0.1269027284693301,0.45030493753985074,0.35258856038310926,0.06253873885213368
"Lindberg, Mikael",11,3,0.027156118067281243,0.34238044574854565,0.5262993651340453,0.10197420858506123,0.0021898624650665832
"Lindberg, Mikael",12,4,0.008492417542964759,0.15094432743631353,0.49358254341044006,0.30974817059540716,0.0372325410148745
"Lindberg, Mikael",13,3,0.0034858181676782896,0.17542551073434576,0.6259604196659834,0.1909562881041944,0.004171963327798123
"Lindberg, Mikael",14,4,0.005569144970749118,0.11025477659358152,0.44224708585524775,0.3735911810753334,0.06833781150508822
"Lindberg, Mikael",15,5,0.029864915886366195,0.30838137883543293,0.5144976320290842,0.14128421831426097,0.005971854934855747
"Lindberg, Mikael",16,4,0.007754986044072598,0.20491593872781538,0.5828904066242585,0.19727459970496364,0.007164068898889875
"Lindberg, Mikael",17,3,0.005264539871906948,0.16487694276834686,0.5722509702226444,0.24554351739757574,0.012064029739526028
"Lindberg, Mikael",18,5,0.06558014920629851,0.3245736438224677,0.43922307477263944,0.15608052398574923,0.014542608212845143
"Lindell, Oliver",1,4,0.007764263754350631,0.1936885094842839,0.5709929528728596,0.21765897235959386,0.009895301528912048
"Lindell, Oliver",2,4,0.017091519859720072,0.19673755120474595,0.4886330298082806,0.2658250472088307,0.03171285191842266
"Lindell, Oliver",3,5,0.03849286707243865,0.23691309322329118,0.44207078180445314,0.24222781614805056,0.04029544175176647
"Lindell, Oliver",4,3,0.022973675068631294,0.19565615681233617,0.452204673693883,0.2808355077877768,0.04832998663737276
"Lindell, Oliver",5,4,0.016855234375745043,0.29919658046301306,0.5621372927481503,0.11933944371162242,0.0024714487014692033
"Lindell, Oliver",6,4,0.00895958907546901,0.2479524830395088,0.5988553116570053,0.1414800216104024,0.0027525946176144567
"Lindell, Oliver",7,3,0.006347598658229259,0.1444870101640237,0.514288620111652,0.30521803956686244,0.029658731499232593
"Lindell, Oliver",8,5,0.03984376453104482,0.23902343660955466,0.44020313239194986,0.24055667116749013,0.040372995299960523
"Lindell, Oliver",9,4,0.012777389743002798,0.16460181370106597,0.4714322276413643,0.30563881370465673,0.045549755209910225
"Lindell, Oliver",10,4,0.009697683857740114,0.14454319712597108,0.46405860342632416,0.32913250308895825,0.0525680125010064
"Lindell, Oliver",11,3,0.034391274691947804,0.37520311525605815,0.5039120984717267,0.08492471233862098,0.0015687992416464347
"Lindell, Oliver",12,4,0.01084531633651692,0.1717597972947436,0.5034781828729081,0.28352301992910467,0.03039368356672667
"Lindell, Oliver",13,3,0.004920074961278331,0.2061475577117844,0.6243882149086508,0.16160619009773136,0.0029379623205550986
"Lindell, Oliver",14,4,0.007139005456311298,0.12679477297149694,0.4586585274010681,0.3499435896122163,0.05746410455890738
"Lindell, Oliver",15,5,0.03700542743411994,0.3370930687623568,0.4996955925675747,0.1216793223962842,0.004526588839664392
"Lindell, Oliver",16,4,0.010343024175743898,0.23456320524622054,0.5795422160414898,0.17024994869966903,0.005301605836876777
"Lindell, Oliver",17,3,0.0070914087871896125,0.19105677145768757,0.577054448372863,0.21567063640719097,0.009126734975068773
"Lindell, Oliver",18,5,0.07654075965204848,0.3449398167795953,0.4276043492342721,0.13910156145959773,0.011813512874486398
"List, Danny",1,4,0.005139883271356005,0.1576872294820854,0.5630743176787113,0.2596112962912196,0.014487273276627688
"List, Danny",2,4,0.01253116426390305,0.16737041665230667,0.4788139914744676,0.2997952725878714,0.04148915502145123
"List, Danny",3,5,0.030269251240008677,0.21015291301097283,0.43931383024234927,0.2696434804259509,0.05062052508071835
"List, Danny",4,3,0.01748789570155901,0.1693548988258975,0.4422519641753551,0.31015478982948175,0.060750451467706634
"List, Danny",5,4,0.0114332624147373,0.25261725960403536,0.5806205170703443,0.15140556942443273,0.003923391486450267
"List, Danny",6,4,0.005770691611212131,0.20277556867558533,0.6081678353289398,0.17885451929617657,0.004431385088086159
"List, Danny",7,3,0.004304577378638541,0.11712905962215836,0.49323063334388517,0.3453492875470543,0.03998644210826363
"List, Danny",8,5,0.03141560892162065,0.21239664597137198,0.4377957162183399,0.26773247376396614,0.05065955512470133
"List, Danny",9,4,0.009289892728327254,0.1384112504795369,0.4553176284404819,0.3386201059064241,0.05836112244522984
"List, Danny",10,4,0.006948964074122821,0.12009833700637634,0.44397219836789553,0.361965940319406,0.06701456023219932
"List, Danny",11,3,0.024589491006503317,0.3289508323496262,0.5343676050611282,0.10958974511799591,0.0025023264647463517
"List, Danny",12,4,0.007668095206006753,0.1428810945534078,0.4885977442128727,0.3204857912212764,0.040367274806436315
"List, Danny",13,3,0.003017038489128321,0.16369258412752258,0.6247294189787769,0.2037635377193806,0.004797420685191622
"List, Danny",14,4,0.005021491434567205,0.10392677656571503,0.4348726121485582,0.3829657969614435,0.07321332288971605
"List, Danny",15,5,0.02729610695237067,0.29669070468318887,0.5195137616773537,0.14982787617922066,0.006671550507866053
"List, Danny",16,4,0.006873659335861593,0.19337311921430272,0.5827396028053331,0.2089357393913549,0.008077879253147735
"List, Danny",17,3,0.0046476043197742345,0.154818097207841,0.5688373853848043,0.2582147561941961,0.01348215689338439
"List, Danny",18,5,0.06146831527813906,0.3160747608257598,0.4433264691121677,0.16332545253354525,0.015805002250388167
"Lombard, Zander",1,4,0.005293093893755707,0.16005786784275983,0.5639392721570053,0.25659337668465654,0.014116389421822584
"Lombard, Zander",2,4,0.012810663804734612,0.16933899452563145,0.4796929474529304,0.29742045918177784,0.0407369350349257
"Lombard, Zander",3,5,0.030790625225423307,0.2119878353912037,0.43965446058487956,0.26772830220616783,0.049838776592325607
"Lombard, Zander",4,3,0.017830032533503515,0.17113007944022585,0.4430993437716518,0.3081293463732597,0.059811197881359135
"Lombard, Zander",5,4,0.011754564295535896,0.25577296834496943,0.5796591860590372,0.14901158158319716,0.0038016997172602984
"Lombard, Zander",6,4,0.005954714536746619,0.20577687613380757,0.607899944670701,0.17607846809272765,0.004289996566017251
"Lombard, Zander",7,3,0.0044250361244019265,0.11891613969720838,0.49491397876489107,0.3425619708669543,0.039182874546544344
"Lombard, Zander",8,5,0.031950648364476086,0.2142243599740919,0.4381103449806073,0.26583359708772303,0.04988104959310169
"Lombard, Zander",9,4,0.009502567297422881,0.1401516183096423,0.4566098280395657,0.33635057627590026,0.05738541007746889
"Lombard, Zander",10,4,0.007115326437264757,0.12171087584944862,0.44552902912965,0.35972712349726343,0.06591764508637321
"Lombard, Zander",11,3,0.02518655711692369,0.3321732251391132,0.5324904377615476,0.1077259698842492,0.00242381009816639
"Lombard, Zander",12,4,0.007859363621009197,0.14479359812085313,0.48984320223626826,0.3179083210604441,0.03959551496142533
"Lombard, Zander",13,3,0.0031241222605003505,0.1664657844839615,0.6251239928712989,0.20064607620711372,0.004640024177125501
"Lombard, Zander",14,4,0.005148450241778735,0.10542371597651262,0.4366769582335718,0.38073209543594777,0.0720187801121891
"Lombard, Zander",15,5,0.027895596020422242,0.29949335896796037,0.5183656732046451,0.14774816927019374,0.006497202536778546
"Lombard, Zander",16,4,0.0070768388054144316,0.19611330162628804,0.5828564226326314,0.20610390214471042,0.007849534790955737
"Lombard, Zander",17,3,0.004789572794497821,0.1571991890295697,0.5697328017405837,0.2551493869933028,0.01312904944204596
"Lombard, Zander",18,5,0.062436978825569645,0.31812343419681877,0.4423762596404647,0.16156978581692494,0.015493541520221976
"Luiten, Joost",1,4,0.009638878216970848,0.21496181796522046,0.5711735480600719,0.19624928793952845,0.007976467818208266
"Luiten, Joost",2,4,0.020122311449039143,0.2136350041085126,0.4913799645440119,0.24761465911001357,0.02724806078842279
"Luiten, Joost",3,5,0.04368252755963481,0.25175859135809137,0.4416319811051923,0.22748754769156676,0.03543935228551476
"Luiten, Joost",4,3,0.026524740167648442,0.2106345125053916,0.4555615536818268,0.2648010168463666,0.04247817679876653
"Luiten, Joost",5,4,0.02063872377277559,0.3254203079762041,0.5480659232781867,0.10397027977190731,0.001904765200926306
"Luiten, Joost",6,4,0.011274429366417371,0.2742172638397403,0.5889797282937961,0.1234248535798802,0.0021037249201660835
"Luiten, Joost",7,3,0.007786897849801355,0.16089006578192233,0.5227643967290937,0.28351903413368995,0.025039605505492668
"Luiten, Joost",8,5,0.04515177816602556,0.2537691261453932,0.4395978045214977,0.22595000015331357,0.03553129101376995
"Luiten, Joost",9,4,0.015113612697663537,0.1798946157444904,0.47788811605831794,0.28751140933345676,0.039592246166071376
"Luiten, Joost",10,4,0.011560414454446666,0.15898767416511816,0.4728023879599975,0.3108343451918516,0.04581517822858605
"Luiten, Joost",11,3,0.04095127397621107,0.40002470769725607,0.48448021572612116,0.07333720508072661,0.0012065975196851042
"Luiten, Joost",12,4,0.013014941495312848,0.18870168867054254,0.5087522559100666,0.26364454990627506,0.025886564017802982
"Luiten, Joost",13,3,0.006353629106413461,0.23150870692274717,0.618807937427308,0.14110324130992546,0.0022264852336059127
"Luiten, Joost",14,4,0.008594632499023203,0.14047567370660663,0.46951832378794783,0.33132133506727945,0.05009003493914288
"Luiten, Joost",15,5,0.04337638926874887,0.35897992560030173,0.4860840997404097,0.1079201015489365,0.003639483841603175
"Luiten, Joost",16,4,0.012808404443044763,0.2584825905823066,0.5734523922266116,0.15107699310568412,0.004179619642352916
"Luiten, Joost",17,3,0.00884969967344068,0.2125417736389303,0.5772680763593415,0.19402093430752398,0.007319516020763528
"Luiten, Joost",18,5,0.08584560780736694,0.35999947935465115,0.41727784694394343,0.12684327702970866,0.010033788864329818
"Mansell, Richard",1,4,0.008167586773710878,0.19851937467525543,0.5712957796972906,0.21259941195949805,0.009417846894244963
"Mansell, Richard",2,4,0.017756892118426626,0.20060113710377409,0.48943537703510787,0.2615790934114117,0.0306275003312797
"Mansell, Richard",3,5,0.03964867961775431,0.24034116116337856,0.4420909965590598,0.23879489226670747,0.03912427039309985
"Mansell, Richard",4,3,0.02375896514238296,0.19909000512426644,0.45311454110137284,0.2771172789791261,0.04691920965285168
"Mansell, Richard",5,4,0.01767486807832952,0.3052342321270119,0.5591158983120674,0.11564702304196017,0.002327978440630929
"Mansell, Richard",6,4,0.00945544873064208,0.2539461391316433,0.596860076983364,0.13715044394682718,0.0025878912075234517
"Mansell, Richard",7,3,0.006658425245296862,0.14819562416332954,0.5164482274486131,0.30016823101123247,0.02852949213152811
"Mansell, Richard",8,5,0.04102659548678006,0.24243008031516394,0.4401831607237361,0.23715462452229852,0.03920553895202139
"Mansell, Richard",9,4,0.01328910691958246,0.1680840023428019,0.4730787874104062,0.30143973776532773,0.04410836556188169
"Mansell, Richard",10,4,0.010104354813056549,0.14782135491873677,0.4662290106766882,0.32490890746076484,0.05093637213075364
"Mansell, Richard",11,3,0.03582932011191492,0.3809952229018716,0.4995718100189758,0.08212667308110633,0.0014769738861313275
"Mansell, Richard",12,4,0.011318015577103324,0.17561311815335834,0.5048827067124056,0.27889124612508553,0.029294913432047154
"Mansell, Richard",13,3,0.0052238985534518445,0.21189188247104607,0.6234298945570547,0.1566974391884206,0.0027568852300268176
"Mansell, Richard",14,4,0.007455514005627051,0.12988904231537007,0.46131440772383075,0.345657971555548,0.055683064399624116
"Mansell, Richard",15,5,0.03840953550508164,0.3421849428955823,0.49670830394417664,0.11839188854790417,0.004305329107255229
"Mansell, Richard",16,4,0.010874291228946564,0.24002214798597488,0.5783996941297609,0.165683833641446,0.005020033013871661
"Mansell, Richard",17,3,0.0074689304771602405,0.1959313898841062,0.5773731734709786,0.21055027757748712,0.008676228590267843
"Mansell, Richard",18,5,0.07862607796158594,0.3484787246952095,0.42531633511112316,0.13620060556463887,0.011378256667442521
"Merritt, Troy",1,4,0.007303492218838248,0.18797423195410629,0.5704221182642999,0.22380412378282089,0.010496033779934688
"Merritt, Troy",2,4,0.01632130758347805,0.19214588537158866,0.48753938027282656,0.27093640280160236,0.03305702397050436
"Merritt, Troy",3,5,0.03714229784875778,0.23281220251117496,0.4419493831946355,0.24635785376359165,0.04173826268184011
"Merritt, Troy",4,3,0.022060296044271677,0.1915677896414999,0.4510089730451429,0.285295455828799,0.0500674854402865
"Merritt, Troy",5,4,0.015914781241570752,0.29199123344255573,0.5655654201033327,0.123874424585669,0.0026541406268718593
"Merritt, Troy",6,4,0.008394747658362567,0.24084116537011468,0.6010110199349697,0.14679037618606205,0.0029626908504909455
"Merritt, Troy",7,3,0.005991611341558234,0.14011214420903412,0.5115453070535589,0.3112884087182538,0.031062528677594847
"Merritt, Troy",8,5,0.03846111837953159,0.2349468905544746,0.4401311747236827,0.24464977704651936,0.041811039295791774
"Merritt, Troy",9,4,0.012185907855355005,0.1604745159482741,0.46933902376749537,0.31067139911128405,0.047329153317591466
"Merritt, Troy",10,4,0.009228616066700446,0.1406661223413863,0.4613426789490437,0.3341821474043454,0.05458043523852418
"Merritt, Troy",11,3,0.03272857920012939,0.36823024737711296,0.5089820205968265,0.0883733083796826,0.00168584444624853
"Merritt, Troy",12,4,0.01030083795087211,0.1671963196918833,0.5016498777832266,0.28909590546490394,0.03175705910911408
"Merritt, Troy",13,3,0.004576340766460907,0.1993654715624572,0.6252688054813118,0.16762001984751207,0.003169362342257953
"Merritt, Troy",14,4,0.006774887666785523,0.12314337848124601,0.4553647504431209,0.3550568175109132,0.059660165897934325
"Merritt, Troy",15,5,0.0353761773476558,0.3309742228130034,0.50314170688607,0.12570242984269853,0.004805463110572283
"Merritt, Troy",16,4,0.009735492014599723,0.22808530760821683,0.5806964586040095,0.17582477049893874,0.005657971274235174
"Merritt, Troy",17,3,0.006660684773140413,0.18529417129722903,0.5764580058729121,0.221892868671139,0.00969426938557949
"Merritt, Troy",18,5,0.07409422600518323,0.34065846209154493,0.43026301190354166,0.1426294719607376,0.012354828038992571
"Micheluzzi, David",1,4,0.00652102321572684,0.17773865622622698,0.5687901540184293,0.23526993004238306,0.011680236497233931
"Micheluzzi, David",2,4,0.014986298133965514,0.183859287882649,0.48516680175521143,0.28034443780312035,0.035643174425053714
"Micheluzzi, David",3,5,0.03476691723795222,0.22533555431669922,0.44145192209473344,0.2539536664964792,0.04449193985413591
"Micheluzzi, David",4,3,0.02046530609167313,0.1841681032335757,0.44852553209897345,0.2934591091442591,0.05338194943151864
"Micheluzzi, David",5,4,0.01430715341415939,0.27891020307470604,0.5712777494438952,0.13248386385010724,0.00302103021713207
"Micheluzzi, David",6,4,0.007439969117180645,0.2280459092062272,0.6042786061897215,0.15684978655691384,0.0033857289299568105
"Micheluzzi, David",7,3,0.005384685134827372,0.1323072389585025,0.5060947039236332,0.3224345119903874,0.03377885999264951
"Micheluzzi, David",8,5,0.03602793897631362,0.22751101155638814,0.43972768940638235,0.25217834058901345,0.044555019471902435
"Micheluzzi, David",9,4,0.011162977293253717,0.15305634504348636,0.4651747239449979,0.31987021859397846,0.05073573512428353
"Micheluzzi, David",10,4,0.008420037456172369,0.1337208134544821,0.45605508267209155,0.3433764310131616,0.05842763540409235
"Micheluzzi, David",11,3,0.029852537111824007,0.35540227985958617,0.517867319735544,0.09495658423526843,0.001921279057777392
"Micheluzzi, David",12,4,0.009364307994303545,0.15900512904620112,0.49789874070511664,0.2993440911856876,0.034387731068691085
"Micheluzzi, David",13,3,0.0040014130507003975,0.1872548160535885,0.6261164348050625,0.17899076404008873,0.003636572050559783
"Micheluzzi, David",14,4,0.006149753944377612,0.11662494073123464,0.4490327459430528,0.36433607191872586,0.06385648746260908
"Micheluzzi, David",15,5,0.032542131833911914,0.3197459909175863,0.5090560395343742,0.13329907959941012,0.005356758114717475
"Micheluzzi, David",16,4,0.008702294913103703,0.2164256532409325,0.5821941596798128,0.18631100391295485,0.006366888253196201
"Micheluzzi, David",17,3,0.005930745025157835,0.1749816922460068,0.5747607404635204,0.23351164386329737,0.010815178402017622
"Micheluzzi, David",18,5,0.069764681399958,0.3327196143385202,0.4348846536890296,0.14922786355688755,0.013403187015604612
"Migliozzi, Guido",1,4,0.007830242203753612,0.19448933718487715,0.5710543472382421,0.21681178612268792,0.009814287250439202
"Migliozzi, Guido",2,4,0.01720091260127188,0.19737916369067954,0.48877365381450977,0.26511648601188675,0.03152978388165206
"Migliozzi, Guido",3,5,0.0386835728409084,0.2374837967135412,0.44207926236291756,0.2416550755657042,0.040098292516928646
"Migliozzi, Guido",4,3,0.023103017921971503,0.1962267935890854,0.45236179811336985,0.28021586177488267,0.048092528600690576
"Migliozzi, Guido",5,4,0.016989539318045754,0.3002008541385525,0.5616440422913933,0.11871856926157887,0.002446994990429552
"Migliozzi, Guido",6,4,0.009040615853977751,0.24894723569649435,0.5985352696932515,0.14075237543151342,0.002724503324762928
"Migliozzi, Guido",7,3,0.006398493949154982,0.14510115410827562,0.5146565889364207,0.304375773768352,0.029467989237796588
"Migliozzi, Guido",8,5,0.040038955395601816,0.23959064117276102,0.4402048505343419,0.23998907109069356,0.040176481806601716
"Migliozzi, Guido",9,4,0.012861473326410022,0.16517949705116014,0.4717128584288467,0.30493924395098615,0.045306927242596995
"Migliozzi, Guido",10,4,0.009764452698834636,0.14508658538047153,0.4644262415780292,0.328429492578578,0.052293227764086625
"Migliozzi, Guido",11,3,0.034627601053199175,0.37616975194025404,0.5031958975933126,0.08445360707084726,0.001553142342386904
"Migliozzi, Guido",12,4,0.010922885628148082,0.17239885709272396,0.5037198170387878,0.28275022127580696,0.030208218964533184
"Migliozzi, Guido",13,3,0.00496959228870919,0.2070991519265178,0.6242426418274993,0.1607815566123596,0.0029070573449141435
"Migliozzi, Guido",14,4,0.007190919260521289,0.1273072430883055,0.45910683917118816,0.34923080730285405,0.05716419117713101
"Migliozzi, Guido",15,5,0.03723648814610153,0.3379422484919326,0.4992049406075352,0.12112730137036276,0.004489021384067926
"Migliozzi, Guido",16,4,0.01042996535821522,0.23546925825116694,0.5793631725593289,0.16948388081610766,0.005253723015181233
"Migliozzi, Guido",17,3,0.007153135269210076,0.19186467058062062,0.5771188366591551,0.21481310017336008,0.009050257317654076
"Migliozzi, Guido",18,5,0.07688536053826805,0.3455315076824588,0.4272275515349936,0.13861559816374047,0.011739982080539058
"Molinari, Francesco",1,4,0.0070253280461961,0.18441608326668874,0.5699457864860987,0.22772159278516024,0.010891209415856196
"Molinari, Francesco",2,4,0.015850793382711836,0.18927449171731292,0.48677630508887665,0.2741693719091165,0.033929037901982095
"Molinari, Francesco",3,5,0.036310256285965736,0.23023264080375672,0.4418182961547167,0.24896885924566348,0.04266994750989739
"Molinari, Francesco",4,3,0.021499918281089714,0.18900690351161992,0.45019662785346803,0.2881074002896701,0.051189150064152256
"Molinari, Francesco",5,4,0.01534484565615174,0.2874695020858606,0.5676157788647979,0.12679427449343406,0.00277559889975576
"Molinari, Francesco",6,4,0.008054663424754804,0.23640145561368847,0.6022360716114152,0.1502052295745343,0.0031025797756072393
"Molinari, Francesco",7,3,0.005776214011072867,0.13739443337077967,0.5097303704586125,0.3151227600717327,0.031976222087802375
"Molinari, Francesco",8,5,0.03760903573991137,0.23238192353993004,0.44003195071208845,0.24723756365902794,0.04273952634904221
"Molinari, Francesco",9,4,0.01182504678716656,0.1578996219628539,0.46795319669688773,0.31384189227129833,0.048480242281793484
"Molinari, Francesco",10,4,0.008942980844064752,0.13825197819193297,0.4595674756229626,0.3373563585870779,0.0558812067539618
"Molinari, Francesco",11,3,0.03171401594535983,0.36382069013592994,0.5121008744389659,0.09060068988594361,0.001763729593800667
"Molinari, Francesco",12,4,0.009969697018759716,0.16435145661887962,0.5004168315357832,0.2926190145372033,0.03264300028937417
"Molinari, Francesco",13,3,0.00437064924292091,0.19514980892952427,0.6256726872116747,0.17148317689907344,0.003323677716806639
"Molinari, Francesco",14,4,0.006553680129448791,0.12087429786925602,0.45322781425333464,0.3582649425615987,0.061079265186361864
"Molinari, Francesco",15,5,0.034378805164435255,0.3271105714214343,0.5052367772357028,0.12828464101506953,0.004989205163358101
"Molinari, Francesco",16,4,0.009368415737479374,0.22404031664554835,0.5813024555288345,0.17939519465061027,0.005893617437527476
"Molinari, Francesco",17,3,0.00640097017024005,0.18170786011076095,0.5759618694759354,0.22586128368472846,0.010068016558335113
"Molinari, Francesco",18,5,0.07258160077292009,0.33793880866063136,0.4318908599284958,0.14488141246737307,0.012707318170579684
"Moscatel, Joel",1,4,0.005885291738220222,0.16885949582813375,0.5666944951976474,0.24572537802637073,0.012835339209627872
"Moscatel, Joel",2,4,0.013873434019163633,0.17660179126818815,0.48264807862094733,0.28878342260844203,0.03809327348325886
"Moscatel, Joel",3,5,0.032750438167662044,0.21870451341321157,0.4407069420765253,0.260762344394205,0.04707576194839613
"Moscatel, Joel",4,3,0.019123276215613383,0.17766342046102812,0.44599074098372504,0.30073262202634676,0.05648994031328669
"Moscatel, Joel",5,4,0.0129904340941569,0.26737788541926033,0.5757412098389397,0.1405034411335555,0.003387029514087536
"Moscatel, Joel",6,4,0.006668829686562294,0.21688836895042107,0.606440126388581,0.16619363401255516,0.0038090409618805054
"Moscatel, Joel",7,3,0.004889061094599245,0.1255683001883835,0.5007734554750527,0.33239942814444556,0.03636975509751894
"Moscatel, Joel",8,5,0.03396093456076987,0.22091219718090993,0.4390702087357409,0.2589275632761524,0.047129096246426916
"Moscatel, Joel",9,4,0.010312587789492289,0.14659142330154734,0.4611022748079145,0.3280499784739568,0.053943735627089096
"Moscatel, Joel",10,4,0.007750559052737527,0.1276925598168177,0.4510007353211925,0.3515119358772878,0.06204420993196447
"Moscatel, Joel",11,3,0.02746207429759373,0.3439110261971106,0.5253391542838441,0.101131122473475,0.0021566227479765665
"Moscatel, Joel",12,4,0.008591047050950151,0.15187909149378276,0.4941163020753353,0.30852500626237134,0.03688855311756045
"Moscatel, Joel",13,3,0.0035431497428167202,0.17679240118671335,0.6260317283408201,0.18952713885852335,0.004105581871126418
"Moscatel, Joel",14,4,0.0056347557004592375,0.11099122770486702,0.44306330542817496,0.372511806186852,0.0677989049796468
"Moscatel, Joel",15,5,0.030169751939175538,0.30971559709033253,0.513887435909599,0.14033075691559815,0.005896458145294825
"Moscatel, Joel",16,4,0.00786139572154504,0.20625228396819084,0.5828515499443667,0.1959687430520004,0.007066027313896939
"Moscatel, Joel",17,3,0.005339219575886067,0.16604633563388121,0.572586873316497,0.24411651538692092,0.011911056086814753
"Moscatel, Joel",18,5,0.06606158739114004,0.3255358469019573,0.43873150150373086,0.155266547370414,0.014404516832757785
"Naidoo, Dylan",1,4,0.005652757887346982,0.16546888259846249,0.5657161041462615,0.24985055387704358,0.013311701490885453
"Naidoo, Dylan",2,4,0.013459321061725815,0.17381236976035952,0.48156577892346536,0.29207765634564153,0.03908487390880777
"Naidoo, Dylan",3,5,0.03199093316342272,0.21613458230716054,0.4403400371612769,0.2634194003677901,0.04811504700034974
"Naidoo, Dylan",4,3,0.01862076812224328,0.17515707263661812,0.4449232513226198,0.3035594226919748,0.05773948522654404
"Naidoo, Dylan",5,4,0.01250627024331219,0.26292802400831267,0.5773133944145006,0.143712130888906,0.0035401804449686214
"Naidoo, Dylan",6,4,0.00638790890049451,0.21261390294141086,0.6070867125130807,0.16992495907555039,0.003986516569463583
"Naidoo, Dylan",7,3,0.0047071429499325745,0.12300248097698113,0.49858748184932117,0.33628003460247724,0.037422859621287885
"Naidoo, Dylan",8,5,0.033182033785918386,0.21835375509666294,0.43873826652459,0.2615616489267165,0.048164295666112134
"Naidoo, Dylan",9,4,0.009996710635152839,0.14411455961232883,0.4594272906684325,0.33122444418063457,0.05523699490345124
"Naidoo, Dylan",10,4,0.007502546853098702,0.12538914077933005,0.4489491611964105,0.3546586578972669,0.06350049327389384
"Naidoo, Dylan",11,3,0.026574477438924216,0.3394309959505127,0.5281263577239677,0.103612931407975,0.002255237478620442
"Naidoo, Dylan",12,4,0.008305131254482678,0.14915229955768577,0.4925341532943034,0.31210552405186287,0.03790289184166529
"Naidoo, Dylan",13,3,0.003377669655597215,0.172808827485337,0.6257832218994177,0.19372766837276545,0.0043026125868825815
"Naidoo, Dylan",14,4,0.005444606685520992,0.10884458931807711,0.4406602293836275,0.37566482662632716,0.06938574798644725
"Naidoo, Dylan",15,5,0.029284619515054067,0.30581142485978935,0.5156513347570816,0.14313304104527869,0.006119579822796317
"Naidoo, Dylan",16,4,0.007553475863317782,0.20235293595181764,0.5829329813793998,0.19980419512785497,0.007356411677609809
"Naidoo, Dylan",17,3,0.005123228183418094,0.16263695635103487,0.5715730034558005,0.248303150385342,0.012363661624404498
"Naidoo, Dylan",18,5,0.06465996573586563,0.3227158219752012,0.4401565584868061,0.15765568971713684,0.014811964084990192
"Nakajima, Keita",1,4,0.009398611411512714,0.212392136094899,0.5713048828190742,0.1987197745927175,0.008184595081796586
"Nakajima, Keita",2,4,0.01974214330355062,0.2116092981394695,0.49115278034576637,0.24974936283847826,0.027746415372735256
"Nakajima, Keita",3,5,0.043041664804656043,0.24999869318281043,0.44175507073527026,0.22921796185171917,0.0359866094255441
"Nakajima, Keita",4,3,0.02608280900441101,0.20884412755288306,0.4552425525534041,0.26669258175404575,0.04313792913525605
"Nakajima, Keita",5,4,0.020157374765016167,0.32230230143630584,0.5498658099518922,0.10570960096991455,0.001964912876871283
"Nakajima, Keita",6,4,0.010976383173787352,0.27106262417464544,0.5903160350155215,0.12547259026289515,0.002172367373150519
"Nakajima, Keita",7,3,0.007603144695129627,0.1588986511482811,0.5218787100732893,0.28606787138166956,0.02555162270163036
"Nakajima, Keita",8,5,0.044496701254359894,0.2520220141856073,0.43973961599735223,0.22766460246189846,0.036077066100782096
"Nakajima, Keita",9,4,0.014819836287605248,0.1780525714826996,0.4772142926844462,0.2896522838607115,0.04026101568453744
"Nakajima, Keita",10,4,0.011325348221445541,0.15724130014672466,0.4718548671119475,0.3130040504959797,0.0465744340239026
"Nakajima, Keita",11,3,0.04012725180518906,0.39711913275382066,0.4868679235798881,0.07464071450070797,0.001244977360394195
"Nakajima, Keita",12,4,0.012740550513182292,0.18665852363784546,0.5082365892670874,0.26597644540399257,0.02638789117789231
"Nakajima, Keita",13,3,0.0061669723902060825,0.22843683379965551,0.6196618663315678,0.14343283425127518,0.002301493227295337
"Nakajima, Keita",14,4,0.008410139001482964,0.13881526215259166,0.46831825732348037,0.3335368212577673,0.05091952026467772
"Nakajima, Keita",15,5,0.042580694311504796,0.35640843209517903,0.4877877692819007,0.10948767431675466,0.0037354299946608105
"Nakajima, Keita",16,4,0.012492962897821536,0.25560971897697093,0.5743278887094752,0.15326940059151095,0.004300028824221425
"Nakajima, Keita",17,3,0.008623853163679418,0.20994396662353265,0.577400336264629,0.19651675406099245,0.007515089887166426
"Nakajima, Keita",18,5,0.08470452380535659,0.35825054651793103,0.41855805158907144,0.12825587322833232,0.010231004859308612
"Neergaard-Petersen, Rasmus",1,4,0.010392171844856635,0.2227584445423117,0.5705346253967849,0.18893501213346253,0.007379746082584182
"Neergaard-Petersen, Rasmus",2,4,0.02130026544015523,0.2197572057234068,0.49190433089242735,0.24124059601910686,0.025797601924903768
"Neergaard-Petersen, Rasmus",3,5,0.04565142084897433,0.25704568854614807,0.4411484869528097,0.22231600369650872,0.03383839995555915
"Neergaard-Petersen, Rasmus",4,3,0.027888223878311247,0.21603736647972865,0.45639301287046147,0.2591336407584671,0.04054775601303151
"Neergaard-Petersen, Rasmus",5,4,0.02214156521395022,0.33479813149291543,0.5424530367753548,0.09887304253063889,0.0017342239871406262
"Neergaard-Petersen, Rasmus",6,4,0.012211155737849477,0.28375756802429375,0.5847044578747901,0.11741738011354008,0.0019094382495266071
"Neergaard-Petersen, Rasmus",7,3,0.008361809031923184,0.16694967135703842,0.5252322857028296,0.2759013377422874,0.023554896165921324
"Neergaard-Petersen, Rasmus",8,5,0.047163672937861834,0.25901626833508795,0.4390597170216959,0.2208258860036506,0.033934455701703725
"Neergaard-Petersen, Rasmus",9,4,0.016025148965068736,0.18547630425753336,0.47976469885078593,0.28109386807661685,0.03763997984999512
"Neergaard-Petersen, Rasmus",10,4,0.012291209514642132,0.16429025033474065,0.4755047102214679,0.304316887052851,0.04359694287629834
"Neergaard-Petersen, Rasmus",11,3,0.04350597912592791,0.40868893776947046,0.4771783368954501,0.06952888268013757,0.001097863529013976
"Neergaard-Petersen, Rasmus",12,4,0.013868979312818552,0.19489646596293753,0.5101248237355491,0.2566795613455053,0.024430169643189448
"Neergaard-Petersen, Rasmus",13,3,0.006943944280750458,0.24084122906770022,0.6159374429099638,0.1342628207658665,0.002014562975719003
"Neergaard-Petersen, Rasmus",14,4,0.009169581391062165,0.14552774511278715,0.47298158185571365,0.3246550161203131,0.04766607552012392
"Neergaard-Petersen, Rasmus",15,5,0.04583571510477091,0.3666647639034274,0.4808253696779363,0.10330937890778624,0.0033647724060791306
"Neergaard-Petersen, Rasmus",16,4,0.013796404493198022,0.26717148317966427,0.5705788686760827,0.14461696155081227,0.0038362821002427827
"Neergaard-Petersen, Rasmus",17,3,0.009558628483792908,0.22042783053896298,0.5766186277128966,0.18663546029503797,0.006759452969309465
"Neergaard-Petersen, Rasmus",18,5,0.0893378691898512,0.36519394076364237,0.41334360889024785,0.12266266720497554,0.00946191395128304
"Nienaber, Wilco",1,4,0.006860260421382547,0.1822636018760585,0.5696111637699129,0.2301263757115195,0.011138598221126506
"Nienaber, Wilco",2,4,0.015569500872096798,0.18753273963785944,0.4862831654149629,0.2761443420393328,0.03447025203574805
"Nienaber, Wilco",3,5,0.03581019483751596,0.22866217153509488,0.44171763700395716,0.2505634529452958,0.043246543678136184
"Nienaber, Wilco",4,3,0.021163997744986673,0.1874518736601018,0.4496791655129066,0.28982176600020015,0.05188319708180478
"Nienaber, Wilco",5,4,0.015005828453735548,0.2847209201026626,0.5688233109298058,0.12859780327282921,0.00285213724096689
"Nienaber, Wilco",6,4,0.007853191003724502,0.23371138967862154,0.6029317569864385,0.15231284803898615,0.003190814292229227
"Nienaber, Wilco",7,3,0.005648208641052699,0.135752725325192,0.5085915868862245,0.3174630256776828,0.03254445346984802
"Nienaber, Wilco",8,5,0.037096824436611886,0.23082006723785625,0.4399509790692134,0.24881802888691074,0.04331410036940775
"Nienaber, Wilco",9,4,0.011609482932143422,0.1563400082064389,0.46708325255554756,0.31577385315256423,0.04919340315330589
"Nienaber, Wilco",10,4,0.008772555208476307,0.13679147583301604,0.4584613969777342,0.33928787901025204,0.056686692970521424
"Nienaber, Wilco",11,3,0.031107931318442084,0.3611275578690379,0.5139724512289754,0.09197922146546045,0.0018128381180841924
"Nienaber, Wilco",12,4,0.009772276661483281,0.1626291609136849,0.4996346351417233,0.2947705062940622,0.03319342098904632
"Nienaber, Wilco",13,3,0.004249260004850541,0.19260245563628836,0.6258613016259729,0.1738658773043682,0.0034211054285200326
"Nienaber, Wilco",14,4,0.00642188853190423,0.11950326326259675,0.451902211240988,0.36021475925474455,0.06195787770976646
"Nienaber, Wilco",15,5,0.03378177555820083,0.3247529557693899,0.5064843448530839,0.12987657509609352,0.005104348723231844
"Nienaber, Wilco",16,4,0.009150471966902496,0.22158908301335656,0.5816255303551712,0.1815933001523723,0.006041614512197424
"Nienaber, Wilco",17,3,0.00624696593481211,0.1795390749931987,0.5756137856366732,0.22829802368167318,0.010302149753642853
"Nienaber, Wilco",18,5,0.07167048881319366,0.3362730390344193,0.4328648329955533,0.1462650331349149,0.012926606021918863
"Olesen, Jacob Skov",1,4,0.007661571597773642,0.1924335828128681,0.5708876548714981,0.21899340117225585,0.010023789545604345
"Olesen, Jacob Skov",2,4,0.016920818449495945,0.19573119922099103,0.48840648525686986,0.2669391929983188,0.03200230407432436
"Olesen, Jacob Skov",3,5,0.038194735332323704,0.23601681541879488,0.4420533248136912,0.24312828684928445,0.040606837585905775
"Olesen, Jacob Skov",4,3,0.022771654582625422,0.19476081165889858,0.4519533468779777,0.2818091580555564,0.048705028824941876
"Olesen, Jacob Skov",5,4,0.01664601847850361,0.29762012440613844,0.5629040057009487,0.1203195286638421,0.0025103227505671732
"Olesen, Jacob Skov",6,4,0.00883354649167728,0.24639274309726666,0.5993480937870286,0.14262835010714547,0.0027972665168820576
"Olesen, Jacob Skov",7,3,0.006268344162257022,0.14352513515217175,0.5137039265197458,0.30654205552573666,0.02996053864008874
"Olesen, Jacob Skov",8,5,0.03953859944820581,0.2381325991037111,0.440196353852056,0.2414490690310026,0.040683378565024464
"Olesen, Jacob Skov",9,4,0.012646219247878454,0.16369620694334064,0.47098624557239543,0.3067378730552126,0.045933455181172866
"Olesen, Jacob Skov",10,4,0.009593567334486741,0.1436917120603594,0.4634761456218671,0.3302364438890253,0.05300213109426144
"Olesen, Jacob Skov",11,3,0.034022583703459786,0.3736831583533499,0.505031677596355,0.08566888651101134,0.0015936938358238617
"Olesen, Jacob Skov",12,4,0.010724390416612495,0.1707581319016948,0.5030923951068701,0.28473804915918666,0.030687033415635945
"Olesen, Jacob Skov",13,3,0.004843149947882541,0.20465691665233676,0.6246055193084943,0.1629072881527125,0.0029871259385738647
"Olesen, Jacob Skov",14,4,0.00705809451583328,0.12599208712179505,0.45794949667655777,0.351062425366249,0.05793789631956492
"Olesen, Jacob Skov",15,5,0.036644701082450826,0.3357582730703498,0.500460726457159,0.12255010865583527,0.004586190734205076
"Olesen, Jacob Skov",16,4,0.010207678813644427,0.23314250105610518,0.5798143540706482,0.17145783137657367,0.005377634683028543
"Olesen, Jacob Skov",17,3,0.006995359415787217,0.18979091039675977,0.5769441679263927,0.2170215048127605,0.009248057448299818
"Olesen, Jacob Skov",18,5,0.07600161939182848,0.3440085398892996,0.42819276497368586,0.1398672071005389,0.011929868644647179
"Otaegui, Adrian",1,4,0.0077006393591045885,0.19291222830589783,0.5709291316647486,0.21848344102699413,0.009974559643254888
"Otaegui, Adrian",2,4,0.016985822531454253,0.196115168357554,0.4884937861827833,0.26651369337916897,0.03189152954903951
"Otaegui, Adrian",3,5,0.038308344457955945,0.2363589515171104,0.44206058596172615,0.24278440680193103,0.04048771126127648
"Otaegui, Adrian",4,3,0.02284861230251284,0.19510247242576406,0.45204994470042353,0.2814374132956434,0.04856155727565614
"Otaegui, Adrian",5,4,0.01672563718565412,0.2982217978353139,0.5626124738235234,0.11994467600242231,0.0024954151530862667
"Otaegui, Adrian",6,4,0.00888148724931842,0.24698778147111106,0.5991614048734265,0.14218919305969324,0.002780133346450775
"Otaegui, Adrian",7,3,0.006298500971353926,0.1438919334069485,0.5139281031413805,0.3060364585293365,0.029845003950980553
"Otaegui, Adrian",8,5,0.039654891911379164,0.23847266636539266,0.44019953032006653,0.24110827058571338,0.04056464081744826
"Otaegui, Adrian",9,4,0.012696164345710581,0.16404166889462962,0.4711572486426979,0.3063182719279608,0.04578664618900108
"Otaegui, Adrian",10,4,0.00963320503939652,0.14401647646150362,0.4636992212606687,0.3298150548581902,0.05283604238024098
"Otaegui, Adrian",11,3,0.03416297119833922,0.3742636404013326,0.5046050528417234,0.08538418911428636,0.0015841464443184794
"Otaegui, Adrian",12,4,0.010770422868124352,0.17114021441130567,0.5032405715918274,0.28427403952415664,0.030574751604585892
"Otaegui, Adrian",13,3,0.004872393877645043,0.20522538805599766,0.6245242012994225,0.16240974921306428,0.002968267553870474
"Otaegui, Adrian",14,4,0.007088891782504825,0.12629818846477436,0.4582208710560355,0.35063541577321555,0.057756632923469775
"Otaegui, Adrian",15,5,0.03678209202967775,0.3362679734725186,0.5001694358908242,0.12221714713308252,0.0045633514738969705
"Otaegui, Adrian",16,4,0.010259172726994448,0.23368450384514328,0.579711776942291,0.1709960546520255,0.005348491833545799
"Otaegui, Adrian",17,3,0.00703189644412705,0.19027370520853687,0.576987587146532,0.21650524244567715,0.009201568755126899
"Otaegui, Adrian",18,5,0.07620713070293755,0.34436432999107636,0.4279686311367796,0.13957458306517245,0.011885325104034061
"Parry, John",1,4,0.008134265299518939,0.198126003856594,0.5712771186900804,0.2130068779439359,0.00945573420987078
"Parry, John",2,4,0.017702218607432096,0.20028713766136214,0.48937412552713155,0.26192231577661595,0.03071420242745826
"Parry, John",3,5,0.0395540759353572,0.24006331690297622,0.4420920982717791,0.2390724718555033,0.0392180370343842
"Parry, John",4,3,0.02369456535310105,0.19881113929902983,0.45304382505121893,0.27741829747639224,0.047032172820257956
"Parry, John",5,4,0.017607274598836764,0.3047444257970205,0.5593659895821778,0.1159430042334012,0.0023393057885637836
"Parry, John",6,4,0.009414433359009211,0.2534587165792969,0.5970282736465524,0.13749769114128152,0.002600885273859932
"Parry, John",7,3,0.00663277174375998,0.14789328644534017,0.5162777199058682,0.3005766655618217,0.028619556343209895
"Parry, John",8,5,0.04092979502889932,0.2421540088428787,0.4401874807910122,0.23742970166555544,0.03929901367165434
"Parry, John",9,4,0.013247033596554991,0.16780068027832135,0.4729488268877537,0.3017797946675659,0.04422366456980409
"Parry, John",10,4,0.010070889003719996,0.14755439236578338,0.46605648532586086,0.32525129386298657,0.051066939441649195
"Parry, John",11,3,0.03571110300911606,0.3805270592265322,0.49992698278456305,0.08235063423523348,0.0014842207445552313
"Parry, John",12,4,0.011279094272806545,0.1752994967302568,0.5047730583822456,0.2792657337238842,0.0293826168908069
"Parry, John",13,3,0.005198696537248637,0.21142377833276643,0.6235150425055116,0.15709132255335134,0.002771160071121992
"Parry, John",14,4,0.007429439597182286,0.12963681945162925,0.4611024572027671,0.3460056800696337,0.05582560367878764
"Parry, John",15,5,0.03829427719000128,0.34177305390163,0.49695398555720416,0.11865580927101982,0.004322874080144756
"Parry, John",16,4,0.010830417374905144,0.23957823208149193,0.5784982693288183,0.16605076000144203,0.005042321213342582
"Parry, John",17,3,0.007437723575681843,0.19553435864895874,0.5773534100096163,0.21096254915071166,0.00871195861503149
"Parry, John",18,5,0.07845568099085182,0.34819325946067736,0.4255039752350001,0.13643411843888154,0.011412965874589176
"Paul, Yannik",1,4,0.007250277016678519,0.18730006118059722,0.5703391146673147,0.22454092273257475,0.01056962440283482
"Paul, Yannik",2,4,0.016231626713968716,0.19160257163480898,0.4873997174539155,0.27154595768485335,0.03322012651245343
"Paul, Yannik",3,5,0.036984127248467835,0.23232500532480788,0.44192787537008515,0.24685021210283953,0.041912779953799606
"Paul, Yannik",4,3,0.021953630624784726,0.19108348221518973,0.45085911939404305,0.2858261607791801,0.05027760698680239
"Paul, Yannik",5,4,0.015805877742403718,0.29113656911935776,0.5659589955558006,0.12442187445471786,0.0026766831277200698
"Paul, Yannik",6,4,0.008329632293134437,0.24000064535536542,0.6012501923524984,0.1474308883098897,0.0029886416891120593
"Paul, Yannik",7,3,0.005950433458898452,0.13959683813632073,0.5112078108229964,0.3120116668019831,0.031233250779801325
"Paul, Yannik",8,5,0.03829915461254696,0.23446249240971823,0.44011563963747463,0.24513774911625807,0.04198496422400211
"Paul, Yannik",9,4,0.012117099315479996,0.15998694464223379,0.46908138254655657,0.3112699262160493,0.04754464727968033
"Paul, Yannik",10,4,0.009174119338409337,0.14020871524686784,0.46101135552085853,0.33478179600932056,0.05482401388454372
"Paul, Yannik",11,3,0.03253512997333147,0.3673987806506909,0.509575284620151,0.08879050912993969,0.0017002956258869162
"Paul, Yannik",12,4,0.010237634264104178,0.1666574982962158,0.5014219137091516,0.28976027342783406,0.031922680302694406
"Paul, Yannik",13,3,0.004536882084358818,0.1985662729484753,0.6253540067392263,0.16834486292881312,0.0031979752991264654
"Paul, Yannik",14,4,0.006732652329112965,0.12271318761932987,0.45496500007899066,0.35566323550058165,0.05992592447198486
"Paul, Yannik",15,5,0.03518619869320366,0.3302453567213811,0.5035417354289033,0.12618704660618074,0.004839662550331081
"Paul, Yannik",16,4,0.009665285657854128,0.2273195635929831,0.5808180532403728,0.17649531569935495,0.005701781809434925
"Paul, Yannik",17,3,0.006610980646496845,0.1846145496367413,0.5763714809883091,0.22263914329348966,0.009763845434963114
"Paul, Yannik",18,5,0.07380699681944486,0.34014637450028373,0.4305731149131387,0.14305283390659163,0.012420679860541073
"Pavan, Andrea",1,4,0.00838209078507024,0.20102780618180133,0.5713902315698987,0.21001963365684317,0.009180237806386549
"Pavan, Andrea",2,4,0.018107605319416298,0.20260095476687967,0.48980924245732343,0.25940078819869206,0.03008140925768854
"Pavan, Andrea",3,5,0.040253996931190805,0.24210758486944028,0.44207273130912605,0.23703285622788395,0.03853283066235891
"Pavan, Andrea",4,3,0.02417153931765581,0.20086521166753057,0.45355166360766963,0.27520495071590534,0.046206634691238646
"Pavan, Andrea",5,4,0.018109477917178596,0.3083500035464946,0.5575046408187047,0.11377870871758267,0.0022571690000394717
"Pavan, Andrea",6,4,0.009719685074979112,0.25705165728372753,0.5957642001529766,0.13495775562921453,0.0025067018591022894
"Pavan, Andrea",7,3,0.0068234584498046424,0.1501250338199459,0.517513571273776,0.29757512587979473,0.02796281057667871
"Pavan, Andrea",8,5,0.041645907690624595,0.24418508347373552,0.4401445942907762,0.23540849654253237,0.03861591800233133
"Pavan, Andrea",9,4,0.013559101563883014,0.16988976843614906,0.4738906341512352,0.29927896848602686,0.04338152736270584
"Pavan, Andrea",10,4,0.010319236085947092,0.14952385327844386,0.4673118960291769,0.3227319329287478,0.05011308167768436
"Pavan, Andrea",11,3,0.03658785609694182,0.38396620019775135,0.49729996942140015,0.08071429013074638,0.0014316841531603064
"Pavan, Andrea",12,4,0.011568017072888792,0.1776124144257727,0.5055625578381683,0.27651420784321823,0.028742802819952007
"Pavan, Andrea",13,3,0.005386559509075628,0.21487828871809028,0.6228578842488666,0.15420952987287784,0.002667737651089741
"Pavan, Andrea",14,4,0.007623054185582234,0.1314985185239657,0.4626482496042271,0.34344595941770617,0.05478421826851876
"Pavan, Andrea",15,5,0.039148385574573674,0.3448001707309635,0.49513180779831023,0.11672428980781335,0.004195346088339269
"Pavan, Andrea",16,4,0.011156648578527606,0.2428504001081926,0.5777484905507081,0.16336398527220874,0.004880475490362968
"Pavan, Andrea",17,3,0.007669893835554553,0.19846356505186946,0.5774738686250562,0.2079404475089225,0.008452224978597322
"Pavan, Andrea",18,5,0.07971515720292027,0.350287960531229,0.4241144027930826,0.13472259344276816,0.011159886029999955
"Pineau, Pierre",1,4,0.0051099785049764646,0.15721970762681575,0.5628973450354242,0.26021117010644246,0.014561798726341113
"Pineau, Pierre",2,4,0.012476377845828113,0.1669815423724902,0.4786363317123007,0.30026611713091356,0.04163963093846745
"Pineau, Pierre",3,5,0.030166749449285768,0.2097897022571945,0.4392436716426402,0.270023195540406,0.05077668111047351
"Pineau, Pierre",4,3,0.01742072826130514,0.16900400416685796,0.4420812804973086,0.31055594122732677,0.06093804584720153
"Pineau, Pierre",5,4,0.01137047037847233,0.2519933898821218,0.580805151740315,0.1518830574800598,0.003947930519031084
"Pineau, Pierre",6,4,0.00573480970890855,0.20218324958326594,0.6082141017487082,0.17940793041908176,0.00445990854003564
"Pineau, Pierre",7,3,0.004281044519342747,0.11677685074770816,0.4928932091363535,0.3459015452884334,0.04014735030816219
"Pineau, Pierre",8,5,0.03131040841706478,0.21203482777494892,0.4377307400909371,0.26810896614101365,0.05081505757603555
"Pineau, Pierre",9,4,0.009248222808192486,0.13806771621940872,0.4550585233197517,0.33906941597773377,0.05855612167491331
"Pineau, Pierre",10,4,0.006916389415709323,0.1197802390801404,0.44366086491410195,0.3624087868685416,0.06723371972150671
"Pineau, Pierre",11,3,0.024472529251981234,0.3283122217635365,0.5347351770304205,0.10996190705877329,0.002518164895288444
"Pineau, Pierre",12,4,0.0076306618536992055,0.14250370579743715,0.4883472156929585,0.3209966787474945,0.04052173790841063
"Pineau, Pierre",13,3,0.0029962033915000297,0.16314610026466164,0.6246437726779427,0.20438473541953384,0.004829188246361804
"Pineau, Pierre",14,4,0.004996652369717525,0.1036316828585549,0.4345124108729318,0.383407291359094,0.07345196253970177
"Pineau, Pierre",15,5,0.027178528411327396,0.29613545173929545,0.519737104833547,0.15024230834269847,0.006706606673131721
"Pineau, Pierre",16,4,0.006833991344888601,0.192832247944145,0.5827103908431748,0.2094995281341041,0.00812384173368752
"Pineau, Pierre",17,3,0.004619905624999587,0.1543486065514355,0.5686542064818125,0.25882414608622395,0.01355313525552837
"Pineau, Pierre",18,5,0.06127765449141931,0.3156680367557628,0.4435121961929954,0.16367472135282413,0.015867391206998316
"Porsius, Davey",1,4,0.003496624543634641,0.12918656853773297,0.5479864044100176,0.2992912448250644,0.020039157683550357
"Porsius, Davey",2,4,0.009387985714554292,0.14323491921487852,0.46507936566538816,0.3301260531875019,0.052171676217677154
"Porsius, Davey",3,5,0.024206301720642975,0.18712144020503685,0.43301198029075605,0.29412214704529605,0.06153813073826808
"Porsius, Davey",4,3,0.013572957862799884,0.14742478925245478,0.42944426409208797,0.33571167191375884,0.07384631687889853
"Porsius, Davey",5,4,0.007940839076080952,0.21363754476028368,0.5884162405792467,0.18418127176436605,0.00582410382002263
"Porsius, Davey",6,4,0.0038198960969978435,0.16642483658978374,0.6064836662957391,0.21662060095594649,0.006651000061532741
"Porsius, Davey",7,3,0.002999499932180405,0.0957883400405598,0.4690442060576554,0.3806387697585176,0.051529184211086765
"Porsius, Davey",8,5,0.025185642752088233,0.18943066900080913,0.4318458773168988,0.2920105499874597,0.06152726094274419
"Porsius, Davey",9,4,0.0069093093988816245,0.11725232411582648,0.4366711440522898,0.36710370431190564,0.07206351812109646
"Porsius, Davey",10,4,0.005100156141197298,0.10063490614642107,0.4221272759994547,0.3897711421304657,0.08236651958246122
"Porsius, Davey",11,3,0.01792694449954174,0.2880369282259458,0.5548389368819293,0.13546284737422565,0.003734343018357511
"Porsius, Davey",12,4,0.005554213171292122,0.11972191885598266,0.4700437017680779,0.35328896615320093,0.05139120005144637
"Porsius, Davey",13,3,0.001908143983818611,0.13066995717134844,0.6142007218658254,0.2459395523159027,0.007281624663104891
"Porsius, Davey",14,4,0.0036232205211976787,0.0859971744237008,0.410024088045805,0.41044625599162393,0.0899092610176726
"Porsius, Davey",15,5,0.02051345193489007,0.26120994936152103,0.5309521956034051,0.1780212891499775,0.009303113950206332
"Porsius, Davey",16,4,0.004688809042506126,0.16011291013703827,0.5767529984749109,0.24687799182336279,0.011567290522181972
"Porsius, Davey",17,3,0.00313204595108435,0.12625738045376528,0.553239551643476,0.2985810966037785,0.01878992534789581
"Porsius, Davey",18,5,0.05005759501736823,0.2894997423117792,0.45346483850328817,0.18667705619875163,0.02030076796881275
"Pulkkanen, Tapio",1,4,0.006190555284882937,0.17319141571370955,0.5677992910113399,0.2405629568732034,0.012255781116864206
"Pulkkanen, Tapio",2,4,0.014411198886710663,0.18015089999316036,0.4839326437206986,0.28463291367813126,0.036872343721299106
"Pulkkanen, Tapio",3,5,0.0337292025008899,0.22195714915457648,0.44110845949374844,0.2574140909331506,0.04579109791763458
"Pulkkanen, Tapio",4,3,0.019773265384262717,0.1808472745177409,0.44727345248116573,0.2971610938329162,0.05494491378391442
"Pulkkanen, Tapio",5,4,0.013623931821511004,0.273025905596822,0.5736241969684208,0.1365235402359688,0.0032024253772773292
"Pulkkanen, Tapio",6,4,0.007038562850435748,0.22233846045629607,0.6054678598772503,0.1615597380995385,0.0035953787164794138
"Pulkkanen, Tapio",7,3,0.005127351761781862,0.12885245811656865,0.5034409880287918,0.3275025735224947,0.03507662857036298
"Pulkkanen, Tapio",8,5,0.03496439600696705,0.22414948909680737,0.4394283179969307,0.2556084442216243,0.04584935267767054
"Pulkkanen, Tapio",9,4,0.01072324604807856,0.1497492149719663,0.4631446537071131,0.32403548009816985,0.05234740517467218
"Pulkkanen, Tapio",10,4,0.008073534555738726,0.13063417691640894,0.45352296792941804,0.3475239969129079,0.060245323685526375
"Pulkkanen, Tapio",11,3,0.028616317496331867,0.349560362608683,0.5217236653433375,0.09806179363984013,0.0020378609118075763
"Pulkkanen, Tapio",12,4,0.008963831286902257,0.15535826378169326,0.4960254757971694,0.3040110771308516,0.035641352003383475
"Pulkkanen, Tapio",13,3,0.0037621557074648537,0.18189141525071506,0.6261728013065679,0.18430494720269386,0.0038686805325582885
"Pulkkanen, Tapio",14,4,0.0058828999398994886,0.11373749124750943,0.44603299514614697,0.36850838351571213,0.06583823015073198
"Pulkkanen, Tapio",15,5,0.031317284485973484,0.31464370329495595,0.511567348558506,0.13684623111392635,0.005625432546638165
"Pulkkanen, Tapio",16,4,0.008265343999849295,0.21122247551889012,0.5826090171276236,0.19118882525032133,0.006714338103315676
"Pulkkanen, Tapio",17,3,0.00562307549946095,0.17040441663570727,0.5737324272891822,0.23887916195138348,0.011360918624266136
"Pulkkanen, Tapio",18,5,0.0678622640249254,0.32907630915604874,0.43687479242476135,0.15228207067400545,0.013904563720259056
"Purcell, Conor",1,4,0.006907553494037488,0.1828835115196687,0.5697111771617658,0.22943106761034437,0.011066690214183605
"Purcell, Conor",2,4,0.01565025548552179,0.18803473019237815,0.48642765856516246,0.2755740538081024,0.034313301948835195
"Purcell, Conor",3,5,0.035953959717843875,0.22911524425397622,0.44174830203087245,0.2501030328042376,0.04307946119306982
"Purcell, Conor",4,3,0.021260505582100242,0.18790017654150892,0.4498302338665021,0.2893269938319858,0.05168209017790293
"Purcell, Conor",5,4,0.015103021748839096,0.2855135281336077,0.5684781326255292,0.12807546691921412,0.0028298505728099332
"Purcell, Conor",6,4,0.00791088784658961,0.23448645209284952,0.6027349719558172,0.1517025725737564,0.003165115530987306
"Purcell, Conor",7,3,0.005684897530880584,0.13622535260494179,0.5089227497996042,0.31678742087273715,0.032379579191836316
"Purcell, Conor",8,5,0.0372440905002539,0.23127067634699516,0.4399759418989322,0.24836168405734904,0.043147607196469706
"Purcell, Conor",9,4,0.01167135446947365,0.15678932779691124,0.4673362681915755,0.3152163621617772,0.04898668738026246
"Purcell, Conor",10,4,0.008821455486504814,0.13721210636983444,0.45878246314115506,0.33873072697961615,0.056453248022889535
"Purcell, Conor",11,3,0.031281891658278715,0.3619051652294641,0.5134346480344295,0.09157975876528601,0.0017985363125416765
"Purcell, Conor",12,4,0.009828910336353969,0.16312528254662462,0.49986274618808085,0.29414930361068603,0.03303375731825453
"Purcell, Conor",13,3,0.004283986889152547,0.19333585953677834,0.6258113550081584,0.17317607675758506,0.003392721808325616
"Purcell, Conor",14,4,0.006459688578958678,0.11989799415414121,0.4522865530493163,0.35965251325890657,0.061703250958677236
"Purcell, Conor",15,5,0.033953231679234364,0.32543352709018925,0.5061266146416367,0.12941575565545427,0.005070870933485461
"Purcell, Conor",16,4,0.009212923208528734,0.22229536068478928,0.5815359038126153,0.1809572531363306,0.005998559157736061
"Purcell, Conor",17,3,0.0062910803387080105,0.18016362288133886,0.5757177917393316,0.22759342271827687,0.010234082322344684
"Purcell, Conor",18,5,0.07193258474689684,0.336754381735768,0.4325851821613608,0.1458648784025307,0.01286297295344363
"Ramsay, Richie",1,4,0.006904165894987269,0.18283919383327535,0.5697041253925291,0.22948070180197777,0.011071813077230486
"Ramsay, Richie",2,4,0.015644475404460345,0.18799885258624438,0.4864173952765811,0.27561478357497293,0.03432449315774122
"Ramsay, Richie",3,5,0.03594367514295921,0.22908287489242496,0.4417461549649178,0.2501359166626621,0.04309137833703591
"Ramsay, Richie",4,3,0.0212535998437669,0.18786813946995462,0.4498194889265233,0.2893623373844,0.051696434375355205
"Ramsay, Richie",5,4,0.015096061475250444,0.285456891635678,0.5685028795427417,0.1281127300937437,0.0028314372525861664
"Ramsay, Richie",6,4,0.007906754314403797,0.23443105128445468,0.602749136623717,0.15174611281718553,0.0031669449602389488
"Ramsay, Richie",7,3,0.005682269896755243,0.13619155937191024,0.5088991609154694,0.31683567679068914,0.03239133302517605
"Ramsay, Richie",8,5,0.03723355567924158,0.23123848356594429,0.43997420161732176,0.24839427673963987,0.0431594823978525
"Ramsay, Richie",9,4,0.011666925600560984,0.15675720986921204,0.4673182466508868,0.3152561881381296,0.04900142974121058
"Ramsay, Richie",10,4,0.008817954703084274,0.13718203553211855,0.4587595778141754,0.3387705344545189,0.05646989749610287
"Ramsay, Richie",11,3,0.03126943929591369,0.3618496272289719,0.5134731285810611,0.09160825043755438,0.0017995544564989308
"Ramsay, Richie",12,4,0.009824855588569936,0.1630898173647266,0.49984651497596755,0.2941936712303983,0.033045140840337606
"Ramsay, Richie",13,3,0.004281498008973372,0.19328342192251774,0.6258150437340322,0.1732252941651995,0.003394742169277265
"Ramsay, Richie",14,4,0.006456982062246042,0.11986977131502069,0.4522591455321272,0.3596926896434034,0.06172141144720267
"Ramsay, Richie",15,5,0.03394096112405265,0.3253849152912698,0.5061522313155582,0.12944863656455252,0.005073255704566848
"Ramsay, Richie",16,4,0.009208450065894214,0.22224487731197967,0.5815424035072727,0.18100264361976603,0.006001625495087426
"Ramsay, Richie",17,3,0.006287920187663776,0.18011897206416233,0.5757104576547056,0.22764371885249013,0.010238931240978189
"Ramsay, Richie",18,5,0.07191383926891143,0.3367200135222608,0.43260519755915766,0.14589344047867325,0.012867509170996883
"Ravetto, David",1,4,0.0070580683712715975,0.18483932562445532,0.5700074261855359,0.2272518639585035,0.010843315860233682
"Ravetto, David",2,4,0.015906399385054837,0.1896165501575322,0.48687045186918837,0.27378274880750864,0.03382384978071595
"Ravetto, David",3,5,0.0364088728432887,0.23054055016278147,0.4418361772534082,0.24865666254686802,0.04255773719365363
"Ravetto, David",4,3,0.0215662422708916,0.18931214658744144,0.4502960476023445,0.2877714916714361,0.05105407186788635
"Ravetto, David",5,4,0.015412015864779083,0.28800878366113686,0.5673753950392438,0.12644297968193074,0.0027608257529094793
"Ravetto, David",6,4,0.008094654957852332,0.23693002410407799,0.602095209181086,0.1497945555070933,0.0030855562498903755
"Ravetto, David",7,3,0.005801586619048671,0.13771745040854338,0.509950639537127,0.31466443919593157,0.03186588423934933
"Ravetto, David",8,5,0.03771003898203312,0.23268812002752803,0.4400459974800632,0.24692813775165,0.042627705758725654
"Ravetto, David",9,4,0.011867674994063382,0.15820611332359963,0.4681214293863351,0.31346325824341525,0.048341524052586626
"Ravetto, David",10,4,0.008976700845609364,0.13853914748272317,0.4597820882116289,0.33697756966526227,0.055724493794776286
"Ravetto, David",11,3,0.031833869012534155,0.364347961336711,0.5117314975783578,0.09033241872038944,0.0017542533520076287
"Ravetto, David",12,4,0.010008772161384405,0.1646899930527736,0.500567392066412,0.29219777033520944,0.032536072384220516
"Ravetto, David",13,3,0.0043947862693245465,0.19565095436915608,0.6256306113649028,0.1710187592802841,0.003304888716332499
"Ravetto, David",14,4,0.006579773327049343,0.12114402754020093,0.45348553063838276,0.35788235655045697,0.06090831194391
"Ravetto, David",15,5,0.034496758718731035,0.3275723380242673,0.5049896856560643,0.12797429342861055,0.004966924172326803
"Ravetto, David",16,4,0.009411633618090331,0.2245219263645828,0.5812350313728472,0.17896640080514092,0.005865007839338743
"Ravetto, David",17,3,0.006431526433633261,0.18213437365617058,0.5760260236744057,0.22538537299621708,0.010022703239573438
"Ravetto, David",18,5,0.07276110054032181,0.3382645153657114,0.43169837886123547,0.14461126127864454,0.012664743954086788
"Reitan, Kristoffer",1,4,0.008821778830907845,0.20604549413826095,0.5714543206343583,0.20495352978098058,0.008724876615492372
"Reitan, Kristoffer",2,4,0.01882000089266639,0.20658864501398816,0.4904719687366421,0.2550962098047981,0.029023175551905256
"Reitan, Kristoffer",3,5,0.04147559067174089,0.24561389939902334,0.4419790443871996,0.23354903784816783,0.03738242769386835
"Reitan, Kristoffer",4,3,0.025006836416993083,0.20440071192803977,0.4543557017170228,0.271416387707375,0.0448203622305694
"Reitan, Kristoffer",5,4,0.018997600472666465,0.314543272254679,0.554198513147679,0.1101380184447196,0.0021225956802559676
"Reitan, Kristoffer",6,4,0.010262377523961919,0.26324980823445604,0.5934540405409736,0.130681179184456,0.0023525945161524398
"Reitan, Kristoffer",7,3,0.007161174249174174,0.15399221441293087,0.5195326604292385,0.29244633471456816,0.026867616194088284
"Reitan, Kristoffer",8,5,0.04289542796687046,0.24766796178570072,0.44001142826007916,0.23195624299285122,0.037468938994498435
"Reitan, Kristoffer",9,4,0.014108100685880698,0.17349738330720904,0.47542854647694766,0.29499608678811307,0.04196988274184954
"Reitan, Kristoffer",10,4,0.010756814329428599,0.15293031877151408,0.4693899345655285,0.3184098288711372,0.04851310346239157
"Reitan, Kristoffer",11,3,0.03812968911194359,0.38983511839644613,0.4927208935452718,0.07796863114387664,0.001345667802461814
"Reitan, Kristoffer",12,4,0.012077585123868917,0.18160875540768573,0.5068238757581399,0.2718154354531487,0.027674348257156756
"Reitan, Kristoffer",13,3,0.005722224823933975,0.22085918011409394,0.6215663262971897,0.1493535258368105,0.0024987429279719198
"Reitan, Kristoffer",14,4,0.007964849827446607,0.13472390170134968,0.4652259301812867,0.33904824011148227,0.05303707817843473
"Reitan, Kristoffer",15,5,0.040646571313793844,0.34997354247133217,0.49192878470458207,0.11346628929259928,0.003984812217692646
"Reitan, Kristoffer",16,4,0.011735012708739667,0.2484949082453919,0.5763311915784999,0.1588247690948591,0.004614118372509468
"Reitan, Kristoffer",17,3,0.00808220396696091,0.20353080622108632,0.5775464418108527,0.20281723344529523,0.00802331455580485
"Reitan, Kristoffer",18,5,0.08190679878806134,0.35385028431378834,0.4216829439078391,0.1318220411585339,0.010737931831777292
"Reuter, Benjamin",1,4,0.004076030746462678,0.13996526802464737,0.5547862961353941,0.2835006346536688,0.01767177043982704
"Reuter, Benjamin",2,4,0.010530296061695532,0.15247134532180306,0.4710126970096231,0.3182488229973671,0.04773683860951117
"Reuter, Benjamin",3,5,0.026455797996383645,0.19605654386692561,0.4359132467090613,0.28452967579959054,0.05704473562803891
"Reuter, Benjamin",4,3,0.015011222915147171,0.15585532391266665,0.43489970736617806,0.3257723955729477,0.06846135023306044
"Reuter, Benjamin",5,4,0.009182665203078033,0.22861057420701464,0.5863655384530208,0.1708448572765624,0.004996364860324176
"Reuter, Benjamin",6,4,0.004502422290589503,0.1802287499226521,0.6082784107167409,0.20130834680355636,0.005682070266461059
"Reuter, Benjamin",7,3,0.003462731914384398,0.10382895628696209,0.4791052294532162,0.36689368591281823,0.046709396432619066
"Reuter, Benjamin",8,5,0.027498940041656872,0.19834592126608952,0.4346049267684665,0.282494829445309,0.05705538247847808
"Reuter, Benjamin",9,4,0.00777199919281818,0.12531052557048494,0.4444460994233172,0.3560631528533572,0.06640822296002247
"Reuter, Benjamin",10,4,0.005767123349816272,0.10801603248712371,0.4311139178387472,0.37906098580528746,0.07604194051902535
"Reuter, Benjamin",11,3,0.020335683573716956,0.30400033231860213,0.5476122657999049,0.12485515655302803,0.0031965617547480285
"Reuter, Benjamin",12,4,0.00631409911201769,0.12852031003425285,0.47789302410229684,0.34047150984111785,0.046801056910314776
"Reuter, Benjamin",13,3,0.002290180062650249,0.14308435029009803,0.6195379791649691,0.22889303301303,0.006194457469252623
"Reuter, Benjamin",14,4,0.0041248002774923465,0.09276574467554832,0.42015127934344004,0.39992210795076877,0.08303606775275052
"Reuter, Benjamin",15,5,0.022987196645803953,0.27503418710249894,0.5271949405305969,0.16660755553046303,0.008176120190637182
"Reuter, Benjamin",16,4,0.0054604073290928645,0.17276123082046524,0.5800941990748454,0.2316201895802703,0.010063973195326259
"Reuter, Benjamin",17,3,0.003664799020838827,0.1370438681436148,0.5602654550481586,0.28250392339592256,0.0165219543914652
"Reuter, Benjamin",18,5,0.054323952186775826,0.29999864254659286,0.4499404957542227,0.17731865934247093,0.0184182501699377
"Robinson-Thompson, Brandon",1,4,0.00760053189884069,0.19168269759012413,0.5708193030909133,0.2197958881219617,0.010101579298160135
"Robinson-Thompson, Brandon",2,4,0.016819098968641533,0.1951285065068986,0.48826729771431554,0.26760807666878916,0.03217702014135515
"Robinson-Thompson, Brandon",3,5,0.0380167619714924,0.2354793731264836,0.44204042766409735,0.2436688264898188,0.04079461074810786
"Robinson-Thompson, Brandon",4,3,0.022651162398467595,0.19422441331668594,0.45179996272578843,0.28239329310116634,0.048931168457891694
"Robinson-Thompson, Brandon",5,4,0.016521558657222823,0.29667526029217595,0.5633590928018173,0.12091017653361402,0.002533911715169923
"Robinson-Thompson, Brandon",6,4,0.008758669218233317,0.245458934065378,0.5996378028420676,0.14332021126571282,0.002824382608608289
"Robinson-Thompson, Brandon",7,3,0.006221213159909866,0.14294989478131886,0.5133493323488418,0.30733671732406376,0.03014284238586562
"Robinson-Thompson, Brandon",8,5,0.03935641472314094,0.23759838695497032,0.44018989402975395,0.24198476809550395,0.040870536196630836
"Robinson-Thompson, Brandon",9,4,0.012568077656762378,0.16315412644405075,0.4707157347920214,0.30739714216953695,0.04616491893762853
"Robinson-Thompson, Brandon",10,4,0.00953156752961376,0.14318223781608164,0.4631238980974152,0.3308983326676198,0.05326396388926957
"Robinson-Thompson, Brandon",11,3,0.033802933557144366,0.37277064548610517,0.5056999551681928,0.08611766291389489,0.001608802874662807
"Robinson-Thompson, Brandon",12,4,0.010652399815427926,0.17015864585989232,0.5028573635047795,0.28546742486667176,0.030864165953228495
"Robinson-Thompson, Brandon",13,3,0.00479751124218597,0.203765312270755,0.6247291776107107,0.16369102014019032,0.003016978736158027
"Robinson-Thompson, Brandon",14,4,0.007009937341641681,0.12551201642833498,0.4575214246082665,0.35173297977131424,0.0582236418504426
"Robinson-Thompson, Brandon",15,5,0.03642964942224852,0.33495719494061355,0.5009163380311088,0.12307453042603544,0.004622287179993689
"Robinson-Thompson, Brandon",16,4,0.010127215275138546,0.23229190564620822,0.5799722245689455,0.17218493863880335,0.0054237158709044
"Robinson-Thompson, Brandon",17,3,0.006938282613765889,0.18903356870875948,0.5768726638956363,0.2178339583582679,0.009321526423570425
"Robinson-Thompson, Brandon",18,5,0.07567952595953908,0.34344891730379545,0.4285436393047163,0.14032775924113883,0.01200015819081035
"Ruiter, Nevill",1,4,0.003321493713056789,0.12573510451486425,0.5454914552139708,0.30457052451887934,0.020881422039228825
"Ruiter, Nevill",2,4,0.009033879643155829,0.14024617825456204,0.4629646460935179,0.3340426965858614,0.05371259942290285
"Ruiter, Nevill",3,5,0.023496726185673444,0.18419592741622515,0.4319308375851759,0.29728870907824534,0.06308779973468015
"Ruiter, Nevill",4,3,0.013123018855810298,0.14468582120609352,0.42751936525436124,0.338969978569711,0.07570181611402393
"Ruiter, Nevill",5,4,0.00756295892237302,0.20878105119760937,0.5888027361210887,0.18872894696063858,0.0061243067982903465
"Ruiter, Nevill",6,4,0.00361494984240196,0.16199095836913763,0.6055664672036896,0.2218244901631078,0.007003134421663115
"Ruiter, Nevill",7,3,0.00285868902443559,0.0932209692552749,0.46556047940335626,0.38514770776469665,0.0532121545522366
"Ruiter, Nevill",8,5,0.024455452592839988,0.18651009177835065,0.43081286233753624,0.29515237056177623,0.06306922272949689
"Ruiter, Nevill",9,4,0.006642505061124182,0.11465529208898118,0.43397272775582474,0.3707111655467551,0.07401830954731481
"Ruiter, Nevill",10,4,0.0048946507639887615,0.09826456909680098,0.4190411668789313,0.3932505459018413,0.0845490673584377
"Ruiter, Nevill",11,3,0.017183854644150953,0.28279064144485216,0.5569906013101908,0.13910507447802667,0.003929828122779311
"Ruiter, Nevill",12,4,0.00532079095489113,0.11689264743987737,0.467289839436659,0.3575065928394128,0.052990129329159696
"Ruiter, Nevill",13,3,0.0017948599214762107,0.12671636077260973,0.6120955939934242,0.2517155889891124,0.0076775963233775
"Ruiter, Nevill",14,4,0.003469397825215992,0.08383190835397503,0.4065723229468443,0.41384689053915985,0.09227948033480482
"Ruiter, Nevill",15,5,0.019744573514061448,0.25667049652471946,0.5319818316098812,0.1818973436866752,0.009705754664662614
"Ruiter, Nevill",16,4,0.004455305005496513,0.1560444698798269,0.5753664969104983,0.2520265779519768,0.012107150252201437
"Ruiter, Nevill",17,3,0.002971421376149308,0.12280757301733214,0.5506627927054482,0.30395990852741916,0.019598304373651176
"Ruiter, Nevill",18,5,0.048703272166612244,0.28601008993787796,0.4544983273635548,0.18982828108161043,0.020960029450344586
"Schaper, Jayden",1,4,0.008861776546894073,0.20649399071892516,0.5714521026765074,0.20450670881162347,0.008685421246049874
"Schaper, Jayden",2,4,0.018884388127411222,0.20694427643940966,0.4905257816379502,0.25471481952834485,0.028930734266884084
"Schaper, Jayden",3,5,0.04158548651786431,0.24592557640345003,0.44196703377502355,0.23324024371621932,0.037281659587442784
"Schaper, Jayden",4,3,0.02508215407842862,0.20471574218451288,0.4544230864313727,0.27108009929513477,0.044698918010551036
"Schaper, Jayden",5,4,0.019078213076059947,0.3150943048867487,0.553897762269088,0.10981871323174375,0.0021110065363595387
"Schaper, Jayden",6,4,0.01031181389368191,0.26380290808331636,0.5932400767338081,0.13030586584068882,0.0023393354485048423
"Schaper, Jayden",7,3,0.007191859261183042,0.15433838175130893,0.5197059851618877,0.2919916393225759,0.026772134503044387
"Schaper, Jayden",8,5,0.043007815683159034,0.2479775062261862,0.439995961014394,0.23165025357579672,0.03736846350046408
"Schaper, Jayden",9,4,0.014157756740852123,0.17381956409985233,0.47556052065409643,0.29461579026206397,0.041846368243135146
"Schaper, Jayden",10,4,0.010796434422987111,0.15323486937814595,0.46957005248335115,0.3180255973433188,0.04837304637219697
"Schaper, Jayden",11,3,0.038269104874561366,0.39035493663411713,0.4923094537299818,0.07772824095897457,0.001338263802365125
"Schaper, Jayden",12,4,0.012123753785063252,0.1819657825588123,0.506930327774866,0.27139902923722126,0.027581106644037234
"Schaper, Jayden",13,3,0.005752905839080502,0.22139421468704212,0.6214415282720135,0.14892713432215177,0.00248421687971212
"Schaper, Jayden",14,4,0.00799583772866208,0.1350125884353287,0.46545055316257966,0.33865690216066024,0.05288411851276931
"Schaper, Jayden",15,5,0.04078180708886214,0.35043223275181107,0.49163937242883876,0.11318000251767746,0.003966585212810569
"Schaper, Jayden",16,4,0.011787598668994703,0.24899859329871532,0.5761972317805675,0.15842546744191222,0.004591108809810285
"Schaper, Jayden",17,3,0.00811973566567803,0.20398386384810308,0.5775447271741255,0.20236549830273298,0.007986175009360386
"Schaper, Jayden",18,5,0.08210355729232355,0.354165068392878,0.42146389690914543,0.13156632848341732,0.010701148922235726
"Schmidt, Ben",1,4,0.007073623888815217,0.18503999375415475,0.5700361771349339,0.22702951172933106,0.010820693492765043
"Schmidt, Ben",2,4,0.015932797393264808,0.18977867916764862,0.4869147674993482,0.2735996383914213,0.03377411754831705
"Schmidt, Ben",3,5,0.03645566239769532,0.23068643476611722,0.4418444373068817,0.2485087972448221,0.04250466828448363
"Schmidt, Ben",4,3,0.021597719198494847,0.1894568092616289,0.4503429191537873,0.2876123658353693,0.05099018655071963
"Schmidt, Ben",5,4,0.015443921341849631,0.28826433408881186,0.567261089277654,0.12627680254584328,0.0027538527458412787
"Schmidt, Ben",6,4,0.00811365914861023,0.23718058590390217,0.6020279603719126,0.14960027270592413,0.0030775218696508233
"Schmidt, Ben",7,3,0.005813639701455042,0.13787062357862057,0.5100546573721692,0.31444735053395534,0.03181372881379996
"Schmidt, Ben",8,5,0.03775795984769076,0.2328331903205148,0.4400524437976864,0.246781585301585,0.042574820732523055
"Schmidt, Ben",9,4,0.011887913791418625,0.1583514074811626,0.4682008699685678,0.3132838824373072,0.04827592632154376
"Schmidt, Ben",10,4,0.008992712315200546,0.13867529966023145,0.45988351254431026,0.3367980929902843,0.05565038248997345
"Schmidt, Ben",11,3,0.03189077197543666,0.364597690916421,0.5115562135607946,0.09020554275094661,0.0017497807964010903
"Schmidt, Ben",12,4,0.010027328049954709,0.16485048692417026,0.5006384062337399,0.291998255536029,0.0324855232561061
"Schmidt, Ben",13,3,0.0044062611117420825,0.19588858744402682,0.6256100943016392,0.17079903509918415,0.0032960220434077314
"Schmidt, Ben",14,4,0.006592165294443453,0.12127192867412662,0.45360738430466413,0.3577010569553184,0.060827464771447404
"Schmidt, Ben",15,5,0.034552747390198424,0.3277910642137816,0.5048723320421553,0.1278274553631933,0.004956400990671295
"Schmidt, Ben",16,4,0.009432166038305989,0.22475022450447896,0.5812026204363461,0.17876349004786962,0.005851498972999414
"Schmidt, Ben",17,3,0.006446045447487503,0.18233660019559422,0.5760559517090129,0.2251601014143989,0.01000130123350651
"Schmidt, Ben",18,5,0.07284624529271633,0.3384187305155374,0.43160700954206843,0.1444833943075461,0.012644620342131763
"Schneider, Marcel",1,4,0.008485092368538671,0.20221793828904183,0.5714203538439309,0.20880674620778827,0.009069869290700305
"Schneider, Marcel",2,4,0.018275261744752247,0.203548289514626,0.4899766114396411,0.25837348428778184,0.029826353013198803
"Schneider, Marcel",3,5,0.04054243917947631,0.24294248112987643,0.44205733935215535,0.23620165695638817,0.038256083382103734
"Schneider, Marcel",4,3,0.024368448112951302,0.20170563751747916,0.4537507835508982,0.274301955538097,0.04587317528057433
"Schneider, Marcel",5,4,0.018317856516999298,0.30982370002008136,0.55673035559871,0.11290367351415453,0.0022244143500548264
"Schneider, Marcel",6,4,0.009846690359775978,0.2585234641552596,0.5952303337131897,0.1339303427918499,0.002469168979924774
"Schneider, Marcel",7,3,0.006902639188253512,0.15104134371861472,0.5180058728590102,0.29635165660016705,0.02769848763395455
"Schneider, Marcel",8,5,0.041940981844838354,0.24501449174317214,0.4401197031557675,0.23458481499137518,0.03834000826484685
"Schneider, Marcel",9,4,0.013688236263995457,0.17074598122697981,0.47426570235638693,0.2982584046219101,0.043041675530727685
"Schneider, Marcel",10,4,0.010422085422504945,0.15033170454398925,0.4678153231836411,0.3217028759512045,0.04972801089866019
"Schneider, Marcel",11,3,0.036950593548096655,0.3853671255391368,0.4962179608143802,0.08005357890486309,0.0014107411935232461
"Schneider, Marcel",12,4,0.011687730934131058,0.17856063766036223,0.5058735223401685,0.2753930019894181,0.028485107075920224
"Schneider, Marcel",13,3,0.005464925116591968,0.21629603905618028,0.6225691326159076,0.15304335109924028,0.0026265521120798496
"Schneider, Marcel",14,4,0.0077033163180431075,0.13226281912485588,0.46327047094178603,0.3423996245237563,0.05436376909155871
"Schneider, Marcel",15,5,0.039501286694583415,0.34603418379125106,0.4943779776060777,0.1159422632645013,0.004144288643586513
"Schneider, Marcel",16,4,0.011292185490061613,0.24419076480971047,0.5774260117325563,0.16227525453320824,0.004815783434463428
"Schneider, Marcel",17,3,0.00776643690294615,0.19966520384759356,0.5775064819566009,0.2067136558618199,0.008348221431039526
"Schneider, Marcel",18,5,0.08023339447010258,0.35113969425291114,0.42354092838628865,0.13402794340052226,0.011058039490175364
"Schott, Freddy",1,4,0.006585709499039416,0.17861233028230983,0.5689612936470598,0.2342673565246991,0.011573310046891772
"Schott, Freddy",2,4,0.015098049232101896,0.18456983764365875,0.48539089842000205,0.2795283168096506,0.03541289789458668
"Schott, Freddy",3,5,0.034967519390489754,0.22598055402853162,0.4415090389574736,0.25329500695042473,0.044247880673080275
"Schott, Freddy",4,3,0.02059942418072408,0.18480372014659918,0.44875533757770353,0.29275324219944965,0.05308827589552356
"Schott, Freddy",5,4,0.014440583624340142,0.28003559476604184,0.5708129289674091,0.13172334548535658,0.0029875471568523437
"Schott, Freddy",6,4,0.0075186741747853,0.22914089058411652,0.6040310134847757,0.15596235722122176,0.0033470645351006967
"Schott, Freddy",7,3,0.005434982778678543,0.1329718932331037,0.5065878244972382,0.32146909834010384,0.033536201150875744
"Schott, Freddy",8,5,0.036233492632460285,0.22815267884784413,0.4397765036693947,0.2515254755932127,0.0443118492570882
"Schott, Freddy",9,4,0.011248490391955468,0.1536909012887589,0.4655517677875117,0.3190755626467081,0.0504332778850658
"Schott, Freddy",10,4,0.008487498276441185,0.13431374905809262,0.4565283815924698,0.3425840280304038,0.058086343042592636
"Schott, Freddy",11,3,0.03009295978734322,0.3565144998838445,0.5171196214072169,0.09437314649898121,0.0018997724226141877
"Schott, Freddy",12,4,0.009442339123661603,0.15970522851328423,0.4982437220454041,0.298455607090248,0.03415310322740206
"Schott, Freddy",13,3,0.004048500893453322,0.1882865347270955,0.6260823738741808,0.17798878554912612,0.003593804956144253
"Schott, Freddy",14,4,0.006201782102545184,0.11718028641103351,0.4495956429850235,0.36353796079103684,0.06348432771036094
"Schott, Freddy",15,5,0.03277985904974606,0.3207181463287011,0.5085650130756068,0.1326300860625378,0.005306895483408347
"Schott, Freddy",16,4,0.00878778255507462,0.21742371011109435,0.5820962605697244,0.18538970504631025,0.006302541717796428
"Schott, Freddy",17,3,0.005991012875739665,0.17586143320018327,0.5749384661225045,0.23249523189194898,0.010713855909623593
"Schott, Freddy",18,5,0.07013165670005994,0.3334112330376984,0.4344976610716015,0.14864997160454452,0.013309477586095686
"Schwab, Matthias",1,4,0.004784987339538027,0.1520327330567146,0.5607887439467065,0.2669728937814617,0.015420641875579122
"Schwab, Matthias",2,4,0.011875891488046963,0.16265253108128197,0.4765672233980848,0.30554630126252746,0.043358052770058775
"Schwab, Matthias",3,5,0.029036539664114125,0.20572969306146544,0.438397432892151,0.2742815846814609,0.052554749700808534
"Schwab, Matthias",4,3,0.01668225793459205,0.16509269298927504,0.4401065584027871,0.3150449651943472,0.06307352547899858
"Schwab, Matthias",5,4,0.010686386960376715,0.24503789130951242,0.5827400693035809,0.15730288872578724,0.004232763700742659
"Schwab, Matthias",6,4,0.00534567334628433,0.1956024978766711,0.6085775742493853,0.18568296920986893,0.0047912853177902726
"Schwab, Matthias",7,3,0.004024841781301358,0.11287419457873471,0.48902633919203553,0.3520860160988094,0.041988608349118994
"Schwab, Matthias",8,5,0.030150173256312474,0.20798961040980124,0.4369432337732401,0.2723314310710021,0.052585551489644056
"Schwab, Matthias",9,4,0.008791887510923246,0.13424921486304875,0.4520871380624581,0.3440930426528269,0.06077871691074299
"Schwab, Matthias",10,4,0.006560122704558136,0.11624902744521709,0.4401092283372191,0.36735138150086943,0.06973024001213624
"Schwab, Matthias",11,3,0.023192224286744112,0.321157354068445,0.5387521460644364,0.1141961315039306,0.0027021440764438687
"Schwab, Matthias",12,4,0.007221655139129757,0.13831172344522719,0.4854564246192345,0.3267226979474731,0.042287498848935456
"Schwab, Matthias",13,3,0.002771215416160544,0.15709284730971274,0.6235153692765868,0.2114219687324984,0.005198599265041515
"Schwab, Matthias",14,4,0.004725430941928566,0.10036031903935932,0.4304174673493662,0.38832699414065963,0.07616978852868628
"Schwab, Matthias",15,5,0.025888320962957845,0.28991824042485315,0.5221442950505573,0.15493800148749015,0.007111142074141652
"Schwab, Matthias",16,4,0.006402685284488452,0.18682105268786042,0.5822456552622715,0.21587522611540133,0.008655380649978284
"Schwab, Matthias",17,3,0.004319144860103208,0.1491418755401337,0.5664722512488296,0.2656950436196057,0.014371684731327772
"Schwab, Matthias",18,5,0.059170469323192976,0.311094607031322,0.445534415383919,0.1676186823913537,0.016581825870212286
"Scrivener, Jason",1,4,0.007561911779353392,0.19120567275481715,0.5707737872476903,0.22030727254481963,0.010151355673319484
"Scrivener, Jason",2,4,0.01675464106302471,0.1947454136132703,0.4881774516839395,0.26803388113411664,0.03228861250564885
"Scrivener, Jason",3,5,0.03790385885225761,0.23513749328835792,0.4420312743204844,0.24401290439447976,0.04091446914442032
"Scrivener, Jason",4,3,0.022574765716571854,0.19388338650065473,0.4517013451421104,0.2827649908768608,0.049075511763802204
"Scrivener, Jason",5,4,0.016442772376617287,0.29607438390518365,0.5636467589987859,0.1212870577024816,0.0025490270169314933
"Scrivener, Jason",6,4,0.008711310275141493,0.2448654917893931,0.5998198320093341,0.1437616043939699,0.0028417615321614242
"Scrivener, Jason",7,3,0.006191384359627239,0.14258456948655518,0.5131222097071346,0.30784250449616446,0.030259331950518553
"Scrivener, Jason",8,5,0.039240835032212484,0.23725854937227542,0.44018484893672943,0.24232576690130392,0.040989999757478746
"Scrivener, Jason",9,4,0.012518569110401445,0.16280966865829088,0.4705424529582405,0.30781660812824596,0.04631270114482122
"Scrivener, Jason",10,4,0.009492295749450985,0.14285858103115445,0.46289866071367336,0.33131934461909895,0.05343111788662225
"Scrivener, Jason",11,3,0.03366376459871778,0.37218975283374467,0.5061238606065329,0.08640413640209588,0.0016184855589087555
"Scrivener, Jason",12,4,0.010606807072971847,0.16977774721957356,0.5027064103565225,0.28593170866476636,0.030977326686165707
"Scrivener, Jason",13,3,0.004768668455391034,0.20319901690586406,0.6248052417511685,0.16419095724645283,0.0030361156411236045
"Scrivener, Jason",14,4,0.0069794430808525765,0.12520711898327624,0.4572479824582022,0.3521593998910296,0.05840605558663936
"Scrivener, Jason",15,5,0.0362933369016325,0.3344473452986143,0.5012049136830329,0.12340901467175092,0.004645389444969394
"Scrivener, Jason",16,4,0.010076299816899947,0.23175133536243253,0.5800705722424269,0.1726485698874627,0.00545322269077797
"Scrivener, Jason",17,3,0.006902175456625137,0.1885524758316412,0.5768250785603286,0.21835172531387637,0.009368544837528692
"Scrivener, Jason",18,5,0.07547509949257863,0.3430924628583323,0.4287660710411702,0.14062129195676032,0.01204507465115856
"Senior, Jack",1,4,0.006396499387286925,0.1760419056488608,0.5684402192869076,0.23723016403917352,0.011891211637771182
"Senior, Jack",2,4,0.014770427371313288,0.1824775549804175,0.48471969021017847,0.281936583636064,0.036095743802026736
"Senior, Jack",3,5,0.034378460885253204,0.2240791595728424,0.4413328971095801,0.25523850820686045,0.04497097422546381
"Senior, Jack",4,3,0.020205903325050234,0.18293146795265064,0.4480694027602204,0.29483491120377736,0.05395831475830137
"Senior, Jack",5,4,0.014050016331678572,0.2767198402346879,0.5721677380953786,0.13397510919892563,0.003087296139329343
"Senior, Jack",6,4,0.007288579723494115,0.22591787620906484,0.6047420450243749,0.15858921807559034,0.003462280967475806
"Senior, Jack",7,3,0.005287793561518872,0.13101723412463784,0.5051217129652114,0.32431705942705524,0.03425619992157669
"Senior, Jack",8,5,0.03562985639154842,0.2262610075935228,0.4396249430949587,0.25345190008014973,0.045032292839820354
"Senior, Jack",9,4,0.0109978513931282,0.15182320854055203,0.4644305937359344,0.32141866605235947,0.05132968027802587
"Senior, Jack",10,4,0.008289841450984603,0.13256918970180886,0.4551238263864193,0.3449194592568854,0.05909768320390185
"Senior, Jack",11,3,0.029388295043353996,0.35323289381356704,0.5193132873890376,0.09610166936472342,0.0019638543893178984
"Senior, Jack",12,4,0.009213768416974966,0.15764494690690167,0.49721511153568787,0.30107710803391763,0.03484906510651786
"Senior, Jack",13,3,0.0039109999947339324,0.18525225190822192,0.6261613878409529,0.18095407660525187,0.0037212836508393465
"Senior, Jack",14,4,0.006049410063175886,0.11554694414304073,0.44792724993349087,0.3658893187213391,0.0645870771389534
"Senior, Jack",15,5,0.03208265373482411,0.3178505021972682,0.510001907355467,0.1346097469042964,0.005455189808144301
"Senior, Jack",16,4,0.008537689285322503,0.2144858276221681,0.582367695276863,0.18811474941538142,0.006494038400264857
"Senior, Jack",17,3,0.005814767135480792,0.17327343045678273,0.5743974582221156,0.23549918569818717,0.011015158487433618
"Senior, Jack",18,5,0.0690533329842381,0.3313687665485665,0.4356320238242358,0.15035831662051058,0.013587560022448986
"Sharma, Shubhankar",1,4,0.006537141882387687,0.1779568498215912,0.5688334677152407,0.23501911577904377,0.01165342480173659
"Sharma, Shubhankar",2,4,0.015014169043096715,0.18403680057319705,0.4852231562197217,0.28014038362489446,0.0355854905390901
"Sharma, Shubhankar",3,5,0.03481697897519437,0.22549676053383555,0.44146645063699963,0.2537889862405398,0.04443082361343065
"Sharma, Shubhankar",4,3,0.02049876605442358,0.1843269159581144,0.4485832448101032,0.29328266255477653,0.05330841062258229
"Sharma, Shubhankar",5,4,0.014340411031470934,0.2791914169734993,0.5711620782767546,0.13229346580949597,0.0030126279087792085
"Sharma, Shubhankar",6,4,0.007459577021655894,0.22831942144495476,0.6042173387225788,0.15662763742818908,0.0033760253826214948
"Sharma, Shubhankar",7,3,0.005397220597250452,0.1324732047463814,0.5062183566892271,0.32219315770920975,0.03371806025793134
"Sharma, Shubhankar",8,5,0.03607923764003429,0.2276713881715144,0.4397401393998958,0.25201510842192254,0.04449412636663297
"Sharma, Shubhankar",9,4,0.01118430240484497,0.1532148458645301,0.46526927537424057,0.31967159062849726,0.0506599857278871
"Sharma, Shubhankar",10,4,0.008436858386943247,0.13386889752823,0.4561736793857505,0.34317839966852826,0.05834216503054801
"Sharma, Shubhankar",11,3,0.029912492903503562,0.3556803546077055,0.5176807863035382,0.09481048442489615,0.0019158817603566192
"Sharma, Shubhankar",12,4,0.009383762706065779,0.1591799908246252,0.4979853423905657,0.29912195379026085,0.034328950288482485
"Sharma, Shubhankar",13,3,0.004013138807406946,0.1875124435840746,0.6261086191703423,0.17873996076111942,0.003625837677056709
"Sharma, Shubhankar",14,4,0.006162724603665071,0.11676361657933826,0.44917372678783113,0.36413664320486516,0.06376328882430038
"Sharma, Shubhankar",15,5,0.032601429911986224,0.3199890239539263,0.5089336612685642,0.13313163130635775,0.005344253559165457
"Sharma, Shubhankar",16,4,0.008723598175044589,0.21667496010247794,0.5821702507968236,0.1860804435814507,0.006350747344203156
"Sharma, Shubhankar",17,3,0.0059457613689474775,0.17520139214242225,0.5748057171406158,0.23325735945550563,0.010789769892508794
"Sharma, Shubhankar",18,5,0.06985628636390251,0.3328925911721977,0.4347881418499413,0.14908327420960998,0.01337970640434849
"Shaun, Corey",1,4,0.005480642228828769,0.16290561736900722,0.5649080462273224,0.2530198461126144,0.01368584806222728
"Shaun, Corey",2,4,0.013150181378301595,0.17169667632690594,0.48070133373979257,0.2945953011823399,0.03985650737266
"Shaun, Corey",3,5,0.031420541372134736,0.21417730036250548,0.4400309169437608,0.26544990000777935,0.048921341313819644
"Shaun, Corey",4,3,0.018244478880076076,0.1732536773065974,0.4440780344243919,0.30571513955713747,0.05870866983179712
"Shaun, Corey",5,4,0.012146983887827256,0.2595468461712432,0.578450294898929,0.14619453192370246,0.0036613431182981326
"Shaun, Corey",6,4,0.006180401182124207,0.2093774740279583,0.6075062262474488,0.17280884313717226,0.004127055405296454
"Shaun, Corey",7,3,0.004572256269547825,0.12106545368679078,0.4968761183835142,0.3392420939988733,0.03824407766127391
"Shaun, Corey",8,5,0.032596939625465726,0.21640484626117962,0.4384561687460864,0.2635746879015881,0.04896735746568015
"Shaun, Corey",9,4,0.009761111185983218,0.14223886674347175,0.4581151461726122,0.33364345922288896,0.0562414166750439
"Shaun, Corey",10,4,0.0073178092287157215,0.12364708336682917,0.44735177025942396,0.3570524618202714,0.06463087532475975
"Shaun, Corey",11,3,0.02591263695399354,0.3360096374629296,0.5302070124227036,0.10553740318309235,0.002333309977280873
"Shaun, Corey",12,4,0.008092363101693312,0.14708864472817662,0.49128531836095596,0.3148406121659527,0.038693061643221394
"Shaun, Corey",13,3,0.003255963516535343,0.169801811047951,0.6255120223562538,0.19697141307952015,0.0044587899997396985
"Shaun, Corey",14,4,0.005303202651476491,0.10722334979422754,0.4387963970950837,0.3780598357716213,0.07061721468759097
"Shaun, Corey",15,5,0.02862302595798455,0.3028320385159672,0.5169530104966622,0.14529687778164124,0.006295047247744767
"Shaun, Corey",16,4,0.007325440325376464,0.19939971520234284,0.5829290443688951,0.20276050521344646,0.007585294889939087
"Shaun, Corey",17,3,0.0049634933007252635,0.16006052219522204,0.5707359785034174,0.2515205977588816,0.01271940824175366
"Shaun, Corey",18,5,0.06360481018322311,0.32055466565937546,0.4412166514795097,0.1594939866092817,0.015129886068609988
"Shinkwin, Callum",1,4,0.007158846898894511,0.1861346014823021,0.5701876690184842,0.22582063597642232,0.010698246623896956
"Shinkwin, Callum",2,4,0.016077179726091906,0.19066252087033897,0.487152878838631,0.27260301299648915,0.03350440756844897
"Shinkwin, Callum",3,5,0.0367112694765005,0.23148106149945602,0.4418870406735259,0.24770395262896883,0.042216675721548746
"Shinkwin, Callum",4,3,0.021769775449678563,0.19024524703119072,0.45059560262938797,0.28674589285350516,0.050643482036237586
"Shinkwin, Callum",5,4,0.015618625449317025,0.28965679506870246,0.5666338074326476,0.12537460535096323,0.0027161666983697152
"Shinkwin, Callum",6,4,0.008217815813033824,0.23854685893693428,0.601655918358734,0.14854529816491413,0.0030341087263837663
"Shinkwin, Callum",7,3,0.005879652606656738,0.13870642720290877,0.5106173594948553,0.313265553484553,0.031531007211026196
"Shinkwin, Callum",8,5,0.038019735022029155,0.23362335030971926,0.4400852009537364,0.24598389254434194,0.04228782117017327
"Shinkwin, Callum",9,4,0.011998628870706185,0.15914373745428545,0.468630572048418,0.31230703022819783,0.047920031398392515
"Shinkwin, Callum",10,4,0.009080325474714435,0.13941797675805423,0.4604330643118621,0.3358203820265222,0.05524825142884704
"Shinkwin, Callum",11,3,0.0322020526592931,0.3659569727476737,0.5105983375689954,0.08951702527955208,0.001725611744485711
"Shinkwin, Callum",12,4,0.010128882196262345,0.16572580131643466,0.5010216064735522,0.29091226332396447,0.03221144668978637
"Shinkwin, Callum",13,3,0.0044692061062944766,0.19718516327394697,0.6254917788328798,0.1696057296350112,0.0032481221518676495
"Shinkwin, Callum",14,4,0.006659995356817938,0.12196979504645705,0.4542682937567945,0.35671314777813357,0.06038876806179694
"Shinkwin, Callum",15,5,0.03485888556126138,0.32898183642619705,0.5042299155409427,0.12702990665878833,0.004899455812810594
"Shinkwin, Callum",16,4,0.009544642322302621,0.22599505996731484,0.5810208270077515,0.17766103688969892,0.005778433812932082
"Shinkwin, Callum",17,3,0.006525603274566416,0.18343979309586106,0.5762136942248184,0.22393543178987185,0.009885477614882232
"Shinkwin, Callum",18,5,0.0733111499126815,0.3392575849091886,0.43110736994866344,0.14378835197720308,0.01253554325226336
"Siem, Marcel",1,4,0.007436231210703637,0.1896427635474533,0.5706131825013728,0.22199140644955717,0.010316416290913066
"Siem, Marcel",2,4,0.016544336574347063,0.19348909565412353,0.4878752843702464,0.2694337593854902,0.032657524015792805
"Siem, Marcel",3,5,0.037534816433601625,0.23401489332883413,0.4419960188540415,0.2451439691514692,0.041310302232053564
"Siem, Marcel",4,3,0.0223252758794229,0.19276461982747123,0.4513717949653245,0.28398613064877365,0.04955217867900774
"Siem, Marcel",5,4,0.01618616397268413,0.29410231081929417,0.5645813203607809,0.12253093771435397,0.002599267132886829
"Siem, Marcel",6,4,0.008557279586616284,0.2429200218994147,0.6004051396889697,0.14521801392159195,0.0028995449034073806
"Siem, Marcel",7,3,0.006094265420280798,0.14138825448028997,0.5123679115203597,0.30950485535966643,0.030644713219403208
"Siem, Marcel",8,5,0.03886301679263282,0.2361425869034191,0.4401631561767026,0.24344672185133054,0.04138451827591494
"Siem, Marcel",9,4,0.01235708518952311,0.16168063873596084,0.46996687709679047,0.30919445167592774,0.046800947301797846
"Siem, Marcel",10,4,0.009364254327368038,0.14179817677549217,0.46215269960500593,0.332701602896351,0.05398326639578288
"Siem, Marcel",11,3,0.03320981146998103,0.3702800434423054,0.5075091897549666,0.08735028020118496,0.0016506751315619184
"Siem, Marcel",12,4,0.010458197050493168,0.16852947726958217,0.5022028363740896,0.287457928928767,0.0313515603770681
"Siem, Marcel",13,3,0.004674984937950211,0.20134431868583752,0.6250407682389351,0.1658401618191877,0.003099766318089503
"Siem, Marcel",14,4,0.006880070552776674,0.12420861263818245,0.4563438969276272,0.3535588434055087,0.05900857647590496
"Siem, Marcel",15,5,0.03584838986874811,0.33277176249769747,0.5021456214518374,0.12451220217177261,0.00472202400994437
"Siem, Marcel",16,4,0.009910575644860586,0.22997913200824682,0.5803821191891956,0.17417699249099017,0.00555118066670679
"Siem, Marcel",17,3,0.0067847032061400525,0.18697642225417876,0.5766573265725061,0.2200570502426521,0.009524497724523018
"Siem, Marcel",18,5,0.07480637491963876,0.34191946424255554,0.4294922371420282,0.14158823850433977,0.012193685191437709
"Soderberg, Sebastian",1,4,0.008093268446738688,0.19764063172533985,0.5712526426193996,0.2135107370488425,0.009502720159679456
"Soderberg, Sebastian",2,4,0.017634879117095825,0.19989955348050914,0.48929756071123465,0.26234642119671747,0.030821585494442916
"Soderberg, Sebastian",3,5,0.03943746612340071,0.23972017624554476,0.44209279323522277,0.23941544555624716,0.0393341188395846
"Soderberg, Sebastian",4,3,0.023615215385937416,0.19846687184243722,0.4529557537290272,0.2777901425233509,0.047172016519247295
"Soderberg, Sebastian",5,4,0.017524081486208654,0.30413961736512374,0.5596735938695572,0.11630934000307391,0.002353367276036522
"Soderberg, Sebastian",6,4,0.009363982213832778,0.2528571407104539,0.5972344263548807,0.13792743257828288,0.0026170181425497763
"Soderberg, Sebastian",7,3,0.0066012027852608846,0.14752032420131128,0.5160660390752605,0.30108129545091367,0.028731138487253727
"Soderberg, Sebastian",8,5,0.04081047386584691,0.24181304875109672,0.44019215988945243,0.23776958475439502,0.039414732739208924
"Soderberg, Sebastian",9,4,0.01319521958536718,0.16745104060708715,0.4727874745498635,0.3021998372229211,0.044366428034761096
"Soderberg, Sebastian",10,4,0.010029682456540956,0.14722500027102053,0.46584259060426525,0.32567413060134376,0.0512285960668295
"Soderberg, Sebastian",11,3,0.03556551165079258,0.37994855531228394,0.5003648055269663,0.0826279099773174,0.0014932175326397568
"Soderberg, Sebastian",12,4,0.011231175670337601,0.17491249021031768,0.5046366228734462,0.27972845389447043,0.029491257351428102
"Soderberg, Sebastian",13,3,0.005167714037686122,0.21084627868531336,0.6236183865250352,0.1575787349814114,0.002788885770553917
"Soderberg, Sebastian",14,4,0.007397340994400758,0.12932567133517264,0.46083989044664464,0.34643501832517287,0.05600207889860909
"Soderberg, Sebastian",15,5,0.03815228877047283,0.34126416793132963,0.4972565424657599,0.11898236533443529,0.004344635498002347
"Soderberg, Sebastian",16,4,0.010776433051421952,0.23903034726359557,0.5786185610488754,0.1665046833065983,0.0050699753295088135
"Soderberg, Sebastian",17,3,0.007399332532650016,0.19504449370189048,0.5773275271568972,0.21147237282546882,0.008756273783093516
"Soderberg, Sebastian",18,5,0.07824557731535742,0.34784037454745104,0.4257351803137919,0.13672289889822153,0.011455968925178084
"Sordet, Clement",1,4,0.006209031728580616,0.17344945920103771,0.5678600845468642,0.24025918163388404,0.012222242889633472
"Sordet, Clement",2,4,0.014443542228078088,0.18036180420341646,0.4840057685658538,0.28438770116112,0.03680118384153164
"Sordet, Clement",3,5,0.033787805997010256,0.2221498364681766,0.44113005738655514,0.25721625217551514,0.04571604797274287
"Sordet, Clement",4,3,0.019812268467689853,0.18103629767444746,0.44734705699843225,0.2969497388736656,0.05485463798576484
"Sordet, Clement",5,4,0.013662200518784695,0.27336103765766967,0.5734943822493661,0.1362905778840443,0.003191801690135221
"Sordet, Clement",6,4,0.007060974682087551,0.22266271584133307,0.6054049193594997,0.16128829822485446,0.0035830918922252764
"Sordet, Clement",7,3,0.005141756196564373,0.12904830386043076,0.5035955445055842,0.32721301147086823,0.03500138396655239
"Sordet, Clement",8,5,0.035024467787955926,0.22434123937671774,0.4394473738837471,0.25541233330532087,0.04577458564625836
"Sordet, Clement",9,4,0.010747961051188193,0.14993708980858644,0.46326293532123825,0.32379778614456856,0.05225422767441856
"Sordet, Clement",10,4,0.008092991735770438,0.13080936435863405,0.4536697857817704,0.3472875809461884,0.0601402771776367
"Sordet, Clement",11,3,0.02868579315140507,0.3498942776617201,0.5215064588114674,0.0978824404478249,0.0020310299275825283
"Sordet, Clement",12,4,0.008986304806155754,0.15556535356185713,0.4961353182302771,0.3037443022659063,0.03556872113580367
"Sordet, Clement",13,3,0.00377547398529382,0.18219547929567176,0.6261751229229505,0.18399885594961662,0.003855067846467275
"Sordet, Clement",14,4,0.005897867438411475,0.1139012152738893,0.4462064075301997,0.3682707913162928,0.06572371844120672
"Sordet, Clement",15,5,0.031386233741719116,0.31493516853197434,0.5114268762764865,0.13664195816733848,0.005609763282481528
"Sordet, Clement",16,4,0.008289783415426744,0.2115181265012681,0.5825898001840867,0.19090824845204335,0.006694041447175114
"Sordet, Clement",17,3,0.005640267128154686,0.1706640946216324,0.5737954904139617,0.23857104700969511,0.011329100826556138
"Sordet, Clement",18,5,0.06796988303504448,0.3292850393114676,0.4367629622213003,0.15210663139396474,0.013875484038222918
"Southgate, Matthew",1,4,0.007239675098795362,0.18716538401987276,0.5703221302514139,0.2246884142821559,0.010584396347762093
"Southgate, Matthew",2,4,0.016213741284810845,0.19149399449233367,0.48737154383962067,0.2716678939480447,0.03325282643519012
"Southgate, Matthew",3,5,0.03695255929618507,0.2322275926265585,0.4419233937336803,0.2469487001398185,0.041947754203757626
"Southgate, Matthew",4,3,0.021932349878312107,0.19098668295226634,0.4508289575666251,0.2859322940857275,0.05031971551706893
"Southgate, Matthew",5,4,0.01578417390623227,0.29096571902837104,0.5660373369268309,0.12453155781693248,0.0026812123216333195
"Southgate, Matthew",6,4,0.008316662570950761,0.23983269874808744,0.6012975793218657,0.14755920298986525,0.002993856369230885
"Southgate, Matthew",7,3,0.005942228058990917,0.13949391800844124,0.5111400348046339,0.3121563309680542,0.031267488159879786
"Southgate, Matthew",8,5,0.03826682868466624,0.23436563698948576,0.44011235474427257,0.24523536018776193,0.042019819393813496
"Southgate, Matthew",9,4,0.012103378097344186,0.15988952736155487,0.4690296397146279,0.3113896145819042,0.04758784024456886
"Southgate, Matthew",10,4,0.009163253860937526,0.14011734016974836,0.46094488810417417,0.3349016853003073,0.05487283256483266
"Southgate, Matthew",11,3,0.03249655352937608,0.36723245635319024,0.5096936709558904,0.08887411980126769,0.0017031993602756312
"Southgate, Matthew",12,4,0.010225034192854532,0.1665498483882929,0.5013760588368854,0.289893168581538,0.03195589000042909
"Southgate, Matthew",13,3,0.004529026896577748,0.1984066440964175,0.6253705450766361,0.1684900582247445,0.0032037257056241053
"Southgate, Matthew",14,4,0.006724233236646893,0.12262726449195477,0.4548848569269671,0.3557844580621963,0.05997918728223495
"Southgate, Matthew",15,5,0.03514830358245902,0.33009957532896983,0.5036214779312248,0.12628411474124512,0.004846528416101226
"Southgate, Matthew",16,4,0.009651297598947062,0.2271665555968736,0.5808419675322121,0.1766295993063569,0.005710579965610307
"Southgate, Matthew",17,3,0.006601079264948573,0.1844787899715824,0.5763537802760366,0.22278853761550743,0.009777812871925029
"Southgate, Matthew",18,5,0.07374965323875426,0.34004389738045165,0.4306349707336547,0.143137592006372,0.012433886640767389
"Sterne, Richard",1,4,0.005516631263995264,0.16344548253034002,0.5650832170843696,0.25234865652612026,0.013606012595174799
"Sterne, Richard",2,4,0.013215011625189399,0.17214277922815008,0.4808867659856376,0.2940630691931466,0.03969237396787628
"Sterne, Richard",3,5,0.03154040598532659,0.21459058539310294,0.44009833675630916,0.26502066052250695,0.04875001134275436
"Sterne, Richard",4,3,0.018323475072829276,0.17365519110400235,0.4442588323590308,0.3052597571080692,0.05850274435606839
"Sterne, Richard",5,4,0.012222175861288653,0.26026020934512456,0.5782146298020004,0.14566755928300057,0.003635425708585771
"Sterne, Richard",6,4,0.0062237601044632385,0.21005947246654483,0.6074229325443243,0.1721968510891695,0.004096983795498166
"Sterne, Richard",7,3,0.004600477844325268,0.12147323103514529,0.4972408309979278,0.33861618722080167,0.038069272901799955
"Sterne, Richard",8,5,0.032719903667973005,0.2168163904978725,0.4385178542750349,0.26314913266488715,0.04879671889423243
"Sterne, Richard",9,4,0.00981050440080311,0.14263415391390571,0.45839484134331016,0.3331325919527859,0.056027908389195136
"Sterne, Richard",10,4,0.0073565217633916324,0.12401404329435217,0.4476915807054551,0.35654721491627095,0.06439063932053013
"Sterne, Richard",11,3,0.026051376774168022,0.3367327220618999,0.5297707476916098,0.10512854771449132,0.0023166057578308807
"Sterne, Richard",12,4,0.008136934881063929,0.14752344803770212,0.4915521798228045,0.3142625125545997,0.03852492470382973
"Sterne, Richard",13,3,0.003281356227415988,0.17043480693943025,0.6255752174704057,0.19628325828166482,0.004425361081083268
"Sterne, Richard",14,4,0.005332817724529315,0.10756469801982904,0.43919237387604015,0.37755459602592323,0.07035551435367826
"Sterne, Richard",15,5,0.028761829126156935,0.3034615614590908,0.5166811918211475,0.14483782793929123,0.006257589654313556
"Sterne, Richard",16,4,0.00737313070011919,0.20002209563990025,0.5829346526399626,0.20213372401309793,0.007536397006920104
"Sterne, Richard",17,3,0.004996883730322199,0.16060308726136663,0.570917406202722,0.25083914260935936,0.01264348019622974
"Sterne, Richard",18,5,0.06382672710465986,0.32101196327661685,0.44099464391972587,0.15910446706452142,0.015062198634475998
"Stone, Brandon",1,4,0.00887444037957097,0.20663572201180752,0.571451134310824,0.20436570909326557,0.008672994204531936
"Stone, Brandon",2,4,0.01890475983153367,0.20705663410905212,0.49054260460242693,0.2545944082837561,0.028901593173231155
"Stone, Brandon",3,5,0.0416202394387436,0.24602401253788442,0.44196311586999704,0.23314274793004364,0.03724988422333131
"Stone, Brandon",4,3,0.025105978071746637,0.20481526317620263,0.45444422995941675,0.27097390648401,0.044660622308624
"Stone, Brandon",5,4,0.019103730038175004,0.3152683525575105,0.553802545551992,0.10971801310382034,0.0021073587485020973
"Stone, Brandon",6,4,0.010327468459049804,0.26397766425974123,0.5931722104797759,0.13018749434944266,0.0023351624519905023
"Stone, Brandon",7,3,0.007201573328344646,0.15444779296158828,0.5197605171352095,0.29184807525232404,0.02674204132253344
"Stone, Brandon",8,5,0.04304335592669617,0.24807526716619566,0.4399909531968301,0.23155364355159602,0.037336780158682026
"Stone, Brandon",9,4,0.014173468853141635,0.17392136861241453,0.47560204132051237,0.29449569634300377,0.0418074248709277
"Stone, Brandon",10,4,0.010808972396129046,0.15333111435386937,0.46962678262389473,0.31790424555786845,0.0483288850682384
"Stone, Brandon",11,3,0.03831321715987562,0.3905190449786526,0.4921793619649192,0.07765244245319614,0.001335933443356474
"Stone, Brandon",12,4,0.012138365111305949,0.18207860238033458,0.506963756177364,0.2712675599453235,0.027551716385671998
"Stone, Brandon",13,3,0.00576262486599316,0.22156330796227552,0.6214017760492643,0.14879264552482252,0.0024796455976445753
"Stone, Brandon",14,4,0.008005645378673654,0.13510383113079788,0.46552134222469715,0.3385332930407057,0.05283588822512564
"Stone, Brandon",15,5,0.04082458889300494,0.35057705933050637,0.4915478099846471,0.11308969694248838,0.003960844849353218
"Stone, Brandon",16,4,0.011804247188999528,0.24915773632473603,0.5761546541677032,0.15829949837928003,0.00458386393928123
"Stone, Brandon",17,3,0.008131619558855607,0.20412704095279288,0.5775439092794057,0.20222295203227936,0.00797447817666641
"Stone, Brandon",18,5,0.0821657654740941,0.35426442216498616,0.42139461756007446,0.13148563871619456,0.01068955608465072
"Strydom, Ockie",1,4,0.004596363183403895,0.1489281675228354,0.5593953910103037,0.2711158046953581,0.01596427358809893
"Strydom, Ockie",2,4,0.01152288474141544,0.1600483071789479,0.4752401297726146,0.30875719384437994,0.04443148446264211
"Strydom, Ockie",3,5,0.028366158917338014,0.20327231274369872,0.4378294094667005,0.2768714058063011,0.05366071306596165
"Strydom, Ockie",4,3,0.016246117820663097,0.16273514297757474,0.4388513080570552,0.3177661581133796,0.06440127303132737
"Strydom, Ockie",5,4,0.010287884081350451,0.24084477579714642,0.5837944371481918,0.16065794632159158,0.004414956651719759
"Strydom, Ockie",6,4,0.005120531579019816,0.19165573761997057,0.6086588690113529,0.18956134141398873,0.00500352037566798
"Strydom, Ockie",7,3,0.0038757382084856906,0.11054263202384995,0.4866007829829399,0.35583871937122724,0.04314212741349721
"Strydom, Ockie",8,5,0.029461745135836992,0.20554048944279124,0.4364114751657342,0.2748996067013795,0.0536866835542581
"Strydom, Ockie",9,4,0.008523960898728089,0.13195721140498173,0.45022135448164036,0.3471342928990744,0.06216318031557544
"Strydom, Ockie",10,4,0.006351355865011232,0.1141335094313276,0.43789552307821855,0.370335611042405,0.07128400058303763
"Strydom, Ockie",11,3,0.02244107596809969,0.3168127863408137,0.5410998039096779,0.1168263781684058,0.002819955613002856
"Strydom, Ockie",12,4,0.006982336397122146,0.1357981079032457,0.4836257184196934,0.33020169829739765,0.04339213898254113
"Strydom, Ockie",13,3,0.0026418811396053954,0.15347866198232163,0.6226784765974386,0.21576546903969585,0.005435511240938551
"Strydom, Ockie",14,4,0.004566885694057943,0.09840444892429207,0.42787764644932796,0.39129029277250194,0.07786072615982009
"Strydom, Ockie",15,5,0.025128571447350923,0.28614617867206005,0.5235202334422372,0.1578372998652542,0.007367716573097649
"Strydom, Ockie",16,4,0.0061521744434665515,0.18321396345714908,0.5818398534949639,0.21980045121986014,0.008993557384560313
"Strydom, Ockie",17,3,0.004144806971394854,0.1460273525301397,0.5650309417349189,0.2699065506025753,0.014890348160971234
"Strydom, Ockie",18,5,0.057916271093001015,0.308302394440665,0.44670958797612903,0.17004183196680533,0.017029914523399636
"Sullivan, Andy",1,4,0.008013750058752489,0.19669477774817512,0.5712003198754156,0.21449610903699146,0.009595043280665294
"Sullivan, Andy",2,4,0.017504036706593784,0.1991437926589401,0.48914520801275324,0.26317482870792575,0.03103213391378712
"Sullivan, Andy",3,5,0.0392106054122669,0.23905048941671342,0.4420920286182123,0.24008531607515848,0.039561560477648916
"Sullivan, Andy",4,3,0.023460938056981295,0.1977954148374521,0.4527815252084368,0.2785161166566458,0.047446005240484035
"Sullivan, Andy",5,4,0.017362623691120627,0.3029595969477519,0.5602699024166362,0.11702683555937687,0.002381041385114413
"Sullivan, Andy",6,4,0.00926616362591709,0.25168434647926,0.5976317490100614,0.13876896443121345,0.0026487764535479963
"Sullivan, Andy",7,3,0.00653995081551928,0.1467937979249127,0.5156494057625827,0.3020668135165665,0.0289500319804189
"Sullivan, Andy",8,5,0.040578326953824795,0.24114758943326464,0.4401992008927208,0.2384334233487717,0.03964145937141805
"Sullivan, Andy",9,4,0.013094563411732929,0.16676951651874017,0.4724698673861509,0.30301982568001795,0.044646227003358074
"Sullivan, Andy",10,4,0.009949655508939392,0.14658312990326955,0.46542252189380184,0.32649930804304483,0.05154538465094438
"Sullivan, Andy",11,3,0.035282664258557694,0.3788185216039605,0.5012166595911139,0.0831712283127769,0.001510926233590948
"Sullivan, Andy",12,4,0.011138130151613634,0.17415820905318335,0.5043671061496886,0.2806322285875388,0.029704326057975572
"Sullivan, Andy",13,3,0.005107697629446184,0.20972116408316172,0.6238142926551005,0.15853305740420476,0.002823788228086821
"Sullivan, Andy",14,4,0.0073350243512460556,0.12871953452557505,0.46032489091753,0.347272656517408,0.05634789368824089
"Sullivan, Andy",15,5,0.03787631081155324,0.34027037714357605,0.49784427201192283,0.11962163559283878,0.0043874044401090995
"Sullivan, Andy",16,4,0.010671709932252416,0.23796220965420323,0.5788487057129007,0.16739301852532318,0.005124356175320477
"Sullivan, Andy",17,3,0.007324881595995314,0.19408995993667183,0.5772723147819774,0.21246947993892507,0.008843363746430466
"Sullivan, Andy",18,5,0.07783660514532587,0.3471506136002174,0.4261847108251985,0.1372877373659097,0.011540333063348562
"Syme, Connor",1,4,0.006798204746041758,0.1814462154838613,0.5694747478289325,0.23104658947916257,0.011234242462001887
"Syme, Connor",2,4,0.015463338098930413,0.18687037492576575,0.48608956349336807,0.27689816893344776,0.034678554548488005
"Syme, Connor",3,5,0.035620942622272556,0.2280637957915302,0.4416751133707539,0.25117201471219097,0.043468133503252404
"Syme, Connor",4,3,0.021037038152029508,0.18686018940836796,0.44947742948017605,0.29047544420712723,0.05214989875229925
"Syme, Connor",5,4,0.014878219409579008,0.283674553549238,0.569275209769432,0.1292901870125297,0.0028818302592212852
"Syme, Connor",6,4,0.007777516692610509,0.23268901914157364,0.6031867682569341,0.15312163459105466,0.0032250613178270715
"Syme, Connor",7,3,0.0056000494282155144,0.1351297618986726,0.5081509490068975,0.31835585509943976,0.032763384566774634
"Syme, Connor",8,5,0.03690295314615177,0.23022491884585272,0.4399160142620846,0.24942120929329037,0.04353490445262054
"Syme, Connor",9,4,0.011528161039083107,0.15574736065798667,0.46674655451777264,0.31651029266907926,0.049467631116078326
"Syme, Connor",10,4,0.00870830155824942,0.1362368366835316,0.4580349161679279,0.3400236061657488,0.0569963394245423
"Syme, Connor",11,3,0.030879283475201913,0.36009976558582807,0.5146800573637459,0.09250899801019086,0.0018318955650332702
"Syme, Connor",12,4,0.009697876646517667,0.16197486469914468,0.49933031815832807,0.295591560886028,0.03340537960998158
"Syme, Connor",13,3,0.004203757066453595,0.1916357059096685,0.6259217002150733,0.17477989724801346,0.00345893956079113
"Syme, Connor",14,4,0.006372238730435575,0.1189829395035466,0.45139223266269307,0.36095698351525574,0.062295605588069014
"Syme, Connor",15,5,0.03355630178046942,0.32385361593071926,0.5069540708433369,0.13048712248409822,0.005148888961376219
"Syme, Connor",16,4,0.009068515734913352,0.22065740944324186,0.5817394407174923,0.18243570500310236,0.006098929101250095
"Syme, Connor",17,3,0.006189092150784559,0.17871564392507328,0.5754719605951042,0.2292306020610324,0.010392701268005622
"Syme, Connor",18,5,0.07132527221734847,0.335636363138714,0.4332325029990729,0.14679475167734102,0.013011109967523637
"Tarren, Callum",1,4,0.006744935422492437,0.18074092463847624,0.5693528620715018,0.23184374113233341,0.011317536735196088
"Tarren, Callum",2,4,0.015372023357626496,0.1862984218984673,0.48591968028057997,0.2775503337639734,0.03485954069935282
"Tarren, Callum",3,5,0.03545792688781502,0.22754658598130162,0.4416364986347653,0.25169847144523383,0.04366051705088425
"Tarren, Callum",4,3,0.020927755547252125,0.18634912266124892,0.4493010202341614,0.29104066478480695,0.0523814367725306
"Tarren, Callum",5,4,0.014768608390379134,0.28277052427926486,0.5696621497439709,0.1298909824008182,0.002907735185566862
"Tarren, Callum",6,4,0.007712586855731229,0.23180648492706596,0.6034026991288158,0.15382328243233268,0.0032549466560543028
"Tarren, Callum",7,3,0.005558692675100618,0.13459243406959326,0.5077670818978829,0.3191280830851855,0.03295370827223776
"Tarren, Callum",8,5,0.036735949430837966,0.22971047443716847,0.4398839586359208,0.24994301551550402,0.04372660198056877
"Tarren, Callum",9,4,0.011458228004317839,0.15523580898547168,0.4664531975419031,0.3171469814464385,0.04970578402186887
"Tarren, Callum",10,4,0.008653063996979626,0.13575824619283688,0.45766403993547106,0.340659435549862,0.05726521432485043
"Tarren, Callum",11,3,0.030682657413194647,0.3592106571228182,0.5152892177381503,0.09296894333497008,0.0018485243908668014
"Tarren, Callum",12,4,0.009633930295931459,0.16141017640587912,0.4990644811761583,0.2963018194011309,0.03358959272090023
"Tarren, Callum",13,3,0.004164755157633704,0.1908017984257701,0.6259687921802632,0.17557269061331893,0.0034919636230139606
"Tarren, Callum",14,4,0.006329572643066994,0.11853410985083446,0.45094925019721743,0.36159821641072776,0.06258885089815336
"Tarren, Callum",15,5,0.033362297737472735,0.3230758057782389,0.5073575691131691,0.13101663851534706,0.0051876888557722545
"Tarren, Callum",16,4,0.008998153774226414,0.21985313333407164,0.5818338016202643,0.1831660248080732,0.0061488864633644225
"Tarren, Callum",17,3,0.0061394226469903,0.17800520263465958,0.5753452747184098,0.23003852520091495,0.010471574799025385
"Tarren, Callum",18,5,0.07102773708150084,0.33508516504670316,0.4335487681648193,0.14725375053552536,0.013084579171451338
"Tetak, TadeÃ¡Å¡",1,4,0.00540656171311632,0.1617877311285768,0.5645367738500542,0.2544159808700499,0.013852952438202726
"Tetak, TadeÃ¡Å¡",2,4,0.013016411643872017,0.1707720774629749,0.48031158586337136,0.2957007623123846,0.0401991627173971
"Tetak, TadeÃ¡Å¡",3,5,0.031172795011012333,0.21331972084859946,0.4398873365553198,0.2663414299243395,0.04927871766072889
"Tetak, TadeÃ¡Å¡",4,3,0.018081336773366208,0.17242119424805608,0.4436988857419388,0.3066604044168252,0.05913817881981376
"Tetak, TadeÃ¡Å¡",5,4,0.011992096217051329,0.258067603747721,0.5789317566805606,0.14729284141548094,0.0037157019391861335
"Tetak, TadeÃ¡Å¡",6,4,0.006091202061511092,0.2079646777944667,0.6076699899726361,0.1740839864878252,0.004190143683560965
"Tetak, TadeÃ¡Å¡",7,3,0.004514135517124596,0.12022140252522795,0.49611359401629757,0.3405416427663296,0.0386092251750203
"Tetak, TadeÃ¡Å¡",8,5,0.03234277041249334,0.2155508324068099,0.4383245357485935,0.2644585775743278,0.04932328385777551
"Tetak, TadeÃ¡Å¡",9,4,0.009659218967075889,0.14141994757842669,0.4575302653421446,0.33470366181166866,0.05668690630068418
"Tetak, TadeÃ¡Å¡",10,4,0.007237979660615346,0.12288713045006366,0.44664234790217355,0.35810049110791375,0.06513205087923368
"Tetak, TadeÃ¡Å¡",11,3,0.025626459681773184,0.33450811172459677,0.5311069847602456,0.10639009154805534,0.002368352285329056
"Tetak, TadeÃ¡Å¡",12,4,0.00800047605173948,0.14618802378514734,0.4907261533031058,0.3160411673557809,0.03904417950422645
"Tetak, TadeÃ¡Å¡",13,3,0.003203788778542771,0.16849164990671017,0.6253707254010821,0.1984048950384748,0.004528940875190179
"Tetak, TadeÃ¡Å¡",14,4,0.005242161372941201,0.10651671278800129,0.4379705901017719,0.37910739977388486,0.07116313596340074
"Tetak, TadeÃ¡Å¡",15,5,0.02833652218212218,0.3015250555475063,0.5175118276990172,0.14625311592148726,0.006373478649867037
"Tetak, TadeÃ¡Å¡",16,4,0.007227259122476903,0.1981103134801746,0.5829092158116261,0.20406546603179876,0.007687745553923597
"Tetak, TadeÃ¡Å¡",17,3,0.004894778377509235,0.15893717129447138,0.5703514829449419,0.2529382009152973,0.012878366467780289
"Tetak, TadeÃ¡Å¡",18,5,0.06314582456545503,0.3196041132861304,0.44167417315512275,0.16030458583558826,0.01527130315770353
"Trainer, Martin",1,4,0.0038136559316452323,0.13519848084657726,0.5519574253402502,0.29035779949370355,0.018672638387823848
"Trainer, Martin",2,4,0.010018266195496117,0.14840417394222594,0.4685092936498955,0.3234368818589367,0.04963138435344572
"Trainer, Martin",3,5,0.025454637425025184,0.1921413879154864,0.4347152811090199,0.28871811593263497,0.05897057761783353
"Trainer, Martin",4,3,0.014368927418612731,0.15214918495507157,0.4325869506470258,0.3301247576522074,0.07077017932708252
"Trainer, Martin",5,4,0.008621856676334583,0.22202455864403864,0.5874224607057165,0.1765877777041277,0.005343346269782612
"Trainer, Martin",6,4,0.004192542027751656,0.17413223005570733,0.6076759277493998,0.20791144284967467,0.006087857317466527
"Trainer, Martin",7,3,0.0032534372609467344,0.10026870621197942,0.4748035620072241,0.3729103906163619,0.04876390390348784
"Trainer, Martin",8,5,0.026469667869601365,0.1944403434595363,0.43346839280753946,0.2866494369557666,0.05897215890755625
"Trainer, Martin",9,4,0.007384937060378516,0.1217561724814128,0.44112512017055633,0.3609041635870044,0.06882960670064797
"Trainer, Martin",10,4,0.00546742104964959,0.10475546851065809,0.4272570708555552,0.38376823586567665,0.07875180371846047
"Trainer, Martin",11,3,0.01925392956015054,0.29701757733351636,0.5508971099089267,0.12940961175560073,0.0034217714418056655
"Trainer, Martin",12,4,0.005972224832363926,0.12463593830534303,0.4745569416695288,0.346075134713999,0.04875976047876529
"Trainer, Martin",13,3,0.0021158559180332603,0.13758202827647092,0.6173996209253485,0.23625318578456245,0.00664930909558481
"Trainer, Martin",14,4,0.0038989851243582674,0.089770981142475,0.4157904402892623,0.4045577300145847,0.08598186342931968
"Trainer, Martin",15,5,0.021879605884459807,0.26898473499507713,0.5289524650790781,0.1715314720112302,0.00865172203015474
"Trainer, Martin",16,4,0.0051111752160658,0.1671782203980276,0.5787936939705983,0.23821999012154815,0.010696920293760126
"Trainer, Martin",17,3,0.003423306654623648,0.13227127360149926,0.5573419687630433,0.28948344021380545,0.01748001076702832
"Trainer, Martin",18,5,0.05243015717034555,0.29542777089321276,0.45155154979079926,0.18137079713115267,0.019219725014489764
"Vaillant, Tom",1,4,0.007436231210703637,0.1896427635474533,0.5706131825013728,0.22199140644955717,0.010316416290913066
"Vaillant, Tom",2,4,0.016544336574347063,0.19348909565412353,0.4878752843702464,0.2694337593854902,0.032657524015792805
"Vaillant, Tom",3,5,0.037534816433601625,0.23401489332883413,0.4419960188540415,0.2451439691514692,0.041310302232053564
"Vaillant, Tom",4,3,0.0223252758794229,0.19276461982747123,0.4513717949653245,0.28398613064877365,0.04955217867900774
"Vaillant, Tom",5,4,0.01618616397268413,0.29410231081929417,0.5645813203607809,0.12253093771435397,0.002599267132886829
"Vaillant, Tom",6,4,0.008557279586616284,0.2429200218994147,0.6004051396889697,0.14521801392159195,0.0028995449034073806
"Vaillant, Tom",7,3,0.006094265420280798,0.14138825448028997,0.5123679115203597,0.30950485535966643,0.030644713219403208
"Vaillant, Tom",8,5,0.03886301679263282,0.2361425869034191,0.4401631561767026,0.24344672185133054,0.04138451827591494
"Vaillant, Tom",9,4,0.01235708518952311,0.16168063873596084,0.46996687709679047,0.30919445167592774,0.046800947301797846
"Vaillant, Tom",10,4,0.009364254327368038,0.14179817677549217,0.46215269960500593,0.332701602896351,0.05398326639578288
"Vaillant, Tom",11,3,0.03320981146998103,0.3702800434423054,0.5075091897549666,0.08735028020118496,0.0016506751315619184
"Vaillant, Tom",12,4,0.010458197050493168,0.16852947726958217,0.5022028363740896,0.287457928928767,0.0313515603770681
"Vaillant, Tom",13,3,0.004674984937950211,0.20134431868583752,0.6250407682389351,0.1658401618191877,0.003099766318089503
"Vaillant, Tom",14,4,0.006880070552776674,0.12420861263818245,0.4563438969276272,0.3535588434055087,0.05900857647590496
"Vaillant, Tom",15,5,0.03584838986874811,0.33277176249769747,0.5021456214518374,0.12451220217177261,0.00472202400994437
"Vaillant, Tom",16,4,0.009910575644860586,0.22997913200824682,0.5803821191891956,0.17417699249099017,0.00555118066670679
"Vaillant, Tom",17,3,0.0067847032061400525,0.18697642225417876,0.5766573265725061,0.2200570502426521,0.009524497724523018
"Vaillant, Tom",18,5,0.07480637491963876,0.34191946424255554,0.4294922371420282,0.14158823850433977,0.012193685191437709
"Van Der Vight, Lars",1,4,0.005278392945410493,0.1598321576259848,0.5638592312518411,0.2568790134104273,0.014151204766336356
"Van Der Vight, Lars",2,4,0.012783930072484129,0.16915179792043017,0.4796108232919703,0.2976456608082523,0.040807787906863124
"Van Der Vight, Lars",3,5,0.030740867625251578,0.21181361598349036,0.43962310672754795,0.2679099175297561,0.04991249213395399
"Van Der Vight, Lars",4,3,0.01779734531318583,0.1709613544625348,0.44301995509525544,0.3083215712503429,0.05989977387868106
"Van Der Vight, Lars",5,4,0.011723763308022161,0.25547306466213104,0.5797525011351484,0.14923757842421392,0.003813092470484447
"Van Der Vight, Lars",6,4,0.005937043474270265,0.20549127351352797,0.6079278216260391,0.17634063253617105,0.004303228849991569
"Van Der Vight, Lars",7,3,0.004413485443928611,0.11874590718959455,0.49475567804915477,0.34282642293279086,0.03925850638453121
"Van Der Vight, Lars",8,5,0.031899591004137584,0.2140508373891109,0.43808144697288004,0.26601366321642295,0.049954461417448526
"Van Der Vight, Lars",9,4,0.00948221877589428,0.13998602842945035,0.4564883406640083,0.3365660320040256,0.05747738012662151
"Van Der Vight, Lars",10,4,0.007099401263513383,0.12155737430752628,0.44538236082131116,0.3599398016295562,0.06602106197809299
"Van Der Vight, Lars",11,3,0.025129422205906304,0.33186754893365444,0.5326701088668889,0.10790176121247619,0.0024311587810741386
"Van Der Vight, Lars",12,4,0.007841047696375614,0.14461158548681902,0.48972639722326566,0.31815278935986835,0.03966818023367136
"Van Der Vight, Lars",13,3,0.00311382288440043,0.1662015912270955,0.6250892559231525,0.20094058056338504,0.004654749401966529
"Van Der Vight, Lars",14,4,0.005136289610228606,0.10528114573479769,0.436506744019949,0.38094441025287673,0.07213141038214799
"Van Der Vight, Lars",15,5,0.02783828117851256,0.2992274350547,0.5184760914806396,0.14794463149066717,0.006513560795480711
"Van Der Vight, Lars",16,4,0.007057346896818584,0.1958525782493708,0.5828475308857035,0.20637160222354778,0.007870941744559268
"Van Der Vight, Lars",17,3,0.004775946237524753,0.15697244987579506,0.5696499325122593,0.2554394841462717,0.013162187228149214
"Van Der Vight, Lars",18,5,0.062344615042265294,0.31792935591021554,0.4424673302720107,0.16173585004198787,0.015522848733520611
"Van Driel, Darius",1,4,0.007239675098795362,0.18716538401987276,0.5703221302514139,0.2246884142821559,0.010584396347762093
"Van Driel, Darius",2,4,0.016213741284810845,0.19149399449233367,0.48737154383962067,0.2716678939480447,0.03325282643519012
"Van Driel, Darius",3,5,0.03695255929618507,0.2322275926265585,0.4419233937336803,0.2469487001398185,0.041947754203757626
"Van Driel, Darius",4,3,0.021932349878312107,0.19098668295226634,0.4508289575666251,0.2859322940857275,0.05031971551706893
"Van Driel, Darius",5,4,0.01578417390623227,0.29096571902837104,0.5660373369268309,0.12453155781693248,0.0026812123216333195
"Van Driel, Darius",6,4,0.008316662570950761,0.23983269874808744,0.6012975793218657,0.14755920298986525,0.002993856369230885
"Van Driel, Darius",7,3,0.005942228058990917,0.13949391800844124,0.5111400348046339,0.3121563309680542,0.031267488159879786
"Van Driel, Darius",8,5,0.03826682868466624,0.23436563698948576,0.44011235474427257,0.24523536018776193,0.042019819393813496
"Van Driel, Darius",9,4,0.012103378097344186,0.15988952736155487,0.4690296397146279,0.3113896145819042,0.04758784024456886
"Van Driel, Darius",10,4,0.009163253860937526,0.14011734016974836,0.46094488810417417,0.3349016853003073,0.05487283256483266
"Van Driel, Darius",11,3,0.03249655352937608,0.36723245635319024,0.5096936709558904,0.08887411980126769,0.0017031993602756312
"Van Driel, Darius",12,4,0.010225034192854532,0.1665498483882929,0.5013760588368854,0.289893168581538,0.03195589000042909
"Van Driel, Darius",13,3,0.004529026896577748,0.1984066440964175,0.6253705450766361,0.1684900582247445,0.0032037257056241053
"Van Driel, Darius",14,4,0.006724233236646893,0.12262726449195477,0.4548848569269671,0.3557844580621963,0.05997918728223495
"Van Driel, Darius",15,5,0.03514830358245902,0.33009957532896983,0.5036214779312248,0.12628411474124512,0.004846528416101226
"Van Driel, Darius",16,4,0.009651297598947062,0.2271665555968736,0.5808419675322121,0.1766295993063569,0.005710579965610307
"Van Driel, Darius",17,3,0.006601079264948573,0.1844787899715824,0.5763537802760366,0.22278853761550743,0.009777812871925029
"Van Driel, Darius",18,5,0.07374965323875426,0.34004389738045165,0.4306349707336547,0.143137592006372,0.012433886640767389
"Van Meijel, Lars",1,4,0.006029450223367316,0.17092156163690186,0.5672403746584066,0.24325309870371203,0.012555514777612187
"Van Meijel, Lars",2,4,0.014128197659421027,0.17829325178173044,0.4832730669703311,0.2867996626444842,0.03750582094403321
"Van Meijel, Lars",3,5,0.03321516233528343,0.2202570616394499,0.44090731278949313,0.259162115449455,0.04645834778631852
"Van Meijel, Lars",4,3,0.019431560115156787,0.17918150656197385,0.4466124976549323,0.2990269778263178,0.055747457841619275
"Van Meijel, Lars",5,4,0.01328989045495571,0.2700716198371223,0.5747482885442919,0.1385925424967509,0.003297658666879144
"Van Meijel, Lars",6,4,0.00684330268489719,0.21948426035059104,0.6059973521905477,0.16396951920689862,0.003705565567065472
"Van Meijel, Lars",7,3,0.0050016644825336964,0.1271307662072067,0.5020605226361414,0.33005997638416307,0.03574707028995516
"Van Meijel, Lars",8,5,0.03443742640777836,0.22245753315008676,0.43924974251661253,0.25734123285404165,0.046514065071480704
"Van Meijel, Lars",9,4,0.010507070935766916,0.14809549778216174,0.46208792776581586,0.3261332899519567,0.0531762135642988
"Van Meijel, Lars",10,4,0.00790344085678657,0.12909297924227064,0.4522149923500175,0.3496091046918258,0.061179482859099465
"Van Meijel, Lars",11,3,0.02800867327277551,0.34661053422912363,0.5236255001365867,0.09965617939119864,0.0020991129703155087
"Van Meijel, Lars",12,4,0.00876744417303671,0.15353586531535096,0.49504055572144456,0.30636791649190387,0.0362882182982639
"Van Meijel, Lars",13,3,0.0036463282084188142,0.17921831387043524,0.6261231171702819,0.18702143146322803,0.003990809287636066
"Van Meijel, Lars",14,4,0.005752143417003253,0.11229796798533448,0.4444907925783527,0.37060261934288874,0.0668564766764208
"Van Meijel, Lars",15,5,0.03071365637682233,0.31206976159966454,0.5127921077084177,0.13865893324264555,0.005765541072449976
"Van Meijel, Lars",16,4,0.008052196524399202,0.20861981130021828,0.5827551131109181,0.19367687882353923,0.006896000240925182
"Van Meijel, Lars",17,3,0.0054732256988180294,0.1681205521785239,0.5731527842047486,0.24160807362937098,0.011645364288538573
"Van Meijel, Lars",18,5,0.0669173366864465,0.32722978611926445,0.43785259297859513,0.15383655988656064,0.014163724329133265
"Van Veen, Vince",1,4,0.005003345202112486,0.15553951451513154,0.5622436884584825,0.2623799634286824,0.014833488395591066
"Van Veen, Vince",2,4,0.012280391547701441,0.16558221845198406,0.4779859332474029,0.3019651239895166,0.04218633276339501
"Van Veen, Vince",3,5,0.029799241594600512,0.20848069363963484,0.4389832920551095,0.27139338000566793,0.05134339270498722
"Van Veen, Vince",4,3,0.017180170269209927,0.1677407271732193,0.44145801916401983,0.3120022984313948,0.061618784962156115
"Van Veen, Vince",5,4,0.011146358268883216,0.24974715307607642,0.581454951259524,0.1536139057636824,0.0040376316318340155
"Van Veen, Vince",6,4,0.005606964041236673,0.20005341928502696,0.6083621990633201,0.18141320809931927,0.004564209511097039
"Van Veen, Vince",7,3,0.004197075137984174,0.11551168687897961,0.49166555620477426,0.347893283381722,0.04073239839653997
"Van Veen, Vince",8,5,0.030933191620859335,0.21073074370160327,0.43748913583232957,0.26946754757883074,0.05137938126637709
"Van Veen, Vince",9,4,0.009099205931106524,0.13683225139336858,0.4541155776076068,0.3406888939687933,0.05926407109912479
"Van Veen, Vince",10,4,0.006799955858810491,0.11863680956756784,0.44253011721280494,0.3640039076043624,0.06802920975645432
"Van Veen, Vince",11,3,0.02405432608870184,0.32600863842439975,0.5360488124073279,0.11131214560000069,0.0025760774795697827
"Van Veen, Vince",12,4,0.007496910827189451,0.14114683115589377,0.48743332229531194,0.32283979315382794,0.0410831425677769
"Van Veen, Vince",13,3,0.0029220895933924074,0.16118331758729015,0.6243143300881467,0.2066348699382592,0.004945392792911507
"Van Veen, Vince",14,4,0.0049079233330612815,0.10257149220247486,0.43320589701398854,0.38499659845615697,0.07431808899431835
"Van Veen, Vince",15,5,0.026757731576016075,0.2941330192795301,0.5205312117551667,0.15174356619481222,0.006834471194474889
"Van Veen, Vince",16,4,0.006692518033791728,0.1908871677622906,0.5825883337336286,0.21154035749399647,0.0082916229762926
"Van Veen, Vince",17,3,0.004521170475766778,0.15266159266072782,0.5679776979619251,0.2610275758289591,0.013811963072621225
"Van Veen, Vince",18,5,0.06059345804260563,0.3141989110756685,0.44417503161886157,0.16493830616081728,0.01609429310204702
"Van Velzen, Ryan",1,4,0.005898537404351645,0.16905021339922977,0.5667465255719346,0.24549557260570354,0.01280915101878044
"Van Velzen, Ryan",2,4,0.013896903980995523,0.1767583884425542,0.482706926268445,0.2885993277050405,0.03803845360296476
"Van Velzen, Ryan",3,5,0.03279333004476498,0.21884843338355525,0.44072618830251553,0.26061384763643636,0.04701820063272788
"Van Velzen, Ryan",4,3,0.019151703780377116,0.1778040206289428,0.4460491083879549,0.3005744433324835,0.05642072387024166
"Van Velzen, Ryan",5,4,0.0130179710134401,0.26762742172702697,0.5756505252366262,0.14032543532367792,0.0033786466992288267
"Van Velzen, Ryan",6,4,0.006684850772190942,0.21712857745880687,0.6064007264022606,0.16598651307684642,0.003799332289895152
"Van Velzen, Ryan",7,3,0.004899412913487944,0.1257127462128133,0.5008938265280138,0.33218240526552856,0.036311609080156404
"Van Velzen, Ryan",8,5,0.03400491569899189,0.22105545716933717,0.4390875143783267,0.25878035425082624,0.04707175850251799
"Van Velzen, Ryan",9,4,0.01033049955882881,0.14673060407767347,0.46119447383977097,0.3278722673712502,0.053872155152476564
"Van Velzen, Ryan",10,4,0.007764633603035032,0.12782209595740762,0.4511140914540385,0.35133560067292013,0.06196357831259869
"Van Velzen, Ryan",11,3,0.02751241247313546,0.3441614924932042,0.525181237463449,0.10099363028499297,0.0021512272852183267
"Van Velzen, Ryan",12,4,0.00860728173394859,0.15203237328064956,0.4942029774518692,0.3083248551770673,0.03683251235646534
"Van Velzen, Ryan",13,3,0.0035526114586856283,0.17701666946954625,0.6260420543650783,0.18929385480523475,0.004094809901455054
"Van Velzen, Ryan",14,4,0.005645557103198862,0.11111204685709236,0.44319640039863695,0.37233496200079075,0.06771103364028108
"Van Velzen, Ryan",15,5,0.030219878928605393,0.30993396842108634,0.5137868354520363,0.1401751160027328,0.005884201195539118
"Van Velzen, Ryan",16,4,0.007878929956272263,0.2064713779920347,0.5828441011745014,0.19575549350666055,0.007050097370531194
"Van Velzen, Ryan",17,3,0.005351529170506908,0.16623815376003265,0.5726408049460183,0.24388332722806783,0.011886184895374297
"Van Velzen, Ryan",18,5,0.06614062821984446,0.32569318106267,0.438650594413623,0.15513356841748205,0.014382027886380544
"Veerman, Johannes",1,4,0.008009888743867766,0.19664869878301927,0.5711976141029894,0.21454423153590785,0.0095995668342157
"Veerman, Johannes",2,4,0.017497675406931534,0.19910695855270644,0.4891376791574769,0.2632152519458698,0.031042434937015306
"Veerman, Johannes",3,5,0.0391995662615679,0.23901783047597058,0.4420919195478102,0.2401180012186751,0.03957268249597623
"Veerman, Johannes",4,3,0.023453434075789203,0.19776268406707148,0.45277294917517397,0.27855152959069085,0.0474594030912745
"Veerman, Johannes",5,4,0.017354780307220874,0.3029020622083606,0.5602988465281893,0.11706191211091632,0.002382398845312883
"Veerman, Johannes",6,4,0.009261414945745061,0.25162719513478427,0.5976509556489087,0.1388100997639372,0.002650334506624774
"Veerman, Johannes",7,3,0.006536975814267154,0.1467584130801916,0.5156289689408609,0.3021148970948846,0.028960745069795735
"Veerman, Johannes",8,5,0.04056703019026736,0.2411151357048687,0.44019947349818944,0.2384658143260876,0.0396525462805869
"Veerman, Johannes",9,4,0.013089670376242535,0.166736308912443,0.4724542869619887,0.30305982174333324,0.04465991200599251
"Veerman, Johannes",10,4,0.00994576605516595,0.14655186075650456,0.465401947476437,0.3265395482024058,0.05156087750948668
"Veerman, Johannes",11,3,0.03526891415840877,0.3787633789473454,0.5012581135675446,0.08319779837359187,0.00151179495310938
"Veerman, Johannes",12,4,0.011133608542418627,0.17412145900826015,0.5043538527613841,0.2806763274447833,0.029714752243153786
"Veerman, Johannes",13,3,0.00510478593673902,0.20966636129441846,0.6238236506776882,0.15857970126829213,0.002825500822862148
"Veerman, Johannes",14,4,0.007331996387293149,0.12869001232858518,0.46029968899064544,0.3473134966294662,0.05636480566401003
"Veerman, Johannes",15,5,0.0378628902517234,0.3402218912934645,0.49787284083117733,0.11965287730356633,0.004389500320068462
"Veerman, Johannes",16,4,0.010666624236774447,0.23791015775570157,0.5788597728167384,0.16743642305930062,0.005127022131484971
"Veerman, Johannes",17,3,0.007321266794915682,0.19404346067409584,0.5772694632137234,0.2125181779284815,0.008847631388783528
"Veerman, Johannes",18,5,0.07781669686127751,0.34711693997717097,0.42620657576485826,0.13731532524384604,0.011544462152847212
"Verdonk, Aydan",1,4,0.002818746856960541,0.11523259155127236,0.536848909745927,0.3213575090760362,0.023742242769803856
"Verdonk, Aydan",2,4,0.00799070143940428,0.13104996813304992,0.4558178126103577,0.3463220798843739,0.05881943793281419
"Verdonk, Aydan",3,5,0.021368607101919068,0.17508327701983356,0.42813218473318426,0.30723128823838886,0.06818464290667425
"Verdonk, Aydan",4,3,0.011784992792164106,0.13622198905995964,0.42107135621631336,0.3491232305990284,0.0817984313325345
"Verdonk, Aydan",5,4,0.006470969845061847,0.1938114001907491,0.5890586617083053,0.20349404420476835,0.007164924051115351
"Verdonk, Aydan",6,4,0.0030306230911336662,0.14846021174051538,0.6016254036707427,0.23865747376136115,0.008226287736247118
"Verdonk, Aydan",7,3,0.0024520728840810024,0.08542940301663754,0.4541012197905813,0.3991996680899974,0.05881763621870273
"Verdonk, Aydan",8,5,0.022263995386157365,0.17740777055060036,0.42716907724123443,0.3050193906954295,0.06813976612657835
"Verdonk, Aydan",9,4,0.0058583417511713365,0.10669667738307248,0.4250734193217707,0.38190995695419616,0.08046160458978935
"Verdonk, Aydan",10,4,0.004292933375185604,0.09102715437874476,0.4089656379423247,0.40398371926542287,0.09173055503832206
"Verdonk, Aydan",11,3,0.015006379924525082,0.2664012366914435,0.5629648256272121,0.15101838794290146,0.004609169813917902
"Verdonk, Aydan",12,4,0.004639509097672356,0.10824324111285943,0.45811750940321355,0.37069693239764057,0.05830280798861409
"Verdonk, Aydan",13,3,0.0014759410394791783,0.11475705571041522,0.6043733014400516,0.2703376355762447,0.009056066233809279
"Verdonk, Aydan",14,4,0.003021150091409408,0.07724674558004274,0.39538515667170687,0.424274432909465,0.100072514747376
"Verdonk, Aydan",15,5,0.01747390752600564,0.2424973670332523,0.5345171983685104,0.19443178973956132,0.011079737332670314
"Verdonk, Aydan",16,4,0.003784223606767334,0.1436087865109561,0.570089419565773,0.2685586052229135,0.01395896509359007
"Verdonk, Aydan",17,3,0.0025114976019181556,0.11232333305124914,0.5417406742570354,0.3210752073591614,0.022349287730635936
"Verdonk, Aydan",18,5,0.04461548038188745,0.2749749110417886,0.4573137692125824,0.19993242679353607,0.02316341257020549
"Von Dellingshausen, Nicolai",1,4,0.00753443189205677,0.1908653277938525,0.5707403146259997,0.2206728845778294,0.010187041110261585
"Von Dellingshausen, Nicolai",2,4,0.01670872918308397,0.19447198542155303,0.48811267053293844,0.26833809813455145,0.03236851672787311
"Von Dellingshausen, Nicolai",3,5,0.03782338139414321,0.23489335544913742,0.44202428573995306,0.24425872035848262,0.041000257058283696
"Von Dellingshausen, Nicolai",4,3,0.02252032975684176,0.19363994767895715,0.4516304236508496,0.28303047670188075,0.04917882221147074
"Von Dellingshausen, Nicolai",5,4,0.016386693592407686,0.29564537930198176,0.5638513119667319,0.12155674163075625,0.002559873508122479
"Von Dellingshausen, Nicolai",6,4,0.008677620072943093,0.2444419868804844,0.5999487416772743,0.1440774173299948,0.002854234039303405
"Von Dellingshausen, Nicolai",7,3,0.006170155700399471,0.14232397392641055,0.5129592794495867,0.30820382390730616,0.030342767016297012
"Von Dellingshausen, Nicolai",8,5,0.039158447354074366,0.23701586395829827,0.4401808004116606,0.24256938412677775,0.041075504149189035
"Von Dellingshausen, Nicolai",9,4,0.012483309324271719,0.16256386707470738,0.47041813870445665,0.30811619266279866,0.046418492233765596
"Von Dellingshausen, Nicolai",10,4,0.00946433116899209,0.14262766172075625,0.4627372635283748,0.3316199756868079,0.05355076789506896
"Von Dellingshausen, Nicolai",11,3,0.0335646471638138,0.37177473533725774,0.5064259994412381,0.0866091838187647,0.0016254342389255827
"Von Dellingshausen, Nicolai",12,4,0.010574344985880613,0.16950595936624185,0.502597926585888,0.28626340324764465,0.031058365814344957
"Von Dellingshausen, Nicolai",13,3,0.004748161239029214,0.2027950399649337,0.6248583215991819,0.16454862546753746,0.0030498517293178207
"Von Dellingshausen, Nicolai",14,4,0.0069577332197204855,0.12498962192074203,0.4570521759811417,0.35246384319822266,0.05853662568017315
"Von Dellingshausen, Nicolai",15,5,0.03619622666776623,0.3340831341108209,0.5014103906776163,0.12364829445816872,0.004661954085627862
"Von Dellingshausen, Nicolai",16,4,0.010040068528387236,0.23136555676066245,0.5801398127072008,0.17298017575388402,0.005474386249865404
"Von Dellingshausen, Nicolai",17,3,0.006876486317029862,0.18820924445008702,0.5767900975010584,0.21872191541766872,0.009402256314156032
"Von Dellingshausen, Nicolai",18,5,0.0753293384217924,0.34283769597212,0.42892454440497024,0.14083117418190683,0.012077247019210535
"Walker, Jimmy",1,4,0.005082809527551302,0.15679356928750066,0.562734182906169,0.26075930666447855,0.01463013161430049
"Walker, Jimmy",2,4,0.012426536726602766,0.1666269032191135,0.47847314515280465,0.3006960070941286,0.04177740780735051
"Walker, Jimmy",3,5,0.030073412310668124,0.2094582536117841,0.43917885743863416,0.27036988350903135,0.05091959312988226
"Walker, Jimmy",4,3,0.017359593982057553,0.16868393603527704,0.44192466969494154,0.3109220773737481,0.06110972291397576
"Walker, Jimmy",5,4,0.011313400435999876,0.2514243050083618,0.5809720007456024,0.15231983812094896,0.003970455689086938
"Walker, Jimmy",6,4,0.005702221061122947,0.20164324041637144,0.608254364187196,0.17991407954791305,0.004486094787396588
"Walker, Jimmy",7,3,0.004259658518315446,0.11645588320461148,0.4925840746350925,0.34640565811879387,0.04029472552318669
"Walker, Jimmy",8,5,0.031214610371384177,0.21170464000561623,0.43767066544098393,0.26845271440667207,0.0509573697753436
"Walker, Jimmy",9,4,0.009210319309480797,0.1377545000821121,0.45482111649677337,0.33947945324422124,0.058734610867412496
"Walker, Jimmy",10,4,0.006886765168509057,0.11949027317897737,0.443375841887838,0.3628128143323297,0.06743430543234585
"Walker, Jimmy",11,3,0.024366146267993938,0.3277292410017561,0.535069442501853,0.11030246506100294,0.0025327051673940115
"Walker, Jimmy",12,4,0.007596624185986889,0.14215965888643034,0.48811744022277465,0.3214630885510793,0.040663188153728824
"Walker, Jimmy",13,3,0.0029772933581450056,0.16264811396422407,0.6245634336278141,0.20495280200567123,0.004858357044145611
"Walker, Jimmy",14,4,0.0049740688636426555,0.10336274448782629,0.4341828303551154,0.3838099862657066,0.07367037002770904
"Walker, Jimmy",15,5,0.02707154342198037,0.29562861653614475,0.5199397816254527,0.15062130186705014,0.006738756549371949
"Walker, Jimmy",16,4,0.006797949482616028,0.19233911764286027,0.5826819711988173,0.21001495365073386,0.008166008024972582
"Walker, Jimmy",17,3,0.004594744272180706,0.15392070049425027,0.568485329861065,0.2593810023415666,0.013618223030937404
"Walker, Jimmy",18,5,0.06110397673906637,0.3152965332664933,0.44368099713687464,0.16399395350775736,0.01592453934980831
"Whitnell, Dale",1,4,0.0056286872266916865,0.16511320917503775,0.5656075408276122,0.25028768191579676,0.013362880854861592
"Whitnell, Dale",2,4,0.013416224217327688,0.17351916064819806,0.4814482371046318,0.2924255854735709,0.03919079255627156
"Whitnell, Dale",3,5,0.031911592918041576,0.21586374485645227,0.44029879818190704,0.2637000154340472,0.048225848609551925
"Whitnell, Dale",4,3,0.018568370394619282,0.17489341037676953,0.4448079595903987,0.303857576167879,0.057872683470333475
"Whitnell, Dale",5,4,0.01245607113882552,0.2624597431707235,0.5774738490298305,0.14405362741509808,0.003556709245522427
"Whitnell, Dale",6,4,0.006358866578724254,0.21216507777275534,0.6071485393315722,0.17032183442013926,0.004005681896808944
"Whitnell, Dale",7,3,0.004688291112376619,0.12273356472871338,0.4983530727797151,0.3366895751899025,0.03753549618929242
"Whitnell, Dale",8,5,0.033100655522636246,0.21808409573171733,0.4387007464108804,0.26183984605613364,0.048274656278632366
"Whitnell, Dale",9,4,0.009963855301273805,0.1438544605300051,0.4592476064477554,0.33155911004212557,0.05537496767884009
"Whitnell, Dale",10,4,0.0074767717659262045,0.12514745460343835,0.44872992424743274,0.354990047074194,0.06365580230900869
"Whitnell, Dale",11,3,0.026482170912373204,0.3389580410836547,0.5284164561515599,0.10387744670875798,0.0022658851436543337
"Whitnell, Dale",12,4,0.008275434714638985,0.14886606805832348,0.4923636115177048,0.3124835739610011,0.03801131174833161
"Whitnell, Dale",13,3,0.003360608505549423,0.17239134406889217,0.6257499332031702,0.19417421149042657,0.004323902731961704
"Whitnell, Dale",14,4,0.00542486555125854,0.10861954892644604,0.4404040574432589,0.3759965691880669,0.06955495889096963
"Whitnell, Dale",15,5,0.029192430239121714,0.3053994557312243,0.5158336180700998,0.14343092551635084,0.00614357044320335
"Whitnell, Dale",16,4,0.007521590954560786,0.20194342916410307,0.5829358498022443,0.20021145108248883,0.0073876789966029754
"Whitnell, Dale",17,3,0.005100881906500154,0.16227940285417236,0.5714605322753705,0.2487468721794075,0.012412310784549407
"Whitnell, Dale",18,5,0.06451332678749266,0.3224174637965243,0.44030455708322375,0.15790909285265808,0.0148555594801012
"Wiesberger, Bernd",1,4,0.007479735866016801,0.19018560736150436,0.5706709667301225,0.22140494965170987,0.010258740390646448
"Wiesberger, Bernd",2,4,0.016617228259349193,0.19392565448963334,0.48798159557931214,0.26894670698872514,0.03252881468298019
"Wiesberger, Bernd",3,5,0.037662844818023566,0.23440523647583394,0.44200918246254484,0.24475046569394654,0.04117227054965111
"Wiesberger, Bernd",4,3,0.022411789839101248,0.19315345070301454,0.45148738060790583,0.2835614147141673,0.04938596413581109
"Wiesberger, Bernd",5,4,0.016275027202848902,0.29478785683130493,0.5642581068614928,0.12209731738261931,0.0025816917217340585
"Wiesberger, Bernd",6,4,0.008610582295763891,0.24359593684308228,0.6002037805010104,0.14471037308624168,0.0028793272739017217
"Wiesberger, Bernd",7,3,0.0061278917224766305,0.14180366107062042,0.512631671987094,0.30892656611847913,0.030510209101329844
"Wiesberger, Bernd",8,5,0.03899409438935747,0.2365306340144246,0.44017159118890825,0.2430567335635344,0.04124694684377528
"Wiesberger, Bernd",9,4,0.012413047664198262,0.16207286406573973,0.4701681580434586,0.30871527388190767,0.046630656344695764
"Wiesberger, Bernd",10,4,0.009408618065715801,0.1421664839628647,0.4624131879287562,0.3322210053734068,0.053790704669256506
"Wiesberger, Bernd",11,3,0.033367132902333785,0.37094447046273626,0.5070286450910428,0.08702033834020872,0.0016394132036783304
"Wiesberger, Bernd",12,4,0.01050968037902933,0.16896309128972137,0.502379310404093,0.28692694758536996,0.03122097034178628
"Wiesberger, Bernd",13,3,0.004707382607687771,0.20198838796910562,0.6249613509641896,0.16526538651066702,0.003077491948350053
"Wiesberger, Bernd",14,4,0.006914492278868756,0.12455534513992339,0.4566593389867243,0.3530723702603722,0.05879845333411138
"Wiesberger, Bernd",15,5,0.036002644412346296,0.3333546336696988,0.5018197203094028,0.12412776005789561,0.0046952415506564815
"Wiesberger, Bernd",16,4,0.009967946907832426,0.2305948601401654,0.5802757726543889,0.17364448784829523,0.005516932449318057
"Wiesberger, Bernd",17,3,0.006825361231892368,0.18752379944100722,0.5767176571975017,0.21946318442467383,0.00946999770492496
"Wiesberger, Bernd",18,5,0.0750384601478119,0.3423277732720446,0.42924047318282027,0.14125147807839988,0.012141815318923332
"Williams, Robin",1,4,0.006938107993082809,0.1832826364253683,0.5697740056752401,0.22898457276166373,0.011020677144645052
"Williams, Robin",2,4,0.015702358717930687,0.1883577747326698,0.4865196288468906,0.2752075217472766,0.03421271595523234
"Williams, Robin",3,5,0.036046629406317476,0.2294066168532075,0.4417673258694765,0.24980710120664895,0.04297232666434958
"Williams, Robin",4,3,0.021322742665205396,0.188188616837127,0.4499266220645863,0.2890088836956899,0.051553134737391426
"Williams, Robin",5,4,0.015165788398648627,0.286023405591631,0.5682547787753132,0.1277404207275803,0.0028156065068269953
"Williams, Robin",6,4,0.00794817524123953,0.23498533017340173,0.6026067385370681,0.15131106262921068,0.003148693419079862
"Williams, Robin",7,3,0.0057085948224189775,0.13652972798774027,0.5091345950239677,0.31635312918711445,0.03227395297875857
"Williams, Robin",8,5,0.037339013521120845,0.23156045550940452,0.43999130825351757,0.24806837360936973,0.04304084910658734
"Williams, Robin",9,4,0.011711280008278702,0.15707855286979044,0.4674981086191261,0.3148578929709357,0.048854165531869054
"Williams, Robin",10,4,0.008853017394237106,0.1374829224276154,0.45898809856453054,0.33837238481091436,0.05630357680270259
"Williams, Robin",11,3,0.03139414756969405,0.36240496896040714,0.513087866880612,0.09132362002199768,0.0017893965672890477
"Williams, Robin",12,4,0.009865468882083783,0.1634446623082249,0.500008394530401,0.293750023319184,0.0329314509601063
"Williams, Robin",13,3,0.004306445082783439,0.1938081550408603,0.6257773181284789,0.1727334946186052,0.0033745871292720775
"Williams, Robin",14,4,0.00648409242936715,0.12015219196342058,0.4525329054144873,0.3592908159536844,0.06153999423904055
"Williams, Robin",15,5,0.03406383094125476,0.32587102949971747,0.505895618483432,0.12912006820691646,0.005049452868679305
"Williams, Robin",16,4,0.009253267149254063,0.22274995261137615,0.5814767296624739,0.18054902601809786,0.005971024558798055
"Williams, Robin",17,3,0.00631958503281177,0.18056575862686208,0.5757831411542806,0.22714098308173625,0.010190532104309313
"Williams, Robin",18,5,0.07210146269293166,0.337063602370882,0.4324047646407245,0.14560796109736462,0.012822209198097179
"Wilson, Andrew",1,4,0.006623160465571154,0.179115777939926,0.5690571438833962,0.23369170467033673,0.01151221304076988
"Wilson, Andrew",2,4,0.015162629791326987,0.18497900516845656,0.48551815767888384,0.2790591651143184,0.03528104224701423
"Wilson, Andrew",3,5,0.03508329515946579,0.2263516386875138,0.44154067670250563,0.2529163534530864,0.04410803599742841
"Wilson, Andrew",4,3,0.02067687867928214,0.18516964084544124,0.44888621257603817,0.292347273326764,0.05291999457247443
"Wilson, Andrew",5,4,0.014517790031884692,0.28068333859690264,0.570543081044242,0.13128734416061938,0.0029684461663512796
"Wilson, Andrew",6,4,0.007564260886954277,0.22977162800107298,0.6038856029845021,0.15545349545341458,0.0033250126740560493
"Wilson, Andrew",7,3,0.005464092627265493,0.13335502441820624,0.5068695665929794,0.32091399307526924,0.033397323286279645
"Wilson, Andrew",8,5,0.036352120094868656,0.22852183044198132,0.43980338145216497,0.2511501565823566,0.044172511428628436
"Wilson, Andrew",9,4,0.011297917810204061,0.1540564381619562,0.46576716344560604,0.3186184640031534,0.0502600165790803
"Wilson, Andrew",10,4,0.008526502639234046,0.13465541031046324,0.45679921280328073,0.3421280637936993,0.05789081045332267
"Wilson, Andrew",11,3,0.03023192825956056,0.3571539264164227,0.5166878097647818,0.09403883016286185,0.001887505396373168
"Wilson, Andrew",12,4,0.009487464027670922,0.16010857262887973,0.4984403635210447,0.2979448105915423,0.03401878923086232
"Wilson, Andrew",13,3,0.004075800455590639,0.18888123058588807,0.6260594100262853,0.17741414012709777,0.0035694188051381692
"Wilson, Andrew",14,4,0.0062318744974689255,0.11750038562311782,0.4499180670983975,0.3630785712835264,0.06327110149748938
"Wilson, Andrew",15,5,0.03291719930374748,0.32127716037215426,0.5082808479213982,0.13224638063953797,0.0052784117631621275
"Wilson, Andrew",16,4,0.00883727055620065,0.21799859208272382,0.5820372359142756,0.1848610977099132,0.006265803736886788
"Wilson, Andrew",17,3,0.006025912195262162,0.176368419721195,0.5750380237047612,0.23191167381320377,0.010655970565577877
"Wilson, Andrew",18,5,0.07034333884344712,0.333808563127024,0.43427400037368313,0.148318246323072,0.013255851332773738
"Winther, Jeff",1,4,0.007474285550038207,0.19011770651115484,0.5706638557794568,0.22147821769348708,0.010265934465863102
"Winther, Jeff",2,4,0.016608101795446417,0.19387106000810062,0.4879683772038306,0.269007580561504,0.03254488043111836
"Winther, Jeff",3,5,0.037646821799890595,0.23435643615499807,0.4420075895573835,0.2447996484546967,0.04118950403303112
"Winther, Jeff",4,3,0.022400960154407457,0.19310482898828446,0.4514729883442512,0.28361450593265825,0.049406716580398635
"Winther, Jeff",5,4,0.01626389649594362,0.29470214052803373,0.564298616671528,0.12215146354495154,0.0025838827595431324
"Winther, Jeff",6,4,0.008603903569088245,0.2435114024199384,0.6002290803417486,0.14477376616253956,0.0028818475066851867
"Winther, Jeff",7,3,0.006123679464344001,0.14175169422099188,0.5125987832679257,0.30899884772061015,0.030526995326128237
"Winther, Jeff",8,5,0.03897769002995971,0.23648212143635455,0.44017058870997916,0.2431054768519667,0.04126412297173987
"Winther, Jeff",9,4,0.012406040372287541,0.16202380782570286,0.47014306090698593,0.30877517541033006,0.04665191548469361
"Winther, Jeff",10,4,0.009403062563936915,0.1421204146818114,0.4623806865254011,0.33228109113241955,0.05381474509643103
"Winther, Jeff",11,3,0.03334743422475128,0.37086142741313605,0.5070887897025278,0.08706153155302498,0.0016408171065598331
"Winther, Jeff",12,4,0.010503232909276017,0.16890885643435705,0.5023573279710357,0.2869933132341963,0.03123726945113492
"Winther, Jeff",13,3,0.004703321976341768,0.20190781837443322,0.6249714242842411,0.16533716702522727,0.003080268339756609
"Winther, Jeff",14,4,0.006910181263328208,0.12451197008163595,0.4566199656632086,0.35313319642225105,0.05882468656957618
"Winther, Jeff",15,5,0.035983332913411714,0.3332817781199927,0.5018605339839186,0.12417577305187688,0.004698581930800083
"Winther, Jeff",16,4,0.00996075968093918,0.23051785374740408,0.5802891837087618,0.17371099967776826,0.005521203185126611
"Winther, Jeff",17,3,0.006820267236492594,0.1874553296699803,0.5767102314691873,0.21953737636415427,0.009476795260185522
"Winther, Jeff",18,5,0.07500941949902723,0.34227675261359003,0.42927199131357613,0.14129354799775606,0.012148288576050548
"Woltering, Scott",1,4,0.0034699287720613703,0.128666727014495,0.5476209375842949,0.3000792056001642,0.0201632010289845
"Woltering, Scott",2,4,0.009334292369189423,0.14278577609252546,0.46476783577576186,0.33071233301657565,0.0523997627459476
"Woltering, Scott",3,5,0.02409910062184245,0.1866828946377983,0.4328541056808089,0.294596025022658,0.06176787403689232
"Woltering, Scott",4,3,0.013504863940947187,0.14701353567650804,0.42916013158565286,0.33620001431103197,0.07412145448585994
"Woltering, Scott",5,4,0.00788331688347621,0.21290803828339333,0.5884833365077796,0.18485717543174973,0.005868132893601108
"Woltering, Scott",6,4,0.0037886122374886644,0.16575744484360572,0.6063567156078585,0.21739460414331657,0.006702623167730515
"Woltering, Scott",7,3,0.0029780612100367976,0.09540143390733608,0.46852797651842837,0.3813144909610374,0.05177803740316134
"Woltering, Scott",8,5,0.025075342780066956,0.18899291287711567,0.4316951680365974,0.2924807057459434,0.06175587056027654
"Woltering, Scott",9,4,0.006868834170653149,0.11686171888916436,0.436271489434384,0.36764477043284705,0.07235318707295146
"Woltering, Scott",10,4,0.005068955967049982,0.10027812936667047,0.4216692085870892,0.3902936534520056,0.08269005262718476
"Woltering, Scott",11,3,0.01781415143420717,0.2872510430452974,0.5551684343889898,0.1360033718010868,0.0037629993304187925
"Woltering, Scott",12,4,0.0055187517946680975,0.11929617939035864,0.46963672171113313,0.3539206008413376,0.05162774626250255
"Woltering, Scott",13,3,0.0018908067909539361,0.13007378587510737,0.6138965451269146,0.24679921479852962,0.007339647408494465
"Woltering, Scott",14,4,0.0035998440515839225,0.08567100031723518,0.4095109510649234,0.4109575373170112,0.0902606672492463
"Woltering, Scott",15,5,0.020396928432260375,0.26052984452253025,0.5311130071273602,0.17859786224989205,0.009362357667957122
"Woltering, Scott",16,4,0.004653223887647384,0.15950071588008585,0.5765544953918436,0.24764492677023886,0.01164663807018429
"Woltering, Scott",17,3,0.0031075485841552952,0.12573765583796626,0.5528620670345689,0.2993837970889156,0.018908931454393985
"Woltering, Scott",18,5,0.0498532564860637,0.2889782700865853,0.4536236455531352,0.18714664223023658,0.020398185643979216
"Wood, Chris",1,4,0.005023745480737696,0.15586255925131143,0.5623715219099574,0.26196139547474573,0.01478077788324772
"Wood, Chris",2,4,0.012317963148164968,0.1658514785588049,0.47811244009456216,0.30163762327712773,0.04208049492134025
"Wood, Chris",3,5,0.029869796047610864,0.20873282303040597,0.4390343622619133,0.2711292612751133,0.05123375738495661
"Wood, Chris",4,3,0.01722632079651326,0.1679838845050433,0.4415790559185581,0.3117236405994658,0.06148709818041953
"Wood, Chris",5,4,0.011189259313347577,0.25017953492634426,0.5813317004726025,0.15327930609431084,0.004020199193394802
"Wood, Chris",6,4,0.0056314102336741945,0.2004630520009223,0.6083359493009306,0.18102565297722928,0.004543935487243633
"Wood, Chris",7,3,0.004213146456004846,0.11575486100688054,0.4919034259803453,0.3475094836475484,0.040619082909220894
"Wood, Chris",8,5,0.03100561402818275,0.21098193605119092,0.4375365778043786,0.26920566226502174,0.05127020985122599
"Wood, Chris",9,4,0.009127767404689124,0.1370698954090464,0.45429831221880795,0.3403769457367397,0.059127079230716806
"Wood, Chris",10,4,0.006822265216394563,0.11885668252834664,0.4427489720211769,0.36369678070071343,0.06787529953336846
"Wood, Chris",11,3,0.024134473097476294,0.3264525793901379,0.535797148071059,0.11105097861013546,0.00256482083119125
"Wood, Chris",12,4,0.007522532306790064,0.1414077867040106,0.4876106875259977,0.32248456149240823,0.040974431970793423
"Wood, Chris",13,3,0.0029362466848152913,0.16156054966184336,0.6243803178757157,0.2062000858061359,0.004922799971489811
"Wood, Chris",14,4,0.004924917680607099,0.10277529219261372,0.433458562975753,0.38469070628012714,0.07415052087089902
"Wood, Chris",15,5,0.026838423029795055,0.2945188672545513,0.5203795797512424,0.15145347359293115,0.006809656371480122
"Wood, Chris",16,4,0.006719586873288663,0.19126129727172847,0.5826138898950743,0.2111461811461256,0.008259044813782923
"Wood, Chris",17,3,0.004540055864424908,0.15298591772937636,0.5681099919748835,0.26060229500080045,0.01376173943051473
"Wood, Chris",18,5,0.060724884271590396,0.3144822818344971,0.4440481589554258,0.1646943370439089,0.01605033789457777
"Wu, Brandon",1,4,0.006970489361465826,0.18370445334707713,0.5698390796511688,0.22851368921141535,0.01097228842887299
"Wu, Brandon",2,4,0.01575751794448943,0.18869905104060086,0.4866159284934222,0.27482069758770866,0.03410680493377882
"Wu, Brandon",3,5,0.03614465953860768,0.22971427075270456,0.4417868211791306,0.24949477465833458,0.042859473871222575
"Wu, Brandon",4,3,0.021388604431227143,0.18849328949350608,0.45002774728244466,0.2886730659839134,0.05141729280890872
"Wu, Brandon",5,4,0.015232285086803521,0.2865618991178225,0.5680177840903352,0.1273873904005708,0.002800641304467999
"Wu, Brandon",6,4,0.007987701739299413,0.23551245147641492,0.6024699143740677,0.1508984902027568,0.003131442207461088
"Wu, Brandon",7,3,0.005733703718473815,0.13685147439354572,0.5093573205903301,0.31589473398101786,0.03216276731663248
"Wu, Brandon",8,5,0.03743942435007164,0.23186641922131312,0.44000694987773414,0.24775881492159968,0.042928391629281415
"Wu, Brandon",9,4,0.011753552187858451,0.15738416546141265,0.4676682494516935,0.31447944057638877,0.04871459232264663
"Wu, Brandon",10,4,0.008886440064047041,0.1377691322738246,0.4592045081533884,0.3379939894444196,0.05614593006432034
"Wu, Brandon",11,3,0.03151300105038529,0.3629324631506116,0.5127209307017335,0.09105381018578429,0.0017797949114852774
"Wu, Brandon",12,4,0.009904187227372074,0.1637821622121226,0.5001612891952995,0.293328617000732,0.032823744364473884
"Wu, Brandon",13,3,0.004330265075170037,0.19430738560646066,0.6257397533942726,0.17226705639508055,0.003355539529016127
"Wu, Brandon",14,4,0.006509940493197475,0.12042088725075512,0.45279232749993825,0.3589088108798766,0.061368033876232575
"Wu, Brandon",15,5,0.034180895814257206,0.32633282897839655,0.5056509190082581,0.12880842385915914,0.005026932339929013
"Wu, Brandon",16,4,0.009296020068328248,0.22323027052758931,0.5814129465146727,0.18011868100537531,0.005942081884034445
"Wu, Brandon",17,3,0.006349797300059412,0.180990778401507,0.5758508371316178,0.22666384927420125,0.010144737892614497
"Wu, Brandon",18,5,0.072280052298895,0.33738981899790266,0.43221377975351016,0.14533704688440652,0.012779302065285658
"Zanotti, Fabrizio",1,4,0.007852976665713829,0.19476430616051443,0.5710743913439855,0.21652168123326898,0.009786644596517236
"Zanotti, Fabrizio",2,4,0.01723855614321862,0.19759936018900776,0.4888212332690176,0.26487363125974384,0.03146721913901218
"Zanotti, Fabrizio",3,5,0.03874913460998897,0.23767952719298857,0.44208169933971875,0.2414587596831249,0.0400308791741788
"Zanotti, Fabrizio",4,3,0.02314750496518181,0.19642259572298115,0.45241516555403705,0.2800034040838001,0.0480113296739999
"Zanotti, Fabrizio",5,4,0.017035796849424356,0.30054536582152774,0.5614739738796222,0.11850620206884388,0.002438661380581797
"Zanotti, Fabrizio",6,4,0.009068543824104436,0.24928868356218387,0.5984243873414955,0.14050345350751492,0.0027149317647012783
"Zanotti, Fabrizio",7,3,0.006416026710895806,0.14531208290366143,0.5147820123847728,0.304087051214865,0.02940282678580486
"Zanotti, Fabrizio",8,5,0.04010605657676197,0.23978516540997968,0.44020497489115784,0.23979451822653386,0.040109284895566644
"Zanotti, Fabrizio",9,4,0.01289041194560514,0.16537780783582456,0.4718085050215518,0.30469936313719104,0.045223912059827454
"Zanotti, Fabrizio",10,4,0.009787437139222532,0.14527316420034753,0.46455174744966526,0.32818837235904974,0.052199278851714936
"Zanotti, Fabrizio",11,3,0.034708933645273776,0.3765010576528938,0.5029496764481222,0.0842925251064407,0.001547807147269542
"Zanotti, Fabrizio",12,4,0.010949591724806751,0.17261825554474391,0.5038019696505538,0.28248533563469425,0.030144847445201295
"Zanotti, Fabrizio",13,3,0.004986671575945678,0.20742594903762868,0.6241914269233866,0.1604994234457514,0.0028965290172876523
"Zanotti, Fabrizio",14,4,0.007208794773298721,0.12748324594324534,0.4592600270354311,0.3489862844269549,0.05706164782106993
"Zanotti, Fabrizio",15,5,0.03731597980746976,0.3382333509472465,0.49903604799799767,0.12093841589106702,0.004476205356219065
"Zanotti, Fabrizio",16,4,0.010459920047341198,0.23578025545612935,0.579300737078655,0.16922169258633823,0.00523739483153618
"Zanotti, Fabrizio",17,3,0.0071744074786811995,0.19214208433390134,0.5771398755880146,0.21451946668934252,0.009024165910060389
"Zanotti, Fabrizio",18,5,0.07700378052563878,0.3457342032474941,0.4270979439541456,0.13844920914668046,0.011714863126041086
