player,hole,par,p_eagle_or_better,p_birdie,p_par,p_bogey,p_double_or_worse
"Aberg, Ludvig",1,4,0.0024211972297412676,0.15326462229495497,0.6303201111577277,0.20930053906649182,0.004693530251084321
"Aberg, Ludvig",2,4,0.020228507533183504,0.23014147036377758,0.5084152380900289,0.22236592950386347,0.01884885450914664
"Aberg, Ludvig",3,4,0.011907053931631828,0.308128712470141,0.5873649810380819,0.09168708815238502,0.0009121644077603186
"Aberg, Ludvig",4,4,0.007808316100802237,0.1886169664584909,0.5643614072771478,0.22767398326723154,0.011539326896327529
"Aberg, Ludvig",5,3,9.326628625566658e-05,0.09704617008344807,0.7758300569148475,0.1268581212203016,0.00017238549514708712
"Aberg, Ludvig",6,5,0.03528002624714849,0.3513950011716625,0.5044077935606813,0.10596106526878502,0.0029561137517226665
"Aberg, Ludvig",7,4,0.004887205042955922,0.2076573956395169,0.6259924508383823,0.15869903633607263,0.0027639121430722557
"Aberg, Ludvig",8,3,0.007480562865894214,0.22911316357614514,0.6044395634988055,0.15565021732425577,0.0033164927348994233
"Aberg, Ludvig",9,4,0.0039574558695215645,0.17845099477785087,0.6180412528129651,0.19478875764938475,0.00476153889027775
"Aberg, Ludvig",10,4,0.011505155241001153,0.2618142009224099,0.5838424035403873,0.1397485997965584,0.0030896404996432203
"Aberg, Ludvig",11,3,0.00796315255333957,0.2595242446328722,0.6114598342967339,0.11951412532372285,0.0015386431933315237
"Aberg, Ludvig",12,4,0.02175626150204485,0.24481528943710146,0.5134678146393011,0.2048762521050107,0.015084382316541856
"Aberg, Ludvig",13,5,0.11481609182373786,0.39030206582285665,0.38496419833619044,0.10259640035624262,0.007321243660972421
"Aberg, Ludvig",14,4,0.02190011655476326,0.2856468510037659,0.5362931352672116,0.15035104256794452,0.005808854606314751
"Aberg, Ludvig",15,4,0.03333350403380114,0.32506134552081545,0.5077621359975313,0.12889679906444007,0.004946215383412
"Aberg, Ludvig",16,3,0.015013392058136066,0.22291463073824425,0.5335642026115708,0.21462289261384226,0.013884881978206587
"Aberg, Ludvig",17,4,0.0041525146095845455,0.15605526142658616,0.5826568346076402,0.24635473891093018,0.010780650445258999
"Aberg, Ludvig",18,4,0.0030886634230073984,0.24423169164901942,0.6676984028586805,0.0846767656203885,0.00030447644890418957
"An, Byeong Hun",1,4,0.0017506133953211767,0.13068926459135138,0.6224805205195212,0.23878250481594177,0.006297096677864489
"An, Byeong Hun",2,4,0.016700104156697537,0.2094718728783509,0.5075842260029414,0.24349039286250274,0.022753404099507435
"An, Byeong Hun",3,4,0.009088571573295623,0.275428865394931,0.6048258078284382,0.10937422579123579,0.0012825294120993869
"An, Byeong Hun",4,4,0.006094907725304632,0.1666671625093818,0.5596051397086625,0.253125296644666,0.014507493411985095
"An, Byeong Hun",5,3,5.327252146536399e-05,0.0753602329900308,0.7664024096440252,0.15789378035838064,0.0002903044860980142
"An, Byeong Hun",6,5,0.029065920066122575,0.324987620105658,0.5200288776672055,0.12208195036157521,0.003835631799438688
"An, Byeong Hun",7,4,0.003624118271522647,0.18066695118617804,0.6281570607438011,0.18379350696724506,0.0037583628312531925
"An, Byeong Hun",8,3,0.005689395909854511,0.20189557763963267,0.6086705072957912,0.17931183816366048,0.004432680991061089
"An, Byeong Hun",9,4,0.0029336614929422744,0.15435783273024345,0.614210175959125,0.2221694298906105,0.006328899927078857
"An, Byeong Hun",10,4,0.008937406969949435,0.23373177583766047,0.5919837193475963,0.16124047422408538,0.0041066236207083495
"An, Byeong Hun",11,3,0.005996651348067872,0.22909795312103198,0.6221448829832255,0.14063004528967293,0.0021304672580017003
"An, Byeong Hun",12,4,0.017949486492555067,0.22322533450076365,0.5146744515642618,0.2257767957583503,0.0183739316840692
"An, Byeong Hun",13,5,0.10198705953999421,0.3756146341628509,0.398958695755677,0.11459594326661138,0.008843667274866518
"An, Byeong Hun",14,4,0.017776781843796552,0.2602159900186895,0.5443596437450361,0.17025398244262813,0.007393601949849726
"An, Byeong Hun",15,4,0.027585745220464586,0.3000815957643231,0.5196029824911977,0.1464487664457429,0.006280910078271695
"An, Byeong Hun",16,3,0.012144429756565878,0.20093682830448756,0.5326055242769945,0.23721431052365538,0.01709890713829676
"An, Byeong Hun",17,4,0.0031385178080869935,0.13534874101214428,0.5733177184181869,0.2744494361907527,0.013745586570829138
"An, Byeong Hun",18,4,0.0021516716543394376,0.2097749132966074,0.6834277495905253,0.10418049589055156,0.00046516956797626463
"Berger, Daniel",1,4,0.002493213842759745,0.15545601857041808,0.6307931208857863,0.2066913761374427,0.0045662705635931555
"Berger, Daniel",2,4,0.02058232285907019,0.23207797928734747,0.508358821775669,0.22046032962458173,0.018520546453331566
"Berger, Daniel",3,4,0.012200555319382467,0.3111902230284891,0.5855529130958876,0.090172692329473,0.0008836162267678027
"Berger, Daniel",4,4,0.007985226329798145,0.1907087596443912,0.5646187445361603,0.22539213985410056,0.011295129635549683
"Berger, Daniel",5,3,9.810164779766595e-05,0.09924739830847867,0.7762558703486335,0.12423445473859629,0.00016417495649379
"Berger, Daniel",6,5,0.03590197268418838,0.35381517964188924,0.5028407382870781,0.10455689778863442,0.002885211598209869
"Berger, Daniel",7,4,0.005020965223374474,0.21024087787003515,0.6255476636324486,0.15650482092280293,0.0026856723513388747
"Berger, Daniel",8,3,0.007667754822518247,0.2316989745119608,0.6038280347659046,0.15357739472011533,0.0032278411795010342
"Berger, Daniel",9,4,0.004065969053999974,0.18076981863112623,0.6181583474812692,0.1923693128894054,0.004636551944199208
"Berger, Daniel",10,4,0.011770463897704253,0.2644584873178847,0.5828918867946562,0.13787050734273,0.003008654647024933
"Berger, Daniel",11,3,0.00816955517074519,0.26240334724057884,0.6102457009163376,0.11768880209851418,0.0014925945738242241
"Berger, Daniel",12,4,0.022137982278205293,0.24683323873673746,0.5132197219856627,0.2029998199999632,0.014809236999431374
"Berger, Daniel",13,5,0.11605008166166941,0.3915972378821203,0.3836220026565361,0.10153698892746998,0.007193688872204174
"Berger, Daniel",14,4,0.022316579264402392,0.2880140419533947,0.5353942016749711,0.1485955845646728,0.005679592542559009
"Berger, Daniel",15,4,0.033907841235705005,0.3273607782440571,0.5065395420503915,0.1273545640084932,0.00483727446135318
"Berger, Daniel",16,3,0.015304101947497206,0.22498407222005856,0.5334991145053368,0.2125951448954434,0.013617566431664008
"Berger, Daniel",17,4,0.00425900741015478,0.1580506878464477,0.5833190218590116,0.2438328114423053,0.010538471442080533
"Berger, Daniel",18,4,0.003190966743434165,0.24753298344172048,0.665952423516101,0.08303096740573634,0.0002926588930081131
"Bezuidenhout, Christiaan",1,4,0.002079328908629774,0.14229238850311587,0.627221796349893,0.2230062983720854,0.005400187866276052
"Bezuidenhout, Christiaan",2,4,0.0184873230335601,0.2202662544156192,0.50835180881588,0.23227589642328605,0.020618717311654544
"Bezuidenhout, Christiaan",3,4,0.010490842559796543,0.29250706133175697,0.5961513182360902,0.09977773963042824,0.0010730382419279483
"Bezuidenhout, Christiaan",4,4,0.00695093180925066,0.17804341790948613,0.5625557530343179,0.23957932356993816,0.012870573677007169
"Bezuidenhout, Christiaan",5,3,7.17198767681837e-05,0.086275822161554,0.7724585135308931,0.14097285231531764,0.00022109211546705865
"Bezuidenhout, Christiaan",6,5,0.03221607364388129,0.33890904139153216,0.5121320675809272,0.11339617083539766,0.003346646548261667
"Bezuidenhout, Christiaan",7,4,0.00424750078740227,0.19462677760403568,0.6276290541354108,0.17029639770573568,0.003200269767415498
"Bezuidenhout, Christiaan",8,3,0.006579065706608933,0.21602017223128178,0.6069972504981797,0.16659497134604806,0.003808540217881573
"Bezuidenhout, Christiaan",9,4,0.003438743101716102,0.16678901108733807,0.6168107920660202,0.2075075909281281,0.0054538628167974945
"Bezuidenhout, Christiaan",10,4,0.010219764739836268,0.24836283377639284,0.5882014173922753,0.14967745550303369,0.003538528588461931
"Bezuidenhout, Christiaan",11,3,0.00697136152232164,0.2449149556179347,0.6170983664540381,0.12921840710356158,0.0017969093021439342
"Bezuidenhout, Christiaan",12,4,0.019877711287365096,0.23451189383398868,0.5143802326987003,0.21465850934334463,0.016571652836601336
"Bezuidenhout, Christiaan",13,5,0.10861008618668638,0.38348454735006293,0.3917288476183033,0.10816643986858165,0.008010078976365742
"Bezuidenhout, Christiaan",14,4,0.019858252548928812,0.2735333842376834,0.540504999785026,0.15958675837623137,0.006516605052130364
"Bezuidenhout, Christiaan",15,4,0.030501742941567545,0.31322603737157145,0.5137034238239685,0.1370263151436193,0.005542480719273213
"Bezuidenhout, Christiaan",16,3,0.01359054230442125,0.2123887272352496,0.5334910236263078,0.22519567235110394,0.01533403448291737
"Bezuidenhout, Christiaan",17,4,0.003641005546254017,0.14602703219224894,0.5787210588162552,0.2595051005251161,0.012105802920125752
"Bezuidenhout, Christiaan",18,4,0.002607203644000411,0.22758611318528166,0.6758974963100708,0.0935365130451381,0.00037267381550909473
"Bhatia, Akshay",1,4,0.0022408453790764282,0.14759992710665265,0.6288772051459979,0.21623889063025348,0.005043131738019513
"Bhatia, Akshay",2,4,0.019323294597144935,0.2250813323749668,0.508456929522105,0.22740322313880168,0.01973522036698161
"Bhatia, Akshay",3,4,0.011164848150049589,0.3001255146218327,0.5919640177589712,0.09575435297397461,0.0009912664951718941
"Bhatia, Akshay",4,4,0.007359790621938256,0.18317937763227088,0.563540296134018,0.23371757299016438,0.01220296262160847
"Bhatia, Akshay",5,3,8.160653485950187e-05,0.09143277622166268,0.7743555973226552,0.13393419240673066,0.00019582751409197297
"Bhatia, Akshay",6,5,0.033687787594745555,0.34502713748404096,0.5084226716354667,0.10971243886949511,0.003149964416251705
"Bhatia, Akshay",7,4,0.004550741682596726,0.20095007680899535,0.6269646942868543,0.16455509043049132,0.0029793967910622943
"Bhatia, Akshay",8,3,0.007007742682949791,0.22238443196086188,0.605868889793818,0.16117897162110972,0.003559963941260569
"Bhatia, Akshay",9,4,0.003684578710176023,0.1724411307604617,0.6175444750109977,0.2012254170223151,0.005104398496049489
"Bhatia, Akshay",10,4,0.010832629249980408,0.25491439131543303,0.5861795289045483,0.1447615702023527,0.00331188032768559
"Bhatia, Akshay",11,3,0.007442498143664988,0.2520227120041124,0.6144664711088428,0.12440243458616362,0.0016658841572161354
"Bhatia, Akshay",12,4,0.02077964030753493,0.23953842125092023,0.5140099313801022,0.20984361198276225,0.01582839507868039
"Bhatia, Akshay",13,5,0.11161815619587351,0.38685350728782325,0.3884475053842281,0.10541486746975026,0.0076659636623248595
"Bhatia, Akshay",14,4,0.020836961139186705,0.2794484545403945,0.5385302749397651,0.15502327516456205,0.006161034216091599
"Bhatia, Akshay",15,4,0.03186243329562127,0.31901962378745996,0.5108688437363968,0.13300613572011066,0.0052429634604111985
"Bhatia, Akshay",16,3,0.014272028834058814,0.21751533776272092,0.5336123029029254,0.21999137067717478,0.014608959823120049
"Bhatia, Akshay",17,4,0.0038839532982597458,0.15088588221064358,0.5807578990029627,0.2530320256699983,0.011440239818135689
"Bhatia, Akshay",18,4,0.0028337739666083883,0.23566209157655216,0.6720495812276688,0.08911687430870696,0.00033767892046365766
"Bradley, Keegan",1,4,0.0027185145662080856,0.16207531504992867,0.6319487690466387,0.19905090398388792,0.004206497353336669
"Bradley, Keegan",2,4,0.02166349275874968,0.23785912962796885,0.5080598217632545,0.21484292368420244,0.017574632165824555
"Bradley, Keegan",3,4,0.013108905269772708,0.32032385452423573,0.579978152129614,0.08578543816955064,0.0008036499068269087
"Bradley, Keegan",4,4,0.008531230366973841,0.196988910865526,0.5652029668750254,0.21868029759701568,0.010596594295459116
"Bradley, Keegan",5,3,0.0001138773765865797,0.10599467483140163,0.7770790662412955,0.11667047260119845,0.00014190894951782163
"Bradley, Keegan",6,5,0.037801031533890694,0.3609845958338037,0.49806547885655894,0.10046518620683498,0.002683707568911675
"Bradley, Keegan",7,4,0.005437378661012016,0.21800719788788708,0.6239858132415541,0.1501045235166727,0.002465086692874152
"Bradley, Keegan",8,3,0.008247856475178783,0.23945292683902253,0.6017950164204828,0.14752706869572185,0.002977131569594005
"Bradley, Keegan",9,4,0.004403899451328186,0.18775389997331993,0.6182719854283811,0.18528757314144673,0.004282642005523973
"Bradley, Keegan",10,4,0.012589420709242072,0.2723639192136209,0.5798744885453659,0.13239275003139617,0.0027794215003749123
"Bradley, Keegan",11,3,0.008810108568280073,0.2710242671860406,0.606418065723808,0.11238433442761375,0.001363224094257598
"Bradley, Keegan",12,4,0.023304398014948324,0.25285251145354964,0.5123481463367558,0.19747708748294346,0.014017856711802668
"Bradley, Keegan",13,5,0.11976801567967277,0.3953838689245647,0.37958610617727706,0.09843544497141654,0.006826564247068956
"Bradley, Keegan",14,4,0.02359221108041526,0.2950642518039181,0.5325734438576202,0.1434592512965681,0.005310841961478352
"Bradley, Keegan",15,4,0.03566061868064252,0.334183244596692,0.5027822073278153,0.12284751371865377,0.0045264156761963825
"Bradley, Keegan",16,3,0.01619558706185875,0.23117222740357368,0.5331541664109317,0.2066278738587355,0.012850145264900359
"Bradley, Keegan",17,4,0.00458961243551681,0.16406396601157042,0.5850866247327555,0.2364124322283483,0.009847364591809016
"Bradley, Keegan",18,4,0.0035128103346814266,0.2574575768367928,0.6604827773089842,0.07828678543218714,0.00026005008735441315
"Bridgeman, Jacob",1,4,0.0018624513517546681,0.1347692790746013,0.6243329502438009,0.2330735009591247,0.005961818370718408
"Bridgeman, Jacob",2,4,0.017322289014736536,0.2133111977083792,0.5079433438877108,0.23945461166687598,0.021968557722297555
"Bridgeman, Jacob",3,4,0.009570588748426367,0.28150209727598186,0.6018574716447664,0.1058662820581262,0.001203560272699189
"Bridgeman, Jacob",4,4,0.006390044824202246,0.170691488570601,0.560774667742707,0.24824194200951788,0.01390185685297185
"Bridgeman, Jacob",5,3,5.929199757653825e-05,0.07914124232291059,0.768847119434054,0.15168886372222734,0.00026348252323149524
"Bridgeman, Jacob",6,5,0.030163139052441945,0.329971653703996,0.5172889687614375,0.11892260929893861,0.0036536291831859025
"Bridgeman, Jacob",7,4,0.0038372099788857583,0.18559743089715663,0.628125134562322,0.17889101003122154,0.0035492145304141243
"Bridgeman, Jacob",8,3,0.0059948706990694545,0.20689622238200678,0.6082143995143362,0.17469510380939024,0.004199403595197326
"Bridgeman, Jacob",9,4,0.0031062702849837254,0.15874103337467,0.6152895888662531,0.2168608701609127,0.006002237313180503
"Bridgeman, Jacob",10,4,0.009379391351136412,0.2389262593320176,0.5907606178155378,0.15703928363261788,0.0038944478686903095
"Bridgeman, Jacob",11,3,0.006330825676455154,0.234704331501831,0.620489183362784,0.13647059300786502,0.0020050664510647964
"Bridgeman, Jacob",12,4,0.018620755182747084,0.22724256466099318,0.5146566635305552,0.22176974225834845,0.01771027436735606
"Bridgeman, Jacob",13,5,0.10432394855263433,0.3784648345462164,0.396408016399268,0.11226636883553287,0.008536831666348443
"Bridgeman, Jacob",14,4,0.01849963861026266,0.2649614982279826,0.5430818376799891,0.16638873219018568,0.007068293291579986
"Bridgeman, Jacob",15,4,0.02860197873254111,0.3047814907509662,0.5175790235671183,0.1430304593154934,0.006007047633880935
"Bridgeman, Jacob",16,3,0.012646130778923848,0.20500342844061736,0.5330197942915124,0.23288267992085232,0.016447966568094108
"Bridgeman, Jacob",17,4,0.003310780927699486,0.13911272624426374,0.5753743963218605,0.2690644512156072,0.013137645290569155
"Bridgeman, Jacob",18,4,0.0023057559212140144,0.2160621124135823,0.6809286871455236,0.10027359847023565,0.00042984604944451554
"Burns, Sam",1,4,0.0023378505856698206,0.15067920001693075,0.6297016771431665,0.21243198960163445,0.004849282652598541
"Burns, Sam",2,4,0.01981368579518017,0.22784183016124693,0.5084532726788531,0.22464472917044231,0.019246482194277492
"Burns, Sam",3,4,0.011565363224682157,0.30449209190352655,0.589479743331274,0.09351551674342296,0.0009472847970943832
"Burns, Sam",4,4,0.007602038931821098,0.18614070060441235,0.5640150670211601,0.2304059333948899,0.01183626004771654
"Burns, Sam",5,3,8.779754390741967e-05,0.0944703342621383,0.7752252264806656,0.13003397221419688,0.00018266949909173658
"Burns, Sam",6,5,0.034550550553336334,0.34850890288481773,0.5062468998448814,0.10765100609154055,0.0030426406254240312
"Burns, Sam",7,4,0.004731983967592723,0.20460135288133835,0.6264686291447076,0.16133821814230476,0.002859815864056592
"Burns, Sam",8,3,0.007262791052626505,0.22605013778979532,0.6051196184004066,0.15814247856387897,0.0034249741932925737
"Burns, Sam",9,4,0.0038315549690241535,0.17571088138931362,0.6178499190088205,0.19769326876301063,0.004914375869831122
"Burns, Sam",10,4,0.011195837147631449,0.25867670214492355,0.584931064921919,0.14200770220053816,0.003188693584987856
"Burns, Sam",11,3,0.007723223754975916,0.25611113779060274,0.6128562812189977,0.12171415814593167,0.0015951990894920165
"Burns, Sam",12,4,0.02130871848665017,0.24241785462124177,0.5137333593892183,0.20712212752520887,0.015417939977680928
"Burns, Sam",13,5,0.11335802878970214,0.38874639921970633,0.3865515656468288,0.10386818278658272,0.007475823557180017
"Burns, Sam",14,4,0.021412492294924312,0.28283220366438716,0.5373300583715118,0.1524589739285157,0.005966271740661
"Burns, Sam",15,4,0.03265967138861792,0.3223215657696087,0.5091899524216763,0.1307499431891953,0.005078867230901785
"Burns, Sam",16,3,0.014673222531979113,0.22045937844802976,0.5336080839101923,0.2170500329478201,0.014209282161978698
"Burns, Sam",17,4,0.004028744190397948,0.15369795253177237,0.5818242348430234,0.2493735509321494,0.011075517502656895
"Burns, Sam",18,4,0.002970632075080637,0.24032684572194563,0.6697141228396375,0.08666926300663058,0.00031913635670566265
"Campbell, Brian",1,4,0.0013689518127089073,0.11550868468094111,0.6135960297095434,0.26174970423491284,0.007776629561893733
"Campbell, Brian",2,4,0.01444369870865947,0.1947294605926146,0.5052769972031026,0.2594909098498843,0.02605893364573908
"Campbell, Brian",3,4,0.007399200636407366,0.2521424385870654,0.6149239492334482,0.12389479821660743,0.0016396133264715562
"Campbell, Brian",4,4,0.005051855137609251,0.1514438789457478,0.5538276814212291,0.2725731425173039,0.01710344197810998
"Campbell, Brian",5,3,3.48069202855128e-05,0.06186292398415444,0.7539168873128573,0.18376360713230755,0.00042177465039516804
"Campbell, Brian",6,5,0.025082455195934605,0.30551925696529286,0.5297832618395879,0.13498570695566048,0.004629319043524149
"Campbell, Brian",7,4,0.0028879960213620826,0.16210352640778763,0.6265949426665894,0.2037254448800776,0.004688090024183245
"Campbell, Brian",8,3,0.004621698883995995,0.1829441014780785,0.6089142663678156,0.1980580840289884,0.005461849241121475
"Campbell, Brian",9,4,0.002337732808503412,0.13792736473547978,0.608409367073438,0.24356053641454622,0.0077649989680326215
"Campbell, Brian",10,4,0.007377027301321393,0.21389580259310487,0.5953467164634649,0.17833962835516015,0.005040825286948714
"Campbell, Brian",11,3,0.004833360392097363,0.20778810312428636,0.6269776773657902,0.15770776783324958,0.00269309128457651
"Campbell, Brian",12,4,0.015515201182694005,0.20777115808454277,0.5138037892490992,0.2417286111793404,0.021181240304323556
"Campbell, Brian",13,5,0.09320000380781307,0.36412804862576026,0.4085182940386277,0.12401308103217434,0.010140572495624611
"Campbell, Brian",14,4,0.015172781741630392,0.2419089900135193,0.548247858456187,0.1858719874728153,0.008798382315848063
"Campbell, Brian",15,4,0.02389044713603261,0.2817828489151462,0.526554825614042,0.16030882980845274,0.00746304852632651
"Campbell, Brian",16,3,0.01034174366327667,0.18539197888541686,0.5299446219362747,0.2544567856961558,0.01986486981887592
"Campbell, Brian",17,4,0.0025387827644040573,0.12124764154422213,0.5639844223183255,0.2958628576768356,0.01636629569621273
"Campbell, Brian",18,4,0.0016339441593138382,0.18615443354731515,0.6910491055263484,0.12053147727320046,0.0006310394938222608
"Cantlay, Patrick",1,4,0.0027641873628052593,0.16337627135720617,0.6321294234557675,0.19759025089940918,0.00413986692481183
"Cantlay, Patrick",2,4,0.021878201255350227,0.23898364277599532,0.5079792394211968,0.21376252050125255,0.01739639604620513
"Cantlay, Patrick",3,4,0.013291310253028488,0.3220992109498446,0.578865763351698,0.084954751485671,0.0007889639597579157
"Cantlay, Patrick",4,4,0.008640612859469432,0.19821662301904192,0.565284963632138,0.21739197148147882,0.010465829007871852
"Cantlay, Patrick",5,3,0.0001171936204051316,0.10733787805832212,0.7771621447663488,0.11524484332424101,0.00013794023068292027
"Cantlay, Patrick",6,5,0.03817789782908276,0.3623694147299147,0.4971201451734216,0.09968633493334522,0.002646207334235706
"Cantlay, Patrick",7,4,0.005521431611225425,0.2195270948749129,0.6236419120162164,0.14888522620530442,0.0024243352923407624
"Cantlay, Patrick",8,3,0.008364483857083882,0.24096705502231264,0.6013640586643088,0.14637371793418252,0.0029306845221122035
"Cantlay, Patrick",9,4,0.004472131498532261,0.18912306022182807,0.6182535499256651,0.18393425656089768,0.0042170017930769355
"Cantlay, Patrick",10,4,0.012753502627015911,0.27390348664732406,0.5792568463060723,0.13134924577337237,0.0027369186462152806
"Cantlay, Patrick",11,3,0.008939049603491678,0.2727054718721166,0.6056389038262944,0.11137717413271597,0.001339400565381399
"Cantlay, Patrick",12,4,0.02353602989064224,0.2540224641114405,0.5121561497919098,0.19641638514085935,0.013868971065148061
"Cantlay, Patrick",13,5,0.12049721094830862,0.3961066330207245,0.3787961503746926,0.09784255467811798,0.006757450978156276
"Cantlay, Patrick",14,4,0.023846062289658965,0.2964326577173441,0.532001331693252,0.14247796648164823,0.005241981818096653
"Cantlay, Patrick",15,4,0.03600829965477109,0.3355029447323584,0.5020330362838856,0.12198736705012136,0.004468352278863441
"Cantlay, Patrick",16,3,0.016373177240351366,0.2323776550609412,0.5330612040670127,0.20548195048749907,0.012706013144195616
"Cantlay, Patrick",17,4,0.004656184464782387,0.16524340862857795,0.585394401154622,0.23498773342361345,0.009718272328404165
"Cantlay, Patrick",18,4,0.0035783692116083676,0.25939978166369215,0.6593750907005284,0.07739261487259741,0.0002541435515737156
"Cauley, Bud",1,4,0.0020003712224606063,0.1396091625097866,0.6262668636223723,0.22653099255325537,0.005592610092125083
"Cauley, Bud",2,4,0.018069133809191673,0.21780357278563928,0.5082423082688389,0.23479855760411483,0.021086427532215346
"Cauley, Bud",3,4,0.010157917932478111,0.288610200043629,0.5982190328704269,0.10189534770431341,0.0011175014491526802
"Cauley, Bud",4,4,0.006748387581509641,0.1754311635242788,0.5619741686736935,0.24261988859535166,0.013226391625166367
"Cauley, Bud",5,3,6.708150976847405e-05,0.08370730687351374,0.7712987469278473,0.14469161091597094,0.0002352537728995685
"Cauley, Bud",6,5,0.03147942085079314,0.3357579490094156,0.5139858276227629,0.11532466560511523,0.0034521369119131506
"Cauley, Bud",7,4,0.004098557442283268,0.19141539558115622,0.6278682352551874,0.17329819299538407,0.00331961872598896
"Cauley, Bud",8,3,0.006367570445049542,0.21278008210155386,0.6074848301028336,0.16942504588439233,0.003942471466170661
"Cauley, Bud",9,4,0.0033180295546849092,0.16392356905604188,0.6163352564765332,0.21078122761793416,0.005641917294805898
"Cauley, Bud",10,4,0.009916238239607023,0.2450177300945804,0.5891572329586132,0.15224825140494502,0.003660547302254402
"Cauley, Bud",11,3,0.006739258238247281,0.24129174010287407,0.6183555068787006,0.13174554476883993,0.0018679500113381042
"Cauley, Bud",12,4,0.019426525847629716,0.2319391213598877,0.51451351954101,0.21715506458655165,0.016965768664920944
"Cauley, Bud",13,5,0.10708456068020572,0.38172806713854274,0.3933940494572056,0.10960086530594537,0.008192457418100596
"Cauley, Bud",14,4,0.01936984125164748,0.27050192507807574,0.5414552805741459,0.16196632905983877,0.006706624036292075
"Cauley, Bud",15,4,0.029820288455135235,0.31024621013631837,0.5151058475835752,0.13912514208245597,0.005702511742515126
"Cauley, Bud",16,3,0.01325081635238784,0.20977100663655507,0.5333646937898936,0.2278943016250936,0.015719181596069887
"Cauley, Bud",17,4,0.003521338015330999,0.1435647037629605,0.5775912705990451,0.26286136980552366,0.012461317817139661
"Cauley, Bud",18,4,0.0024970716617038757,0.22348620771769412,0.6777515714811496,0.09587317517871985,0.000391973960732539
"Clanton, Luke",1,4,0.0017349058283214758,0.13010426913483986,0.622197554862576,0.23961617028982496,0.0063470998844377124
"Clanton, Luke",2,4,0.016611446558163434,0.20891734023789243,0.5075243314988489,0.24407767438169004,0.02286920732340514
"Clanton, Luke",3,4,0.009020437358696287,0.2745518674736568,0.605243488256606,0.10988983520675855,0.001294371704282371
"Clanton, Luke",4,4,0.006053108698414411,0.1660879288322621,0.559425056730416,0.25383668836172735,0.014597217377180227
"Clanton, Luke",5,3,5.244870007431457e-05,0.07482330337921145,0.7660223378187752,0.1588075095822834,0.0002944005196556798
"Clanton, Luke",6,5,0.028909527394359813,0.32426479912150946,0.5204181105158077,0.12254486228612449,0.0038627006821985166
"Clanton, Luke",7,4,0.003594101766430824,0.17995803512951664,0.628147124501474,0.18451113203750902,0.0037896065650695476
"Clanton, Luke",8,3,0.005646245669070127,0.20117547233581384,0.6087233913887922,0.17998742158662218,0.004467469019701742
"Clanton, Luke",9,4,0.0029093511411174,0.1537282684834666,0.6140399078772916,0.22294489655088878,0.0063775759472356475
"Clanton, Luke",10,4,0.008874824634854672,0.23298242489740123,0.5921489270547096,0.16185557331395017,0.004138250099084306
"Clanton, Luke",11,3,0.005949491947965013,0.22829003866002973,0.6223709542000505,0.14124027575033005,0.0021492394416247063
"Clanton, Luke",12,4,0.01785383549595776,0.22264484860068184,0.5146689155026327,0.2263604489217188,0.01847195147900882
"Clanton, Luke",13,5,0.10165121828840534,0.375198238533074,0.39932512578900287,0.11493644158506022,0.008888975804457577
"Clanton, Luke",14,4,0.01767393969144332,0.25952979064944387,0.5445354651148182,0.17081892775484808,0.007441876789446522
"Clanton, Luke",15,4,0.02744084307577449,0.2994005194026104,0.5198883127685133,0.14694877848980958,0.006321546263292177
"Clanton, Luke",16,3,0.012073096379602799,0.20035008061221415,0.532536434074989,0.23784523977510652,0.017195149158087508
"Clanton, Luke",17,4,0.003114207952767456,0.13480820670458754,0.5730081602830879,0.2752336543193358,0.013835770740221354
"Clanton, Luke",18,4,0.0021301101193894056,0.20887130829448247,0.6837718281022928,0.10475624140142759,0.0004705120824077813
"Clark, Wyndham",1,4,0.0017088276783374656,0.12912625521940885,0.6217145107842541,0.24101858206123705,0.006431824256762475
"Clark, Wyndham",2,4,0.016463533890172022,0.20798794298081646,0.5074193589039295,0.24506445670720256,0.023064707517879368
"Clark, Wyndham",3,4,0.008907074649231073,0.2730821485670833,0.6059371620727676,0.11075913990344088,0.0013144748074771506
"Clark, Wyndham",4,4,0.005983516977482506,0.16511828018824498,0.5591168620136477,0.2550324417714357,0.01474889904918908
"Clark, Wyndham",5,3,5.109282491960743e-05,0.07392858490870591,0.7653699496335247,0.16034897547084914,0.0003013971620007272
"Clark, Wyndham",6,5,0.02864858378649826,0.32305168230026426,0.5210667197865121,0.12332449134931622,0.003908522777409162
"Clark, Wyndham",7,4,0.003544218264829202,0.1787717255105279,0.6281221477476205,0.18571933328335688,0.0038425751936654873
"Clark, Wyndham",8,3,0.005574467885692103,0.1999698123503751,0.6088045855500486,0.1811247225417454,0.0045264116721388525
"Clark, Wyndham",9,4,0.002868952507965483,0.15267512014116097,0.6137463336053901,0.2242495664782993,0.0064600272671840875
"Clark, Wyndham",10,4,0.008770638786475049,0.23172704286768198,0.5924192503439216,0.1628912404231294,0.004191827578791996
"Clark, Wyndham",11,3,0.0058710704882986575,0.22693703592376785,0.622742351455308,0.14226845480802797,0.0021810873245975415
"Clark, Wyndham",12,4,0.017694255846863016,0.221671808511347,0.5146549993793748,0.2273414504600828,0.018637485802332376
"Clark, Wyndham",13,5,0.10108929627846008,0.37449766400107326,0.3999381219297992,0.11550943101363786,0.008965486777029574
"Clark, Wyndham",14,4,0.01750245316455168,0.25837928266332466,0.5448251309421371,0.17176959913729695,0.007523534092689577
"Clark, Wyndham",15,4,0.027199041474397112,0.2982577643563885,0.5203625052872265,0.14779040849566072,0.006390280386327163
"Clark, Wyndham",16,3,0.011954174741528767,0.19936703977664805,0.5324153467346382,0.23890569993589994,0.017357738811285106
"Clark, Wyndham",17,4,0.0030737829990707954,0.13390403761845798,0.5724822090045982,0.27655167178123474,0.013988298596638193
"Clark, Wyndham",18,4,0.0020943576656332064,0.20735943668207696,0.6843388119425136,0.10572778587680232,0.0004796078329739606
"Cole, Eric",1,4,0.0016803914516927976,0.12804995395440527,0.6211683236596011,0.24257460444752144,0.006526726486779433
"Cole, Eric",2,4,0.01630120107326327,0.20696176869332306,0.5072967450644872,0.24615764151677,0.023282643652156487
"Cole, Eric",3,4,0.008783108453782662,0.2714595956662252,0.606693741984617,0.11172650507324633,0.0013370488221288168
"Cole, Eric",4,4,0.005907349233239878,0.16404933606326638,0.5587672585760433,0.2563577612185839,0.014918294908866536
"Cole, Eric",5,3,4.963128267626571e-05,0.0729482179515189,0.7646271551585389,0.1620656773183532,0.00030931828891278546
"Cole, Eric",6,5,0.028362165731010358,0.3217098198463467,0.5217773740628187,0.12419085385499318,0.0039597865048310865
"Cole, Eric",7,4,0.003489753091237946,0.17746456516814418,0.6280823965140364,0.1870613340828402,0.0039019511437412557
"Cole, Eric",8,3,0.0054959995884221735,0.1986404177604355,0.6088833500235961,0.18238779958027518,0.004592433047271083
"Cole, Eric",9,4,0.0028248461947467662,0.15151522710313436,0.6134101990768558,0.22569738001235073,0.006552347612912346
"Cole, Eric",10,4,0.008656620161747064,0.23034172124370356,0.5927081112441585,0.1640417203099812,0.004251827040409717
"Cole, Eric",11,3,0.005785375929220127,0.22544470659505095,0.6231414411000002,0.1434116550805139,0.0022168212952148325
"Cole, Eric",12,4,0.01751911943179718,0.2205972361413081,0.5146328511286813,0.22842869339150196,0.018822099906711465
"Cole, Eric",13,5,0.1004702372265282,0.373720204436779,0.4006132730440251,0.11614547640117034,0.009050808891497342
"Cole, Eric",14,4,0.017314380626968662,0.2571083413864239,0.5451376227149201,0.17282485825112304,0.0076147970205643345
"Cole, Eric",15,4,0.026933590241231598,0.2969941681891651,0.5208801822370747,0.14872496277035396,0.006467096562174701
"Cole, Eric",16,3,0.011823786960609373,0.19828214564751667,0.5322739129792357,0.24008100096894702,0.01753915344369128
"Cole, Eric",17,4,0.0030296086742335193,0.1329082915046228,0.5718910757604262,0.2780122843578714,0.01415873970284609
"Cole, Eric",18,4,0.002055436772492869,0.20569389898987134,0.6849506340284669,0.106810169385817,0.0004898608233518953
"Davis, Cam",1,4,0.001568863997002512,0.12372449224529741,0.6188144329477796,0.2489656364112538,0.006926574398666618
"Davis, Cam",2,4,0.01565349402974342,0.2028012611458242,0.5067265796924816,0.25062949282857294,0.024189172303377804
"Davis, Cam",3,4,0.008293225678502492,0.2648837821809467,0.6096589876883355,0.11573120932689607,0.0014327951253192417
"Davis, Cam",4,4,0.005605644207541394,0.1597334947617869,0.557248571070646,0.2617859604801779,0.015626329479847878
"Davis, Cam",5,3,4.407131687428345e-05,0.06905389697492614,0.7613716731434528,0.1691866992639609,0.00034365930078583684
"Davis, Cam",6,5,0.027219010523552023,0.3162433619543078,0.5245983776360943,0.12776417696697617,0.004175072919069711
"Davis, Cam",7,4,0.003275399715341687,0.17219387320231894,0.6277886564393789,0.19258945122780713,0.004152619415153436
"Davis, Cam",8,3,0.005186153166667762,0.19327023482742,0.6090840648066047,0.18758896774935718,0.004870579449950396
"Davis, Cam",9,4,0.002651289757262032,0.1468440983052366,0.6119170435252861,0.2316466519281969,0.0069409164840184
"Davis, Cam",10,4,0.008205120131113741,0.2247337459378782,0.5937743541610541,0.16878231508578034,0.004504464684173648
"Davis, Cam",11,3,0.005447382441506832,0.21941136166653835,0.6246395467675651,0.1481336474443019,0.002368061680087852
"Davis, Cam",12,4,0.01682033627498719,0.21623824829930582,0.5144691748429124,0.23288129772667931,0.01959094285611518
"Davis, Cam",13,5,0.09797500331944797,0.3705254023171156,0.4033321615564712,0.11876137001209375,0.00940606279487144
"Davis, Cam",14,4,0.016565385167784497,0.2519487552418641,0.546324475809277,0.17716434995076003,0.00799703383031436
"Davis, Cam",15,4,0.025873645978064297,0.29185122170739863,0.5229145668348243,0.1525717756500622,0.006788789829650588
"Davis, Cam",16,3,0.01130489502613391,0.19388909636042095,0.5316162758578622,0.2448941220641656,0.018295610691417385
"Davis, Cam",17,4,0.0028553720396578552,0.12889887471086414,0.5693813644573313,0.28399212959062126,0.01487225920152535
"Davis, Cam",18,4,0.0019034606872828097,0.19898221013196038,0.6872758581619818,0.11130467353396689,0.0005337974848080851
"Day, Jason",1,4,0.0023569639873823878,0.15127690300147045,0.6298505498086673,0.21170286235183666,0.004812720850643215
"Day, Jason",2,4,0.01990933464503092,0.2283749201307072,0.5084472720528611,0.2241149272889762,0.019153545882424572
"Day, Jason",3,4,0.011643916120265996,0.3053352012414054,0.5889931360911453,0.09308872363793952,0.0009390229092437474
"Day, Jason",4,4,0.007649492224976628,0.1867139815353882,0.5640993138015833,0.22977046787101663,0.011766744567035303
"Day, Jason",5,3,8.903951496413987e-05,0.0950637694793302,0.7753750709652049,0.1292918877891155,0.00018023225138530385
"Day, Jason",6,5,0.034718779265550226,0.34917910917880873,0.5058226983578968,0.10725706003005708,0.003022353167687175
"Day, Jason",7,4,0.004767620218694091,0.20530863277136374,0.6263633062529443,0.16072315191365594,0.0028372888433418897
"Day, Jason",8,3,0.007312840820036026,0.2267594441550531,0.604966464635982,0.1575617397154282,0.0033995106735006386
"Day, Jason",9,4,0.0038604576435981586,0.17634476807479427,0.6178993553261174,0.19701690754844714,0.004878511407043096
"Day, Jason",10,4,0.011266991375568969,0.2594037585975568,0.5846826044192561,0.14148119780901303,0.003165447798605059
"Day, Jason",11,3,0.007778347153465259,0.25690176809395093,0.6125369872847555,0.12120099372991222,0.0015819037379161127
"Day, Jason",12,4,0.021411912514725406,0.24297371910637633,0.5136746303017536,0.206599790364989,0.015339947712155633
"Day, Jason",13,5,0.11369532493625678,0.3891087358820934,0.38618422772223693,0.10357202654548603,0.007439684913926881
"Day, Jason",14,4,0.021524864994148074,0.2834850215975735,0.5370926639567873,0.1519680542961559,0.005929395155335193
"Day, Jason",15,4,0.032815087196392256,0.3229575707180752,0.5088613086282278,0.13031823957634914,0.005047793880955664
"Day, Jason",16,3,0.0147515937808676,0.22102832314927778,0.5336011608421418,0.21648552356173123,0.014133398665981622
"Day, Jason",17,4,0.0040571784911565545,0.1542432214759369,0.5820217339503749,0.2486714179778381,0.011006448104693534
"Day, Jason",18,4,0.002997663990656596,0.24123053255114912,0.6692524784089301,0.08620364925266333,0.0003156757966008561
"Detry, Thomas",1,4,0.0019990998232154444,0.13956545250968455,0.6262506294658156,0.22658900354879763,0.005595814652486819
"Detry, Thomas",2,4,0.01806234599025014,0.2177632933948867,0.5082401997173494,0.23483999181099235,0.021094169086521508
"Detry, Thomas",3,4,0.010152537833025332,0.28854646346564833,0.5982524274135813,0.10193032706929805,0.0011182442184469732
"Detry, Thomas",4,4,0.006745111092387512,0.17538851992650317,0.561964212335306,0.2426698618346108,0.01323229481119248
"Detry, Thomas",5,3,6.700788003027869e-05,0.08366568282631898,0.7712787007029841,0.14475311576163563,0.00023549282903101432
"Detry, Thomas",6,5,0.031467461566192956,0.3357062867719307,0.514015897867307,0.1153564629204914,0.0034538908740779917
"Detry, Thomas",7,4,0.004096155184660777,0.19136299937072804,0.6278715733865714,0.17334766388586043,0.0033216081721794133
"Detry, Thomas",8,3,0.006364154028132896,0.21272717269953367,0.6074922938139358,0.16947167768386429,0.003944701774533432
"Detry, Thomas",9,4,0.003316082789334207,0.16387684544665015,0.616326907841172,0.21083511638140207,0.005645047541441572
"Detry, Thomas",10,4,0.009911328680782983,0.24496305129100265,0.5891724184687512,0.15229062287931527,0.0036625786801478544
"Detry, Thomas",11,3,0.006735510846198112,0.24123254889990942,0.6183755592759599,0.13178724538723174,0.0018691355907007878
"Detry, Thomas",12,4,0.019419202453422046,0.23189703046382892,0.5145153796537403,0.21719609165681086,0.016972295772197943
"Detry, Thomas",13,5,0.1070596814711034,0.3816991486785237,0.39342121015237325,0.10962448232226896,0.008195477375730675
"Detry, Thomas",14,4,0.019361920311821212,0.27045230859461644,0.5414704818331986,0.16200550978347117,0.006709779476892663
"Detry, Thomas",15,4,0.029809223161199327,0.31019737873029823,0.5151285141551863,0.13915971492743429,0.005705169025881807
"Detry, Thomas",16,3,0.013245308754603224,0.20972821585794865,0.5333622611975275,0.2279386501928271,0.01572556399709346
"Detry, Thomas",17,4,0.0035194060262708216,0.1435245582798888,0.5775722917892377,0.26291652344059024,0.012467220464012385
"Detry, Thomas",18,4,0.0024953018022272344,0.22341932516975532,0.6777812428890795,0.09591183218911736,0.00039229794982054145
"Dunlap, Nick",1,4,0.0008111713508460738,0.0881994943801675,0.5875543436035423,0.3116202882930542,0.011814702372389907
"Dunlap, Nick",2,4,0.010610758123188457,0.1660168203036273,0.4960909631724062,0.29314177012450393,0.034139688276274116
"Dunlap, Nick",3,4,0.004766440002238526,0.20714347942535266,0.6276630918589775,0.15775242471768514,0.002674563995746171
"Dunlap, Nick",4,4,0.0033897610524299404,0.12288268646176564,0.5361577795311181,0.31385249916075186,0.0237172737939344
"Dunlap, Nick",5,3,1.4037886326978555e-05,0.04004752544726575,0.7143988619660868,0.24465705246367964,0.0008825222366407592
"Dunlap, Nick",6,5,0.018306146200748663,0.2661146196835251,0.5446613785045512,0.1641781863185665,0.006739669292608497
"Dunlap, Nick",7,4,0.001779977567059443,0.12774393942709816,0.6150276353756814,0.24817622816676654,0.007272219463394514
"Dunlap, Nick",8,3,0.002967476156584825,0.14728818082518952,0.6017069230849255,0.23976557243164054,0.008271847501659657
"Dunlap, Nick",9,4,0.0014416646399439959,0.10782138555471205,0.5888553925078241,0.29023066001160724,0.01165089728591262
"Dunlap, Nick",10,4,0.004899322939882544,0.1758807533724961,0.5950131667705894,0.21662649276741863,0.007580264149613436
"Dunlap, Nick",11,3,0.003049803516796068,0.1674459266386527,0.6284782484264186,0.19673326298588056,0.004292758432252075
"Dunlap, Nick",12,4,0.011381266136759993,0.17754619558022255,0.5073367091553347,0.275619436170608,0.028116392957074687
"Dunlap, Nick",13,5,0.07688700874022564,0.339092277076457,0.42583593630052197,0.14484186165172808,0.013342916231067314
"Dunlap, Nick",14,4,0.010825351062531574,0.20591227166751574,0.5505438468050712,0.22027351692399588,0.012445013540885674
"Dunlap, Nick",15,4,0.017577553027444126,0.24500377217196562,0.5357715104790122,0.19111729887785278,0.010529865443725361
"Dunlap, Nick",16,3,0.00734928682156577,0.15546221929226567,0.5193619325556127,0.2910564967034458,0.02677006462711007
"Dunlap, Nick",17,4,0.0016177322069220734,0.09541823628179907,0.5387357391878629,0.34109679051109354,0.023131501812322375
"Dunlap, Nick",18,4,0.0009069377081119545,0.14278989852311486,0.6955614747608141,0.15958478858583203,0.0011569004221271273
"Eckroat, Austin",1,4,0.001686915143043033,0.12829779451527096,0.6212954613348793,0.24221511228401216,0.006504716722794512
"Eckroat, Austin",2,4,0.016338540311391925,0.20719838195700602,0.5073256439592279,0.24590523631143202,0.023232197460942183
"Eckroat, Austin",3,4,0.008811581007443947,0.2718337005239082,0.606520164078693,0.11150274617786504,0.00133180821208978
"Eckroat, Austin",4,4,0.005924849673145383,0.1642956551761232,0.5588487393819752,0.25605169996685173,0.014879055801904406
"Eckroat, Austin",5,3,4.9965015970820925e-05,0.0731735701022167,0.7648005248801191,0.16166846667125168,0.0003074733304416766
"Eckroat, Austin",6,5,0.028428049821664914,0.3220194495225842,0.5216140270866351,0.12399057031300353,0.003947903256112273
"Eckroat, Austin",7,4,0.003502254821438233,0.1777657177267472,0.628092699596217,0.1867511513446074,0.00388817651099016
"Eckroat, Austin",8,3,0.005514020027714228,0.19894677794558463,0.6088662057546445,0.18209587475062372,0.00457712152143297
"Eckroat, Austin",9,4,0.0028349699302727127,0.1517824009384815,0.6134888239596488,0.22536286519684923,0.006530939974747851
"Eckroat, Austin",10,4,0.008682816137748905,0.23066107261433,0.5926424047391996,0.16377579325021352,0.004237913258507975
"Eckroat, Austin",11,3,0.005805052476025863,0.22578865887733063,0.6230504465623672,0.14314731386036905,0.002208528223907269
"Eckroat, Austin",12,4,0.017559403630465542,0.22084502853606364,0.5146385917508368,0.22817761696413696,0.01877935911849704
"Eckroat, Austin",13,5,0.10061285091442296,0.37389983675543303,0.4004577550022186,0.11599850102076259,0.009031056307162832
"Eckroat, Austin",14,4,0.017357628076035192,0.2574014511614722,0.5450662548952376,0.17258101560219397,0.0075936502650610915
"Eckroat, Austin",15,4,0.02699465548673613,0.2972856976433457,0.5207613685430604,0.14850898071686824,0.006449297609989468
"Eckroat, Austin",16,3,0.01185376642065944,0.198532250853805,0.5323072472543093,0.23980958998106439,0.017497145490161792
"Eckroat, Austin",17,4,0.0030397516824593462,0.13313764903207365,0.5720283502002449,0.2776749999577257,0.014119249127496403
"Eckroat, Austin",18,4,0.002064359800260318,0.2060775836687722,0.6848108896727414,0.10655968996460685,0.00048747689361916535
"English, Harris",1,4,0.0022620813304308207,0.14828070236745616,0.6290678728152307,0.21538987593381675,0.004999467553065573
"English, Harris",2,4,0.019431369801962473,0.22569368393126438,0.5084601024976816,0.22678913289231384,0.01962571087677778
"English, Harris",3,4,0.01125279394282741,0.3010942286464886,0.5914181196690244,0.09525352388276509,0.0009813338588945397
"English, Harris",4,4,0.007413027619473378,0.18383522034252864,0.5636512074530541,0.2329799115021638,0.012120633082780108
"English, Harris",5,3,8.29457341570694e-05,0.09210147040807998,0.7745621101511104,0.1330606445288388,0.00019282917781371367
"English, Harris",6,5,0.03387796458608583,0.3458011093236373,0.507943070879933,0.10925203074342471,0.0031258244669192248
"English, Harris",7,4,0.00459047342269453,0.20175839615799052,0.6268618260169891,0.16383686389613217,0.0029524405061936987
"English, Harris",8,3,0.007063726683238736,0.2231965216725766,0.6057090523806574,0.16050113917767295,0.0035295600858542553
"English, Harris",9,4,0.0037167958611258323,0.17316460706710168,0.6176194142666467,0.20043756790052436,0.005061614904601441
"English, Harris",10,4,0.010912443563671548,0.2557485888016792,0.5859081368064943,0.14414668928869712,0.0032841415394577744
"English, Harris",11,3,0.007504092607063417,0.25292880059164624,0.6141155793131474,0.1238015931916856,0.0016499342964573227
"English, Harris",12,4,0.020896241942138516,0.2401773005473401,0.5139525843339998,0.2092374913267212,0.015736381849800418
"English, Harris",13,5,0.1120031337258372,0.38727581041731735,0.3880278467701781,0.10506986284336783,0.0076233462432995225
"English, Harris",14,4,0.020963712349539032,0.28019952932486597,0.5382682673830355,0.15445121748756496,0.006117273454994576
"English, Harris",15,4,0.03203819393450824,0.3197533134068795,0.5104997600129764,0.132502637229987,0.00520609541564887
"English, Harris",16,3,0.014360357037224769,0.2181680956133955,0.5336159636475878,0.2193362675034325,0.014519316198359444
"English, Harris",17,4,0.003915719931581352,0.15150801019009175,0.5810007738260272,0.25221719516746577,0.011358300884833916
"English, Harris",18,4,0.002863685672667926,0.23669470081177602,0.6715395393333754,0.08856860035975034,0.0003334738224303191
"Finau, Tony",1,4,0.002154292981693562,0.1447849657815402,0.6280370400998417,0.21979495797000814,0.00522874316691635
"Finau, Tony",2,4,0.018878462968472787,0.22253670589653235,0.5084191956092546,0.2299685255910282,0.02019710993471202
"Finau, Tony",3,4,0.010804809389742542,0.2960995970717636,0.5942003656412316,0.09786157423202602,0.0010336536652362227
"Finau, Tony",4,4,0.007141579907998685,0.18046050074691528,0.5630449663512316,0.236801712687166,0.012551240306688527
"Finau, Tony",5,3,7.624247666554451e-05,0.08868516011093563,0.773413717458896,0.13761608428400796,0.0002087956694948323
"Finau, Tony",6,5,0.032904816694184325,0.3418010036032455,0.510396775230852,0.11164504065819214,0.0032523638135260047
"Finau, Tony",7,4,0.0043884773936189725,0.19760113474367913,0.6273479284613575,0.1675683417130247,0.0030941176883196864
"Finau, Tony",8,3,0.006778669504715562,0.21901634451327406,0.6064937781967408,0.16402201469131428,0.003689193093955323
"Finau, Tony",9,4,0.003553020479870439,0.1694460083289785,0.6171888308572275,0.2045259914806169,0.005286148853306694
"Finau, Tony",10,4,0.010505514398058469,0.2514502964860654,0.5872730030752434,0.14734144611521405,0.003429739925418618
"Finau, Tony",11,3,0.007190623684191877,0.24826265585722074,0.6158856961454491,0.12692715979033464,0.001733864522803663
"Finau, Tony",12,4,0.020299712656888014,0.23688267939622598,0.5142235526960768,0.21237728894575958,0.016216766305049646
"Finau, Tony",13,5,0.11002427493417294,0.38508382405403996,0.3901857386383864,0.10686036035007773,0.007845802023322968
"Finau, Tony",14,4,0.02031579253472915,0.27632452909041255,0.5395928960287653,0.1574204123029801,0.006346370043113003
"Finau, Tony",15,4,0.031138649276177488,0.31596327175296396,0.5123819055444656,0.1351170808407156,0.005399092585677279
"Finau, Tony",16,3,0.013909013583469021,0.2148047003770545,0.5335687684695731,0.2227298980226704,0.014987619547232933
"Finau, Tony",17,4,0.0037540635975183423,0.14831080063800411,0.5797096925067353,0.25643823965185275,0.011787203605889474
"Finau, Tony",18,4,0.0027121522496211803,0.23138443807164716,0.6741193576945184,0.09142831566534604,0.0003557363188672058
"Fitzpatrick, Matt",1,4,0.002056392722229461,0.14151920634737497,0.6269549635052725,0.22401465764961948,0.005454779775503682
"Fitzpatrick, Matt",2,4,0.018366515915240633,0.21955861848512115,0.5083242440778315,0.23299863258422138,0.02075198893758534
"Fitzpatrick, Matt",3,4,0.010394372288671183,0.29138732846341014,0.5967506677147325,0.10038200631021676,0.0010856252229693997
"Fitzpatrick, Matt",4,4,0.006892282877733302,0.177291791907488,0.5623940924342044,0.24045003701991208,0.012971795760662319
"Fitzpatrick, Matt",5,3,7.035919434128513e-05,0.08553301054537554,0.7721384971061332,0.14203306187105313,0.00022507128309678937
"Fitzpatrick, Matt",6,5,0.03200329764499965,0.33800511454696514,0.5126677926918188,0.11394718536514414,0.003376609751072235
"Fitzpatrick, Matt",7,4,0.004204283698767297,0.19370242390751718,0.6277048264093189,0.17115435799808743,0.003234107986309187
"Fitzpatrick, Matt",8,3,0.006517764424207428,0.21508810707816334,0.6071436262799434,0.16740396257970236,0.003846539637983426
"Fitzpatrick, Matt",9,4,0.0034037148087541214,0.16596388153779035,0.6166811611615834,0.20844400785061068,0.00550723464126146
"Fitzpatrick, Matt",10,4,0.010131869343702415,0.2474012320207602,0.5884815575640302,0.15041218618763874,0.0035731548838684457
"Fitzpatrick, Matt",11,3,0.006904063228916457,0.24387299399814488,0.6174658438835241,0.12994006468329755,0.0018170342061170075
"Fitzpatrick, Matt",12,4,0.019747372186460443,0.23377275810330345,0.5144224594086171,0.21537350108204567,0.016683909219573412
"Fitzpatrick, Matt",13,5,0.10817084518146963,0.3829821648362834,0.39220825345917065,0.10857670454565771,0.008062031977418616
"Fitzpatrick, Matt",14,4,0.019717076896403396,0.2726627369518379,0.5407822456722583,0.16026731496329383,0.006570625516206574
"Fitzpatrick, Matt",15,4,0.030304936833210838,0.31237095698831546,0.5141097281585186,0.13762639990940817,0.005587978110546898
"Fitzpatrick, Matt",16,3,0.013492319407639786,0.21163624186271424,0.5334592221830758,0.22596852685735924,0.015443689689210949
"Fitzpatrick, Matt",17,4,0.0036063068238643137,0.1453179200315931,0.5784025669432729,0.2604663219799981,0.012206884221271697
"Fitzpatrick, Matt",18,4,0.0025751678792396704,0.22640588367830866,0.6764382664334027,0.09420256353382761,0.00037811847522140063
"Fleetwood, Tommy",1,4,0.0027514315110731546,0.16301425244787954,0.6320806437225299,0.19799539231804075,0.0041582800004766884
"Fleetwood, Tommy",2,4,0.021818380505314816,0.2386711012532831,0.5080023616658236,0.21406240601530713,0.01744575056027131
"Fleetwood, Tommy",3,4,0.013240423591095396,0.32160582360311524,0.5791758338069581,0.0851849005921762,0.0007930184066550217
"Fleetwood, Tommy",4,4,0.008610106126652362,0.19787519902690354,0.5652631988084743,0.21774948515735915,0.010502010880610646
"Fleetwood, Tommy",5,3,0.00011626346381943264,0.10696354569050848,0.7771415498564107,0.1156396088987326,0.00013903209052879006
"Fleetwood, Tommy",6,5,0.038072906668239814,0.3619848442618515,0.49738341527728,0.09990225749139958,0.0026565763012290633
"Fleetwood, Tommy",7,4,0.005497968541349818,0.21910436303569386,0.6237387896956708,0.1492232851814529,0.0024355935458326705
"Fleetwood, Tommy",8,3,0.008331943002236053,0.24054603645756695,0.6014849832936733,0.14669351673366815,0.002943520512855624
"Fleetwood, Tommy",9,4,0.004453084072259361,0.18874217574136937,0.6182599861799914,0.1843096096789052,0.004235144327474627
"Fleetwood, Tommy",10,4,0.012707739754411751,0.273475529355649,0.5794295009003618,0.13163856423591946,0.002748665753657953
"Fleetwood, Tommy",11,3,0.008903067841240175,0.2722380694221912,0.6058565753077705,0.11165630767333257,0.0013459797554655761
"Fleetwood, Tommy",12,4,0.023471494256667724,0.2536973222551745,0.5122102387474964,0.19671075396221294,0.013910190778448461
"Fleetwood, Tommy",13,5,0.12029434381306336,0.3959061993723658,0.37901586453829317,0.09800700545607999,0.006776586820197661
"Fleetwood, Tommy",14,4,0.023775318804026502,0.29605242782641156,0.5321610973482547,0.14275012650936758,0.00526102951193963
"Fleetwood, Tommy",15,4,0.03591144424678122,0.3351363952968151,0.5022418465931147,0.12222589996259492,0.004484413900694095
"Fleetwood, Tommy",16,3,0.01632368014949931,0.23204256799530465,0.5330878784784072,0.20579996453364036,0.012745908843148523
"Fleetwood, Tommy",17,4,0.0046376063473426155,0.16491528099434766,0.5853100284637724,0.23538310206103463,0.009753982133502648
"Fleetwood, Tommy",18,4,0.0035600491224034303,0.2588595986034234,0.6596843615512228,0.07764021913661345,0.0002557715863369392
"Fowler, Rickie",1,4,0.0020233822987984484,0.14039747247927742,0.6265558851213613,0.22548805404384853,0.005535206056714315
"Fowler, Rickie",2,4,0.01819168690277173,0.21852911436157596,0.50827853338259,0.23405317526331593,0.02094749008974639
"Fowler, Rickie",3,4,0.010255185917551535,0.28975827316509367,0.5976151527018208,0.10126717953953446,0.001104208675999585
"Fowler, Rickie",4,4,0.0068076053452396645,0.17619974440418845,0.5621510557330713,0.24172107182579738,0.013120522691703163
"Fowler, Rickie",5,3,6.841995059536643e-05,0.08445919614810304,0.7716538824630449,0.14358751215096865,0.00023098928728804147
"Fowler, Rickie",6,5,0.031695331251097414,0.33668784779485816,0.5134427972240736,0.1147533216066976,0.003420702123273278
"Fowler, Rickie",7,4,0.004142014217785539,0.19235990590878282,0.6278049329115487,0.17240915554039038,0.0032839914214926047
"Fowler, Rickie",8,3,0.006429344125349956,0.21373359586955532,0.6073475615080803,0.16858697989781746,0.0039025185991969913
"Fowler, Rickie",9,4,0.003353247491679756,0.16476597924666359,0.6164824833107766,0.2098124541449865,0.0055858358058935575
"Fowler, Rickie",10,4,0.010004974093591579,0.2460028301331451,0.5888812231997087,0.1514868176262112,0.003624154947343472
"Fowler, Rickie",11,3,0.006807027046378145,0.2423583220078318,0.6179914899027544,0.1309964349007623,0.001846726142273325
"Fowler, Rickie",12,4,0.019558748694765926,0.23269723326444214,0.5144782449187144,0.21641712592257112,0.016848647199506406
"Fowler, Rickie",13,5,0.10753309966553887,0.38224792005587455,0.3929043945097823,0.10917632065379057,0.008138265115013699
"Fowler, Rickie",14,4,0.019512889666723376,0.27139546527403435,0.5411795751291666,0.1612620199970478,0.006650049933027868
"Fowler, Rickie",15,4,0.030020047109480308,0.3111252810720729,0.5146960585875152,0.13850374507666285,0.005654868154268744
"Fowler, Rickie",16,3,0.013350291955565807,0.2105419200471933,0.5334064861057826,0.22709662409972065,0.015604677791737687
"Fowler, Rickie",17,4,0.0035562770558673074,0.14428853975429556,0.5779303680056675,0.2618693319315618,0.012355483252607713
"Fowler, Rickie",18,4,0.0025291238407854078,0.2246919139352926,0.6772134891061292,0.09517928865480263,0.00038618446299021336
"Fox, Ryan",1,4,0.0018252502240425628,0.13342829579111287,0.6237471364554497,0.23492983841845871,0.006069479110936138
"Fox, Ryan",2,4,0.017117050580424287,0.21205470739295196,0.5078364412291063,0.24076960114712254,0.022222199650394847
"Fox, Ryan",3,4,0.009410845498410536,0.2795143002880993,0.6028434919332054,0.10700252773840968,0.0012288345418750568
"Fox, Ryan",4,4,0.00629234333800649,0.1693717692263455,0.5604067070373014,0.24983207048278122,0.014097109915565342
"Fox, Ryan",5,3,5.725991507288253e-05,0.07789158151826014,0.7680827985240019,0.15369638711293432,0.00027197292973080156
"Fox, Ryan",6,5,0.029801265325905324,0.3283444728897191,0.5181942340255397,0.11994785873630409,0.003712169022531908
"Fox, Ryan",7,4,0.003766448167709213,0.18397957265186904,0.628154836992167,0.18048283460156522,0.0036163075866895156
"Fox, Ryan",8,3,0.005893594547799308,0.20525680642976246,0.6083808601043809,0.176194424060225,0.004274314857832362
"Fox, Ryan",9,4,0.003048946671572794,0.15730186783001737,0.6149553592275598,0.21858664009025675,0.006107186180593249
"Fox, Ryan",10,4,0.009233059383637054,0.23722506959270673,0.5911760381148182,0.15840323095733921,0.003962601951498779
"Fox, Ryan",11,3,0.006219973985330918,0.23286711347697148,0.6210483120635937,0.13781935676945412,0.0020452437046498684
"Fox, Ryan",12,4,0.01839932471171518,0.2259281953822882,0.5146732125844165,0.2230746437190314,0.01792462360254876
"Fox, Ryan",13,5,0.10355690162773656,0.377538323375418,0.39724537737032156,0.11302345015108672,0.008635947475437167
"Fox, Ryan",14,4,0.018260976435952037,0.263409492152671,0.5435115740136032,0.1676448915859876,0.007173065811786117
"Fox, Ryan",15,4,0.028266885329724434,0.30324635856595983,0.5182506447105989,0.14414085503475804,0.0060952563589588005
"Fox, Ryan",16,3,0.012480426175306203,0.20367174748619038,0.5328964709773867,0.2342932778449197,0.016658077516196967
"Fox, Ryan",17,4,0.0032536374384748434,0.13787674483204831,0.5747178868232548,0.27081824405211186,0.013333486854110288
"Fox, Ryan",18,4,0.0022543940504005655,0.21399857867524713,0.681768832365145,0.10153710152847073,0.0004410933807366124
"Gerard, Ryan",1,4,0.0021768433420944477,0.14552472873127742,0.6282659983072234,0.2188532692312285,0.005179160388176229
"Gerard, Ryan",2,4,0.018995043783714083,0.2232074070544111,0.5084329982599346,0.22929026160659316,0.020074289295347048
"Gerard, Ryan",3,4,0.010898863948283655,0.2971607873909501,0.5936159832465537,0.09730206060800195,0.0010223048062105722
"Gerard, Ryan",4,4,0.007198625896982447,0.1811761151360704,0.56318093129737,0.23598585867464905,0.012458468994928085
"Gerard, Ryan",5,3,7.762540102018711e-05,0.08940449986666926,0.7736751176954411,0.13663746074969263,0.00020529628717691484
"Gerard, Ryan",6,5,0.03311004938167955,0.34265287973537356,0.5098794251227198,0.11113260230714117,0.0032250434530859406
"Gerard, Ryan",7,4,0.004430805091541312,0.19848225953094584,0.6272538703047578,0.1667696138814394,0.0030634511913156803
"Gerard, Ryan",8,3,0.006838492937275897,0.2199030596403193,0.6063352544401324,0.1632685189930715,0.0036546739892009406
"Gerard, Ryan",9,4,0.0035873357450142973,0.17023368099255376,0.6172895175106348,0.20365184985072715,0.00523761590106997
"Gerard, Ryan",10,4,0.010591025530273135,0.25236296405173025,0.5869901854721347,0.14665756059860147,0.003398264347260427
"Gerard, Ryan",11,3,0.007256377349647014,0.2492528937325787,0.6155177462766577,0.12625730603171437,0.0017156766094023057
"Gerard, Ryan",12,4,0.020425491612353464,0.23758280512148272,0.5141711265998339,0.21170712529057,0.016113451375759924
"Gerard, Ryan",13,5,0.11044346432942803,0.38555259168775513,0.3897284752033919,0.10647750108393916,0.007797967695485797
"Gerard, Ryan",14,4,0.020452295982653856,0.27714836034100243,0.5393169292753685,0.15678544638127923,0.0062969680196960365
"Gerard, Ryan",15,4,0.03132839405858051,0.31677002439677476,0.5119863532004125,0.134557750351886,0.005357477992346205
"Gerard, Ryan",16,3,0.014004067647605922,0.2155188600370807,0.5335846928514189,0.22200553679528723,0.014886842668607292
"Gerard, Ryan",17,4,0.0037879705268694663,0.14898793695796986,0.5799920859530483,0.2555372772455786,0.011694729316533703
"Gerard, Ryan",18,4,0.0027437939232045627,0.2325098201404341,0.6735816430670648,0.09081385893316973,0.00035088393612681124
"Glover, Lucas",1,4,0.002066194256161169,0.14185023482306275,0.6270700231019397,0.22358222435049424,0.005431323468342075
"Glover, Lucas",2,4,0.018418207803614806,0.2198617804946285,0.5083364368479932,0.23268879138057708,0.020694783473186318
"Glover, Lucas",3,4,0.010435621594724942,0.29186704040689054,0.5964944079920496,0.10012271568606423,0.0010802143202707226
"Glover, Lucas",4,4,0.006917364412040328,0.17761370021829875,0.5624638870510427,0.24007671742585734,0.012928330892760909
"Glover, Lucas",5,3,7.093933949370301e-05,0.08585077122938684,0.7722768999056584,0.14157803171483807,0.00022335781062299276
"Glover, Lucas",6,5,0.03209434483457191,0.33839252072949694,0.5124385800296211,0.11371081542803463,0.0033637389782754656
"Glover, Lucas",7,4,0.004222756918193793,0.19409827520040795,0.6276730572526494,0.1707863439534847,0.0032195666752641294
"Glover, Lucas",8,3,0.006543974269920483,0.21548731515914704,0.6070815334140847,0.16705696439767692,0.003830212759170948
"Glover, Lucas",9,4,0.003418687482839966,0.1663172057844528,0.6167373869592235,0.20804241533616474,0.005484304437318954
"Glover, Lucas",10,4,0.010169457714300945,0.2478131570788667,0.5883620810118545,0.15009702622653298,0.0035582779684448784
"Glover, Lucas",11,3,0.006932834788985487,0.24431930260095808,0.6173090245740015,0.1296304537558921,0.0018083842801628336
"Glover, Lucas",12,4,0.019803142698064713,0.2340894283709679,0.5144047551332365,0.21506695387540997,0.016635719922320935
"Glover, Lucas",13,5,0.1083589344981653,0.3831976227253841,0.3920029589719236,0.1084007535568694,0.008039730247657584
"Glover, Lucas",14,4,0.019777476075175715,0.27303577749176355,0.540663880928929,0.15997543991656948,0.006547425587562161
"Glover, Lucas",15,4,0.03038915307108786,0.3127374004672983,0.5139359878886359,0.13736901980670446,0.0055684387662734425
"Glover, Lucas",16,3,0.013534339642026827,0.21195858852602484,0.5334732889640548,0.2256371704263299,0.01539661244156365
"Glover, Lucas",17,4,0.003621141199853961,0.14562155878065536,0.5785396188139036,0.2600542067610325,0.012163474444554567
"Glover, Lucas",18,4,0.0025888536790900085,0.22691130100433027,0.67620737908952,0.09391669015974968,0.00037577606730998525
"Greyserman, Max",1,4,0.0019750822188763784,0.13873666270680995,0.6259386357734431,0.2276926073697011,0.005657011931169409
"Greyserman, Max",2,4,0.01793378986123989,0.2169985570319669,0.5081982166355354,0.23562772034113255,0.021241716130125265
"Greyserman, Max",3,4,0.010050787241220438,0.2873363807362287,0.5988838298313306,0.10259655912641841,0.001132443064801869
"Greyserman, Max",4,4,0.006683124317825084,0.17457940017276363,0.5617724580362633,0.24362012887237383,0.013344888600774207
"Greyserman, Max",5,3,6.562330004122874e-05,0.08287777102071664,0.7708914983336761,0.1459250291704085,0.00024007817515747654
"Greyserman, Max",6,5,0.031240947892877124,0.3347246862674844,0.5145852655192215,0.11596173170627178,0.0034873686141452254
"Greyserman, Max",7,4,0.004050751079619941,0.19036900581866356,0.6279314238774615,0.17428920734370545,0.0033596118805495623
"Greyserman, Max",8,3,0.006299549634909363,0.2117231692854264,0.607630856410884,0.1703591317601003,0.00398729290867994
"Greyserman, Max",9,4,0.0032792888542733656,0.16299063743285563,0.6161648981279993,0.21186035964728822,0.0057048159375834295
"Greyserman, Max",10,4,0.009818449478065983,0.24392513814538275,0.5894579729771406,0.15309707188838684,0.00370136751102379
"Greyserman, Max",11,3,0.006664659410309803,0.24010918802621672,0.6187531353060254,0.1325812253120493,0.0018917919453987908
"Greyserman, Max",12,4,0.019280502969255764,0.2310978350373583,0.5145487297553808,0.21797621292243352,0.017096719315571662
"Greyserman, Max",13,5,0.10658776837451372,0.38114894603676186,0.39393641338244084,0.11007382952333122,0.00825304268295235
"Greyserman, Max",14,4,0.019211944578547413,0.26951009265654885,0.5417569890692174,0.1627509910523487,0.006769982643337613
"Greyserman, Max",15,4,0.02959962894529311,0.30926970438903423,0.5155571858551131,0.13981761413073168,0.005755866679827859
"Greyserman, Max",16,3,0.013141039526582354,0.2089159485873076,0.5333138263809063,0.22878193285717907,0.015847252648024668
"Greyserman, Max",17,4,0.00348287863541219,0.14276314728530598,0.5772088966086233,0.2639652458252155,0.012579831645443074
"Greyserman, Max",18,4,0.002461889286376029,0.22215058464340193,0.6783405513395164,0.09664847356371742,0.0003985011669882521
"Griffin, Ben",1,4,0.002519735731422945,0.15625347227210795,0.6309538441523517,0.20575194323790313,0.004521004606214296
"Griffin, Ben",2,4,0.020711583162710212,0.23277984337433594,0.50833291224209,0.21977265929855527,0.018403001922308593
"Griffin, Ben",3,4,0.012308248857567317,0.3122996083540291,0.584889198510987,0.08962945006262824,0.0008734942147884395
"Griffin, Ben",4,4,0.008050077643545872,0.19146837889910528,0.5647043218562895,0.22456930593356905,0.011207915667490242
"Griffin, Ben",5,3,9.99078942009457e-05,0.10005248297983532,0.7763914782522296,0.12329483447508593,0.0001612963986481475
"Griffin, Ben",6,5,0.03612913238310966,0.3546900398692686,0.5022686922220799,0.10405218933403815,0.0028599461915036484
"Griffin, Ben",7,4,0.00507014362615249,0.21117947480443094,0.625376656108943,0.15571585636969376,0.0026578690907798075
"Griffin, Ben",8,3,0.007736471144440316,0.23263761367956848,0.6035977038559499,0.15283190681567427,0.0031963045043670313
"Griffin, Ben",9,4,0.004105869619004554,0.18161281244660088,0.6181909219392736,0.19149832596692729,0.004592070028193618
"Griffin, Ben",10,4,0.011867725714782007,0.26541736278523353,0.5825398421554577,0.13719523315147675,0.0029798361930499784
"Griffin, Ben",11,3,0.008245360823520287,0.26344793756451396,0.6097971287596806,0.1170333220831632,0.001476250769121945
"Griffin, Ben",12,4,0.022277436413209117,0.2475644131500559,0.5131243239579317,0.20232304164465986,0.014710784834143453
"Griffin, Ben",13,5,0.11649872850119875,0.3920633239062699,0.3831343198347099,0.10115559070308533,0.0071480370547361005
"Griffin, Ben",14,4,0.022468850977375665,0.2888713168096106,0.5350626424066978,0.1479637189141778,0.00563347089213817
"Griffin, Ben",15,4,0.03411757447516428,0.3281924346750224,0.5060919132408803,0.12679967741055265,0.004798400198380293
"Griffin, Ben",16,3,0.015410436364881153,0.22573454048376218,0.5334692226281312,0.2118638229783627,0.013521977544862729
"Griffin, Ben",17,4,0.004298123353064176,0.15877624160423798,0.5835502863432689,0.24292329921030287,0.010452049489126036
"Griffin, Ben",18,4,0.003228714453764381,0.24873240392574275,0.6653087944971632,0.08244159646863669,0.00028849065469305213
"Hadwin, Adam",1,4,0.0018305229705151693,0.1336193209258258,0.6238319459548245,0.23466421588063302,0.0060539942682015235
"Hadwin, Adam",2,4,0.017146242517872445,0.2122340152170819,0.5078523258735834,0.24058160189751865,0.022185814493943523
"Hadwin, Adam",3,4,0.009433522226994562,0.27979795810758246,0.6027036418220442,0.10683968340213768,0.0012251944412411397
"Hadwin, Adam",4,4,0.006306219224637144,0.16955994074358355,0.5604600931013488,0.24960467419412236,0.014069072736308086
"Hadwin, Adam",5,3,5.754613589054047e-05,0.07806918389786915,0.7681939905112817,0.15340853485124373,0.00027074460371490083
"Hadwin, Adam",6,5,0.029852740002544786,0.3285769147358885,0.5180655540256178,0.11980103622962335,0.003703755006325471
"Hadwin, Adam",7,4,0.003776484832267224,0.1842101965758416,0.6281517378687822,0.18025492702921075,0.003606653693898232
"Hadwin, Adam",8,3,0.005907969033723537,0.2054905903765002,0.6083581224057486,0.17597977756973937,0.0042635406142883525
"Hadwin, Adam",9,4,0.0030570769924627705,0.1575069662945734,0.6150041827332007,0.218339679356935,0.006092094622828226
"Hadwin, Adam",10,4,0.009253840854221929,0.23746776802325292,0.5911176504446394,0.15820793997553817,0.003952800702347603
"Hadwin, Adam",11,3,0.006235703956875227,0.23312915122888095,0.6209695421502899,0.13762614294873388,0.0020394597152201266
"Hadwin, Adam",12,4,0.018430819665438247,0.2261157833518594,0.5146714858825163,0.22288804362279013,0.017893867477395853
"Hadwin, Adam",13,5,0.10366622848481666,0.37767091321549273,0.39712603496188625,0.11291509677521916,0.008621726562585197
"Hadwin, Adam",14,4,0.018294909580186147,0.2636310345134059,0.5434509312216619,0.167465109754535,0.007158014930211065
"Hadwin, Adam",15,4,0.028314554818024584,0.3034656084810824,0.5181553467460754,0.14398190470612016,0.006082585248697425
"Hadwin, Adam",16,3,0.012503982548346115,0.20386173736956004,0.5329147954082272,0.234091562904165,0.016627921769701737
"Hadwin, Adam",17,4,0.003261746103223384,0.13805287928768512,0.5748125568678031,0.27056746171712476,0.013305356024163606
"Hadwin, Adam",18,4,0.002261667432360448,0.21429270518806154,0.6816502551898949,0.10135590210450585,0.000439470085177307
"Hall, Harry",1,4,0.0020214555716591143,0.14033166926810275,0.6265320311932572,0.22557487431234113,0.005539969654639876
"Hall, Harry",2,4,0.01818144715953346,0.2184686155490238,0.5082756397431843,0.2341152590072758,0.020959038540982577
"Hall, Harry",3,4,0.01024704934136833,0.2896625416560712,0.5976656769122192,0.10131942124330262,0.0011053108470386874
"Hall, Harry",4,4,0.006802653057232544,0.1761356239644138,0.5621364835993746,0.2417959223347449,0.013129317044234146
"Hall, Harry",5,3,6.830746009051092e-05,0.08439634627339981,0.771624700241089,0.1436793041381803,0.0002313418872403883
"Hall, Harry",6,5,0.03167729210417941,0.33661035796129163,0.5134881774160607,0.11480086068727058,0.003423311831197706
"Hall, Harry",7,4,0.0041383771371999445,0.1922810970347728,0.6278104408202136,0.17248313783204228,0.003286947175771382
"Hall, Harry",8,3,0.006424176140717275,0.21365405366719975,0.6073592119581573,0.16865672413799548,0.0039058340959301496
"Hall, Harry",9,4,0.003350299881195784,0.16469567819460929,0.6164704350802956,0.20989309656376576,0.0055904902801335865
"Hall, Harry",10,4,0.009997553057647601,0.24592067480351731,0.588904417191253,0.15155017975253893,0.0036271751950431863
"Hall, Harry",11,3,0.006801356740491538,0.24226935781599052,0.6180220469729609,0.1310587520827643,0.0018484863877926694
"Hall, Harry",12,4,0.019547701008477136,0.23263402293029006,0.5144813141891911,0.21647858103137574,0.016858380840666043
"Hall, Harry",13,5,0.10749566978436481,0.38220464823216943,0.3929452541799713,0.10921165872513539,0.008142769078359091
"Hall, Harry",14,4,0.019500934790926627,0.2713209716307172,0.5412027012355304,0.1613206440663877,0.006654748276438083
"Hall, Harry",15,4,0.0300033582834493,0.3110520176671608,0.5147303371561817,0.13855546198227475,0.005658824910933502
"Hall, Harry",16,3,0.013341977759500467,0.21047762817564086,0.5334031477513883,0.22716305395189906,0.015614192361571355
"Hall, Harry",17,4,0.003553353626625011,0.14422813201396084,0.5779022924459594,0.2619519489503893,0.012364272963065415
"Hall, Harry",18,4,0.0025264386890753165,0.2245913068401582,0.677258618346898,0.09523697225187255,0.0003866638719958182
"Harman, Brian",1,4,0.0022162985084139275,0.14680822478370492,0.6286493866239868,0.21723158784039964,0.005094502243494725
"Harman, Brian",2,4,0.01919785286128778,0.22436772036625474,0.5084503492815196,0.22812044086883976,0.019863636622098113
"Harman, Brian",3,4,0.011063000604888351,0.2989965552218618,0.592596423145505,0.09634104986997516,0.0010029711577697054
"Harman, Brian",4,4,0.0072981069326588655,0.1824158446912617,0.5634069989882822,0.23457942349160554,0.012299625896191713
"Harman, Brian",5,3,8.006985257852373e-05,0.09065717704606263,0.7741050997071185,0.134958272775772,0.00019938061846835886
"Harman, Brian",6,5,0.03346702569095872,0.3441240127566867,0.5089793693168557,0.11025125255606438,0.003178339679434483
"Harman, Brian",7,4,0.00450477622275558,0.20000926944623476,0.6270793807239113,0.16539544765494085,0.0030111259521574674
"Harman, Brian",8,3,0.006942923304097737,0.22143882113183838,0.6060505443330915,0.1619719791067743,0.003595732124198059
"Harman, Brian",9,4,0.0036473088251434693,0.1715993454036287,0.6174519482502775,0.20214667817897025,0.005154719341980085
"Harman, Brian",10,4,0.010740155191990064,0.2539425292952305,0.5864917761343366,0.1454810310087994,0.0033445083696435063
"Harman, Brian",11,3,0.007371201313713105,0.2509673970092225,0.6148708249054319,0.12510590704176472,0.0016846697298678048
"Harman, Brian",12,4,0.020644301811451993,0.23879379104164472,0.5140738635768876,0.21055171693712038,0.015936326632895348
"Harman, Brian",13,5,0.1111702134265189,0.38635963076290875,0.38893589758226227,0.10581830927906499,0.0077159489492450994
"Harman, Brian",14,4,0.020689905327966496,0.27857284434912405,0.5388325411740564,0.15569227039846767,0.006212438750385352
"Harman, Brian",15,4,0.03165838662966536,0.31816372423535316,0.5112965375454726,0.13359508198741865,0.005286269602090221
"Harman, Brian",16,3,0.014169571067055464,0.2167548606571511,0.5336047111146696,0.22075671155212362,0.014714145609000306
"Harman, Brian",17,4,0.0038471842233205322,0.1501620746765603,0.5804702857337292,0.2539839715416766,0.011536483824713395
"Harman, Brian",18,4,0.002799233370743781,0.2344602921883437,0.6726381395464379,0.08975968774008891,0.00034264715438570015
"Henley, Russell",1,4,0.0026992690727086766,0.1615231493507745,0.6318675805246821,0.1996748339778326,0.004235167074002177
"Henley, Russell",2,4,0.021572584949876183,0.23738070829544083,0.5080919085015952,0.21530377867509654,0.0176510195779912
"Henley, Russell",3,4,0.013031873664074212,0.3195683966884526,0.580448689455006,0.08614105908453706,0.0008099811079300689
"Henley, Russell",4,4,0.008485011698301237,0.19646718811186853,0.5651649790016982,0.2192300997868566,0.010652721401275489
"Henley, Russell",5,3,0.00011249182311229289,0.10542625986796428,0.7770361664958971,0.11728145020587166,0.00014363160715458179
"Henley, Russell",6,5,0.037641439058415105,0.3603944643849253,0.4984660650425333,0.10079820640787984,0.002699825106246445
"Henley, Russell",7,4,0.005401925028515553,0.2173614675729557,0.6241282015940334,0.15062577466667948,0.0024826311378158827
"Henley, Russell",8,3,0.008198617178015233,0.23880931868598138,0.6019748939011231,0.1480200550159667,0.0029971152189135486
"Henley, Russell",9,4,0.004375121190781872,0.18717244347728718,0.6182758556539996,0.1858657034982335,0.004310876179697942
"Henley, Russell",10,4,0.012520090786778404,0.27170909002717203,0.5801342626648082,0.13283885177746146,0.0027977047437799385
"Henley, Russell",11,3,0.008755686175492494,0.27030941894743876,0.6067461786569529,0.11281522800490862,0.0013734882152072192
"Henley, Russell",12,4,0.023206324231675235,0.2523546707868533,0.5124276312307712,0.19792968562739777,0.014081688123302571
"Henley, Russell",13,5,0.11945837932181208,0.395075016012912,0.37992171231409555,0.0986887018597189,0.006856190491461467
"Henley, Russell",14,4,0.023484781541656452,0.29448177166981304,0.5328145580570764,0.1438784739722403,0.005340414759213763
"Henley, Russell",15,4,0.03551337023832829,0.3336210524867605,0.5030991536451408,0.1232150733466102,0.004551350283160227
"Henley, Russell",16,3,0.016120449405653714,0.23065955244047176,0.5331911830780689,0.20711685206749997,0.01291196300830566
"Henley, Russell",17,4,0.0045615166050487765,0.16356314005971068,0.5849521438726764,0.23702039794907936,0.009902801513484882
"Henley, Russell",18,4,0.003485216161914828,0.2566324123103773,0.660949776892076,0.07866999015655907,0.00026260447907278106
"Highsmith, Joe",1,4,0.0016961965182532568,0.1286494531362823,0.6214744493385507,0.24170625239535004,0.006473648611563743
"Highsmith, Joe",2,4,0.016391562933043946,0.20753378581060744,0.5073659643907527,0.24554779731750265,0.023160889548093366
"Highsmith, Joe",3,4,0.008852055605458764,0.2723640224062518,0.6062732164450126,0.1111862893957063,0.0013244161475705063
"Highsmith, Joe",4,4,0.005949720661821312,0.16464497745181395,0.5589633459114204,0.25561833697830394,0.01482361899664042
"Highsmith, Joe",5,3,5.044143276722313e-05,0.07349372865715775,0.7650441241598464,0.16110682858744474,0.0003048771627839342
"Highsmith, Joe",6,5,0.028521603557803643,0.3224581238454178,0.5213819506673669,0.12370719859756873,0.003931123331842978
"Highsmith, Joe",7,4,0.0035200344586842625,0.1781928640894817,0.6281061353439801,0.18631222907672962,0.0038687370311243363
"Highsmith, Joe",8,3,0.0055396388446802836,0.1993812231408127,0.6088408578798443,0.1816827719375259,0.004555508197136793
"Highsmith, Joe",9,4,0.0028493679127735705,0.1521614044549381,0.613599125508208,0.22488938374185263,0.006500718382227655
"Highsmith, Joe",10,4,0.008720046094132794,0.23111383485191045,0.592548340784633,0.16339950650304347,0.004218271766280202
"Highsmith, Joe",11,3,0.00583302922407708,0.22627636813147772,0.6229204043733285,0.14277337043639704,0.002196827834719639
"Highsmith, Joe",12,4,0.017616608249853227,0.22119625890626832,0.5146460777752586,0.22782210400757597,0.01871895106104382
"Highsmith, Joe",13,5,0.10081513966599293,0.3741540916754132,0.40023714369861774,0.11579048684756166,0.009003138112414488
"Highsmith, Joe",14,4,0.017419053202772705,0.2578168797761853,0.5449643844292422,0.1722359017042997,0.007563780887500093
"Highsmith, Joe",15,4,0.027081362361189243,0.2976987697203421,0.5205923810132007,0.1482033302845165,0.006424156620751464
"Highsmith, Joe",16,3,0.011896350202618367,0.1988868286754497,0.5323537563354743,0.23942528350245884,0.017437781283998754
"Highsmith, Joe",17,4,0.003054173306446306,0.13346301390355275,0.572221940391051,0.2771974057634955,0.014063466635454436
"Highsmith, Joe",18,4,0.0020770609303071286,0.20662182569612808,0.6846114334419224,0.10620556188514585,0.0004841180464965067
"Hoge, Tom",1,4,0.0020951904628973006,0.14282415300096274,0.6274014491526017,0.22231617272556314,0.005363034657975163
"Hoge, Tom",2,4,0.01857055273280167,0.2207520107800962,0.5083689198857155,0.23178076594563535,0.020527750655751187
"Hoge, Tom",3,4,0.01055744368761058,0.29327569355624333,0.5957374870168217,0.09936489108460911,0.0010644846547152031
"Hoge, Tom",4,4,0.006991402452240281,0.17855984237772582,0.5626641908702105,0.2389830045877147,0.012801559712108723
"Hoge, Tom",5,3,7.266719745763206e-05,0.08678795345349316,0.7726720370486728,0.1402489406991052,0.0002184016012711787
"Hoge, Tom",6,5,0.03236265099267255,0.33952883143499124,0.5117629042383648,0.11301937461494016,0.0033262387190312603
"Hoge, Tom",7,4,0.004277364513758819,0.19526203596115999,0.6275737704362918,0.16970957820001664,0.0031772508887727424
"Hoge, Tom",8,3,0.006621394990361906,0.2166604731637271,0.6068938604653291,0.1660415930635576,0.0037826783170242795
"Hoge, Tom",9,4,0.003462949334453347,0.16735624212816336,0.6168965200639056,0.20686675731008908,0.005417531163388611
"Hoge, Tom",10,4,0.01028041957443987,0.2490231120029403,0.5880065686957774,0.14917494044357982,0.0035149592832626197
"Hoge, Tom",11,3,0.0070178429930430886,0.24563060368816536,0.6168432170840517,0.12872510946214322,0.00178322677259668
"Hoge, Tom",12,4,0.019967507989457067,0.23501921046761814,0.5143494230116807,0.2141688073499063,0.01649505118133776
"Hoge, Tom",13,5,0.10891202055976751,0.38382832345510365,0.39139933417044365,0.10788569742408405,0.007974624390601148
"Hoge, Tom",14,4,0.019955553722441788,0.2741308407995965,0.5403127424848013,0.15912107314679202,0.006479789846368433
"Hoge, Tom",15,4,0.030637306682199994,0.3138124677178761,0.513422975513071,0.1366157770869736,0.005511472999879308
"Hoge, Tom",16,3,0.013658251272223976,0.21290540990587797,0.533510764752807,0.22466634471645985,0.015259229352631243
"Hoge, Tom",17,4,0.003664971795036942,0.14651453784448015,0.5789368301667088,0.25884675007170577,0.012036910122068312
"Hoge, Tom",18,4,0.0026293786721318657,0.22839727635253565,0.6755225740963844,0.09308178836533643,0.0003689825136117264
"Homa, Max",1,4,0.001552123667419969,0.12306021441912585,0.618429757189041,0.2499671819904128,0.006990722734000365
"Homa, Max",2,4,0.015554684470715507,0.20215702311422196,0.50662769111037,0.2513276860436289,0.024332915261063626
"Homa, Max",3,4,0.00821916898493058,0.26386598167436526,0.6101032094353678,0.11636339014915908,0.0014482497561773
"Homa, Max",4,4,0.00555993238099356,0.159067807757386,0.5569987331099202,0.26263443072301174,0.015739096028688504
"Homa, Max",5,3,4.326068253629467e-05,0.06846236777219783,0.7608322778972796,0.17031278046821585,0.000349313179770383
"Homa, Max",6,5,0.027044571835913966,0.3153931757832326,0.5250263880473569,0.1283263540866898,0.004209510246806714
"Homa, Max",7,4,0.0032431200099324875,0.17138192669160995,0.627723922789819,0.19345812202903334,0.004192908479605184
"Homa, Max",8,3,0.005139346647498433,0.19244154200293584,0.609097907216569,0.18840600340222735,0.004915200730769453
"Homa, Max",9,4,0.0026251576311084324,0.14612533483407059,0.6116669436494223,0.23257936693751058,0.007003196947888091
"Homa, Max",10,4,0.008136732668835023,0.22386664875796553,0.5939241904307445,0.16952745449324935,0.004544973649205586
"Homa, Max",11,3,0.0053963794041757,0.21847962985086794,0.6248540529533135,0.1488775115561105,0.0023924262355323744
"Homa, Max",12,4,0.0167137365828377,0.2155629542610425,0.5144331012891816,0.23357721985129143,0.019712988015646693
"Homa, Max",13,5,0.09759071496409949,0.37002452638766237,0.403750467265606,0.11917184644204182,0.009462444940590342
"Homa, Max",14,4,0.016451327084490708,0.2511488667384715,0.5464965937490412,0.17784518638003421,0.008058026047962352
"Homa, Max",15,4,0.025711836401217214,0.29105201460807784,0.5232201782986341,0.15317585442470227,0.006840116267368579
"Homa, Max",16,3,0.01122593044093867,0.19320965074751323,0.5315022234444968,0.24564636921079408,0.018415826156257253
"Homa, Max",17,4,0.0028290785076069414,0.12828201696407504,0.568976388588673,0.28492645433677033,0.014986061602874634
"Homa, Max",18,4,0.001880744753629482,0.19794889871099985,0.6876132608490784,0.11201613987586634,0.0005409558104259027
"Hovland, Viktor",1,4,0.0025615876566162377,0.1575016624504909,0.6311933865622361,0.20429212157529753,0.00445124175535927
"Hovland, Viktor",2,4,0.020914447927787405,0.23387541427990177,0.5082866941930622,0.2187024053696539,0.018221038229594755
"Hovland, Viktor",3,4,0.012477766512541344,0.3140310388494238,0.5838458623399794,0.08878740406935848,0.0008579282286970136
"Hovland, Viktor",4,4,0.00815209282709839,0.1926556669682784,0.5648297668191724,0.2232893413157524,0.0110731320696984
"Hovland, Viktor",5,3,0.00010278594398865915,0.10131693060990149,0.7765833459622138,0.12184003419606171,0.00015690328783435348
"Hovland, Viktor",6,5,0.03648558038729727,0.35605319348375136,0.5013714607373898,0.10326880573527553,0.0028209596562860373
"Hovland, Viktor",7,4,0.005147659685722006,0.21264694823503105,0.6250993708153587,0.1544909743640277,0.0026150468998604737
"Hovland, Viktor",8,3,0.007844668805992883,0.23410430036245916,0.6032289941868569,0.15167433955189336,0.003147697092797719
"Hovland, Viktor",9,4,0.00416876665234911,0.1829313995484066,0.6182313359175557,0.19014500791811217,0.0045234899635764325
"Hovland, Viktor",10,4,0.012020730255981993,0.2669146183801906,0.581982363614999,0.1361468785785609,0.0029354091702675777
"Hovland, Viktor",11,3,0.008364760823211304,0.26507963052585887,0.6090879450250556,0.11601656450035025,0.0014510991255239913
"Hovland, Viktor",12,4,0.022496298560640227,0.24870551521978396,0.5129696217246835,0.20127012619771611,0.01455843829717618
"Hovland, Viktor",13,5,0.11720054088242993,0.39278732705189856,0.3823717903709337,0.10056295813053684,0.007077383564200956
"Hovland, Viktor",14,4,0.022707962667244785,0.2902087414132495,0.5345390280737288,0.14698202933126792,0.005562238514508988
"Hovland, Viktor",15,4,0.03444663787104729,0.3294887456124147,0.5053884316263647,0.12593782743662296,0.004738357453550335
"Hovland, Viktor",16,3,0.015577457898947822,0.2269064288204043,0.5334159011370778,0.21072608559423278,0.013374126549337229
"Hovland, Viktor",17,4,0.004359738918786604,0.15991127331614446,0.5839020274609861,0.24150839557718107,0.010318564726901736
"Hovland, Viktor",18,4,0.003288358069668762,0.2506076934655279,0.664292730706746,0.08152911455144529,0.0002821032066120388
"Hughes, Mackenzie",1,4,0.0019463590198443015,0.1377377135089456,0.6255519581445669,0.22903208194626967,0.005731887380373557
"Hughes, Mackenzie",2,4,0.01777921401111654,0.21607428513344779,0.5081425135594856,0.23658249461976677,0.021421492676183318
"Hughes, Mackenzie",3,4,0.009928807107223325,0.2858738828468159,0.59964027462353,0.10340718336081012,0.0011498520616206598
"Hughes, Mackenzie",4,4,0.0066087617362699524,0.1736027627318134,0.5615337709952026,0.24477241195578747,0.013482292580926591
"Hughes, Mackenzie",5,3,6.398329638113154e-05,0.08193145096317778,0.7704067189682723,0.1473521065126906,0.000245740259478211
"Hughes, Mackenzie",6,5,0.030968553173814195,0.33353640417809627,0.5152694860649935,0.11669727252446638,0.003528284058629705
"Hughes, Mackenzie",7,4,0.003996391341957672,0.18916965894859866,0.6279947871446518,0.1754330235453181,0.0034061390194737307
"Hughes, Mackenzie",8,3,0.0062221216297188575,0.2105110485219498,0.6077903294459479,0.17143709913367622,0.004039401268707277
"Hughes, Mackenzie",9,4,0.0032352403126307827,0.16192177960759885,0.6159601794826239,0.21310488234218283,0.005777918254963543
"Hughes, Mackenzie",10,4,0.009707034575536566,0.24267123184435008,0.589796085554994,0.15407683285914298,0.0037488151659764712
"Hughes, Mackenzie",11,3,0.0065797738942160455,0.23875257801377514,0.6192014964563436,0.133546599800215,0.0019195518354502283
"Hughes, Mackenzie",12,4,0.019113730869673495,0.23013174779348539,0.5145840362450733,0.21892210553110747,0.017248379560660387
"Hughes, Mackenzie",13,5,0.10601851647088217,0.3804810083333711,0.39455791159363496,0.11061936166625674,0.008323201935855007
"Hughes, Mackenzie",14,4,0.019031717237105117,0.2683707923488657,0.542097917299363,0.1636560747787824,0.006843498335883824
"Hughes, Mackenzie",15,4,0.029347547559672782,0.30814705564405614,0.5160710274426672,0.14061659717778208,0.0058177721758218
"Hughes, Mackenzie",16,3,0.013015768593275134,0.2079346109238503,0.5332495637399266,0.2298044171794802,0.015995639563467723
"Hughes, Mackenzie",17,4,0.003439117080063836,0.14184488092628933,0.5767618950923428,0.26523677930116385,0.012717327600140216
"Hughes, Mackenzie",18,4,0.002421984270317812,0.220619910910047,0.6790062805546011,0.09754569216855624,0.00040613209647788473
"Im, Sungjae",1,4,0.0022556914812043583,0.14807625920678474,0.6290111191265776,0.21564439886770925,0.005012531317724056
"Im, Sungjae",2,4,0.019398893451204213,0.22550991240761248,0.5084593897400722,0.22697329498573104,0.019658509415380054
"Im, Sungjae",3,4,0.01122634719305493,0.3008035148510486,0.5915822602516847,0.09540357369032404,0.0009843040138877157
"Im, Sungjae",4,4,0.007397021001155413,0.1836383333932992,0.5636182582262185,0.23320110614127054,0.01214528123805636
"Im, Sungjae",5,3,8.254181890304801e-05,0.0919004841094197,0.7745009513567352,0.13332229857159172,0.00019372414335028232
"Im, Sungjae",6,5,0.03382081898250716,0.3455689314156548,0.5080871862959238,0.10939001439996343,0.003133048905950786
"Im, Sungjae",7,4,0.004578521514082889,0.20151571522811118,0.6268931288818138,0.16405213015658038,0.0029605042194117415
"Im, Sungjae",8,3,0.0070468901859050415,0.2229527433231876,0.6057574040472262,0.16070430577482275,0.003538656668858442
"Im, Sungjae",9,4,0.0037071042875647664,0.17294737572974833,0.6175973560800918,0.200673747570836,0.005074416331759091
"Im, Sungjae",10,4,0.010888445708685579,0.25549821632885966,0.5859899177422934,0.14433097906307246,0.0032924411570889323
"Im, Sungjae",11,3,0.007485567288317951,0.252656825948961,0.6142212634542028,0.12398163872092616,0.001654704587592093
"Im, Sungjae",12,4,0.020861203438719944,0.23998557648436364,0.5139700353596667,0.2094192471970634,0.015763937520186344
"Im, Sungjae",13,5,0.11188754091741199,0.3871492185674781,0.3881538445731763,0.10517328642965085,0.007636109512282774
"Im, Sungjae",14,4,0.020925618647995747,0.2799741538411392,0.538347152620287,0.1546227022142077,0.006130372676370288
"Im, Sungjae",15,4,0.03198538188216765,0.3195332010396255,0.5106107260303349,0.13265355951487123,0.005217131533000741
"Im, Sungjae",16,3,0.01433380928227912,0.2179721793177392,0.5336151413203594,0.21953271063940916,0.014546159440213202
"Im, Sungjae",17,4,0.0039061655885941904,0.15132120502559487,0.5809282655056767,0.2524615350289844,0.011382828851149829
"Im, Sungjae",18,4,0.0028546824007175675,0.23638467672693625,0.6716930903717335,0.08873282028913554,0.0003347302114771189
"Jaeger, Stephan",1,4,0.0017636127304375138,0.1311711087936112,0.6227102682754477,0.23809872635780505,0.006256283842698496
"Jaeger, Stephan",2,4,0.016773232592360132,0.2099278537912146,0.5076319485040448,0.2430083150393787,0.022658650073001718
"Jaeger, Stephan",3,4,0.009144875657295826,0.27615004367127793,0.604480245945139,0.10895195869961449,0.001272876026672698
"Jaeger, Stephan",4,4,0.006129433766885517,0.16714383744181688,0.5597510952959834,0.2525414864012616,0.014434147094052552
"Jaeger, Stephan",5,3,5.395835067362187e-05,0.07580347108847879,0.7667098089374013,0.15714578197733742,0.00028697964610890914
"Jaeger, Stephan",6,5,0.029194910783726602,0.32558142341926616,0.5197075758450296,0.12170256598439644,0.003813523967581167
"Jaeger, Stephan",7,4,0.003648942773421704,0.1812504896967707,0.6281624611856311,0.18320523500251362,0.00373287134166278
"Jaeger, Stephan",8,3,0.005725059490275131,0.20248811732893712,0.6086245466343373,0.17875799019202576,0.004404286354424691
"Jaeger, Stephan",9,4,0.002953767524236317,0.1548761785031192,0.6143474519277052,0.2215334396737545,0.006289162371184709
"Jaeger, Stephan",10,4,0.008989102789365877,0.23434812758958923,0.5918456893229056,0.16073627357179154,0.004080806726347808
"Jaeger, Stephan",11,3,0.0060356370241476665,0.2297626373790913,0.6219564963992822,0.14013007057255045,0.0021151586249283927
"Jaeger, Stephan",12,4,0.018028383532727288,0.2237026076844395,0.5146774604554527,0.2252978011268597,0.018293747200520794
"Jaeger, Stephan",13,5,0.10226353259642046,0.37595612979810955,0.3986570092972978,0.11431672720945663,0.00880660109871556
"Jaeger, Stephan",14,4,0.017861640837424864,0.26078009107065603,0.5442134032244508,0.16979071057864004,0.007354154288828241
"Jaeger, Stephan",15,4,0.0277052486141669,0.30064120637401126,0.5193670249688251,0.14603881649483952,0.00624770354815718
"Jaeger, Stephan",16,3,0.012203298047321232,0.20141941521805096,0.5326605742419326,0.23669651654175927,0.017020195950935957
"Jaeger, Stephan",17,4,0.0031586142596415345,0.1357938013654521,0.5735698859116595,0.2738058119574238,0.013671886505823072
"Jaeger, Stephan",18,4,0.0021695307483950432,0.21051878447693717,0.6831416000677213,0.10370926152785354,0.0004608231790930173
"Kim, Michael",1,4,0.0020395033001807117,0.1409466152965228,0.6267530318929078,0.22476519880184886,0.0054956507085398565
"Kim, Michael",2,4,0.018277209382035253,0.21903353189643227,0.5083017622550864,0.23353603419212543,0.020851462274320665
"Kim, Michael",3,4,0.010323210116024328,0.2905564485299418,0.5971926999045735,0.10083257843562954,0.0010950630138308881
"Kim, Michael",4,4,0.0068489984188138675,0.17673459005134512,0.5622712984660491,0.24109767886913946,0.013047434194652485
"Kim, Michael",5,3,6.936418158226543e-05,0.08498430813627722,0.7718941497183984,0.14282410756934483,0.00022807039439731724
"Kim, Michael",6,5,0.03184598781314635,0.33733358198178753,0.5130637280941857,0.1143576781309692,0.0033990239799112087
"Kim, Michael",7,4,0.00417243461706196,0.19301735030735062,0.6277573885064647,0.1717933736275633,0.003259452941559382
"Kim, Michael",8,3,0.006472553914287582,0.21439703114082087,0.6072489802394393,0.1680064473348517,0.0038749873706005467
"Kim, Michael",9,4,0.003377901712320386,0.16535252931021976,0.6165813243180415,0.20914106248169262,0.005547182177725762
"Kim, Michael",10,4,0.010067003263987295,0.2466879062883966,0.588686575111436,0.15095944148296758,0.0035990738532125643
"Kim, Michael",11,3,0.006854442228231672,0.2431002707840803,0.6177352772350849,0.13047789316359093,0.0018321165890121671
"Kim, Michael",12,4,0.019651019128612668,0.23322422777235313,0.5144517505717887,0.21590528225213756,0.016767720275107978
"Kim, Michael",13,5,0.10784538063667393,0.3826081692474886,0.3925635087718457,0.10888212420264365,0.008100817141348138
"Kim, Michael",14,4,0.019612755923190728,0.27201646995461287,0.5409857932859105,0.16077396986967418,0.006611010966611763
"Kim, Michael",15,4,0.030159420219964206,0.3117358605744096,0.5144094895915396,0.13807323901762758,0.005621990596458959
"Kim, Michael",16,3,0.013419751101879818,0.21107803174302925,0.5334332850210715,0.226543349127177,0.01552558300684248
"Kim, Michael",17,4,0.00358072306323981,0.144792560094971,0.578163038913442,0.26118123200210963,0.012282445926237617
"Kim, Michael",18,4,0.002551600631504558,0.2255312347628753,0.6768353710409698,0.09469958277002766,0.00038221079462275043
"Kim, Si Woo",1,4,0.002536244057620929,0.15674729517900166,0.6310503604605542,0.20517285351856906,0.004493246784254223
"Kim, Si Woo",2,4,0.020791763335051783,0.2332137214802294,0.5083154489601235,0.2193483474291602,0.01833071879543513
"Kim, Si Woo",3,4,0.012375176076883987,0.3129853441223148,0.5844770698056992,0.08929511423771275,0.0008672957573891971
"Kim, Si Woo",4,4,0.008090363748071427,0.19193835172699164,0.5647551860791078,0.2240617572625867,0.011154341183242433
"Kim, Si Woo",5,3,0.00010103907696989989,0.10055210981372448,0.7764703469225254,0.12271696204896754,0.0001595421378127737
"Kim, Si Woo",6,5,0.03627002392120415,0.35523024662320357,0.5019139871175993,0.10374130139722082,0.002844440940772186
"Kim, Si Woo",7,4,0.005100732346426773,0.21176029135793745,0.6252683492141562,0.15522980046000856,0.0026408266214710263
"Kim, Si Woo",8,3,0.00777918381356707,0.2332182429719336,0.6034530189558958,0.15237258951210553,0.00317696474649809
"Kim, Si Woo",9,4,0.0041306887888932775,0.1821346151426922,0.618208445545742,0.19096146396243407,0.00456478656023851
"Kim, Si Woo",10,4,0.011928146874376155,0.26601024682767005,0.5823202215450146,0.13677922369262663,0.0029621610603125514
"Kim, Si Woo",11,3,0.008292490005714526,0.2640939695118184,0.609517578159526,0.11662972450410614,0.0014662378188349257
"Kim, Si Woo",12,4,0.02236393954830035,0.24801635512819087,0.5130639000692134,0.20190554740895783,0.014650257845337578
"Kim, Si Woo",13,5,0.11677644772500889,0.39235056455821476,0.38283252240230403,0.10092049712517925,0.007119968189293058
"Kim, Si Woo",14,4,0.022563338154681867,0.2894010833017633,0.5348561584890414,0.14757426963781128,0.005605150416702065
"Kim, Si Woo",15,4,0.03424764761126531,0.3287060828057423,0.5058140057274733,0.1264577348503545,0.004774529005164618
"Kim, Si Woo",16,3,0.01547642989389958,0.22619857716335157,0.5334490752885688,0.2114126904985103,0.013463227155669721
"Kim, Si Woo",17,4,0.004322443339349169,0.15922538546724402,0.5836909328437001,0.24236225800694422,0.010398980342762543
"Kim, Si Woo",18,4,0.0032522294298764076,0.24947462856309266,0.6649080598489157,0.0820791383190993,0.000285943839015923
"Kim, Tom",1,4,0.0020773538935640046,0.14222600845415379,0.6271991498606982,0.22309263972328108,0.005404848068302881
"Kim, Tom",2,4,0.018476941690199533,0.22020556457399942,0.5083495675066979,0.2323378141131579,0.02063011211594523
"Kim, Tom",3,4,0.010482543216487672,0.29241102878678565,0.5962028843387848,0.09982943179809334,0.0010741118598486254
"Kim, Tom",4,4,0.006945887549523411,0.17797892337225768,0.5625420601147659,0.239653905956288,0.01287922300716493
"Kim, Tom",5,3,7.160228280039815e-05,0.08621196461675384,0.7724314845495293,0.14106351795429006,0.00022143059662638187
"Kim, Tom",6,5,0.03219779006475809,0.33883156489978516,0.5121781096280126,0.11344332998217244,0.0033492054252717285
"Kim, Tom",7,4,0.004243780961086019,0.19454745123451817,0.6276357743849006,0.17036983576620723,0.003203157653288047
"Kim, Tom",8,3,0.006573791406253526,0.2159402014916767,0.6070100016461815,0.16666422138063552,0.0038117840752528442
"Kim, Tom",9,4,0.0034357280358903175,0.16671818885421164,0.6167998951694373,0.20758776847518756,0.0054584194652731455
"Kim, Tom",10,4,0.01021220487579011,0.24828035004160343,0.5882256160909716,0.14974034428438165,0.0035414847072532396
"Kim, Tom",11,3,0.00696557049000035,0.24482556585443638,0.6171300791834704,0.12928015815610883,0.001798626315984042
"Kim, Tom",12,4,0.019866510831754947,0.23444850668503758,0.514383977849515,0.2147197552169149,0.016581249416777633
"Kim, Tom",13,5,0.10857238676442427,0.38344153438436945,0.39176999235814003,0.10820156596404085,0.008014520529025404
"Kim, Tom",14,4,0.019846118258477763,0.27345872730808174,0.5405289092568757,0.15964502524002588,0.00652121993653898
"Kim, Tom",15,4,0.030484832464982792,0.313152738585141,0.5137383747103261,0.13707768667896358,0.005546367560586463
"Kim, Tom",16,3,0.013582099085853838,0.21232418146550674,0.533488437821402,0.22526187439713996,0.015343407230097528
"Kim, Tom",17,4,0.003638019674430004,0.14596616589200578,0.578693937273496,0.25958743865178735,0.012114438508280756
"Kim, Tom",18,4,0.0026044436788142944,0.22748482423150818,0.6759441267393883,0.09359346771829524,0.00037313763199398053
"Lee, Min Woo",1,4,0.001873206119561377,0.13515404889219051,0.6244969566311809,0.23254441758050493,0.00593137077656225
"Lee, Min Woo",2,4,0.017381313240829255,0.2136707650837502,0.5079720485626278,0.23907933398115921,0.021896539131633475
"Lee, Min Woo",3,4,0.009616662867047931,0.28207097271676046,0.6015727275981052,0.10554320986216181,0.00119642695592459
"Lee, Min Woo",4,4,0.006418205008005107,0.1710696292169473,0.5608773368014468,0.24778832862092104,0.013846500352679758
"Lee, Min Woo",5,3,5.988496648895447e-05,0.07950105628177806,0.7690594811125684,0.15111847518824528,0.00026110245091937045
"Lee, Min Woo",6,5,0.03026719807599282,0.33043659492541105,0.5170283948875793,0.11863075576633775,0.003637056344679035
"Lee, Min Woo",7,4,0.0038576453225136476,0.18606116994868327,0.6281132161020907,0.17843771717128054,0.003530251455431843
"Lee, Min Woo",8,3,0.006024088712552167,0.20736587898203773,0.6081637131495874,0.1742681019948138,0.004178217161008968
"Lee, Min Woo",9,4,0.003122825739803825,0.15915371230707004,0.615381851862669,0.216369063036969,0.005972547053488153
"Lee, Min Woo",10,4,0.009421571362758896,0.23941329561520724,0.5906390543252433,0.15665090955605376,0.0038751691407368227
"Lee, Min Woo",11,3,0.006362817135786958,0.23523051255124033,0.6203261188221582,0.13608683190997461,0.0019937195808399366
"Lee, Min Woo",12,4,0.018684436182388298,0.22761863336725846,0.5146500229576022,0.22139747256771214,0.017649434925038898
"Lee, Min Woo",13,5,0.10454385920932024,0.3787288560165172,0.3961679311780017,0.11205065678332116,0.008508696812839722
"Lee, Min Woo",14,4,0.01856831373449236,0.26540544298403057,0.5429568135681417,0.16603082232038724,0.0070386073929480375
"Lee, Min Woo",15,4,0.02869832433132996,0.3052202595409408,0.5173851910679554,0.14271417119316077,0.005982053866613102
"Lee, Min Woo",16,3,0.012693823301917151,0.20538465720341703,0.5330529085325276,0.2324802577555688,0.016388353206569395
"Lee, Min Woo",17,4,0.0033272725600152486,0.13946716634129486,0.5755593180639407,0.2685640938688988,0.013082149165850376
"Lee, Min Woo",18,4,0.0023206241383055826,0.216653681239042,0.680684320818405,0.09991469208598358,0.00042668171826387713
"Lowry, Shane",1,4,0.0024196856216004425,0.15321820974175498,0.6303095902812446,0.20935624241279127,0.004696271942608687
"Lowry, Shane",2,4,0.0202210359273855,0.23010033151866432,0.508416195591729,0.22240654372230773,0.018855893239913435
"Lowry, Shane",3,4,0.011900876347051281,0.3080636652113281,0.5874031684479024,0.09171950907173532,0.0009127809219828809
"Lowry, Shane",4,4,0.007804589819915275,0.1885725936521282,0.5643556012436229,0.22772264327132374,0.011544572013009846
"Lowry, Shane",5,3,9.31658826455739e-05,0.09699972675607166,0.7758201853765471,0.1269143576944346,0.00017256429030110265
"Lowry, Shane",6,5,0.035266889975523075,0.3513434862446682,0.5044409029069288,0.10599108165013871,0.0029576392227411707
"Lowry, Shane",7,4,0.00488439391629969,0.20760261161160642,0.6260014671852782,0.15874592834556833,0.0027655989412473936
"Lowry, Shane",8,3,0.0074766241857785465,0.2290582948526519,0.604452170970855,0.155694507496263,0.003318402494451478
"Lowry, Shane",9,4,0.003955175530195532,0.1784018469606226,0.6180383301197694,0.19484041686752063,0.004764230521891788
"Lowry, Shane",10,4,0.0114995672699027,0.26175804791260143,0.5838622629145714,0.13978873717397478,0.003091384728949653
"Lowry, Shane",11,3,0.007958811283423795,0.259463130144467,0.6114852502904383,0.11955317140556843,0.0015396368761024792
"Lowry, Shane",12,4,0.021748200571807652,0.24477241142658468,0.5134728432283209,0.2049162608904067,0.01509028388288014
"Lowry, Shane",13,5,0.11478993852856056,0.39027440456706897,0.3849926576566288,0.10261902012944746,0.007323979118294188
"Lowry, Shane",14,4,0.02189132743697464,0.28559653291671905,0.5363119779115337,0.15038852874037367,0.005811632994398908
"Lowry, Shane",15,4,0.033321371676095224,0.32501242020945936,0.507787908925709,0.12892974235287769,0.004948556835858708
"Lowry, Shane",16,3,0.015007258666796586,0.22287068661211712,0.5335653072974433,0.21466612906496207,0.013890618358680884
"Lowry, Shane",17,4,0.004150274920996122,0.1560129736111342,0.5826423821071953,0.2464085139603358,0.010785855400338495
"Lowry, Shane",18,4,0.003086519214520078,0.24416168826725787,0.6677350154044639,0.08471204446899261,0.000304732644765604
"MacIntyre, Robert",1,4,0.0024646388365016647,0.1545911101436011,0.6306119566134216,0.20771630452421463,0.0046159898822609735
"MacIntyre, Robert",2,4,0.020442434375937457,0.23131504228334138,0.5083836955262161,0.22120963945848726,0.01864918835601781
"MacIntyre, Robert",3,4,0.01208428822096036,0.30998416626692255,0.5862701992985109,0.09076659241422225,0.0008947537993839738
"MacIntyre, Robert",4,4,0.007915175191601509,0.18988393103638757,0.5645210865765184,0.2262890986215147,0.011390708573977837
"MacIntyre, Robert",5,3,9.617091344016337e-05,0.0983766533140304,0.7760971813655846,0.1252626323141518,0.00016736209279299974
"MacIntyre, Robert",6,5,0.03565610033840738,0.352862801915798,0.5034601034740523,0.10510805943743873,0.002912934834303549
"MacIntyre, Robert",7,4,0.004967930663543896,0.20922196150938221,0.6257276496741491,0.1573662311365479,0.00271622701637686
"MacIntyre, Robert",8,3,0.007593586333002722,0.23067952836183714,0.6040731753830955,0.1543912315934628,0.0032624783286019365
"MacIntyre, Robert",9,4,0.004022942530960916,0.1798550178761748,0.6181169953418699,0.19331964899691045,0.004685395254083957
"MacIntyre, Robert",10,4,0.011665406861422645,0.26341646607524166,0.5832700248318293,0.13860780122577143,0.0030403010057349356
"MacIntyre, Robert",11,3,0.008087757192544176,0.2612685188535575,0.6107281752057228,0.11840498082600726,0.0015105679221683044
"MacIntyre, Robert",12,4,0.0219870612121702,0.24603831605095694,0.5133201205123917,0.20373748276460613,0.014917019459875003
"MacIntyre, Robert",13,5,0.11556324342179486,0.39108858600005275,0.38415138742085586,0.10195312235732912,0.007243660799967411
"MacIntyre, Robert",14,4,0.022151861896479108,0.2870817568250972,0.5357511490970698,0.14928506780889417,0.005730164372459767
"MacIntyre, Robert",15,4,0.03368080830725395,0.3264557013595871,0.5070234046322796,0.12796018812335275,0.004879897577526604
"MacIntyre, Robert",16,3,0.01518910166870363,0.22416855743972314,0.5335278115334844,0.21339227769479907,0.013722251663289775
"MacIntyre, Robert",17,4,0.004216802001156539,0.15726340918608406,0.5830623683502218,0.24482419481737483,0.01063322564516267
"MacIntyre, Robert",18,4,0.003150339986014161,0.24623094411622992,0.6666455482393818,0.08367590907565137,0.0002972585827227814
"Matsuyama, Hideki",1,4,0.0023217874332684407,0.15017462560479716,0.6295732042415165,0.21304996999648773,0.004880412723930139
"Matsuyama, Hideki",2,4,0.01973305704440459,0.22739111406752577,0.5084570140592193,0.22509339512275162,0.0193254197060988
"Matsuyama, Hideki",3,4,0.011499255231061434,0.3037792234566745,0.5898894385532392,0.09387775504334483,0.0009543277156800478
"Matsuyama, Hideki",4,4,0.0075620888027176925,0.18565635923838236,0.5639419661057821,0.23094422697972394,0.01189535887339399
"Matsuyama, Hideki",5,3,8.67593884240625e-05,0.09397032777111747,0.7750939816522154,0.1306641753688622,0.00018475581938082186
"Matsuyama, Hideki",6,5,0.03440872672126233,0.347941709193308,0.5066045421234977,0.10798511930945554,0.003059902652476354
"Matsuyama, Hideki",7,4,0.004702015981683849,0.20400390888835274,0.6265552818567749,0.16185979023359542,0.0028790030395930977
"Matsuyama, Hideki",8,3,0.007220677411011511,0.22545078848925898,0.6052469798749787,0.1586349002643661,0.0034466539603847934
"Matsuyama, Hideki",9,4,0.003807250511239202,0.1751755624054342,0.6178057186009984,0.19826656245602148,0.004944906026306706
"Matsuyama, Hideki",10,4,0.011135935186872503,0.25806211671910617,0.5851392823021155,0.14245418283640543,0.003208482955500358
"Matsuyama, Hideki",11,3,0.007676849724291779,0.2554429518714984,0.6131241414958736,0.12214952844948601,0.0016065284588502315
"Matsuyama, Hideki",12,4,0.021221729250103516,0.24194783417544902,0.513781675632879,0.20756456183927596,0.015484199102292484
"Matsuyama, Hideki",13,5,0.11307318231157915,0.3884392435640801,0.38686183956551323,0.10411921144743108,0.007506523111396435
"Matsuyama, Hideki",14,4,0.021317795466852862,0.28228010014967986,0.5375293590280049,0.15287511167522905,0.005997633680233316
"Matsuyama, Hideki",15,4,0.03252864026957941,0.32178342138300425,0.50946670211108,0.13111594327177123,0.005105292964565078
"Matsuyama, Hideki",16,3,0.014607188447117114,0.21997845118179216,0.5336124004355705,0.21752819477222762,0.014273765163292595
"Matsuyama, Hideki",17,4,0.0040048238899935695,0.1532374997027387,0.5816551320593272,0.24996828937284288,0.01113425497509768
"Matsuyama, Hideki",18,4,0.0029479307107355135,0.2395635156001208,0.6701017637123042,0.08706469792645799,0.0003220920503814728
"McCarthy, Denny",1,4,0.0020596552020569203,0.14162949328392038,0.626993433772949,0.22387046671859867,0.005446951022475055
"McCarthy, Denny",2,4,0.018383732796465824,0.2196596540323072,0.508328371550111,0.23289533603145773,0.020732905589658235
"McCarthy, Denny",3,4,0.010408106237665193,0.2915472034233335,0.5966653486207726,0.10029552288403876,0.0010838188341899535
"McCarthy, Denny",4,4,0.006900634451467713,0.1773990584669246,0.5624174425361058,0.24032557109159747,0.012957293453904395
"McCarthy, Denny",5,3,7.055207771516914e-05,0.0856388329969468,0.7721848401261437,0.1418812760319933,0.00022449876720098683
"McCarthy, Denny",6,5,0.03203362298043971,0.3381342513580847,0.5125914525030408,0.11386835857468247,0.0033723145837523116
"McCarthy, Denny",7,4,0.00421043339160565,0.19383432425276137,0.6276943541478996,0.17103163387661102,0.003229254331122311
"McCarthy, Denny",8,3,0.006526490704542864,0.21522113498908746,0.6071230352813857,0.16728824859720204,0.0038410904277819125
"McCarthy, Denny",9,4,0.0034086991397838107,0.16608160581617382,0.6167000146904787,0.20831009856081328,0.005499581792750341
"McCarthy, Denny",10,4,0.010144385310101423,0.24753850864914229,0.5884418293394995,0.15030708698159545,0.00356818971966133
"McCarthy, Denny",11,3,0.006913642012009835,0.24402172240244235,0.6174136826729689,0.12983680618692517,0.0018141467256537203
"McCarthy, Denny",12,4,0.01976594752457661,0.23387829778876013,0.51441662346901,0.21527129835066727,0.016667832866986032
"McCarthy, Denny",13,5,0.10823351548981064,0.3830540092774678,0.39213984952683767,0.10851803367279778,0.008054592033086116
"McCarthy, Denny",14,4,0.019737192533664405,0.27278706807101655,0.5407428666117922,0.16016998864113574,0.0065628841423911455
"McCarthy, Denny",15,4,0.030332987396597455,0.3124931014919667,0.5140518798080251,0.13754057306316292,0.005581458240247805
"McCarthy, Denny",16,3,0.013506313621483856,0.2117436662041624,0.5334639840381881,0.22585805257485225,0.015427983561313363
"McCarthy, Denny",17,4,0.0036112455445490577,0.14541908852825008,0.5784483434153369,0.2603289231106015,0.012192399401262377
"McCarthy, Denny",18,4,0.0025797225305665417,0.22657429016241531,0.676361449295358,0.09410720184138777,0.00037733617027235766
"McIlroy, Rory",1,4,0.002575943804444092,0.15792698854529746,0.6312716904522653,0.20379760881793407,0.004427768380059094
"McIlroy, Rory",2,4,0.020983726895187516,0.23424790419126956,0.5082693820142448,0.2183393978694954,0.018159589029802747
"McIlroy, Rory",3,4,0.012535796632464458,0.31461964319128527,0.5834891134435969,0.08850274675823044,0.0008526999744229435
"McIlroy, Rory",4,4,0.008186996985676764,0.19305977431664711,0.564870164982411,0.22285538540738192,0.011027678307883204
"McIlroy, Rory",5,3,0.00010378098324165252,0.10174899428496215,0.7766430957835622,0.12134869199989062,0.0001554369483434126
"McIlroy, Rory",6,5,0.036607290843633955,0.35651597809969576,0.5010652188609658,0.10300368378161773,0.002807828414086777
"McIlroy, Rory",7,4,0.0051742248390987955,0.2131465413688282,0.6250022312399646,0.15407635662358277,0.0026006459285257133
"McIlroy, Rory",8,3,0.007881716818103457,0.23460338921594348,0.6031010965867549,0.1512824564791082,0.0031313409000899295
"McIlroy, Rory",9,4,0.0041903231686244435,0.1833804685503741,0.6182421885712837,0.18968661219967142,0.0045004075100463226
"McIlroy, Rory",10,4,0.012073081747327075,0.2674238175107378,0.5817906237000637,0.13579201992237866,0.0029204571194927365
"McIlroy, Rory",11,3,0.0084056556921972,0.2656347149535909,0.6088443418568628,0.11567264105790764,0.001442646439441475
"McIlroy, Rory",12,4,0.02257104036240687,0.24909342415965652,0.5129154211340746,0.20091310657171735,0.014507007772144642
"McIlroy, Rory",13,5,0.11743957218504564,0.39303250686503066,0.3821121790457086,0.10036221329237704,0.007053528611838056
"McIlroy, Rory",14,4,0.022789656751708354,0.2906632559235283,0.5343593235739613,0.14664953472245168,0.005538229028350328
"McIlroy, Rory",15,4,0.034558986728670416,0.32992896974905206,0.5051479361736968,0.12564598881072675,0.004718118537853977
"McIlroy, Rory",16,3,0.015634534475206185,0.22730499068481186,0.5333959282965207,0.21034031495108274,0.0133242315923785
"McIlroy, Rory",17,4,0.004380843822199887,0.16029786893224734,0.5840190560516194,0.24102866154911506,0.010273569644818292
"McIlroy, Rory",18,4,0.0033088386640373058,0.25124612963708065,0.6639441265419401,0.08122094113913292,0.00027996401780905344
"McNealy, Maverick",1,4,0.002293557266613455,0.149282799578146,0.6293398207597083,0.21414778659070788,0.004936035804824379
"McNealy, Maverick",2,4,0.019590808740557353,0.22659293344227238,0.5084606364652782,0.22588959078266013,0.019466030569232018
"McNealy, Maverick",3,4,0.011382870174184545,0.30251671369150646,0.5906110860839251,0.0945223988622712,0.0009669311881126408
"McNealy, Maverick",4,4,0.0074917223612187556,0.18479943069011084,0.5638082908807618,0.2318998018507501,0.012000754217158516
"McNealy, Maverick",5,3,8.494733962388645e-05,0.09308874330990374,0.7748512934372386,0.13178650676986714,0.00018850914336665525
"McNealy, Maverick",6,5,0.03415848753760953,0.34693602394695494,0.5072356122575228,0.1085791558453677,0.0030907204125449894
"McNealy, Maverick",7,4,0.004649306761174643,0.2029471156316059,0.626703333564171,0.162786941888046,0.0029133021550025173
"McNealy, Maverick",8,3,0.007146550458088929,0.22439018953811052,0.6054677287273791,0.15951014182060208,0.003485389455819443
"McNealy, Maverick",9,4,0.0037645047821889266,0.17422894932726174,0.6177220262985934,0.1992850764104851,0.004999443181470831
"McNealy, Maverick",10,4,0.011030430094401578,0.2569740216266352,0.5855038413375242,0.14324787108533577,0.0032438358561033276
"McNealy, Maverick",11,3,0.0075952433792374485,0.25426027305326704,0.6135937682511128,0.12292392262073426,0.0016267926956484713
"McNealy, Maverick",12,4,0.021068259210733187,0.24111535719717403,0.5138642225043314,0.20834990183264157,0.015602259255119821
"McNealy, Maverick",13,5,0.11256948322995086,0.3878934769577954,0.3874106252639672,0.104565196499395,0.007561218048891538
"McNealy, Maverick",14,4,0.021150794128124262,0.28130201252864806,0.5378791190317006,0.1536144851477257,0.006053589163801387
"McNealy, Maverick",15,4,0.03229742365568872,0.3208294782227551,0.5099542927448375,0.13176636584153467,0.005152439535183961
"McNealy, Maverick",16,3,0.014490756386226544,0.21912700173976818,0.5336165797001405,0.21837696669021422,0.014388695483650515
"McNealy, Maverick",17,4,0.0039627320871011285,0.15242333619276371,0.5813508850638622,0.2510240002633678,0.011239046392905072
"McNealy, Maverick",18,4,0.0029080713607317343,0.23821334246871068,0.6707822136509287,0.0877689781712343,0.0003273943483945718
"Morikawa, Collin",1,4,0.0028655289721268296,0.16621693957299688,0.6324728608084824,0.1944459400800882,0.003998730566305619
"Morikawa, Collin",2,4,0.022349573425407332,0.2414260638693294,0.5077794061579259,0.21142944917696738,0.017015507370369942
"Morikawa, Collin",3,4,0.013694055732485999,0.3259535895357361,0.5764190608689687,0.0831753055872737,0.0007579882755355261
"Morikawa, Collin",4,4,0.008881836453711989,0.2008900419801659,0.5654280000792294,0.21461280168313746,0.010187319803755202
"Morikawa, Collin",5,3,0.00012469218840521767,0.11028998997879635,0.7772572334073145,0.1121983889921303,0.000129695433353616
"Morikawa, Collin",6,5,0.03900495647315705,0.3653662429919343,0.49504887959515276,0.098013345209635,0.002566575730120868
"Morikawa, Collin",7,4,0.005707517442604615,0.22283851970157537,0.6228506999446769,0.1462651387412166,0.0023381241699265143
"Morikawa, Collin",8,3,0.0086221547625559,0.24426217626512298,0.6003888664039576,0.1438945197221424,0.002832282846221057
"Morikawa, Collin",9,4,0.0046232160530604305,0.19210874180850973,0.6181686285159134,0.18102155469617165,0.004077858926344824
"Morikawa, Collin",10,4,0.013115371737173032,0.2772493365974085,0.5778815349363873,0.12910692141616953,0.002646835312861695
"Morikawa, Collin",11,3,0.009224106566646406,0.27636165540131885,0.6039085297586319,0.10921662535903609,0.0012890829143668014
"Morikawa, Collin",12,4,0.024044548373622576,0.25656258430229056,0.5117143064068501,0.1941275038577711,0.013551057059465688
"Morikawa, Collin",13,5,0.12208784511798615,0.39766112989862684,0.37707500310909525,0.09656619905358788,0.006609822820703881
"Morikawa, Collin",14,4,0.024403956892980805,0.29940142708519835,0.5307329146057375,0.14036619819647667,0.005095503219606723
"Morikawa, Collin",15,4,0.036771136644598745,0.3383610107489308,0.5003857412791444,0.12013728657946343,0.0043448247478625746
"Morikawa, Collin",16,3,0.01676368370336606,0.2349977559187662,0.5328306761079221,0.2030093657070855,0.012398518562860117
"Morikawa, Collin",17,4,0.004803387555948391,0.16781609375988554,0.5860228728408918,0.23191401121939015,0.00944363462388409
"Morikawa, Collin",18,4,0.0037241950620838238,0.2636310347504885,0.6569212882801687,0.07548170940584487,0.0002417725014141059
"Noren, Alex",1,4,0.0018798062351395584,0.1353895430152678,0.6245964446697052,0.2322213742120569,0.005912831867830537
"Noren, Alex",2,4,0.017417468088882282,0.21389062481800647,0.5079891878436311,0.2388500932559552,0.021852625993525
"Noren, Alex",3,4,0.009644914607622956,0.2824188213406567,0.6013980573627216,0.1053461199080632,0.0011920867809356306
"Noren, Alex",4,4,0.006435468016421586,0.17130095060451678,0.5609395397069903,0.24751127662801786,0.013812765044053488
"Noren, Alex",5,3,6.0250084297219786e-05,0.07972154994806008,0.7691879398793608,0.15077060224599204,0.0002596578422897622
"Noren, Alex",6,5,0.030330936042793077,0.33072073129435553,0.5168687349299226,0.11845263599549827,0.0036269617374304897
"Noren, Alex",7,4,0.0038701815485412405,0.18634489225297018,0.628105181753924,0.1781610367007368,0.003518707743827787
"Noren, Alex",8,3,0.00604200624061213,0.2076531644549578,0.6081320544370326,0.17400745785305627,0.004165317014341308
"Noren, Alex",9,4,0.0031329820245378226,0.15940623041906743,0.6154375273107099,0.21606879307307336,0.0059544671726114995
"Noren, Alex",10,4,0.009447429627485682,0.23971114265927362,0.5905641378041426,0.1564138600716548,0.003863429837443255
"Noren, Alex",11,3,0.006382437833992782,0.23555234246452122,0.6202257442530095,0.13585266133270812,0.0019868141157683983
"Noren, Alex",12,4,0.018723443527617234,0.22784856937978593,0.5146455464629849,0.22117009748822325,0.01761234314138871
"Noren, Alex",13,5,0.10467841426867308,0.37889004943412696,0.39602102952323137,0.11191896339936425,0.008491543374604338
"Noren, Alex",14,4,0.018610388625374785,0.26567685401296925,0.5428799199190112,0.1658123172162448,0.007020520226399984
"Noren, Alex",15,4,0.028757334942148438,0.30548842969425555,0.5172663140946429,0.14252109594497542,0.0059668253239777425
"Noren, Alex",16,3,0.012723045288430657,0.2056177934632148,0.5330726808068841,0.23223446647063273,0.016352013970837742
"Noren, Alex",17,4,0.003337387101393141,0.13968405349523932,0.5756717445027597,0.2682584801906662,0.0130483347099416
"Noren, Alex",18,4,0.002329752953497022,0.2170156292132429,0.680534041254895,0.09969581796901872,0.0004247586093463207
"Novak, Andrew",1,4,0.0019990998232154444,0.13956545250968455,0.6262506294658156,0.22658900354879763,0.005595814652486819
"Novak, Andrew",2,4,0.01806234599025014,0.2177632933948867,0.5082401997173494,0.23483999181099235,0.021094169086521508
"Novak, Andrew",3,4,0.010152537833025332,0.28854646346564833,0.5982524274135813,0.10193032706929805,0.0011182442184469732
"Novak, Andrew",4,4,0.006745111092387512,0.17538851992650317,0.561964212335306,0.2426698618346108,0.01323229481119248
"Novak, Andrew",5,3,6.700788003027869e-05,0.08366568282631898,0.7712787007029841,0.14475311576163563,0.00023549282903101432
"Novak, Andrew",6,5,0.031467461566192956,0.3357062867719307,0.514015897867307,0.1153564629204914,0.0034538908740779917
"Novak, Andrew",7,4,0.004096155184660777,0.19136299937072804,0.6278715733865714,0.17334766388586043,0.0033216081721794133
"Novak, Andrew",8,3,0.006364154028132896,0.21272717269953367,0.6074922938139358,0.16947167768386429,0.003944701774533432
"Novak, Andrew",9,4,0.003316082789334207,0.16387684544665015,0.616326907841172,0.21083511638140207,0.005645047541441572
"Novak, Andrew",10,4,0.009911328680782983,0.24496305129100265,0.5891724184687512,0.15229062287931527,0.0036625786801478544
"Novak, Andrew",11,3,0.006735510846198112,0.24123254889990942,0.6183755592759599,0.13178724538723174,0.0018691355907007878
"Novak, Andrew",12,4,0.019419202453422046,0.23189703046382892,0.5145153796537403,0.21719609165681086,0.016972295772197943
"Novak, Andrew",13,5,0.1070596814711034,0.3816991486785237,0.39342121015237325,0.10962448232226896,0.008195477375730675
"Novak, Andrew",14,4,0.019361920311821212,0.27045230859461644,0.5414704818331986,0.16200550978347117,0.006709779476892663
"Novak, Andrew",15,4,0.029809223161199327,0.31019737873029823,0.5151285141551863,0.13915971492743429,0.005705169025881807
"Novak, Andrew",16,3,0.013245308754603224,0.20972821585794865,0.5333622611975275,0.2279386501928271,0.01572556399709346
"Novak, Andrew",17,4,0.0035194060262708216,0.1435245582798888,0.5775722917892377,0.26291652344059024,0.012467220464012385
"Novak, Andrew",18,4,0.0024953018022272344,0.22341932516975532,0.6777812428890795,0.09591183218911736,0.00039229794982054145
"Pavon, Matthieu",1,4,0.0013966633450518962,0.1166863867810195,0.6144075602904238,0.25986257771961896,0.007646811863885827
"Pavon, Matthieu",2,4,0.014615482917712752,0.19590073667444124,0.505516108934644,0.2581895770840895,0.025778094389112383
"Pavon, Matthieu",3,4,0.007524435281605679,0.2539896602294489,0.6142013391304764,0.12267681395867136,0.00160775139979763
"Pavon, Matthieu",4,4,0.0051296963863999845,0.15263986148122227,0.5543637107722809,0.27098654980194026,0.016880181558156626
"Pavon, Matthieu",5,3,3.603633729959421e-05,0.06287681980926152,0.75509344801996,0.18158429419149402,0.0004094016419848856
"Pavon, Matthieu",6,5,0.025385931799696393,0.3070850828504657,0.5290553710613393,0.13391338496528316,0.004560229323215426
"Pavon, Matthieu",7,4,0.002941956833376169,0.16355646126307266,0.6268204442487376,0.2020750396118124,0.004606098043001161
"Pavon, Matthieu",8,3,0.00470068758529768,0.1844347517268795,0.6089858451209211,0.19650716143983926,0.005371554127062472
"Pavon, Matthieu",9,4,0.002381398978128224,0.1392092147316923,0.6089693778829052,0.2418006958318364,0.007639312575437929
"Pavon, Matthieu",10,4,0.007493367745078694,0.21546484794565324,0.5951603305936348,0.1769224819866746,0.00495897172895865
"Pavon, Matthieu",11,3,0.00491914423524098,0.20946775498765263,0.6266863016699304,0.15628364169810038,0.002643157409075503
"Pavon, Matthieu",12,4,0.015700517051024987,0.20900062311527595,0.5139295140317627,0.2404273461394535,0.02094199966248289
"Pavon, Matthieu",13,5,0.09388756204960724,0.36507292407283337,0.4077733372234185,0.12323608169470934,0.010030094959431524
"Pavon, Matthieu",14,4,0.01536999439181258,0.2433681909077966,0.5480007089095169,0.18458417571297192,0.008676930077902045
"Pavon, Matthieu",15,4,0.024172322751699393,0.28325123985990275,0.5260525301461831,0.15916303697483858,0.007360870267376196
"Pavon, Matthieu",16,3,0.010478009612612582,0.1866228193238194,0.5302203335670694,0.25305042282977497,0.019628414666723604
"Pavon, Matthieu",17,4,0.002583019998692093,0.12234741580302821,0.5648115241293961,0.294118016766889,0.0161400233019946
"Pavon, Matthieu",18,4,0.0016710665294301097,0.18799959420427254,0.6905639041156346,0.11914957476487342,0.000615860385789313
"Pendrith, Taylor",1,4,0.0021940691766730858,0.1460867732293708,0.6284360368216056,0.21814124408318336,0.005141876689167102
"Pendrith, Taylor",2,4,0.01908376969742437,0.22371603218289365,0.5084416204699321,0.22877691202066885,0.01998166562908099
"Pendrith, Taylor",3,4,0.010970590975001027,0.29796551459931936,0.5931703911896474,0.09687971981535815,0.0010137834206740415
"Pendrith, Taylor",4,4,0.0072421097357300845,0.18171928491616562,0.5632814536861226,0.23536856808684758,0.01238858357513406
"Pendrith, Taylor",5,3,7.868875249755769e-05,0.08995232954673738,0.7738670650596331,0.1358992348479715,0.0002026817931605196
"Pendrith, Taylor",6,5,0.03326622983325955,0.34329816105486105,0.5094856678212676,0.11074545743732545,0.0032044838532863107
"Pendrith, Taylor",7,4,0.004463113936155283,0.199151211770012,0.6271792146070847,0.16616605815857466,0.0030404015281733088
"Pendrith, Taylor",8,3,0.0068841236974903075,0.22057599163722508,0.6062120800396931,0.16269908824047496,0.003628716385116526
"Pendrith, Taylor",9,4,0.0036135298932465365,0.1708318559188377,0.6173625501941142,0.20299095115021304,0.005201112843588485
"Pendrith, Taylor",10,4,0.010656209742828548,0.25305526819952784,0.5867731283941081,0.14614080137183105,0.003374592291704448
"Pendrith, Taylor",11,3,0.007306543128636156,0.2500042328321569,0.6152357803086188,0.12575143003371603,0.0017020136968720623
"Pendrith, Taylor",12,4,0.020521217837358552,0.238113678884796,0.5141295134004665,0.21120003141723764,0.016035558460141264
"Pendrith, Taylor",13,5,0.11076179348683635,0.3859069706928339,0.38938128253332455,0.10618805269921516,0.007761900587790027
"Pendrith, Taylor",14,4,0.02055622440287269,0.2777729015468338,0.539105680873862,0.1563054239623114,0.006259769214120081
"Pendrith, Taylor",15,4,0.03147277578383162,0.3173812643188023,0.5116848284959141,0.1341349894977688,0.00532614190368319
"Pendrith, Taylor",16,3,0.01407645059421464,0.21606058430047204,0.5335946404806327,0.2214574396787612,0.014810884945919423
"Pendrith, Taylor",17,4,0.003813840111532907,0.14950220220787613,0.580203316465433,0.25485554830965274,0.011625092905505285
"Pendrith, Taylor",18,4,0.0027679862982222248,0.233364258732281,0.6731701186496487,0.09035038740417745,0.0003472489156706171
"Poston, J.T.",1,4,0.002242960816226436,0.1476679143750591,0.6288964632842623,0.21615391143530094,0.005038750089151223
"Poston, J.T.",2,4,0.019334079081792244,0.22514253918602556,0.5084573493057256,0.22734178630036594,0.019724246126090694
"Poston, J.T.",3,4,0.01117361575396858,0.30022234324952607,0.5919095871096118,0.09570418479186049,0.0009902690950329696
"Poston, J.T.",4,4,0.007365099115314522,0.18324490439012614,0.563551526179263,0.23364376239935591,0.012194707915940461
"Poston, J.T.",5,3,8.173953364454256e-05,0.09149948369584249,0.7743765892964554,0.13384666174248105,0.0001955257315765513
"Poston, J.T.",6,5,0.03370676567410186,0.3451045404392243,0.5083748124189464,0.10966633857505004,0.0031475428926773796
"Poston, J.T.",7,4,0.004554700995000771,0.20103082936410704,0.6269545970709651,0.1644831813524431,0.0029766912174840066
"Poston, J.T.",8,3,0.007013323404881422,0.22246557598127198,0.6058530776972904,0.1611111099063799,0.0035569130101763546
"Poston, J.T.",9,4,0.0036877891140796315,0.17251339760568862,0.6175521504623532,0.2011465571208757,0.00510010569700281
"Poston, J.T.",10,4,0.010840587750436337,0.2549977624755809,0.5861525454405905,0.14470000733352262,0.0033090969998696984
"Poston, J.T.",11,3,0.007448637480124198,0.2521132573361337,0.6144315605340853,0.1243422617741603,0.00166428287549647
"Poston, J.T.",12,4,0.020791275626136807,0.23960228330930128,0.514004302501847,0.20978296552241282,0.015819173040302115
"Poston, J.T.",13,5,0.11165661129165255,0.3868957800309136,0.3884055825101534,0.1053803336645528,0.007661692502727635
"Poston, J.T.",14,4,0.02084960699512428,0.2795235392244836,0.5385041954929305,0.15496601259223564,0.006156645695226004
"Poston, J.T.",15,4,0.0318799734423591,0.3190929903350483,0.5108320386545434,0.13295573133580563,0.005239266232243578
"Poston, J.T.",16,3,0.014280840546133322,0.21758057539443948,0.5336127872181107,0.21992582276094608,0.014599974080370504
"Poston, J.T.",17,4,0.003887119537669237,0.15094802352370817,0.5807823382159027,0.2529504958412788,0.011432022881441073
"Poston, J.T.",18,4,0.0028367524038505065,0.23576524900299456,0.6719988079141417,0.08906193447606081,0.00033725620295244063
"Rai, Aaron",1,4,0.0026677415476091815,0.16061342480173907,0.6317278927119965,0.20070802350253447,0.004282917436120748
"Rai, Aaron",2,4,0.021423095817230453,0.23659098409758217,0.5081419946545339,0.2160660797829438,0.017777845647709678
"Rai, Aaron",3,4,0.012905461301264132,0.318321200328728,0.5812218159075511,0.0867309804529427,0.0008205420095140914
"Rai, Aaron",4,4,0.008409131760134192,0.19560677697726697,0.5650982082552825,0.22013986251352624,0.010746020493790143
"Rai, Aaron",5,3,0.00011023726350550822,0.10449195868034938,0.776955455517539,0.11829582781305703,0.00014652072554910411
"Rai, Aaron",6,5,0.03737897002471202,0.3594190847983903,0.4991251996298495,0.1013500999017658,0.002726645645282355
"Rai, Aaron",7,4,0.0053437995375854586,0.21629675560450867,0.6243580951901733,0.15148948451756028,0.002511865150172321
"Rai, Aaron",8,3,0.008117830969725903,0.23774767599118352,0.602267260875818,0.14883683556047989,0.0030303966027926954
"Rai, Aaron",9,4,0.004327942528487283,0.18621401276515842,0.6182770379522519,0.18682311812087038,0.004357888633232054
"Rai, Aaron",10,4,0.012406269865759767,0.27062840544945876,0.5805591312326589,0.13357804375359872,0.002828149698523852
"Rai, Aaron",11,3,0.008666416515136721,0.26912997721828824,0.6072833534895046,0.1135296516675478,0.0013906011095227155
"Rai, Aaron",12,4,0.023045050599138972,0.25153277771259563,0.512555952630217,0.1986785215110447,0.014187697547003664
"Rai, Aaron",13,5,0.11894804441141338,0.39456342319144333,0.3804750641134864,0.09910808124103654,0.006905387042620337
"Rai, Aaron",14,4,0.02330819103521853,0.29351989525838457,0.5332095579256289,0.14457276070926306,0.005389595071505049
"Rai, Aaron",15,4,0.035271182613070884,0.33269209802025457,0.5036199868595999,0.12382391717079677,0.004592815336277978
"Rai, Aaron",16,3,0.01599696336639911,0.22981351054779092,0.5332489651010317,0.20792590083524098,0.013014660149537338
"Rai, Aaron",17,4,0.004515433671725244,0.16273769334870908,0.5847255248788439,0.23802635803261363,0.009994990068108223
"Rai, Aaron",18,4,0.0034400521116319527,0.2552718244988186,0.6617150458581136,0.07930620146307155,0.0002668760683642857
"Schauffele, Xander",1,4,0.0027345063561159955,0.16253232880500723,0.6320139262524727,0.19853629385622917,0.004182944730174887
"Schauffele, Xander",2,4,0.021738834451049183,0.23825459038315588,0.5080323079853089,0.21446252465744875,0.017511742523037332
"Schauffele, Xander",3,4,0.01317283658618984,0.32094825140943783,0.5795879774120963,0.08549248041602642,0.0007984541762495745
"Schauffele, Xander",4,4,0.008569577470412149,0.19742043680604354,0.5652329679791319,0.21822659484471552,0.010550422899696876
"Schauffele, Xander",5,3,0.0001150340290356211,0.1064658966503878,0.7771111194195698,0.11616744939546209,0.00014050050554470506
"Schauffele, Xander",6,5,0.037933284939126455,0.36147196152783967,0.4977336321282116,0.10019066273399924,0.0026704586708230504
"Schauffele, Xander",7,4,0.005466822274627081,0.2185413641594408,0.6238663453804256,0.14967479006351259,0.0024506781219939544
"Schauffele, Xander",8,3,0.00828872814021997,0.23998518925929546,0.6016447636754374,0.14712060493709644,0.002960713987950725
"Schauffele, Xander",9,4,0.004427800232789103,0.1882350021795467,0.6182669940276817,0.18481076061851565,0.004259442941466851
"Schauffele, Xander",10,4,0.01264694366656921,0.2729052775726129,0.5796584064710397,0.13202497294029392,0.002764399349484248
"Schauffele, Xander",11,3,0.008855289606365835,0.27161534543284016,0.6061453237168002,0.11202924329571518,0.001354797948278641
"Schauffele, Xander",12,4,0.02338567838756128,0.25326398486517154,0.5122814521619141,0.1971035699069026,0.013965314678450413
"Schauffele, Xander",13,5,0.12002422875403285,0.39563855434059814,0.3793084796665853,0.09822656149534081,0.006802175743442884
"Schauffele, Xander",14,4,0.023681268701495506,0.2955455942198464,0.5323731067758588,0.14311350810178258,0.0052865222010167745
"Schauffele, Xander",15,4,0.03578263580007868,0.33464762148812466,0.5025194145504505,0.12254441856740927,0.00450590959393693
"Schauffele, Xander",16,3,0.016257883412431506,0.23159607928953008,0.5331224254875974,0.20622434013703062,0.01279927167341044
"Schauffele, Xander",17,4,0.004612938426914626,0.16447838121070912,0.5851961902185576,0.23591071665556973,0.009801773488248955
"Schauffele, Xander",18,4,0.003535753330548841,0.25814016939809553,0.6600948330615524,0.07797128678518006,0.0002579574246232008
"Scheffler, Scottie",1,4,0.004791711778949437,0.21128225580373194,0.6299350899109261,0.15162287261773466,0.0023680698886578977
"Scheffler, Scottie",2,4,0.030316022999570147,0.2780655652768828,0.5009084987672636,0.17851744300436712,0.012192469951916252
"Scheffler, Scottie",3,4,0.020932704593478735,0.3833259523305132,0.535191833736461,0.06013466176138127,0.000414847578165789
"Scheffler, Scottie",4,4,0.013165326861810434,0.24210205433188453,0.5620765849458507,0.175873595756443,0.006782438104011357
"Scheffler, Scottie",5,3,0.0003016307561182763,0.16040002775978612,0.7653481050769821,0.07389918777387361,5.104863323990294e-05
"Scheffler, Scottie",6,5,0.052912473753511546,0.40847284970681846,0.4612985589539633,0.07569434446295009,0.0016217731227565757
"Scheffler, Scottie",7,4,0.009155761613000024,0.274108473367912,0.6041545302756428,0.11122690212169539,0.0013543326217497764
"Scheffler, Scottie",8,3,0.013288579556509306,0.29466600958374756,0.5797402114415011,0.11061243834964751,0.001692761068594506
"Scheffler, Scottie",9,4,0.0074288292994402205,0.23880894125538416,0.6098886214295269,0.14141593595141622,0.002457672064232419
"Scheffler, Scottie",10,4,0.019540053036008642,0.3276626876723041,0.5520976513624072,0.09910059928363335,0.0015990086456466601
"Scheffler, Scottie",11,3,0.014421149630810481,0.3318286542518953,0.572197773377712,0.08082833999804195,0.0007240827415402329
"Scheffler, Scottie",12,4,0.032636513285913826,0.2944970348965646,0.5012251490444626,0.16208277735792154,0.009558525415137464
"Scheffler, Scottie",13,5,0.14715111285283883,0.4185367357792265,0.3504484079529532,0.07911599220274612,0.004747751212235363
"Scheffler, Scottie",14,4,0.033937107211319706,0.34333274675490677,0.5077619840746093,0.11164139115952965,0.003326770799634615
"Scheffler, Scottie",15,4,0.049570068727909034,0.3798397710452657,0.47263353787718576,0.09510561540458073,0.0028510069450587983
"Scheffler, Scottie",16,3,0.02347940454954006,0.274604982782033,0.5249096364850079,0.1684336072299426,0.008572368953476461
"Scheffler, Scottie",17,4,0.007495679788646903,0.20820927516807713,0.5891317248138265,0.1890378346638547,0.006125485565594779
"Scheffler, Scottie",18,4,0.00657025878506895,0.3289693254089467,0.6129733992039534,0.05137305712297813,0.00011395947905279424
"Schmid, Matti",1,4,0.001618503298296159,0.12567075528416471,0.619905566364396,0.2460622683502388,0.006742906702904339
"Schmid, Matti",2,4,0.015944007675689376,0.20468062597659814,0.5069987391635424,0.24860156660446875,0.023775060579701357
"Schmid, Matti",3,4,0.008512005456649818,0.2678536062944263,0.6083400608009852,0.11390563908924911,0.0013886883586895493
"Schmid, Matti",4,4,0.005740527546645613,0.1616794269382038,0.5579548195079433,0.2593230109664064,0.01530221504080087
"Schmid, Matti",5,3,4.651189792698185e-05,0.07079707548755115,0.7628909227801535,0.16593779821864074,0.00032769161572765437
"Schmid, Matti",6,5,0.027731813150942974,0.31871781019545087,0.5233361891317698,0.12613786743366195,0.004076320088174379
"Schmid, Matti",7,4,0.0033709537241514154,0.17456892955760367,0.6279478625757011,0.19007487717483817,0.004037376967705564
"Schmid, Matti",8,3,0.005324481763190614,0.19569208934207566,0.6090171386586261,0.18522347228775482,0.004742817948352851
"Schmid, Matti",9,4,0.0027286517804159804,0.1489478396794024,0.6126175702102044,0.22894342960735758,0.006762508722619742
"Schmid, Matti",10,4,0.008406944753065748,0.22726520803587585,0.5933137285632516,0.16662567122825034,0.004388447419556463
"Schmid, Matti",11,3,0.00559819932598471,0.22213327257900378,0.6239868658399543,0.14598320758272232,0.0022984546723348043
"Schmid, Matti",12,4,0.01713375669632,0.21820771671076256,0.5145578896219823,0.23086109213343464,0.019239544837500455
"Schmid, Matti",13,5,0.09909923641686391,0.37197706238223444,0.40210770630940124,0.11757228539842801,0.009243709493072405
"Schmid, Matti",14,4,0.016901046173018408,0.2542807391380543,0.5458044039566865,0.1751919069511726,0.007821903781068174
"Schmid, Matti",15,4,0.02634921635445886,0.29417830777925297,0.5220085353092041,0.15082253446269434,0.00664140609438979
"Schmid, Matti",16,3,0.0115373610768017,0.1958723993784971,0.5319301798530857,0.2427103718421073,0.017949687849508233
"Schmid, Matti",17,4,0.0029331201396159967,0.13070447581517164,0.5705376066457507,0.2812793839491372,0.014545413450324451
"Schmid, Matti",18,4,0.0019709681335084994,0.2020057660202883,0.6862566657830613,0.10925313158110461,0.0005134684820372604
"Scott, Adam",1,4,0.0022649265233380955,0.14837162392253822,0.6290929737586313,0.21527680461962373,0.004993671175868686
"Scott, Adam",2,4,0.019445818555103467,0.22577537829642158,0.5084603534846759,0.22670730099366176,0.019611148670137246
"Scott, Adam",3,4,0.011264565426574114,0.3012234620633326,0.5913450662948929,0.09518688978233136,0.0009800164328690464
"Scott, Adam",4,4,0.007420151464011204,0.18392276252656425,0.5636657623450737,0.23288163139110818,0.012109692273242656
"Scott, Adam",5,3,8.312584828057412e-05,0.09219090175302436,0.7745890730365337,0.13294446670523496,0.00019243265692647782
"Scott, Adam",6,5,0.033903388114757405,0.34590429565868747,0.5078789549529718,0.1091907428519805,0.003122618421602885
"Scott, Adam",7,4,0.004595794314962265,0.2018663052337914,0.6268477919406161,0.16374124551865576,0.002948862991974499
"Scott, Adam",8,3,0.0070712209583045915,0.22330490921017077,0.6056874526087407,0.16041089331865943,0.003525523904124528
"Scott, Adam",9,4,0.003721110516896997,0.17326120614735896,0.6176291013464412,0.20033264737183498,0.005055934617467783
"Scott, Adam",10,4,0.010923124042148902,0.2558598965325756,0.5858716898190521,0.14406483074257403,0.0032804588636492493
"Scott, Adam",11,3,0.00751233903718479,0.2530497188638062,0.6140684940371556,0.1237216298711985,0.0016478181906549594
"Scott, Adam",12,4,0.02091183059326518,0.24026252777735024,0.5139447603977512,0.2091567330777011,0.015724148153932305
"Scott, Adam",13,5,0.11205453570488366,0.3873320461547679,0.3879718202173862,0.10502391821194568,0.007617679711016567
"Scott, Adam",14,4,0.020980661713334237,0.2802997107298241,0.5382331294669689,0.1543750385462921,0.006111459543580722
"Scott, Adam",15,4,0.03206168905861273,0.3198511425547036,0.5104503755612545,0.13243559567962104,0.005201197145808134
"Scott, Adam",16,3,0.014372169623337538,0.2182551939492297,0.5336162532179203,0.2192489836484126,0.01450739956109981
"Scott, Adam",17,4,0.003919973022409151,0.15159108057730586,0.5810329022687426,0.25210862981483684,0.011347414316705606
"Scott, Adam",18,4,0.0028676953403237726,0.2368325555940352,0.671471146402174,0.08849568582756806,0.0003329168358989776
"Spaun, J.J.",1,4,0.0024470256274226054,0.15405499352847374,0.6304960550748908,0.2083547863136448,0.00464713945556805
"Spaun, J.J.",2,4,0.020355883397272678,0.23084123718055316,0.508397412320271,0.22167592941975345,0.01872953768214969
"Spaun, J.J.",3,4,0.012012499250248998,0.30923510261765735,0.586713449077274,0.09113720701368111,0.0009017420411385757
"Spaun, J.J.",4,4,0.007871902800649255,0.18937215624135806,0.5644580017860017,0.2268474631367925,0.011450476035198554
"Spaun, J.J.",5,3,9.498878657615561e-05,0.09783819789197346,0.7759927002032307,0.125904740750991,0.00016937236722869287
"Spaun, J.J.",6,5,0.035503957586500545,0.3522706200567745,0.5038434507313188,0.10545168261498739,0.0029302890104188073
"Spaun, J.J.",7,4,0.004935215300198914,0.2085898973182111,0.6258363207388368,0.15790318836597317,0.002735378276780054
"Spaun, J.J.",8,3,0.007547800657470238,0.23004688144585989,0.6042226607774346,0.15489847945297497,0.003284177666260324
"Spaun, J.J.",9,4,0.003996402216029704,0.17928771300840352,0.6180881892894889,0.1939117073127551,0.004715988173322749
"Spaun, J.J.",10,4,0.01160051221650038,0.26276949647639103,0.5835024688076736,0.1390673986255,0.00306012387393495
"Spaun, J.J.",11,3,0.008037273375720522,0.2605641063767902,0.6110251030142106,0.11885167741226266,0.0015218398210159467
"Spaun, J.J.",12,4,0.021893683928487062,0.24554458157427816,0.5133807345359396,0.20419664122847625,0.014984358732818892
"Spaun, J.J.",13,5,0.1152613465463746,0.3907716434170651,0.38447976306150866,0.10221236848607251,0.00727487848897912
"Spaun, J.J.",14,4,0.02204998805716485,0.2865025655164515,0.5359710003839454,0.14971464405357615,0.005761801988862114
"Spaun, J.J.",15,4,0.033540311281748836,0.32589307144216684,0.5073224655623269,0.12833759028503533,0.004906561428722145
"Spaun, J.J.",16,3,0.015117989821634814,0.22366223450860445,0.5335436367561163,0.21388846332273725,0.013787675590907211
"Spaun, J.J.",17,4,0.0041907551157068235,0.1567752264384169,0.582900212053648,0.2454413062067058,0.01069250018552248
"Spaun, J.J.",18,4,0.0031253207668044958,0.2454232634070923,0.6670725672664215,0.08407869688753511,0.0003001516721465869
"Spieth, Jordan",1,4,0.0022957177298758014,0.14935128138322773,0.6293580290607848,0.21406323468650834,0.004931737139603376
"Spieth, Jordan",2,4,0.019601719916457705,0.2266542947534399,0.5084604944678419,0.22582830728197656,0.019455183580283975
"Spieth, Jordan",3,4,0.011391786392328795,0.3026137744150919,0.590555785346999,0.09447269755458376,0.0009659562909964947
"Spieth, Jordan",4,4,0.007497114612907474,0.18486527204147785,0.5638187590757127,0.23182623604004116,0.011992618229860863
"Spieth, Jordan",5,3,8.508545415658597e-05,0.09315634032410236,0.774870416777282,0.13169993952967962,0.0001882179147794094
"Spieth, Jordan",6,5,0.034177683438651685,0.34701339335162196,0.5071872017861075,0.10853338149263281,0.003088339930986006
"Spieth, Jordan",7,4,0.004653342518398551,0.20302830228245344,0.6266921974626574,0.1627155069949746,0.0029106507415159744
"Spieth, Jordan",8,3,0.0071522286041900696,0.2244716883304041,0.6054509764393259,0.15944271064655147,0.0034823959795284853
"Spieth, Jordan",9,4,0.0037677775716354334,0.17430165840850453,0.6177287064078889,0.19920662853723936,0.004995229074731711
"Spieth, Jordan",10,4,0.01103851488815688,0.25705765754401677,0.5854760052471422,0.14318671830715246,0.003241104013531726
"Spieth, Jordan",11,3,0.007601493559467931,0.25435116484729414,0.6135578801991325,0.12286423571461103,0.001625225679494413
"Spieth, Jordan",12,4,0.02108003116545487,0.24117936007267854,0.5138580137211508,0.20828944467953614,0.015593150361179586
"Spieth, Jordan",13,5,0.11260817232115161,0.38793551620273603,0.3873684676715601,0.1045308454846876,0.007556998319864672
"Spieth, Jordan",14,4,0.02116360097373865,0.2813772206653767,0.5378523755397936,0.15355753429338792,0.0060492685277031555
"Spieth, Jordan",15,4,0.032315161263227976,0.3209028563649314,0.509916922675449,0.13171626052994945,0.005148799166442286
"Spieth, Jordan",16,3,0.014499684249533407,0.21919244760023138,0.533616415873933,0.2183116257884511,0.014379826487851077
"Spieth, Jordan",17,4,0.003965955794503817,0.15248586904912215,0.5813744916241717,0.25094272834635056,0.01123095518585182
"Spieth, Jordan",18,4,0.002911120124912403,0.23831706527321994,0.6707301773991834,0.08771465358755193,0.00032698361513228136
"Stevens, Sam",1,4,0.0020557407892823343,0.14149715566698529,0.6269472554061695,0.22404350141199625,0.005456346725566608
"Stevens, Sam",2,4,0.01836307418770139,0.21953841359257192,0.5083234109977021,0.23301929383055286,0.02075580739147176
"Stevens, Sam",3,4,0.010391627395341774,0.291355356959894,0.5967677194301224,0.10039930938288955,0.001085986831752206
"Stevens, Sam",4,4,0.00689061363448934,0.17727034294245658,0.562389412187609,0.24047493332995007,0.012974697905494992
"Stevens, Sam",5,3,7.032067731471692e-05,0.08551185778296305,0.7721292034558209,0.14206343213423667,0.00022518594966458583
"Stevens, Sam",6,5,0.031997235423559645,0.3379792870196305,0.5126830530417152,0.1139629551407706,0.003377469374324038
"Stevens, Sam",7,4,0.00420305472468413,0.19367604985112358,0.6277069067659762,0.17117890915370815,0.003235079504507965
"Stevens, Sam",8,3,0.00651602040701782,0.21506150647291944,0.6071477316834912,0.1674271111255089,0.003847630311062611
"Stevens, Sam",9,4,0.0034027187288351857,0.1659403427398447,0.616677377065511,0.20847079511991828,0.005508766345890925
"Stevens, Sam",10,4,0.010129367767764685,0.24737378050589748,0.5884894915312894,0.1504332115343976,0.0035741486606508666
"Stevens, Sam",11,3,0.00690214887919427,0.24384325325716827,0.6174762626949256,0.12996072296520333,0.0018176122035085118
"Stevens, Sam",12,4,0.01974365889757007,0.23375165221715882,0.5144236187379927,0.21539394406567647,0.016687126081601944
"Stevens, Sam",13,5,0.10815831425498668,0.3829677929331074,0.3922219309356643,0.1085884411853082,0.008063520690933412
"Stevens, Sam",14,4,0.01971305585815608,0.27263787261906497,0.5407901123797352,0.16028678438346056,0.006572174759583271
"Stevens, Sam",15,4,0.030299329300931155,0.3123465284905018,0.514121290016926,0.13764356929561172,0.005589282896029335
"Stevens, Sam",16,3,0.013489522067443693,0.21161475994222034,0.5334582610609238,0.22599062436797523,0.015446832561436974
"Stevens, Sam",17,4,0.0036053198074629256,0.14529769166321171,0.5783934005498477,0.2604938050052965,0.012209782974181183
"Stevens, Sam",18,4,0.0025742578215116607,0.22637221030097976,0.6764536124176652,0.09422164434301727,0.00037827511682608783
"Straka, Sepp",1,4,0.002742111011680759,0.16274908576315356,0.6320441863753481,0.19829278739717693,0.0041718294526407185
"Straka, Sepp",2,4,0.021774599806638872,0.2384419903434527,0.5080189570806289,0.21428243295577554,0.017482019813503946
"Straka, Sepp",3,4,0.013203213757933374,0.32124411945305603,0.5794026945208892,0.0853539684188307,0.0007960038492906829
"Straka, Sepp",4,4,0.00858779460818232,0.19762501330963222,0.5652467431199315,0.2180118354802496,0.0105286134820044
"Straka, Sepp",5,3,0.00011558575703085605,0.10668963222284139,0.777125233220247,0.11592971087039727,0.00013983792948346618
"Straka, Sepp",6,5,0.037996062931629326,0.36170277588863836,0.49757614921735116,0.10006080844501253,0.002664203517368624
"Straka, Sepp",7,4,0.005480818638078033,0.2187946225441199,0.6238091737257812,0.1494715054564355,0.0024438796355854553
"Straka, Sepp",8,3,0.008308150408772308,0.2402374981408299,0.6015730679928393,0.14692831770293835,0.0029529657546201182
"Straka, Sepp",9,4,0.004439162047447098,0.1884631351272148,0.6182640630834242,0.18458514656052616,0.004248493181387758
"Straka, Sepp",10,4,0.012674270684635391,0.27316184012780637,0.5795555829957673,0.1318509969910392,0.0027573092007517896
"Straka, Sepp",11,3,0.008876761934120625,0.2718955033032302,0.6060155964120493,0.11186131510117225,0.0013508232494277017
"Straka, Sepp",12,4,0.02342426280039639,0.25345896043818467,0.5122495341686887,0.1969267569307358,0.013940485661994462
"Straka, Sepp",13,5,0.12014572758197661,0.3957590511376232,0.3791768505991031,0.09812772049781171,0.006790650183485347
"Straka, Sepp",14,4,0.02372355246090374,0.295773649489128,0.5322778456572519,0.14294991546693447,0.005275036925781906
"Straka, Sepp",15,4,0.03584055267446684,0.3348675754125301,0.5023946286819648,0.12240101805919923,0.004496225171839008
"Straka, Sepp",16,3,0.016287463778502265,0.23179695754857965,0.5331070234432675,0.20603332069963542,0.012775234530015167
"Straka, Sepp",17,4,0.004624024463272314,0.16467490069621887,0.5852476070834249,0.23567322563065773,0.009780242126426142
"Straka, Sepp",18,4,0.0035466679531327427,0.2584637971275585,0.6599103883468754,0.0778221749209348,0.00025697165149851653
"Taylor, Nick",1,4,0.0022699134126083487,0.14853082241332605,0.629136718360779,0.21507900389526546,0.004983541918021084
"Taylor, Nick",2,4,0.019471125835004932,0.2259183702488038,0.5084606952856978,0.2265641217442339,0.0195856868862595
"Taylor, Nick",3,4,0.011285191279643947,0.30144966084662883,0.5912170719441812,0.09507036108595379,0.0009777148435923255
"Taylor, Nick",4,4,0.007432632708592457,0.18407601592152345,0.5636911012916657,0.23270968362186117,0.01209056645635731
"Taylor, Nick",5,3,8.344193367526564e-05,0.09234756083393891,0.7746359340442049,0.13274132260974247,0.00019174057843840409
"Taylor, Nick",6,5,0.03394791705102157,0.34608486596904503,0.5077666564445905,0.10908354557046152,0.0031170149648813705
"Taylor, Nick",7,4,0.00460511912342132,0.20205522142200366,0.6268230521286768,0.1635739955834732,0.0029426117424249387
"Taylor, Nick",8,3,0.007084352823669038,0.22349464895493987,0.6056494899409252,0.1602530377227206,0.0035184705577453457
"Taylor, Nick",9,4,0.0037286719750446173,0.17343033124539953,0.6176458811264569,0.20014910788099072,0.005046007772108174
"Taylor, Nick",10,4,0.010941836768400326,0.25605473101208676,0.5858077597008562,0.14392164940218144,0.0032740231164752887
"Taylor, Nick",11,3,0.007526789499165243,0.2532613859641536,0.6139859252518409,0.12358177833158446,0.0016441209532558343
"Taylor, Nick",12,4,0.020939134418680005,0.24041169987305339,0.5139309679358732,0.20901543895539454,0.015702758816998896
"Taylor, Nick",13,5,0.11214452974480321,0.38743041822145535,0.38787373302405814,0.10494354680667917,0.007607772203004126
"Taylor, Nick",14,4,0.021010351006642336,0.28047504963134456,0.5381715229324048,0.15424177945095452,0.006101296978653803
"Taylor, Nick",15,4,0.03210283975726291,0.32002234561054993,0.5103638547618925,0.13231832482987582,0.0051926350404187804
"Taylor, Nick",16,3,0.014392861782460742,0.218407652169002,0.5336166475628198,0.219096272783321,0.014486565702396481
"Taylor, Nick",17,4,0.003927425890300262,0.15173652166471835,0.5810889826622001,0.251918685143083,0.011328384639698319
"Taylor, Nick",18,4,0.002874724443200638,0.2370738995566385,0.6713512396907577,0.08836819211905278,0.0003319441903503195
"Thomas, Justin",1,4,0.0023495960015838535,0.1510468393599536,0.629793670571125,0.2119831401704111,0.004826753896926439
"Thomas, Justin",2,4,0.019872500359894296,0.2281698311233437,0.5084497824179972,0.2243186407287131,0.019189245370051622
"Thomas, Justin",3,4,0.01161364882077287,0.30501084824973873,0.5891806028348694,0.09325270740099034,0.0009421926936286074
"Thomas, Justin",4,4,0.007631210184600279,0.18649337648425424,0.5640671862802835,0.2300147878025639,0.011793439248298121
"Thomas, Justin",5,3,8.855989145029053e-05,0.09483520199074136,0.7753181133839706,0.12957695870048025,0.00018116603335749382
"Thomas, Justin",6,5,0.03465399648291462,0.3489213524016103,0.5059860490882406,0.10740846045682584,0.0030301415704085954
"Thomas, Justin",7,4,0.0047538857438504944,0.20503644712956692,0.6264041887054512,0.16095954434976278,0.002845934071368572
"Thomas, Justin",8,3,0.007293555039474819,0.22648650801566778,0.6050257077132366,0.15778494509896546,0.003409284132655399
"Thomas, Justin",9,4,0.003849318187945594,0.17610080702045283,0.6178807004414453,0.19727689661720582,0.004892277732950534
"Thomas, Justin",10,4,0.011239577982117221,0.2591240284062936,0.5847784717845409,0.14168355145144584,0.00317437037560242
"Thomas, Justin",11,3,0.00775710500914184,0.2565975572463308,0.6126601426075453,0.1213981898016191,0.0015870053353629343
"Thomas, Justin",12,4,0.02137217261261798,0.24275987578296304,0.5136974271053089,0.2068006199476251,0.015369904551485014
"Thomas, Justin",13,5,0.11356551108317298,0.3889694610963608,0.38632559479248396,0.10368586689250381,0.007453566135478429
"Thomas, Justin",14,4,0.021481585877322018,0.2832338954693148,0.5371842074572252,0.15215675672627393,0.005943554469864054
"Thomas, Justin",15,4,0.032755239885197684,0.3227129516368903,0.5089879119330026,0.13048417146628566,0.0050597250786237336
"Thomas, Justin",16,3,0.01472140848636977,0.2208094245574071,0.5336040571104717,0.21670256664435494,0.014162543201396538
"Thomas, Justin",17,4,0.004046221030750419,0.15403336201090406,0.5819460741396687,0.24894137403144623,0.01103296878723059
"Thomas, Justin",18,4,0.002987240980560135,0.24088275982120555,0.6694304852300219,0.08638251133896746,0.0003170026292449446
"Thompson, Davis",1,4,0.0021124976106572935,0.14340168365928863,0.6275930235506926,0.22156975320485306,0.005323041974508502
"Thompson, Davis",2,4,0.018661078028724687,0.22127872200123577,0.5083858128943772,0.23124479969550515,0.02042958738015721
"Thompson, Davis",3,4,0.01063001031312949,0.2941091202070516,0.5952865612124111,0.09891901940987768,0.0010552888575301456
"Thompson, Davis",4,4,0.007035480236179503,0.17912024031133128,0.5627794463992413,0.23833767699202912,0.01272715606121877
"Thompson, Davis",5,3,7.370675210671696e-05,0.08734531580002991,0.7728979179866168,0.13946753807424184,0.00021552138700475787
"Thompson, Davis",6,5,0.03252206366658128,0.34020022318793774,0.511361321156544,0.11261213543038329,0.0033042565585537087
"Thompson, Davis",7,4,0.0043099285981682,0.19595152957691053,0.6275108275426582,0.16907523227320742,0.0031524820090556016
"Thompson, Davis",8,3,0.006667523256154773,0.21735520364716754,0.606779085396461,0.165443348665547,0.003754839034669666
"Thompson, Davis",9,4,0.0034893453843587996,0.16797205186322767,0.6169864879202795,0.20617370004101665,0.005378414791117336
"Thompson, Davis",10,4,0.010346483001702822,0.24973922980809782,0.5877929584601087,0.14863174368623455,0.0034895850438561027
"Thompson, Davis",11,3,0.007068506399237284,0.24640694917998918,0.6165639038941637,0.12819212948537695,0.0017685110412328786
"Thompson, Davis",12,4,0.020065175889230902,0.2355692419219762,0.5143143438774156,0.21363883000890005,0.016412408302477255
"Thompson, Davis",13,5,0.1092397965548823,0.384200088558585,0.3910416497161802,0.10758209413346354,0.007936371036888934
"Thompson, Davis",14,4,0.020061419488928145,0.27477848617879574,0.5401024961962468,0.15861748369212114,0.006440114443908129
"Thompson, Davis",15,4,0.03078473007117838,0.31444784459340275,0.5131174710192824,0.13617189899331494,0.005478055322821529
"Thompson, Davis",16,3,0.013731930922713853,0.2134657828226756,0.5335302543627786,0.22409348750567215,0.015178544386159842
"Thompson, Davis",17,4,0.00369109486352287,0.1470438225756845,0.5791681710877121,0.2581342513414714,0.01196266013160907
"Thompson, Davis",18,4,0.0026535937621568473,0.22927774145744462,0.675112643705656,0.0925909991314835,0.00036502194325893633
"Vegas, Jhonattan",1,4,0.001534546880235077,0.12235833125296247,0.6180164176997875,0.2510313728106762,0.007059331356338627
"Vegas, Jhonattan",2,4,0.015450471858299342,0.20147475066888443,0.5065198301190852,0.25206879438970164,0.02448615296402934
"Vegas, Jhonattan",3,4,0.008141259420110902,0.26278823678871377,0.6105692140788673,0.11703648253682608,0.0014648071754819192
"Vegas, Jhonattan",4,4,0.00551181225346703,0.15836358460770567,0.556729812262215,0.26353533188649614,0.015859458990116204
"Vegas, Jhonattan",5,3,4.241632428564346e-05,0.06783926140807706,0.76025063133383,0.1715122868373291,0.0003554040964781624
"Vegas, Jhonattan",6,5,0.02686058161671101,0.3144917085471626,0.5254770442775397,0.1289243534671164,0.004246312091470306
"Vegas, Jhonattan",7,4,0.0032091969264246845,0.17052328162970876,0.6276496741058997,0.19438182630191903,0.004236021036047921
"Vegas, Jhonattan",8,3,0.0050901145997832575,0.19156476998594235,0.6091074648153019,0.18927472656201694,0.004962924036955529
"Vegas, Jhonattan",9,4,0.0025976962039759854,0.1453654707749948,0.611396500475657,0.23357054203335048,0.007069790512021834
"Vegas, Jhonattan",10,4,0.008064748317067771,0.222948742405305,0.5940783474803669,0.1703198689872818,0.0045882928099785225
"Vegas, Jhonattan",11,3,0.0053427495754097,0.217493637552979,0.6250760417139444,0.14966905602710368,0.002418515130563237
"Vegas, Jhonattan",12,4,0.01660130840941848,0.2148476985389418,0.5143917240353209,0.23431613445475985,0.01984313456155895
"Vegas, Jhonattan",13,5,0.09718434548136579,0.3694922603142539,0.4041926616973141,0.11960816557837173,0.009522566928694465
"Vegas, Jhonattan",14,4,0.01633109174698788,0.2503014814126728,0.5466754155783933,0.17856885005095813,0.008123161210987995
"Vegas, Jhonattan",15,4,0.025541146634970147,0.2902047938994969,0.5235410386317126,0.1538180931793669,0.006894927654453431
"Vegas, Jhonattan",16,3,0.011142704506683088,0.19249032821961692,0.5313778251742076,0.24644508016493993,0.01854406193455249
"Vegas, Jhonattan",17,4,0.002801430272869887,0.12762990848764638,0.5685426809011973,0.28591840205331853,0.015107578284967893
"Vegas, Jhonattan",18,4,0.0018569215791014448,0.19685634930302998,0.6879638581586425,0.11277422603722442,0.0005486449220016842
"Woodland, Gary",1,4,0.001736582625188221,0.13016686332409044,0.62222804436737,0.23952678404401695,0.006341725639334328
"Woodland, Gary",2,4,0.016620926281063986,0.2089767241988415,0.5075308431573067,0.24401473023156695,0.022856776131220835
"Woodland, Gary",3,4,0.009027715991856367,0.2746457810068106,0.6051988947253732,0.10983451015400936,0.0012930981219504423
"Woodland, Gary",4,4,0.006057574980973535,0.16614993353664215,0.5594444772073152,0.2537604329652501,0.014587581309819075
"Woodland, Gary",5,3,5.2536388169377446e-05,0.07488069182587653,0.7660633666440703,0.15870944604249637,0.000293959099387453
"Woodland, Gary",6,5,0.028926250226577188,0.324342240372591,0.5203765078282196,0.12249520929386071,0.0038597922787514394
"Woodland, Gary",7,4,0.0035973071127213263,0.18003391269191565,0.6281483656593216,0.18443416661606093,0.00378624791998039
"Woodland, Gary",8,3,0.00565085496876061,0.2012525608674977,0.6087178863949474,0.17991496766591208,0.004463730102882146
"Woodland, Gary",9,4,0.0029119471064975033,0.1537956448010605,0.6140583162252025,0.2228617470083778,0.006372344858861734
"Woodland, Gary",10,4,0.008881511466432734,0.23306266035526313,0.5921313748729213,0.16178960215038296,0.004134851154999786
"Woodland, Gary",11,3,0.005954528963014405,0.22837653427264343,0.6223469040787672,0.14117481169895074,0.002147220986624232
"Woodland, Gary",12,4,0.017864062978018846,0.22270701494913103,0.5146696070256476,0.2262978869447887,0.0184614281024138
"Woodland, Gary",13,5,0.10168716271559308,0.3752428870163802,0.39928590965480415,0.11489992900403645,0.008884111609186118
"Woodland, Gary",14,4,0.0176849341535138,0.2596032839197364,0.5445167432765717,0.17075834741532037,0.007436691234857684
"Woodland, Gary",15,4,0.027456337885999937,0.29947348180747196,0.519857842730005,0.14689515629429983,0.00631718128222325
"Woodland, Gary",16,3,0.012080721825964535,0.20041290700143682,0.5325439454412482,0.2377776103085416,0.01718481542280892
"Woodland, Gary",17,4,0.0031168044471155953,0.13486605394759532,0.5730414621638725,0.27514959563614727,0.013826083805269285
"Woodland, Gary",18,4,0.0021324108747950987,0.20896801913007107,0.6837351873883226,0.10469444564362973,0.00046993696318153866
"Young, Cameron",1,4,0.002051182507738336,0.1413428635042392,0.6268931676409324,0.22424545976567156,0.0054673265814184635
"Young, Cameron",2,4,0.018338997474644847,0.21939700005212487,0.5083175086386709,0.2331639406038677,0.02078255323069178
"Young, Cameron",3,4,0.01037243082806788,0.2911315890391769,0.5968869684290627,0.1005204905172219,0.0010885211864706257
"Young, Cameron",4,4,0.006878938924737621,0.17712024076966565,0.5623565550269701,0.24064923663629645,0.012995028642330153
"Young, Cameron",5,3,7.005161368900392e-05,0.08536389786647075,0.7720639141694023,0.14227614620694928,0.00022599014348867463
"Young, Cameron",6,5,0.03195482642010827,0.3377984928245725,0.5127898037071394,0.11407338480169127,0.0033834922464884842
"Young, Cameron",7,4,0.004194460899230201,0.1934914875924083,0.6277213376979309,0.17135082632424536,0.0032418874861851465
"Young, Cameron",8,3,0.006503823839615341,0.21487534871046954,0.6071763500672402,0.16758920459635473,0.003855272786320141
"Young, Cameron",9,4,0.003395753500863019,0.16577562770264792,0.6166507634266158,0.20865835648933118,0.00551949888054204
"Young, Cameron",10,4,0.010111871819920293,0.24718165549896115,0.5885449202917987,0.1505804403412655,0.0035811120480543357
"Young, Cameron",11,3,0.006888761550543299,0.2436351142083638,0.6175490689942517,0.1301053923776292,0.0018216628692120374
"Young, Cameron",12,4,0.019717682468071596,0.23360393017522318,0.5144316606950726,0.21553706768345315,0.016709658978179442
"Young, Cameron",13,5,0.10807062702767967,0.382867161489946,0.3923176423601215,0.10867062066939703,0.008073948452855806
"Young, Cameron",14,4,0.019684928078492148,0.2724638399681262,0.5408450943394643,0.16042310910346247,0.006583028510454891
"Young, Cameron",15,4,0.030260100647228394,0.3121755327981677,0.5142021500942714,0.13776379248689774,0.005598423973434796
"Young, Cameron",16,3,0.01346995470143142,0.21146441402847282,0.5334514515305383,0.22614533169469886,0.015468848044858596
"Young, Cameron",17,4,0.0035984174786254375,0.14515614284449668,0.5783291322264483,0.2606862164974574,0.012230090952972117
"Young, Cameron",18,4,0.0025678955512720703,0.22613657060933062,0.6765608714563451,0.09435528908668989,0.00037937329636228423
"Yu, Kevin",1,4,0.0019669260200884664,0.13845387101754525,0.625830355991001,0.22807076312164964,0.005678083849715687
"Yu, Kevin",2,4,0.017889989635615833,0.21673718700009914,0.5081830163614324,0.2358974142783996,0.021292392724453046
"Yu, Kevin",3,4,0.010016182717757338,0.2869228050997074,0.5990984843523305,0.10282518947231922,0.0011373383578855423
"Yu, Kevin",4,4,0.006662034199054201,0.174303080145864,0.5617057313695519,0.24394555726474465,0.013383597020785287
"Yu, Kevin",5,3,6.515584925020912e-05,0.08260950486182234,0.7707562775549007,0.1463273958643938,0.00024166586963292325
"Yu, Kevin",6,5,0.031163766642770374,0.3343888695078436,0.514779189769991,0.11616928582245079,0.0034988882569442215
"Yu, Kevin",7,4,0.0040353218393971435,0.19002962551767427,0.6279503399223323,0.17461201012239447,0.003372702598201882
"Yu, Kevin",8,3,0.00627758179913096,0.21138025172994068,0.6076768422784534,0.1706633663719439,0.0040019578205310324
"Yu, Kevin",9,4,0.003266785998182309,0.16268813340472327,0.6161079975167896,0.2122116914772203,0.005725391603084606
"Yu, Kevin",10,4,0.009786849994363522,0.24357049324537283,0.5895543662646291,0.1533735687717026,0.0037147217239319463
"Yu, Kevin",11,3,0.006640572442893344,0.23972543670081925,0.6188808132615147,0.13285357768038986,0.0018995999143828213
"Yu, Kevin",12,4,0.019233246829614525,0.23082465884759418,0.5145592700271904,0.21824336044500536,0.017139463850595504
"Yu, Kevin",13,5,0.10642666964341557,0.3809603917467359,0.3941122955126494,0.11022782564848999,0.008272817448709113
"Yu, Kevin",14,4,0.019160864297237512,0.269187973874338,0.5418539934518432,0.1630064806216367,0.006790687754944624
"Yu, Kevin",15,4,0.029528207045794064,0.30895239701246624,0.5157029662593052,0.14004312750655123,0.005773302175883233
"Yu, Kevin",16,3,0.013105531687022498,0.20863839889721986,0.5332962903036602,0.22907071117151123,0.0158890679405862
"Yu, Kevin",17,4,0.00347046081587693,0.14250325500118682,0.577083357926355,0.2643243681164358,0.012618558140145453
"Yu, Kevin",18,4,0.0024505519247979834,0.22171742795088134,0.6785299512685565,0.09690142472169272,0.00040064413407137067
