player,hole,par,p_eagle_or_better,p_birdie,p_par,p_bogey,p_double_or_worse
"Ahlawat, Veer",1,4,0.0034204756530071267,0.12851502287732047,0.5488556038625669,0.29937120695074837,0.0198376906563571
"Ahlawat, Veer",2,3,0.001967831461422209,0.11899859558858589,0.5854460764061329,0.28155337113107604,0.012034125412782926
"Ahlawat, Veer",3,4,0.004278402479454824,0.1337729739482189,0.5359680632880499,0.30275082526775965,0.023229735016516706
"Ahlawat, Veer",4,4,0.008418649760696006,0.19571503779140154,0.5651069672372486,0.22002512805890428,0.010734217151749603
"Ahlawat, Veer",5,4,0.024232934354768476,0.3339828836678546,0.5355481803675366,0.10409649716238079,0.0021395044474594727
"Ahlawat, Veer",6,5,0.053624505360202135,0.33512699984946126,0.4633601770935146,0.13908147944473526,0.008806838252086724
"Ahlawat, Veer",7,4,0.0011345809632640202,0.11083956036737563,0.6205102073630782,0.26050630938245434,0.00700934192382785
"Ahlawat, Veer",8,3,0.0019141273842339657,0.11966642039879555,0.5899062156483351,0.27728593428979864,0.011227302278836726
"Ahlawat, Veer",9,5,0.03843133234074131,0.34340400542660837,0.4967328247403878,0.1172420694572498,0.004189768035012698
"Ahlawat, Veer",10,4,0.00237495434717111,0.11066311533684436,0.5432911630956763,0.3217424988547055,0.0219282683656028
"Ahlawat, Veer",11,5,0.06682806054952178,0.345793154274122,0.44240217346155897,0.13526366910716914,0.009712942607628117
"Ahlawat, Veer",12,3,0.0016344472853979664,0.16336461693211451,0.6746498037753836,0.15881368161521048,0.0015374503918934579
"Ahlawat, Veer",13,4,0.005673676597737043,0.19829727257350216,0.6057244093350385,0.18537990131109594,0.0049247401826264525
"Ahlawat, Veer",14,4,0.003602709573248708,0.11869617275184824,0.5182982835186378,0.3295988500611684,0.02980398409509677
"Ahlawat, Veer",15,4,0.0019827031728665845,0.13728604788321014,0.623018553645961,0.23169269127015535,0.006020004027806891
"Ahlawat, Veer",16,4,0.02820093082119446,0.22514828872238696,0.4656742658732848,0.2468909063372331,0.03408560824590068
"Ahlawat, Veer",17,3,0.0028427293068390425,0.14042910521101776,0.5936623202521241,0.2532569469334436,0.009808898296575608
"Ahlawat, Veer",18,5,0.06713593788160899,0.36809519161583093,0.4440345783640417,0.11462416201324555,0.006110130125272839
"Aiken, Thomas",1,4,0.003448722187790465,0.12907186504450296,0.5492464071385335,0.2985263855721525,0.01970662005702062
"Aiken, Thomas",2,3,0.0019863424111794536,0.11957464134246082,0.5858664221595291,0.2806305394436478,0.011942054643182876
"Aiken, Thomas",3,4,0.004311893235896702,0.1343251039075995,0.5363377162984766,0.3019409163106508,0.023084370247376418
"Aiken, Thomas",4,4,0.008480568261327981,0.19641700628001407,0.5651613001545784,0.21928300089114627,0.010658124412933234
"Aiken, Thomas",5,4,0.024391242128464552,0.33486067477972015,0.5350196865447479,0.10360750767467086,0.002120888872396587
"Aiken, Thomas",6,5,0.05387436029925641,0.3357542137102832,0.4630107519628052,0.1386082370592716,0.00875243696838357
"Aiken, Thomas",7,4,0.001146595308403664,0.11143104136418347,0.6209465969718989,0.25952789032760326,0.006947876027910693
"Aiken, Thomas",8,3,0.0019323034521383509,0.12024901966369461,0.590318988390958,0.2763596625931426,0.011140025900066464
"Aiken, Thomas",9,5,0.03864276676975942,0.34415732103976643,0.4962774904845562,0.11676378147512523,0.0041586402307927095
"Aiken, Thomas",10,4,0.002395616580630977,0.11117598301180848,0.5437790794486855,0.32086604575627864,0.021783275202596375
"Aiken, Thomas",11,5,0.06711389949140778,0.3463651401236511,0.44204577167010733,0.13481933325802686,0.009655855456806917
"Aiken, Thomas",12,3,0.001652413896298388,0.1641890087278713,0.6746315404082867,0.15800640972572655,0.0015206272418171185
"Aiken, Thomas",13,4,0.005721344309876364,0.19908207858270327,0.6056881984768145,0.18462535247252398,0.004883026158081782
"Aiken, Thomas",14,4,0.0036311137248076775,0.1192005453335439,0.5187461731175066,0.3287953209659398,0.02962684685820205
"Aiken, Thomas",15,4,0.002002261054556642,0.13795414152704671,0.623287073402996,0.2307891003615391,0.005967423653861492
"Aiken, Thomas",16,4,0.0283396812640338,0.22569560794749044,0.4657101198015367,0.24633064306023378,0.03392394792670528
"Aiken, Thomas",17,3,0.002868345204623979,0.14106632170431216,0.5939538094724024,0.2523790762372513,0.009732447381410214
"Aiken, Thomas",18,5,0.0674352322301095,0.36870077587608685,0.44359077627558663,0.11420268106046383,0.006070534557753193
"Akesson, Bjorn",1,4,0.0030824580478742147,0.12164428433300167,0.5436817561898583,0.3100406652457123,0.02155083618355358
"Akesson, Bjorn",2,3,0.0017479670153267568,0.1119129426545285,0.5798465711119691,0.29324646139899857,0.013246057819176982
"Akesson, Bjorn",3,4,0.0038764994358709837,0.12695143039725587,0.5310776499922495,0.31296913386552483,0.025125286309098827
"Akesson, Bjorn",4,4,0.0076729181847119965,0.18699625172734508,0.5641399670268674,0.22945818838237697,0.01173267467869854
"Akesson, Bjorn",5,4,0.022313961363844892,0.32295842019499305,0.541954751535416,0.11038617372558202,0.0023866931801641567
"Akesson, Bjorn",6,5,0.05055897101497092,0.32720823635034396,0.46759838255621833,0.14511742829561158,0.009516981782855205
"Akesson, Bjorn",7,4,0.0009929732428887172,0.10358572900070295,0.6146509274464702,0.2729457486798711,0.00782462163006703
"Akesson, Bjorn",8,3,0.0016983625347669618,0.11250100879570984,0.584394807478674,0.28902871464636937,0.012377106544479766
"Akesson, Bjorn",9,5,0.0358510422011003,0.33391159965247813,0.5022676400336654,0.1233701550248516,0.004599563087904546
"Akesson, Bjorn",10,4,0.0021284418564539997,0.10434983451482949,0.5369050968955383,0.3327935681172317,0.02382305861594647
"Akesson, Bjorn",11,5,0.0633119883828126,0.3385541706099645,0.446748953450386,0.1409281668890222,0.010456720667814667
"Akesson, Bjorn",12,3,0.0014231276760207079,0.15321570677281865,0.6744052611573064,0.16919181445511233,0.0017640899387418862
"Akesson, Bjorn",13,4,0.005103415634533204,0.1885677038148627,0.6058320243111559,0.19501954363669405,0.005477312602754192
"Akesson, Bjorn",14,4,0.0032620227044075634,0.11247248930732301,0.512448008848023,0.3397089823915249,0.032108496748721516
"Akesson, Bjorn",15,4,0.0017510449239699355,0.12906289139289773,0.6192650108650268,0.24320360821690834,0.0067174446011971645
"Akesson, Bjorn",16,4,0.026503157951684286,0.21829874087337098,0.4650633890280334,0.25396067539207934,0.036174036754831995
"Akesson, Bjorn",17,3,0.0025376362566233435,0.13257141898526437,0.5896693553123773,0.26440514993146613,0.010816439514268916
"Akesson, Bjorn",18,5,0.06345780782039295,0.3604198566920358,0.44948094539943034,0.12001321873837323,0.006628171349767675
"Aphibarnrat, Kiradech",1,4,0.0045322778334091485,0.14876136567768083,0.5605985480401576,0.27040881930839544,0.015698989140356945
"Aphibarnrat, Kiradech",2,3,0.0027106938791637836,0.14010285346546086,0.5978329804732954,0.2501775965391423,0.009175875642937648
"Aphibarnrat, Kiradech",3,4,0.005587086205342484,0.15378330310531402,0.5471013759809199,0.2749145566349471,0.01861367807347647
"Aphibarnrat, Kiradech",4,4,0.010815343233450292,0.2208125724776292,0.5650457841500012,0.19497281189711557,0.008353488241803708
"Aphibarnrat, Kiradech",5,4,0.030257898956892015,0.3644813049842931,0.5156314099194119,0.0880562307186975,0.0015731554207054632
"Aphibarnrat, Kiradech",6,5,0.0628487617542896,0.3566471595356389,0.4501935552435046,0.12322763894613198,0.007082884520434929
"Aphibarnrat, Kiradech",7,4,0.0016265124491788852,0.13266796711717493,0.6330478235218984,0.22752209264977763,0.005135604261970128
"Aphibarnrat, Kiradech",8,3,0.0026446196051119197,0.14101655902443416,0.6019818011261902,0.245833620048177,0.008523400196086772
"Aphibarnrat, Kiradech",9,5,0.04634242782696707,0.3693682350275279,0.479666795351959,0.10139934626642799,0.003223195527118028
"Aphibarnrat, Kiradech",10,4,0.0031946706598002805,0.12942189459830156,0.5584538019631581,0.2915812863913011,0.017348346387438984
"Aphibarnrat, Kiradech",11,5,0.07731282536074624,0.36529934302185463,0.4291335208310395,0.12035887418899738,0.007895436597362249
"Aphibarnrat, Kiradech",12,3,0.002373934518070331,0.1934792981900626,0.6707779168474495,0.13232596666180896,0.001042883782608639
"Aphibarnrat, Kiradech",13,4,0.007550724017664545,0.2264784410346165,0.6020951521855125,0.16022686908550832,0.003648813676698226
"Aphibarnrat, Kiradech",14,4,0.004714168357302817,0.13703530963999466,0.5323042054377163,0.30179869400556547,0.02414762255942071
"Aphibarnrat, Kiradech",15,4,0.0027731605362441014,0.16171631775620593,0.6297208496526647,0.20137261089037317,0.004417061164512015
"Aphibarnrat, Kiradech",16,4,0.03335979713967979,0.24436027108016423,0.4658214423420351,0.22762577685179786,0.028832712586323028
"Aphibarnrat, Kiradech",17,3,0.0038632959252553056,0.16362637276776165,0.601500040532966,0.22356810575216213,0.007442185021854897
"Aphibarnrat, Kiradech",18,5,0.07813926262226462,0.38866558304369114,0.42774454153187275,0.10058852809858776,0.004862084703583736
"Armitage, Marcus",1,4,0.0045357833668313585,0.14882044379672016,0.5606259328971417,0.2703292654079952,0.01568857453131156
"Armitage, Marcus",2,3,0.002713078760290588,0.14016489068228544,0.5978610427832954,0.2500921682796141,0.009168819494514424
"Armitage, Marcus",3,4,0.005591184469169008,0.15384150819869752,0.547127429899039,0.2748378887674333,0.018601988665661207
"Armitage, Marcus",4,4,0.010822780678792054,0.22088457012136958,0.5650400092107792,0.1949050821531746,0.008347557835884478
"Armitage, Marcus",5,4,0.030276291865935556,0.3645662189407847,0.5155715373717026,0.0880141633800009,0.0015717884415762384
"Armitage, Marcus",6,5,0.06287610736464677,0.3567063181423872,0.45015394833873723,0.12318509895568586,0.007078527198542961
"Armitage, Marcus",7,4,0.0016281211454084454,0.13273258527283593,0.6330751222739596,0.2274330977246274,0.005131073583168666
"Armitage, Marcus",8,3,0.002646967936778377,0.14107933452187132,0.6020088579085652,0.24574809919402973,0.008516740438755388
"Armitage, Marcus",9,5,0.04636618688398869,0.36943993352605764,0.4796157200568308,0.10135735196313267,0.003220807569990214
"Armitage, Marcus",10,4,0.0031972744679968357,0.12947695758208067,0.5584908280068699,0.29149812232574535,0.01733681761730721
"Armitage, Marcus",11,5,0.07734371142400404,0.3653526201330773,0.42909402702727983,0.12031882251850567,0.007890818897133167
"Armitage, Marcus",12,3,0.0023763637352348654,0.19356751444408532,0.670757850119664,0.13225653461830578,0.001041737082710048
"Armitage, Marcus",13,4,0.007556643547937836,0.22655961949659648,0.6020782429981746,0.16015977817319615,0.003645715784094894
"Armitage, Marcus",14,4,0.004717653688828871,0.13708883091068885,0.5323386982322157,0.30172160657778313,0.024133210590483456
"Armitage, Marcus",15,4,0.002775714649809524,0.1617879831517997,0.6297319235640848,0.20129119390531747,0.004413184728988551
"Armitage, Marcus",16,4,0.03337520003363992,0.24441438466665133,0.4658186929055744,0.22757265643866953,0.028819065955464795
"Armitage, Marcus",17,3,0.003866550214235598,0.16369413013158246,0.6015152471161517,0.2234877120966713,0.00743636044135898
"Armitage, Marcus",18,5,0.07817174693422801,0.3887215166793023,0.4276966835640137,0.1005511038987682,0.004858948923687767
"Ayora, Angel",1,4,0.0053009031334833034,0.16113235970090817,0.56555732164566,0.2543189936863729,0.013690421833575606
"Ayora, Angel",2,3,0.0032392399635513547,0.15314665398873,0.6027982511771626,0.2329867069780457,0.007829147892510324
"Ayora, Angel",3,4,0.006482059376040461,0.16595000358218143,0.551832452310509,0.2593840680258167,0.01635141670545237
"Ayora, Angel",4,4,0.012430611394476376,0.23574015279946958,0.5632212540797101,0.18139209020302693,0.00721589152331692
"Ayora, Angel",5,4,0.034213359173089763,0.38177869594770586,0.5029320698995143,0.0797605763770678,0.0013152986026222502
"Ayora, Angel",6,5,0.06863143844521913,0.36861518046014863,0.44178386102301426,0.1147293165605251,0.00624020351109289
"Ayora, Angel",7,4,0.0019870070160292186,0.14630730855385565,0.637718691181713,0.20970647930721498,0.004280513941187225
"Ayora, Angel",8,3,0.0031654823830041257,0.1542172016853981,0.6067262067315204,0.2286372019495435,0.007253907250533764
"Ayora, Angel",9,5,0.05140395906127332,0.3839073599394613,0.4688537836673613,0.09306783059467238,0.002767066737231705
"Ayora, Angel",10,4,0.003768123689742109,0.1409917027190255,0.5653884758986966,0.27472710143147205,0.015124596261063772
"Ayora, Angel",11,5,0.08382054885144646,0.3760374125579534,0.42079157589908495,0.11235062343376967,0.006999839257745499
"Ayora, Angel",12,3,0.002919676896799006,0.21198002558860618,0.6656219369767902,0.11864716503047457,0.0008311955073301291
"Ayora, Angel",13,4,0.00884852909611833,0.24334557304227922,0.5978666327518267,0.14687653723756744,0.003062727872208293
"Ayora, Angel",14,4,0.005475928698965182,0.14824502916598475,0.5388047911693274,0.28612510225857357,0.0213491487071491
"Ayora, Angel",15,4,0.0033413589519827314,0.17676368195462439,0.631094475263742,0.18511514280379726,0.0036853410258536057
"Ayora, Angel",16,4,0.03663096307584213,0.25546732132278227,0.4648955356711397,0.21685250056833083,0.026153679361905047
"Ayora, Angel",17,3,0.004581571538494866,0.17782018007595313,0.6038277354400656,0.20743819559876175,0.00633231734672457
"Ayora, Angel",18,5,0.08499189520210892,0.39990752313305766,0.41770491837960344,0.09313808497729481,0.0042575783079351615
"Bairstow, Sam",1,4,0.004793404276205726,0.1530920633044492,0.5625091607187486,0.2646479037079853,0.014957467992611218
"Bairstow, Sam",2,3,0.0028890084274971195,0.14465705429576686,0.5997763452059274,0.24400225351650362,0.008675338554305023
"Bairstow, Sam",3,4,0.005891935771494716,0.15804734211570337,0.5489207791956132,0.26935957776353214,0.017780365153656552
"Bairstow, Sam",4,4,0.011367522208240777,0.2260720402406441,0.5645452053807948,0.19008317623089654,0.00793205593942381
"Bairstow, Sam",5,4,0.031618780843094385,0.3706462164271331,0.5112212393181879,0.08503716819141771,0.0014765952201669652
"Bairstow, Sam",6,5,0.06486012199607794,0.36093164219049256,0.4472752129218873,0.1201606761975722,0.006772346693969977
"Bairstow, Sam",7,4,0.0017472569297364293,0.13741817494901626,0.6349183810641057,0.2211006912730309,0.004815495784110668
"Bairstow, Sam",8,3,0.0028202504450680066,0.14562516309629803,0.6038501499986273,0.23965324536149923,0.008051191098507493
"Bairstow, Sam",9,5,0.04809453984626644,0.37456530573895686,0.47590730115686186,0.09837909365872166,0.0030537595991931843
"Bairstow, Sam",10,4,0.0033889276997968176,0.13346311959336038,0.561065935552512,0.28555456339980223,0.016527453754528465
"Bairstow, Sam",11,5,0.07958170310783907,0.3691528262535678,0.42622903469257034,0.11747042828412546,0.0075660076618973005
"Bairstow, Sam",12,3,0.0025564284598791898,0.19994980750777724,0.6691868248919481,0.12734443366123227,0.0009625054791631005
"Bairstow, Sam",13,4,0.007991662657549803,0.2324131476946396,0.6007690690129304,0.15539636887039943,0.003429751764480793
"Bairstow, Sam",14,4,0.004973499905395973,0.1409589122761945,0.5347426331284784,0.2962059503932385,0.02311900429669267
"Bairstow, Sam",15,4,0.002964381476080191,0.16697485932842865,0.6304142872698173,0.19550330740354593,0.004143164522127929
"Bairstow, Sam",16,4,0.03449441756583138,0.24829918200515033,0.4655759606567611,0.22377549275416442,0.02785494701809277
"Bairstow, Sam",17,3,0.004106268763680532,0.16859404458788424,0.6025076073083154,0.21776282752659026,0.007029251813529536
"Bairstow, Sam",18,5,0.0805265576485919,0.3927073129768949,0.4242335583183913,0.09789371260044233,0.004638858455679573
"Baldwin, Matthew",1,4,0.0033405322496167233,0.12692510598954437,0.5477167594814678,0.3017994941545502,0.020218108124820833
"Baldwin, Matthew",2,3,0.0019155543558945776,0.11735529920022081,0.5842188785242115,0.2842083821899315,0.012301885729741668
"Baldwin, Matthew",3,4,0.004183540158639365,0.13219592254821017,0.5348910811912977,0.3050780954570589,0.023651360644793895
"Baldwin, Matthew",4,4,0.00824308351020342,0.1937069551022153,0.5649325201105524,0.22216213007366603,0.010955311203362905
"Baldwin, Matthew",5,4,0.02378322566662372,0.33146380548681437,0.537049873847322,0.10550931959262344,0.0021937754066164716
"Baldwin, Matthew",6,5,0.052912278175394845,0.33332435436309293,0.4643531809349462,0.14044551367665625,0.00896467284990976
"Baldwin, Matthew",7,4,0.0011007261670691326,0.10915366273341742,0.6192331577604882,0.26332396976431627,0.007188483574709026
"Baldwin, Matthew",8,3,0.0018628043754851942,0.11800448416404347,0.5887002937509586,0.27995123689104007,0.011481180818472714
"Baldwin, Matthew",9,5,0.03782954620174356,0.34124011964342704,0.4980276030885636,0.11862243481768742,0.004280296248578397
"Baldwin, Matthew",10,4,0.0023165269471474015,0.10919974165413937,0.541874098569973,0.32426055831669,0.02234907451205026
"Baldwin, Matthew",11,5,0.06601265902579334,0.34414810009643676,0.44341655647948625,0.13654420473180506,0.00987847966647859
"Baldwin, Matthew",12,3,0.0015838501801725413,0.16101225347564024,0.674671383303797,0.16114581648388993,0.0015866965565003444
"Baldwin, Matthew",13,4,0.005538777568629083,0.19605339621613177,0.6058057440215856,0.18755581258494547,0.005046269608708132
"Baldwin, Matthew",14,4,0.003522266996292822,0.11725605125961819,0.5169982557266071,0.3319059985548769,0.030317427462605018
"Baldwin, Matthew",15,4,0.0019275132342837509,0.13537980334747074,0.6222231167778369,0.2342963170192789,0.0061732496211297505
"Baldwin, Matthew",16,4,0.027805721886001278,0.22357923887718628,0.4655609258345917,0.24850086078144573,0.03455325262077502
"Baldwin, Matthew",17,3,0.002770329440768271,0.1386100040274918,0.5928041625901792,0.25578419560907495,0.010031308332485778
"Baldwin, Matthew",18,5,0.06628238012795445,0.3663527721654804,0.44529991064295504,0.1158398548582843,0.006225082205325805
"Ballester, Jose Luis",1,4,0.0039838657533211586,0.13917517796176226,0.5556461064119755,0.28368660705692395,0.01750824281601715
"Ballester, Jose Luis",2,3,0.0023407609519376926,0.13007064271029434,0.5926817077765995,0.26449440546041547,0.010412483100753045
"Ballester, Jose Luis",3,4,0.004943883805955007,0.1443249786231693,0.5423981577282956,0.2876944678798251,0.020638511962755013
"Ballester, Jose Luis",4,4,0.009643019783508233,0.20903651939649215,0.5655725029303834,0.20635947007982058,0.00938848780979562
"Ballester, Jose Luis",5,4,0.027336150108551727,0.3503959084648671,0.5252249340412657,0.09522783836933746,0.001815169015978002
"Ballester, Jose Luis",6,5,0.058445071875257715,0.346776754412151,0.4565366623284977,0.13040326885826192,0.007838242525831651
"Ballester, Jose Luis",7,4,0.0013791490626215985,0.12225212298496513,0.6279316358665668,0.2424999151119417,0.005937176973904834
"Ballester, Jose Luis",8,3,0.0022805877863525392,0.13086607328943128,0.5969866448424841,0.26017492680923815,0.009691767272493879
"Ballester, Jose Luis",9,5,0.04253932803345306,0.3574299697136841,0.487866041709734,0.1085231623546703,0.003641498188458492
"Ballester, Jose Luis",10,4,0.0027887521608983,0.12051192748484901,0.5519108739558317,0.305437572427139,0.01935087397128199
"Ballester, Jose Luis",11,5,0.07232429101825416,0.356383424211172,0.4354881492671529,0.12711011265741123,0.00869402284600973
"Ballester, Jose Luis",12,3,0.002001184601257644,0.17918825608071892,0.6733931230104224,0.14416778283113707,0.0012496534764639966
"Ballester, Jose Luis",13,4,0.006624697754204545,0.21322545987237446,0.6043770930468688,0.1715769127850677,0.004195836541484477
"Ballester, Jose Luis",14,4,0.004167515913038045,0.1283517019130076,0.5262349648507036,0.31460875708579694,0.026637060237453714
"Ballester, Jose Luis",15,4,0.0023781771864244683,0.15011528860596746,0.6272989484217482,0.2151047595821719,0.005102826203688071
"Ballester, Jose Luis",16,4,0.03088768829731009,0.2354345735216497,0.46603440448463584,0.23647450952198668,0.031168824174417686
"Ballester, Jose Luis",17,3,0.003356876772344697,0.1526364459336101,0.5984673862603157,0.23707490136204679,0.008464389671682726
"Ballester, Jose Luis",18,5,0.0728978265351693,0.3792850097945544,0.4354904564262335,0.1069195496107358,0.005407157633307014
"Barnes, Erik",1,4,0.0012857996511398406,0.07541969837809448,0.48670208941060444,0.3962576983917595,0.04033471416840173
"Barnes, Erik",2,3,0.0006450236270802989,0.06550659798235703,0.5162427194722203,0.3902477622450533,0.02735789667328903
"Barnes, Erik",3,4,0.00169278359076952,0.08053881279086128,0.477362057433531,0.3949014045289767,0.0455049416558615
"Barnes, Erik",4,4,0.0035102992597471627,0.12518699476265205,0.5379682653226836,0.3102594617131682,0.023074978941749036
"Barnes, Erik",5,4,0.011068139889894413,0.23782006703125225,0.5754528860252219,0.17014892266835413,0.005509984385277278
"Barnes, Erik",6,5,0.030719195105011476,0.2631144315421642,0.4901998458391406,0.19870871212954166,0.01725781538414206
"Barnes, Erik",7,4,0.0003229608443829912,0.05729138414289797,0.5454627750062753,0.37895971359112657,0.017963166415317255
"Barnes, Erik",8,3,0.0006207142497969276,0.06562733406230598,0.521020462256317,0.3868668303897741,0.025864659041805904
"Barnes, Erik",9,5,0.019877608841434413,0.258468986431435,0.5324302633559368,0.17981840652293113,0.009404734848262652
"Barnes, Erik",10,4,0.0008480240296565578,0.06267323711712308,0.4711926998154565,0.4207317736226287,0.044554265415135186
"Barnes, Erik",11,5,0.04006867900241484,0.278802377297593,0.47163360566251705,0.1910605415067934,0.018434796530681696
"Barnes, Erik",12,3,0.00044078525047530626,0.08668128207949621,0.6414304847262949,0.26644376412943493,0.0050036838142986095
"Barnes, Erik",13,4,0.0020850089969935426,0.1207948039881942,0.5837564838435549,0.28107176977404347,0.012291933397213795
"Barnes, Erik",14,4,0.0014175801406122734,0.07052973040221455,0.45284549630268994,0.4188163495151831,0.05639084363930014
"Barnes, Erik",15,4,0.0006140529756118451,0.07503223468904918,0.5657932519969928,0.3431586108185697,0.015401849519776523
"Barnes, Erik",16,4,0.015733916059843644,0.1664230344521675,0.44969212188715396,0.3111758878535781,0.05697503974725682
"Barnes, Erik",17,3,0.0009752294417258445,0.0800786948186259,0.5374825133512402,0.3587832997647187,0.022680262623689385
"Barnes, Erik",18,5,0.03934475804610282,0.29645797455658107,0.48290456267763504,0.1689036618218145,0.012389042897866576
"Bjerregaard, Lucas",1,4,0.0036130981982348542,0.13226315369875458,0.5514072403127082,0.2937401739913631,0.01897633379893926
"Bjerregaard, Lucas",2,3,0.002094466495737246,0.12288099655508317,0.5881828298508764,0.27541088032966865,0.011430826768634494
"Bjerregaard, Lucas",3,4,0.004506514121453975,0.1374873546672381,0.5383823998609032,0.2973502132952113,0.022273518055193398
"Bjerregaard, Lucas",4,4,0.008839737264004888,0.20042685890000628,0.5654067483515259,0.21509169797759686,0.010234957506865983
"Bjerregaard, Lucas",5,4,0.02530656648128632,0.33984715171761387,0.5319665572760978,0.10086176722765128,0.00201795729735077
"Bjerregaard, Lucas",6,5,0.0553104083736517,0.3393081894016236,0.46099244915098636,0.13593982504893798,0.008449128024800356
"Bjerregaard, Lucas",7,4,0.001217042709343641,0.11483094110477243,0.6233410949596169,0.25400307412256795,0.006607847103699105
"Bjerregaard, Lucas",8,3,0.0020385014051170214,0.12359317941396297,0.592590815450045,0.2711218837169185,0.01065562001395659
"Bjerregaard, Lucas",9,5,0.039861200943953734,0.3484298046520651,0.49365023562729193,0.11407295404179929,0.003985804734889964
"Bjerregaard, Lucas",10,4,0.0025160389402700822,0.11411867593714214,0.5464931653764862,0.3158967668277808,0.020975352918320755
"Bjerregaard, Lucas",11,5,0.06875468167402887,0.34960230341942927,0.4399924484993029,0.1323132929690629,0.00933727343817603
"Bjerregaard, Lucas",12,3,0.0017578716453509613,0.16891855073575113,0.6744226324934506,0.15347268808262315,0.0014282570428241215
"Bjerregaard, Lucas",13,4,0.005998771825281968,0.20356912188164172,0.605405479426222,0.18037451399064086,0.004652112876213477
"Bjerregaard, Lucas",14,4,0.0037962183941920857,0.12209108635415733,0.5212403268544356,0.32423471727033415,0.02863765112688088
"Bjerregaard, Lucas",15,4,0.0021166573075450668,0.14178753023223267,0.6247275770379183,0.22569168508349213,0.00567655033881187
"Bjerregaard, Lucas",16,4,0.029138235302718696,0.22881055846532805,0.46587816017383304,0.24315499868178336,0.033018047376336845
"Bjerregaard, Lucas",17,3,0.0030177631742700495,0.14471924993626728,0.5955357149874909,0.2474190765483284,0.009308195353643356
"Bjerregaard, Lucas",18,5,0.06915403651577634,0.37212554760096556,0.4410414119200144,0.11182898898711191,0.005850014976131801
"Bradbury, Dan",1,4,0.004586296035996751,0.1496688233715931,0.5610151095080421,0.2691898225073366,0.015539948577031448
"Bradbury, Dan",2,3,0.00274747083976562,0.14105604033361951,0.5982592355109477,0.24886905121018565,0.009068202105481538
"Bradbury, Dan",3,4,0.005650220341756884,0.1546772391148683,0.5474977612321128,0.2737396532631189,0.018435126048143124
"Bradbury, Dan",4,4,0.010929874298288456,0.22191771267801058,0.5649538173573486,0.19393563498781075,0.008262960678541598
"Bradbury, Dan",5,4,0.030540943321771485,0.36578310837034633,0.5147108361206167,0.08741279848566075,0.0015523137016046906
"Bradbury, Dan",6,5,0.06326908056478336,0.35755366380322434,0.4495845412576751,0.12257638270130777,0.007016331673009413
"Bradbury, Dan",7,4,0.001651338968888083,0.13366108369727864,0.6334616402827974,0.22615941335432055,0.0050665236967153415
"Bradbury, Dan",8,3,0.0026808349543620547,0.141981098121839,0.6023925555950311,0.24452372686916946,0.008421784459598403
"Bradbury, Dan",9,5,0.04670780914681577,0.3704670794894915,0.4788815993994263,0.1007567573082786,0.0031867546559878335
"Bradbury, Dan",10,4,0.003234806138838753,0.13026788153967778,0.5590182376148656,0.29030678505118124,0.017172289655436712
"Bradbury, Dan",11,5,0.07778744220321154,0.36611551053386276,0.4285264797151794,0.11974567513235668,0.00782489241538964
"Bradbury, Dan",12,3,0.002411430615943899,0.19483449455688356,0.6704646083003302,0.1312640388846038,0.0010254276422385633
"Bradbury, Dan",13,4,0.007641940379465473,0.22772469779502896,0.6018317628767085,0.15920002768508656,0.0036015712637105235
"Bradbury, Dan",14,4,0.004767863290270402,0.13785742211920132,0.5328302340267718,0.30061704876038475,0.023927431803371757
"Bradbury, Dan",15,4,0.0028125576089939597,0.1628173374855134,0.629885958159379,0.20012619123448405,0.004357955511629541
"Bradbury, Dan",16,4,0.0335966190819586,0.24519030110199974,0.46577735540561593,0.22681167079614628,0.028624053614279443
"Bradbury, Dan",17,3,0.003913465723357934,0.16466717900345956,0.6017291012969421,0.22233693888401318,0.007353315092227142
"Bradbury, Dan",18,5,0.07863848169615789,0.38952228324109095,0.4270093023087858,0.10001573233747818,0.004814200416487169
"Brown, Daniel",1,4,0.00435779982343798,0.14578708555889952,0.5591714000863195,0.2744492320173313,0.016234482514011717
"Brown, Daniel",2,3,0.002592309224738465,0.13698287111468122,0.5963632605956963,0.2545218935372636,0.009539665527620311
"Brown, Daniel",3,4,0.00538290164514077,0.15085165254477872,0.5457444080056872,0.2788068564344739,0.01921418136991937
"Brown, Daniel",4,4,0.010444289915552574,0.21717883622100015,0.5652976468445368,0.19842038202822276,0.008658844990687697
"Brown, Daniel",5,4,0.029338041829316264,0.3601767838817733,0.5186345698777102,0.0902067537369613,0.0016438506742388892
"Brown, Daniel",6,5,0.06147534159031709,0.3536428793971561,0.45217982553324865,0.12539517706701186,0.0073067764122662915
"Brown, Daniel",7,4,0.001546876044148937,0.12942142591860556,0.6316081013327388,0.23205372601102547,0.005369870693481271
"Brown, Daniel",8,3,0.0025280724810265442,0.13785955160153635,0.6005620417992094,0.25018346961326565,0.008866864504962102
"Brown, Daniel",9,5,0.045151374338811445,0.3657294001651385,0.4822300939815843,0.10354284146280324,0.003346290051662537
"Brown, Daniel",10,4,0.003065215977905711,0.1266521460824021,0.556538723025064,0.29580281190966784,0.017941103004960324
"Brown, Daniel",11,5,0.07576016470084174,0.3625912069471645,0.4311169131292412,0.12239918242867498,0.008132532794077552
"Brown, Daniel",12,3,0.002253757211897245,0.18904013897573885,0.6717275833628886,0.13587599908554304,0.0011025213639322962
"Brown, Daniel",13,4,0.007256096667155987,0.22238366990676428,0.6029027820414057,0.16364855271670598,0.0038088986679680747
"Brown, Daniel",14,4,0.00454055689539995,0.1343408925561565,0.5305226461121135,0.305708555057543,0.024887349378787005
"Brown, Daniel",15,4,0.002646495346500355,0.15811093564644052,0.629103956132887,0.20552112003571144,0.0046174928384605796
"Brown, Daniel",16,4,0.032587012344418465,0.2416220516028293,0.465937763452122,0.2303219667320472,0.029531205868583044
"Brown, Daniel",17,3,0.003701590646080888,0.16021554377296898,0.6006807385021297,0.22765951889001146,0.007742608188809008
"Brown, Daniel",18,5,0.07650675924704547,0.38582048185201706,0.43015230928121106,0.10249710545639101,0.005023344163335386
"Brown, Hamish",1,4,0.0038637374341015662,0.1369768633532864,0.5543614192508606,0.28683882077871936,0.017959159183032036
"Brown, Hamish",2,3,0.0022606082946715067,0.12777990963127722,0.5913253993858256,0.26791018991858584,0.010723892769639809
"Brown, Hamish",3,4,0.004802412355548125,0.14215199592946237,0.5411803224356528,0.29072384541668583,0.021141423862650832
"Brown, Hamish",4,4,0.009383758418387511,0.20630929305514178,0.5655720650916674,0.2090870202149112,0.009647863219892194
"Brown, Hamish",5,4,0.026683664465683876,0.3470775846446655,0.5273868105821616,0.09697508321851744,0.001876857088971562
"Brown, Hamish",6,5,0.05744447701014849,0.3444345574775038,0.4579655236595145,0.13212939363352394,0.0080260482193093
"Brown, Hamish",7,4,0.0013261540818332862,0.11988354079720559,0.6265573056290961,0.24609170201510167,0.0061412974767633965
"Brown, Hamish",8,3,0.002201778405407473,0.12854866862317366,0.5956640317476263,0.26359916323060495,0.009986357993187589
"Brown, Hamish",9,5,0.041681761565712794,0.3546043293543236,0.48971858079471786,0.11024853259753487,0.0037467956877108577
"Brown, Hamish",10,4,0.0027002337898787143,0.1184757219901264,0.550254164469461,0.3087200118340192,0.019849867916514774
"Brown, Hamish",11,5,0.07118660114652015,0.35426000019035603,0.43692855513663675,0.12873282901449312,0.008892014511993951
"Brown, Hamish",12,3,0.0019215493865739064,0.17591849479407684,0.6738028474048294,0.14705361529859629,0.001303493115923593
"Brown, Hamish",13,4,0.006421879394149288,0.2101635198339626,0.6047634820614765,0.1743162889210439,0.004334829789367722
"Brown, Hamish",14,4,0.004047377739597791,0.12636054111782286,0.5247051127857609,0.31763367093695083,0.027253297419867595
"Brown, Hamish",15,4,0.002292933067743197,0.1474631436465516,0.626559822086462,0.21840665767802125,0.005277443521221947
"Brown, Hamish",16,4,0.030328319863450637,0.23334559586884462,0.4660143925316178,0.23857072263913814,0.03174096909694879
"Brown, Hamish",17,3,0.00324669952629969,0.1501177209280638,0.597605964678648,0.24030737600855334,0.00872223885843515
"Brown, Hamish",18,5,0.07170398126239258,0.3770453194396284,0.4372596964740008,0.10844788406584183,0.0055431187581364005
"Bryan, George",1,4,0.002130964853149009,0.09975217404999964,0.5222318783232194,0.34739777242898673,0.028487210344645186
"Bryan, George",2,3,0.0011477806012398228,0.08963345211449508,0.5561854712569749,0.33473551624562226,0.01829777978166791
"Bryan, George",3,4,0.002732003723979415,0.10509473935517255,0.5108421281646421,0.3486039401697011,0.03272718858650481
"Bryan, George",4,4,0.005518365932025537,0.15845976712050636,0.5567669038377698,0.2634120273522371,0.015842935757461207
"Bryan, George",5,4,0.016623998962649433,0.2852400059646543,0.5604955548392105,0.1341839833220705,0.0034564569114152732
"Bryan, George",6,5,0.04099860853765536,0.2994988578280072,0.47993169182559936,0.16719028935278546,0.012380552455952598
"Bryan, George",7,4,0.0006183819126267531,0.08106717989369394,0.5892932044138642,0.31768941521043137,0.0113318185693837
"Bryan, George",8,3,0.0011107376296461413,0.08998304795899137,0.560935780143087,0.33078361253021304,0.017186821738062408
"Bryan, George",9,5,0.027982541712163134,0.3009782828959527,0.5185317524135101,0.1461964474424,0.006310975535974039
"Bryan, George",10,4,0.0014430095913065544,0.08442756173978333,0.5114289781810984,0.37121220398930577,0.0314882464985059
"Bryan, George",11,5,0.05222838151996645,0.3129732316187497,0.4597605199269186,0.16160537516725204,0.013432491767113253
"Bryan, George",12,3,0.0008692062302971815,0.1212430446860297,0.6667966113416406,0.2082863812298632,0.002804756512169382
"Bryan, George",13,4,0.0035009503064922787,0.1569859430592982,0.6012300404602257,0.2304398669642126,0.007843199209771279
"Bryan, George",14,4,0.002293785875457588,0.09263094489119061,0.48925665413243713,0.37455694271593076,0.041261672384983905
"Bryan, George",15,4,0.0011259092024975548,0.10315166963923073,0.6010348507221577,0.2849688055212758,0.009718764914838252
"Bryan, George",16,4,0.021264694198992573,0.1951462036360992,0.460672427767759,0.27867833667847886,0.04423833771867036
"Bryan, George",17,3,0.001695464192424112,0.10761124599688837,0.5713132323395665,0.30434211811724365,0.015037939353877317
"Bryan, George",18,5,0.051910352425725836,0.3331522371751455,0.46627425465781924,0.13992615692503074,0.008736998816278652
"Bryan, Wesley",1,4,0.004121255215221664,0.14164391356912776,0.557020795337426,0.2801954403095278,0.01701859556869678
"Bryan, Wesley",2,3,0.00243283008247408,0.1326476349794426,0.5941249471033079,0.2607188433695625,0.010075744465212866
"Bryan, Wesley",3,4,0.0051054187117891,0.1467634576089218,0.5437021895964237,0.2843372920904609,0.02009164199240454
"Bryan, Wesley",4,4,0.009938409828363637,0.2120871957232746,0.5655173474863218,0.20334958132306247,0.009107465638977574
"Bryan, Wesley",5,4,0.028076686520030203,0.3540825690420811,0.5227790314529451,0.093312919332736,0.001748793652207592
"Bryan, Wesley",6,5,0.05957284128359347,0.34937131409690225,0.45491993438615835,0.128501796533381,0.007634113699964917
"Bryan, Wesley",7,4,0.001440296126065388,0.12492111947615897,0.6293831951122804,0.23853793689305836,0.005717452392436928
"Bryan, Wesley",8,3,0.0023711435114880386,0.13347322573316595,0.5983910710679714,0.25639118332881294,0.009373376358561614
"Bryan, Wesley",9,5,0.043508854701813926,0.3605633438304426,0.48577246063726653,0.10662771907339819,0.0035276217570787693
"Bryan, Wesley",10,4,0.002890169877238835,0.1228017735598142,0.5537001122797336,0.3017989672616729,0.018808977021540496
"Bryan, Wesley",11,5,0.07360467478853505,0.3587322080485635,0.43386256363380854,0.1253219776727169,0.008478575856376014
"Bryan, Wesley",12,3,0.0020931733597931435,0.18286383199118056,0.6728456109417755,0.14100516058688117,0.0011922231203695954
"Bryan, Wesley",13,4,0.006856674684348918,0.2166539016554177,0.6038802007173074,0.16856313641779663,0.004046086525129278
"Bryan, Wesley",14,4,0.004304735798875359,0.13058785590359306,0.5278900360064864,0.31125132501112374,0.025966047279921356
"Bryan, Wesley",15,4,0.002476248718821905,0.15309746634596916,0.6280449023655559,0.2114665267668806,0.0049148558027724
"Bryan, Wesley",16,4,0.03151919624676369,0.23776137795036484,0.46602528160857054,0.23415100361416674,0.030543140580134187
"Bryan, Wesley",17,3,0.003483228016489537,0.15546573031146393,0.5993588554056921,0.23350642724388138,0.008185759022472983
"Bryan, Wesley",18,5,0.07424210234183842,0.3817599612426714,0.43349999940390244,0.10523836339009196,0.005259573621495761
"Bryant, Davis",1,4,0.003973469185248046,0.13898641527660088,0.5555380567125354,0.28395565761127095,0.017546401214344698
"Bryant, Davis",2,3,0.0023338110762372577,0.12987379613112643,0.5925679032542084,0.26478570178010874,0.01043878775831919
"Bryant, Davis",3,4,0.004931648726815785,0.1441384510905957,0.5422957015960942,0.2879531024055568,0.020681096180937497
"Bryant, Davis",4,4,0.00962061859650204,0.20880273870651916,0.5655743197524064,0.2065919071781812,0.009410415766391234
"Bryant, Davis",5,4,0.027279866883404835,0.3501122940756539,0.5254111781814153,0.09537629234119072,0.0018203685183353358
"Bryant, Davis",6,5,0.058359019574948545,0.3465768238992584,0.4566597611397756,0.1305502535612354,0.007854141824782057
"Bryant, Davis",7,4,0.0013745450963375538,0.12204844004540288,0.6278166804184083,0.24280594944160738,0.005954384998243856
"Bryant, Davis",8,3,0.0022737534202723064,0.13066692957783232,0.5968757661312281,0.2604669050927889,0.009716645777878452
"Bryant, Davis",9,5,0.042465478505965826,0.3571886621539174,0.48802555762879163,0.10866990864616421,0.0036503930651609062
"Bryant, Davis",10,4,0.002781085416098117,0.12033698015278915,0.5517709862692911,0.3057178457997801,0.019393102362041503
"Bryant, Davis",11,5,0.07222651133037677,0.356202282614739,0.4356121022516627,0.12724831098732725,0.008710792815894264
"Bryant, Davis",12,3,0.0019942628752640523,0.17890736984812766,0.6734312189831217,0.14441297392461516,0.0012541743688714302
"Bryant, Davis",13,4,0.006607144167447954,0.21296287511379391,0.6044123712260477,0.1718100509270627,0.0042075585656476955
"Bryant, Davis",14,4,0.004157124406893087,0.12818072538259406,0.5261056945367446,0.3148671845027543,0.02668927117101394
"Bryant, Davis",15,4,0.0023707808228755622,0.1498874306029886,0.6272382810822419,0.2153859603450159,0.005117547146878065
"Bryant, Davis",16,4,0.030839547647246612,0.23525583479532797,0.4660337389978483,0.23665348887016946,0.031217389689407682
"Bryant, Davis",17,3,0.0033473302360815804,0.15242014600303683,0.5983959450782221,0.2373504150959621,0.008486163586697404
"Bryant, Davis",18,5,0.07279519753208585,0.37909403069795866,0.43564249931870036,0.1070496111695125,0.0054186612817426205
"Cabrera Bello, Rafa",1,4,0.004120182390735305,0.1416248183366428,0.5570104337136885,0.2802222486165209,0.017022316942412408
"Cabrera Bello, Rafa",2,3,0.002432109528469062,0.13262768447909234,0.5941141026546204,0.2607478052813622,0.010078298056455992
"Cabrera Bello, Rafa",3,4,0.005104158412628457,0.14674460365579395,0.5436923568389926,0.2843630797799501,0.020095801312634776
"Cabrera Bello, Rafa",4,4,0.009936107780149639,0.21206364774024744,0.5655179952664003,0.20337265028762963,0.009109598925572948
"Cabrera Bello, Rafa",5,4,0.028070926962718512,0.3540542135302289,0.522798020370091,0.09332754344776262,0.0017492956891989042
"Cabrera Bello, Rafa",6,5,0.05956410150493496,0.34935138874701704,0.4549324868130303,0.12851635704873277,0.007635665886284948
"Cabrera Bello, Rafa",7,4,0.0014398164658137036,0.12490043895363395,0.6293723338128172,0.2385682961121377,0.00571911465559749
"Cabrera Bello, Rafa",8,3,0.002370434682054001,0.13345304112487733,0.5983805306816433,0.25642020333949556,0.009375790171929799
"Cabrera Bello, Rafa",9,5,0.04350132930221845,0.36053926751820514,0.48578870523373696,0.10664221256082862,0.0035284853850108266
"Cabrera Bello, Rafa",10,4,0.002889377212441757,0.12278404925759012,0.5536865573491543,0.30182692051786186,0.018813095662951973
"Cabrera Bello, Rafa",11,5,0.07359475996917403,0.35871418398541155,0.43387516830551437,0.12533567264557266,0.008480215094327392
"Cabrera Bello, Rafa",12,3,0.002092451350553859,0.18283538820314627,0.6728501927146475,0.1410293122168118,0.0011926555148404905
"Cabrera Bello, Rafa",13,4,0.006854863208015427,0.21662742439696508,0.6038842940311586,0.16858619841673095,0.004047219947129976
"Cabrera Bello, Rafa",14,4,0.004303665027877546,0.13057055936606826,0.5278774856668851,0.31127713550015335,0.025971154439015764
"Cabrera Bello, Rafa",15,4,0.002475480566340116,0.15307438471880963,0.628039467438839,0.21149438941642795,0.004916277859583373
"Cabrera Bello, Rafa",16,4,0.03151429806612249,0.23774345713789352,0.4660254777641208,0.23416885350488992,0.03054791352697328
"Cabrera Bello, Rafa",17,3,0.0034822399990024344,0.15544384351730678,0.5993522625050282,0.23353378277429848,0.00818787120436415
"Cabrera Bello, Rafa",18,5,0.07423168999239299,0.3817409789391455,0.4335154085413497,0.10525122745756166,0.005260695069550181
"Campillo, Jorge",1,4,0.00516022327513066,0.15895039328692767,0.5647920552397896,0.257076325483779,0.01402100271437312
"Campillo, Jorge",2,3,0.003141686869281124,0.1508384520239826,0.6020509036793595,0.2359201747534554,0.008048782673921284
"Campillo, Jorge",3,4,0.006318772770774139,0.16380712717170753,0.5511001391773338,0.26204908077536115,0.016724880104823425
"Campillo, Jorge",4,4,0.012137194931086837,0.23312864944658074,0.5636291487173277,0.1837027561997734,0.007402250705231261
"Campillo, Jorge",5,4,0.033500478671182055,0.3787970408582265,0.5051933076114301,0.08115224999446591,0.0013569228646954645
"Campillo, Jorge",6,5,0.06760316737896893,0.3665639079023135,0.443282775366623,0.11617090621134951,0.006379243140745006
"Campillo, Jorge",7,4,0.0019198969052504622,0.14388620607036012,0.6370421668205695,0.21273313385236425,0.004418596351455695
"Campillo, Jorge",8,3,0.003069287525740927,0.15188102508324586,0.6060192392538897,0.2315697283898528,0.007460719747270694
"Campillo, Jorge",9,5,0.0504985695429957,0.38141060356743106,0.4707765001898596,0.09447281087657289,0.002841515823140739
"Campillo, Jorge",10,4,0.003662798685423019,0.13894533937631964,0.5642809698365655,0.2776202595192441,0.015490632582447761
"Campillo, Jorge",11,5,0.0826667329190216,0.3742027525169257,0.4222724226845075,0.11371011313473822,0.007147978744806993
"Campillo, Jorge",12,3,0.0028178876453087143,0.20871343610762844,0.6666643316619018,0.12093963252336892,0.0008647120617921722
"Campillo, Jorge",13,4,0.008611022836921889,0.24038973199978003,0.5987083628162613,0.14913330465682761,0.00315757769020919
"Campillo, Jorge",14,4,0.0053368533542725305,0.14626749156572882,0.5377602074026298,0.28882297969760407,0.021812467979764882
"Campillo, Jorge",15,4,0.003236179998342692,0.1741040513934629,0.6309849705167065,0.1878712792524906,0.003803518838997322
"Campillo, Jorge",16,4,0.03604725144691451,0.25354012984210933,0.46510789125175733,0.21870326370985493,0.026601463749363896
"Campillo, Jorge",17,3,0.004449425727328371,0.1753160643771478,0.6035376214730948,0.21018382116942658,0.006513067253002491
"Campillo, Jorge",18,5,0.08377577353591137,0.3979914584231554,0.41947749996759576,0.09439822430589373,0.004357043767443725
"Canter, Laurie",1,4,0.005388846758313026,0.16247912630053807,0.5660073444418332,0.2526336313506222,0.013491051148693423
"Canter, Laurie",2,3,0.0033003997353504566,0.1545729003290977,0.6032333295917243,0.23119628075975973,0.0076970895840678955
"Canter, Laurie",3,4,0.0065840242323740306,0.1672720109815688,0.5522636107997143,0.25775439727823624,0.01612595670810668
"Canter, Laurie",4,4,0.012613558783774015,0.2373475589063132,0.5629520987210072,0.17998311127514866,0.00710367231375697
"Canter, Laurie",5,4,0.034656637970140736,0.3836046340069006,0.501532420476738,0.07891595252186501,0.001290355024355705
"Canter, Laurie",6,5,0.0692679228513719,0.3698689900277426,0.44085569628713517,0.11385111398574932,0.006156276848001019
"Canter, Laurie",7,4,0.002029205911141918,0.1478048696246856,0.6381062194337483,0.20786194375794298,0.004197761272481171
"Canter, Laurie",8,3,0.0032258035323359247,0.15566077657058536,0.6071360789776024,0.22684773741639708,0.007129603503079229
"Canter, Laurie",9,5,0.05196550619997187,0.3854344219254163,0.46766415098874703,0.09221363162822704,0.0027222892576377333
"Canter, Laurie",10,4,0.0038340452109502654,0.14225597254697753,0.566048402115666,0.2729577442095952,0.014903835916810992
"Canter, Laurie",11,5,0.08453403580058516,0.3771576149249341,0.41987578561346167,0.11152221831745868,0.006910345343560387
"Canter, Laurie",12,3,0.0029837226615447854,0.21399681378609353,0.6649518188205976,0.11725640629210887,0.0008112384396552486
"Canter, Laurie",13,4,0.008996992609308252,0.2451659241110622,0.5973278071159089,0.1455034340197855,0.003005842143935178
"Canter, Laurie",14,4,0.00556279515220881,0.14946571619379356,0.5394286784081472,0.28447363563764927,0.021069174608201124
"Canter, Laurie",15,4,0.003407365656639738,0.17840638788949764,0.6311351037490058,0.18343662959661533,0.0036145131082414572
"Canter, Laurie",16,4,0.03699270820490613,0.25665027574969057,0.46475453967492825,0.21572025137430983,0.025882224996165215
"Canter, Laurie",17,3,0.004664326598568247,0.1793658849106648,0.6039823090873829,0.2057637900846594,0.0062236893187246345
"Canter, Laurie",18,5,0.08574414731805108,0.4010764246428992,0.41661066440242334,0.09237116934702194,0.004197594289604423
"Cantero Gutierrez, Ivan",1,4,0.004441978926097545,0.1472304293816119,0.5598758961440573,0.27247983722838454,0.01597185831984871
"Cantero Gutierrez, Ivan",2,3,0.0026493475325691795,0.13849611566091558,0.5970905010913837,0.2524030241973395,0.009361011517792006
"Cantero Gutierrez, Ivan",3,4,0.005481463621194171,0.15227463462643587,0.5464140660105739,0.27691003083928334,0.01891980490251277
"Cantero Gutierrez, Ivan",4,4,0.010623525107965714,0.21894441354136257,0.5651850114387436,0.1967380672314628,0.008508982680465405
"Cantero Gutierrez, Ivan",5,4,0.02978292441974456,0.36227291892910546,0.5171799756382617,0.08915510154060002,0.0016090794722882773
"Cantero Gutierrez, Ivan",6,5,0.06214102343595096,0.35510716562377737,0.4512178562418812,0.1243369459953797,0.0071970087030107655
"Cantero Gutierrez, Ivan",7,4,0.0015851913401321305,0.13099525591485506,0.6323228653782655,0.22984202875766646,0.005254658609080809
"Cantero Gutierrez, Ivan",8,3,0.0025842197248635568,0.13939072805065306,0.6012652013737518,0.24806168565983344,0.008698165190898166
"Cantero Gutierrez, Ivan",9,5,0.045728115953346804,0.36750241210311346,0.4809881986389583,0.10249542915809606,0.0032858441464853616
"Cantero Gutierrez, Ivan",10,4,0.003127637908059755,0.12799564922508772,0.5574806234789107,0.29374568845393456,0.01765040093400727
"Cantero Gutierrez, Ivan",11,5,0.07651307242998928,0.3639117733725259,0.43015564516164473,0.12140317508277998,0.008016333953060117
"Cantero Gutierrez, Ivan",12,3,0.002311558553941273,0.1911938327546876,0.6712816838278706,0.13413981747115744,0.00107310739234312
"Cantero Gutierrez, Ivan",13,4,0.00739824301600811,0.2243726845653431,0.6025216320082503,0.1619772479960665,0.003730192414332034
"Cantero Gutierrez, Ivan",14,4,0.00462435220807228,0.13564840120354138,0.5313982800354111,0.3038040875536355,0.02452487899933964
"Cantero Gutierrez, Ivan",15,4,0.0027074936016923123,0.1598598947900048,0.6294179534099986,0.2034957361160563,0.0045189220822479115
"Cantero Gutierrez, Ivan",16,4,0.032961372110601406,0.24295425587390967,0.46588676502273574,0.2290081920959699,0.029189414896783283
"Cantero Gutierrez, Ivan",17,3,0.0037795413796081756,0.16187063195937618,0.6010915650482559,0.22566321994679994,0.007595041665959812
"Cantero Gutierrez, Ivan",18,5,0.0772982601841446,0.38720830651087035,0.42898429597456006,0.10156488669160724,0.00494425063881776
"Chacarra, Eugenio",1,4,0.005801575930182323,0.16863210396192685,0.5678532931975822,0.2450898666984297,0.012623160211879036
"Chacarra, Eugenio",2,3,0.0035891758740060897,0.16110383424265196,0.6049745036979451,0.22320663768738758,0.007125848498009235
"Chacarra, Eugenio",3,4,0.0070614633349688205,0.17330587545827353,0.5540372818158434,0.25045295287604896,0.015142426514865304
"Chacarra, Eugenio",4,4,0.01346744589394816,0.2446483731011806,0.5615598547010059,0.17370761017641978,0.006616716127445521
"Chacarra, Eugenio",5,4,0.03671372347236984,0.3918092228226218,0.49510317055406616,0.07519068460831768,0.0011831985426244973
"Chacarra, Eugenio",6,5,0.07219358087464817,0.37548081991309545,0.4365882045877854,0.10994714696852148,0.0057902476559494875
"Chacarra, Eugenio",7,4,0.0022297041273125484,0.1546771112298811,0.6395941985909924,0.1996567563652638,0.003842229686550125
"Chacarra, Eugenio",8,3,0.003510748103513206,0.16227144974402197,0.6087594882771323,0.21886600295303538,0.006592310922297173
"Chacarra, Eugenio",9,5,0.054557535190240536,0.3922780388637345,0.4622037693587882,0.08843219821091441,0.002528458376322318
"Chacarra, Eugenio",10,4,0.004144209534817422,0.14804358660592015,0.5688404005581185,0.2650290251888807,0.013942778112263188
"Chacarra, Eugenio",11,5,0.08780684615839468,0.38216006157664256,0.415676170108369,0.10783756559451818,0.0065193565620755844
"Chacarra, Eugenio",12,3,0.003288417622985429,0.2232152278835557,0.6616414593166234,0.11112825871836551,0.0007266364584699314
"Chacarra, Eugenio",13,4,0.00969363091336467,0.2534431658074187,0.5946863930552166,0.1394157532833319,0.002761056940668083
"Chacarra, Eugenio",14,4,0.00596974138519607,0.15504373558523366,0.5420824441658445,0.2770586803431493,0.01984539852057643
"Chacarra, Eugenio",15,4,0.003719680464651154,0.18592165939083316,0.631067893646007,0.175980592178812,0.0033101743196966016
"Chacarra, Eugenio",16,4,0.038659762361633654,0.261992737255682,0.4640174882211868,0.21064232594355048,0.024687686217947036
"Chacarra, Eugenio",17,3,0.005054149871993763,0.18642846336517527,0.6044585851885615,0.19830455356607468,0.0057542480081947955
"Chacarra, Eugenio",18,5,0.08919702098794247,0.4062866706453098,0.41161098302838334,0.08896884158125451,0.003936483757109865
"Chappell, Kevin",1,4,0.003460629745011934,0.12930584851499427,0.549409386469141,0.29817226110269246,0.019651874168160388
"Chappell, Kevin",2,3,0.0019941520139544755,0.1198167722541022,0.5860416001970641,0.2802438490118483,0.011903626523031008
"Chappell, Kevin",3,4,0.004326007350089811,0.13455707561484626,0.5364918875241778,0.30160139031663225,0.023023639194253986
"Chappell, Kevin",4,4,0.008506652796519576,0.19671176661458345,0.5651830958790742,0.21897213007984928,0.010626354629973411
"Chappell, Kevin",5,4,0.024457887180549587,0.3352288315550576,0.5347972287146247,0.10340292639511361,0.002113126154654532
"Chappell, Kevin",6,5,0.05397941211659624,0.3360171325762015,0.4628636752898141,0.13841006866853744,0.0087297113488507
"Chappell, Kevin",7,4,0.0011516681753374614,0.11167973734824971,0.6211282995857034,0.2591180529370051,0.006922241953704389
"Chappell, Kevin",8,3,0.0019399722286744248,0.12049390820110861,0.5904909657230601,0.27597155178029475,0.011103602066862006
"Chappell, Kevin",9,5,0.03873171443564821,0.344473162869009,0.49608587879795857,0.11656359557158114,0.0041456483258031085
"Chappell, Kevin",10,4,0.0024043296975812534,0.11139154175102028,0.5439828143840111,0.32049860110187534,0.02172271306551199
"Chappell, Kevin",11,5,0.06723404843298736,0.3466048473507665,0.441895841475605,0.1346332596586779,0.009632003081963214
"Chappell, Kevin",12,3,0.0016600016746158297,0.16453549385581118,0.674622229243817,0.15766865275177167,0.001513622473984344
"Chappell, Kevin",13,4,0.005741439559372508,0.19941168570422463,0.6056718017805209,0.18430944585819042,0.0048656270976914495
"Chappell, Kevin",14,4,0.003643084831262411,0.11941248041428049,0.5189332368212549,0.32845837396290356,0.02955282397029868
"Chappell, Kevin",15,4,0.0020105147475938945,0.13823494337244618,0.6233983625274151,0.23041068407912113,0.0059454952734236954
"Chappell, Kevin",16,4,0.028398035772265073,0.22592524988404422,0.46572459788270065,0.24609577363249435,0.0338563428284957
"Chappell, Kevin",17,3,0.002879149166141126,0.14133409431931232,0.5940749036049995,0.25201131034094615,0.009700542568600867
"Chappell, Kevin",18,5,0.06756104923587236,0.36895452387931466,0.4434041962835367,0.11402623284888758,0.0060539977523886845
"Christensen, Tiger",1,4,0.0032431834004517657,0.12496038808158527,0.5462615524592205,0.30483366332331363,0.020701212735428798
"Christensen, Tiger",2,3,0.0018521242635747281,0.11532762308278893,0.5826461640157834,0.2875310337914996,0.012643054846353419
"Christensen, Tiger",3,4,0.004067867740145892,0.13024588297715312,0.5335153802034241,0.3079846598119653,0.02418620926731152
"Christensen, Tiger",4,4,0.00802863138012716,0.1912176632432822,0.5646766124700625,0.2248404909552626,0.011236601951265524
"Christensen, Tiger",5,4,0.023232204834337966,0.3283244758698879,0.5388900974633605,0.10729001282418782,0.0022632090082258527
"Christensen, Tiger",6,5,0.05203453259876867,0.3310722698637778,0.46557034929970187,0.1421578569785853,0.009164991259166366
"Christensen, Tiger",7,4,0.0010598008419237526,0.10707638159178823,0.6175904240516219,0.26685583554632186,0.007417557968344313
"Christensen, Tiger",8,3,0.001800548901817134,0.11595392427148848,0.5871531444920719,0.2832875903004688,0.011804792034153744
"Christensen, Tiger",9,5,0.03708980386378696,0.3385392116577864,0.4996163215907248,0.1203590123235807,0.004395650564121167
"Christensen, Tiger",10,4,0.0022454820801097175,0.10739342817730285,0.5400731709868615,0.32740449200784616,0.022883426747879798
"Christensen, Tiger",11,5,0.06500652502359255,0.3420905356611689,0.44466319997300574,0.1381513550739104,0.01008838426832237
"Christensen, Tiger",12,3,0.0015227479097019714,0.15810847476628564,0.674634159726036,0.16408448837065492,0.0016501292273214396
"Christensen, Tiger",13,4,0.005374530334263383,0.19327426142015136,0.6058601388934547,0.19028949132490502,0.00520157802722554
"Christensen, Tiger",14,4,0.003424201846711772,0.11547639527657722,0.5153476653872271,0.33478369788582407,0.03096803960365979
"Christensen, Tiger",15,4,0.0018606380252450538,0.13302694761650452,0.6211802428734363,0.23756295947864703,0.006369212006167135
"Christensen, Tiger",16,4,0.027319297935699205,0.221627183625688,0.46539795567638953,0.25051169590394484,0.035143866858278416
"Christensen, Tiger",17,3,0.002682366740791864,0.13636272038308317,0.5916897644948653,0.25895029409738324,0.010314854283876462
"Christensen, Tiger",18,5,0.06522963625379335,0.3641719193492811,0.44685955193049753,0.1173677618561535,0.0063711306102745
"Clements, Todd",1,4,0.004740860049973261,0.1522318029442632,0.5621450715680214,0.26578096534195317,0.015101300095788917
"Clements, Todd",2,3,0.002853020774049919,0.1437513426853222,0.5994084457792672,0.24521506197449972,0.008772128786860955
"Clements, Todd",3,4,0.005830662346924087,0.15720074884327556,0.5485737939053885,0.27045262792935665,0.01794216697505524
"Clements, Todd",4,4,0.011256706358166557,0.22503022282817098,0.5646569284701459,0.19104247174013278,0.00801367060338376
"Clements, Todd",5,4,0.031346416959278534,0.36943116762817846,0.5121006011761693,0.08562661208622713,0.0014952021501466461
"Clements, Todd",6,5,0.06445947879961406,0.3600888928264604,0.44785727215067,0.12076172661845153,0.006832629604804019
"Clements, Todd",7,4,0.0017228134757664715,0.13647243710222967,0.634567625969297,0.22235993272188015,0.004877190730826819
"Clements, Todd",8,3,0.0027847965532320496,0.14470859965721117,0.6034973588328344,0.24086677510905197,0.00814246984767042
"Clements, Todd",9,5,0.047744805636316,0.37354235044238493,0.47665650644217183,0.09896980628518626,0.003086531193940978
"Clements, Todd",10,4,0.003349790812964326,0.13265958057128557,0.5605633373062364,0.2867406031393426,0.01668668817017105
"Clements, Todd",11,5,0.07913022882520693,0.36839566472300905,0.42680745856721997,0.1180366363107862,0.007630011573777851
"Clements, Todd",12,3,0.0025194584694270272,0.19866389800777784,0.6695219650519747,0.12831678380987221,0.0009778946609482198
"Clements, Todd",13,4,0.007902937846080371,0.23123684908226433,0.6010462388315385,0.15634197243304615,0.003472001807070635
"Clements, Todd",14,4,0.00492136330455023,0.1401794758063694,0.5342726250777036,0.2973076120018179,0.02331892380955891
"Clements, Todd",15,4,0.002925748480816781,0.16592947513141454,0.6302953874041284,0.1966534338222663,0.004195955161373943
"Clements, Todd",16,4,0.03426814037461973,0.24752120042006476,0.46563171381686613,0.2245333541725869,0.028045591215862475
"Clements, Todd",17,3,0.004057287305425594,0.16760714029111778,0.6023245322816941,0.2189019768350977,0.0071090632866647185
"Clements, Todd",18,5,0.08005135868083241,0.39191379609034044,0.42493139468352925,0.09842129928645238,0.004682151258845524
"Cockerill, Aaron",1,4,0.004378143546757973,0.14613735426917868,0.5593444541607154,0.27396978520210646,0.016170262821241455
"Cockerill, Aaron",2,3,0.0026060803401911636,0.13734996282305972,0.5965421990422581,0.2540058208100654,0.009495936984425635
"Cockerill, Aaron",3,4,0.005406730054017039,0.15119703665021134,0.5459088710452128,0.2783451419707189,0.019142220279839917
"Cockerill, Aaron",4,4,0.01048764335203034,0.21760768971001254,0.5652719929050876,0.19801049351668476,0.008622180516184796
"Cockerill, Aaron",5,4,0.029445745407266632,0.3606867356490888,0.5182820620544243,0.0899501265022229,0.001635330386997369
"Cockerill, Aaron",6,5,0.06163674932598373,0.3539993449630907,0.4519467154050876,0.12513724911921187,0.0072799411866261154
"Cockerill, Aaron",7,4,0.001556117454013295,0.1298030756690421,0.6317843762004016,0.2315147893613141,0.005341641315228962
"Cockerill, Aaron",8,3,0.0025416274714077924,0.13823098877927104,0.6007351650880568,0.249666650887871,0.008825567773393383
"Cockerill, Aaron",9,5,0.04529112130219881,0.36616092403863726,0.4819290695286684,0.10328738942894622,0.0033314957015493363
"Cockerill, Aaron",10,4,0.0030802955434481305,0.12697808360102947,0.5567694981189547,0.2953021042539228,0.01787001848264491
"Cockerill, Aaron",11,5,0.07594278296879564,0.36291279376522845,0.4308838511040375,0.1221564393479625,0.008104132813975928
"Cockerill, Aaron",12,3,0.0022676951865427397,0.18956270138923675,0.6716219953622582,0.1354523086814271,0.0010952993805352085
"Cockerill, Aaron",13,4,0.007290449340030536,0.22286669514706337,0.6028121745759646,0.1632410628401293,0.0037896180968122195
"Cockerill, Aaron",14,4,0.004560813804495245,0.13465819295933412,0.5307370824265943,0.30524514084599175,0.024798769963584544
"Cockerill, Aaron",15,4,0.002661217412444239,0.15853525779563132,0.6291827186665032,0.20502746495330726,0.004593341172113963
"Cockerill, Aaron",16,4,0.03267774853575234,0.2419459453613051,0.46592634211391226,0.2300022007411343,0.029447763247895997
"Cockerill, Aaron",17,3,0.003720417737560877,0.16061717999120922,0.6007827547181731,0.22717316427216716,0.007706483280889631
"Cockerill, Aaron",18,5,0.07669871672954781,0.38615852903836284,0.42986893409924976,0.1022698179507413,0.005004002182098288
"Colsaerts, Nicolas",1,4,0.003837487171636289,0.13649138298423757,0.5540698596665854,0.28754057340721373,0.018060696770326956
"Colsaerts, Nicolas",2,3,0.002243137774794901,0.1272745318420589,0.5910166529073306,0.2686714913983351,0.010794186077480394
"Colsaerts, Nicolas",3,4,0.004771468752759023,0.14167190247516293,0.540904035188502,0.2913980144806134,0.02125457910296258
"Colsaerts, Nicolas",4,4,0.00932697981731534,0.2057056333007219,0.5655655247809225,0.20969551668744946,0.009706345413590833
"Colsaerts, Nicolas",5,4,0.026540447961431957,0.3463401989045645,0.5278620983958682,0.09736643300402037,0.0018908217341150335
"Colsaerts, Nicolas",6,5,0.05722396333759594,0.34391319305292545,0.45827965096314094,0.13251487655870697,0.0080683160876307
"Colsaerts, Nicolas",7,4,0.0013146331219164864,0.11936149478118296,0.6262432033951019,0.24689317557684887,0.006187493124949817
"Colsaerts, Nicolas",8,3,0.0021846039476489665,0.12803742469028234,0.5953626134406376,0.264362483767855,0.010052874153576141
"Colsaerts, Nicolas",9,5,0.04149310568037551,0.3539757378293266,0.49012613845923103,0.11063445530970617,0.0037705627213606707
"Colsaerts, Nicolas",10,4,0.0026809108876950094,0.11802640228481615,0.5498800814164616,0.3094503790553307,0.019962226355696555
"Colsaerts, Nicolas",11,5,0.07093565723237766,0.35378693604990447,0.4372457092734481,0.12909515198009047,0.008936545464179324
"Colsaerts, Nicolas",12,3,0.0019042484101036705,0.1751968227628567,0.6738831992334877,0.14769998772212778,0.0013157418714241365
"Colsaerts, Nicolas",13,4,0.006377561920002217,0.20948616288415606,0.6048415105027555,0.17492849420085999,0.004366270492226265
"Colsaerts, Nicolas",14,4,0.00402110513370002,0.12592081333440236,0.5243599993164079,0.3183062401397996,0.02739184207569023
"Colsaerts, Nicolas",15,4,0.0022743698513491006,0.14687787757861503,0.6263868759541754,0.21914391489684482,0.005316961719015634
"Colsaerts, Nicolas",16,4,0.030205162531628582,0.23288206152154994,0.46600631471459053,0.2390371773960911,0.03186928383613985
"Colsaerts, Nicolas",17,3,0.0032226618869730106,0.14956156725153724,0.5974069590119218,0.24102834659262584,0.008780465256942205
"Colsaerts, Nicolas",18,5,0.07144073049212335,0.3765460740602436,0.43764997542325235,0.10878947838850017,0.005573741635880536
"Coussaud, Ugo",1,4,0.0045019977263149324,0.1482499630431665,0.5603599410530467,0.27109860038846634,0.015789497789005624
"Coussaud, Ugo",2,3,0.0026901040571947754,0.13956594093322644,0.5975882378787326,0.2509184888206015,0.00923722831024465
"Coussaud, Ugo",3,4,0.005551679532064813,0.15327941521004373,0.5468743919127597,0.275579264877422,0.018715248467709777
"Coussaud, Ugo",4,4,0.010751071524931821,0.22018904286731855,0.5650945304940781,0.19556031487503422,0.008405040238637307
"Coussaud, Ugo",5,4,0.03009888135073313,0.36374530717939435,0.5161493384916379,0.08842142493059113,0.001585048047643478
"Coussaud, Ugo",6,5,0.0626121544689634,0.3561342270065845,0.450536162396902,0.12359670890215846,0.007120747225391688
"Coussaud, Ugo",7,4,0.0016126309595339006,0.1321088216222659,0.6328094201247499,0.22829410774880987,0.005175019544640391
"Coussaud, Ugo",8,3,0.0026243460907979244,0.14047326024088286,0.6017457416193768,0.24657534228764477,0.008581309761297673
"Coussaud, Ugo",9,5,0.04613692520774204,0.3687466477501762,0.48010866738717517,0.10176380168437005,0.0032439579705365595
"Coussaud, Ugo",10,4,0.003172184126589317,0.1289453255423294,0.5581316548400217,0.2923022985310646,0.017448536959995042
"Coussaud, Ugo",11,5,0.07704553849805801,0.3648373245891287,0.4294752388649714,0.12070634172084793,0.007935556326993942
"Coussaud, Ugo",12,3,0.0023529752665229497,0.19271572975775836,0.6709496852001168,0.13292873932181304,0.0010528704537888789
"Coussaud, Ugo",13,4,0.007499592261564991,0.22577547581103702,0.6022401287877974,0.1608090419623035,0.0036757611772970655
"Coussaud, Ugo",14,4,0.004684058229809829,0.136572012747754,0.5320041790774068,0.302466920554221,0.024272829390808326
"Coussaud, Ugo",15,4,0.0027511135694871514,0.1610960379740934,0.6296230881233508,0.20207897576494072,0.0044507845681279745
"Coussaud, Ugo",16,4,0.03322655044595729,0.24389139776344587,0.4658445353994779,0.2280863078293568,0.028951208561762143
"Coussaud, Ugo",17,3,0.00383519474279137,0.16303985196723225,0.6013666855697882,0.2242654343877425,0.007492833332445659
"Coussaud, Ugo",18,5,0.07785816070942203,0.3881804651599468,0.4281587685811583,0.10091326844050375,0.004889337108969105
"Couvra, Martin",1,4,0.005361650028958775,0.16206402814218518,0.5658704370488571,0.2531517574732157,0.013552127306783235
"Couvra, Martin",2,3,0.0032814716566269553,0.1541331787509379,0.6031013410670814,0.23174649600383457,0.007737512521519219
"Couvra, Martin",3,4,0.006552500407161599,0.16686459509564672,0.55213239882692,0.25825546209104155,0.016195043579230184
"Couvra, Martin",4,4,0.012557020639367644,0.2368524900179741,0.5630364551075802,0.18041599806465547,0.007138036170422635
"Couvra, Martin",5,4,0.03451974487302145,0.3830430129963017,0.5019641294599861,0.07917512915769576,0.0012979835129949269
"Couvra, Martin",6,5,0.06907159900321247,0.3694835350487687,0.4411420115606108,0.11412086108603381,0.006181993301374256
"Couvra, Martin",7,4,0.002016135795107399,0.14734303583547065,0.6379891953468075,0.20842856310740898,0.004223069915205491
"Couvra, Martin",8,3,0.003207133948503249,0.15521570906584647,0.6070118820676658,0.22739762577715417,0.0071676491408303455
"Couvra, Martin",9,5,0.051792205698910077,0.38496488485198155,0.4680310446036723,0.0924758680727169,0.0027359967727191847
"Couvra, Martin",10,4,0.0038136524096042956,0.1418662040108336,0.5658469072620089,0.27350177110658347,0.014971465210969703
"Couvra, Martin",11,5,0.08431401776938402,0.37681333228690966,0.4201581888318974,0.11177668739670099,0.006937773715107953
"Couvra, Martin",12,3,0.0029638827222827624,0.2133751599951917,0.6651605066341986,0.11768311904761997,0.0008173316007070719
"Couvra, Martin",13,4,0.008951080824743718,0.244605189474779,0.5974954315408596,0.14592505494006014,0.003023243219557603
"Couvra, Martin",14,4,0.005535937542178793,0.1490894697274231,0.5392380657854583,0.28498153923769454,0.021154987707245332
"Couvra, Martin",15,4,0.0033869321747574954,0.1778999868215036,0.6311247504817017,0.1839521554364889,0.0036361750855482544
"Couvra, Martin",16,4,0.03688109228616698,0.25628619685738363,0.46479879517205114,0.2160684184867936,0.02596549719760466
"Couvra, Martin",17,3,0.004638722572344434,0.17888946295364833,0.6039366378985325,0.20627824035555253,0.006256936219922182
"Couvra, Martin",18,5,0.08551215615774366,0.4007172569602095,0.4169479437508216,0.09260667323263772,0.004215969898587524
"Crocker, Sean",1,4,0.004944058416128161,0.15552866588963454,0.5634998285384425,0.26146841283097766,0.0145590343248172
"Crocker, Sean",2,3,0.002992482801950025,0.14722518138833635,0.6007707241761131,0.24060362802301238,0.008407983610588143
"Crocker, Sean",3,4,0.0060674318133726035,0.16044410757139582,0.5498656721001682,0.2662910615897882,0.01733172692527507
"Crocker, Sean",4,4,0.011684454156604018,0.22901506648285774,0.5641966306669766,0.18739754296700495,0.007706305726556728
"Crocker, Sean",5,4,0.03239571147254172,0.3740623299632994,0.5087221922877658,0.08339440195170733,0.0014253643246857628
"Crocker, Sean",6,5,0.06599789040588727,0.36329664521608634,0.44562058557773365,0.11847965115603531,0.0066052276442574165
"Crocker, Sean",7,4,0.001817742698466851,0.1401025632802485,0.6358571677055573,0.21757692028387732,0.004645606031849936
"Crocker, Sean",8,3,0.0029222115152553463,0.14822414401690887,0.6048011995086948,0.23625329874626322,0.0077991462128778055
"Crocker, Sean",9,5,0.04908968533449187,0.3774378350095409,0.4737791844028985,0.09673007836278802,0.0029632168902806733
"Crocker, Sean",10,4,0.0035012716757076845,0.13574114651363384,0.5624466502188321,0.28222459410199985,0.016086337489826463
"Crocker, Sean",11,5,0.08086258836964894,0.371275504000431,0.424587001142808,0.11588647249714834,0.007388433989963694
"Crocker, Sean",12,3,0.0026631060928729577,0.20359345396167788,0.6681877931640045,0.12463526021961424,0.0009203865618304663
"Crocker, Sean",13,4,0.008246046488099568,0.23573795888281557,0.5999481252017737,0.1527545396121417,0.003313329815169519
"Crocker, Sean",14,4,0.00512285984831784,0.1431667165532846,0.536036086664535,0.29311016745125906,0.022564169482603535
"Crocker, Sean",15,4,0.0030755720756425187,0.16993792203990377,0.6307016480879546,0.19228706927099248,0.003997788525506585
"Crocker, Sean",16,4,0.03513774537150921,0.2504909812023711,0.46539975536177575,0.22164724945300807,0.027324268611335856
"Crocker, Sean",17,3,0.0042469522080342825,0.17138962575372063,0.6029813635529717,0.2145731645213136,0.006808893963959783
"Crocker, Sean",18,5,0.08187517862130672,0.39493021506362685,0.42225612487382447,0.09641953638944778,0.0045189450517941765
"Dantorp, Jens",1,4,0.004558041348212083,0.14919494197705319,0.5607986648458876,0.26982559894054103,0.015622752888306168
"Dantorp, Jens",2,3,0.002728227047173626,0.14055820507878314,0.598037918639017,0.2495514084735112,0.009124240761515079
"Dantorp, Jens",3,4,0.005617202197621962,0.15421044864260036,0.5472917814676855,0.274352466907528,0.018528100784564128
"Dantorp, Jens",4,4,0.010869987964375105,0.22134080407483003,0.5650027122868735,0.1944764113022346,0.008310084371686788
"Dantorp, Jens",5,4,0.03039299558311359,0.36510396345946977,0.5151918097422663,0.08774807519222849,0.0015631560229217856
"Dantorp, Jens",6,5,0.0630495115539767,0.3570808640769266,0.449902743352383,0.12291589530177527,0.007050985714938451
"Dantorp, Jens",7,4,0.0016383432621320249,0.13314232065264675,0.6332470079343575,0.226869866336886,0.005102461813977666
"Dantorp, Jens",8,3,0.002661884492656641,0.14147733144440539,0.6021793479845936,0.2452067681661565,0.008474667912187872
"Dantorp, Jens",9,5,0.0465168880893298,0.3698939119824838,0.47929181135019455,0.10109166780961854,0.0032057207683733324
"Dantorp, Jens",10,4,0.003213809644953658,0.12982604651205287,0.5587246299215402,0.29097155999318636,0.017263953928266962
"Dantorp, Jens",11,5,0.07753954084720971,0.3656898840468773,0.4288435888023624,0.12006535771693927,0.007861628586611324
"Dantorp, Jens",12,3,0.0023918010940466305,0.19412675593527895,0.6706295731954293,0.13181736830894386,0.0010345014663012408
"Dantorp, Jens",13,4,0.007594228905834499,0.227074071394401,0.601970281662318,0.15973526749415878,0.0036261505432877428
"Dantorp, Jens",14,4,0.004739780878865507,0.13742810605855782,0.5325565483371523,0.3012334622401599,0.024042102485264505
"Dantorp, Jens",15,4,0.002791940056671216,0.16224231852430865,0.6298010670457997,0.20077596990034996,0.0043887044728704305
"Dantorp, Jens",16,4,0.03347288774119872,0.24475716520369117,0.46580087216198884,0.22723631295733682,0.028732761935784445
"Dantorp, Jens",17,3,0.003887217817921451,0.16412365328900258,0.6016106877684408,0.22297887650349424,0.007399564621140886
"Dantorp, Jens",18,5,0.07837771882256317,0.38907556288540435,0.42739328330403414,0.1003143041763519,0.0048391308116464415
"De Bruyn, Jannik",1,4,0.0037567291354724253,0.1349860050233122,0.5531474468023327,0.2897296507259346,0.018380168312948086
"De Bruyn, Jannik",2,3,0.0021894917668592306,0.12570864816467386,0.5900377452481382,0.27104836054838566,0.011015754271943012
"De Bruyn, Jannik",3,4,0.004676204120882932,0.1401827455215217,0.5400301659803967,0.2935004944084746,0.02161038996872411
"De Bruyn, Jannik",4,4,0.00915201502174684,0.20383062132175261,0.565530131225717,0.21159670237185213,0.009890530058931368
"De Bruyn, Jannik",5,4,0.026098384480133907,0.34404312192956854,0.5293307409809025,0.09859281818369703,0.0019349344256980316
"De Bruyn, Jannik",6,5,0.05654124714097025,0.34228696919506707,0.4592503066592009,0.13372022343803036,0.008201253566731403
"De Bruyn, Jannik",7,4,0.0012793249418313057,0.11774514396384839,0.6252444704112057,0.24939767118455158,0.006333389498563102
"De Bruyn, Jannik",8,3,0.0021318745437096664,0.12645340773773672,0.5944061625923225,0.2667459728038307,0.010262582322400404
"De Bruyn, Jannik",9,5,0.04090980149408974,0.3520159625580349,0.49138616026977255,0.1118426005392702,0.003845475138832599
"De Bruyn, Jannik",10,4,0.0026215104300337244,0.11663398490497617,0.5487009410631695,0.31172783250149005,0.02031573110033058
"De Bruyn, Jannik",11,5,0.07015822548821127,0.3523104424097103,0.43822687344003286,0.130227927242354,0.009076531419691558
"De Bruyn, Jannik",12,3,0.0018512527376355337,0.17296009115688338,0.674108563310206,0.14972551376423848,0.0013545790310366401
"De Bruyn, Jannik",13,4,0.006241226162678359,0.2073831583912637,0.6050663131508611,0.1768437714876656,0.004465530807531204
"De Bruyn, Jannik",14,4,0.003940231912363645,0.12455731133486442,0.5232729133518784,0.3204023113022182,0.027827232098675325
"De Bruyn, Jannik",15,4,0.0022174076714335245,0.1450641154008661,0.6258278579982111,0.22144885052518126,0.0054417684043079895
"De Bruyn, Jannik",16,4,0.029824134818470238,0.2314396050760763,0.4659726868574552,0.24049179034322943,0.03227178290476884
"De Bruyn, Jannik",17,3,0.00314879837550025,0.14783725451172985,0.5967693630083558,0.2432805313021259,0.00896405280228818
"De Bruyn, Jannik",18,5,0.07062535700782208,0.37498722303243115,0.4388590552788217,0.1098582555047094,0.0056701091762156874
"De Leo, Gregorio",1,4,0.0037252469864454962,0.13439424351668028,0.5527771743607532,0.2905956359022577,0.018507699233863306
"De Leo, Gregorio",2,3,0.0021686207201297436,0.12509359913270934,0.5896439258766146,0.271989482666506,0.01110437160404032
"De Leo, Gregorio",3,4,0.0046390387770594566,0.13959715911497061,0.5396794720415297,0.2943319923640474,0.02175233770239282
"De Leo, Gregorio",4,4,0.009083688965006831,0.20309223288521266,0.5655098835351515,0.21235006355327402,0.009964131061354964
"De Leo, Gregorio",5,4,0.025925447214461828,0.3431357331283211,0.5299058861237841,0.09908031574517684,0.0019526177882561724
"De Leo, Gregorio",6,5,0.05627330729696539,0.3416437050941873,0.4596304363464267,0.1341982512513833,0.00825430001103733
"De Leo, Gregorio",7,4,0.0012656166342622233,0.11711076375235457,0.6248415111768303,0.25039024690405576,0.006391861532497156
"De Leo, Gregorio",8,3,0.002111363204508554,0.12583125421723768,0.5940210590593518,0.2676898481186333,0.010346475400268784
"De Leo, Gregorio",9,5,0.04068120110462664,0.3512411410102629,0.49187988911931035,0.11232233289475146,0.0038754358710486603
"De Leo, Gregorio",10,4,0.0025983731020749468,0.11608697451444677,0.548229402669246,0.3126284073593657,0.020456842354866556
"De Leo, Gregorio",11,5,0.06985290422295759,0.35172601881757026,0.43861160548305517,0.13067711003607718,0.009132361440339798
"De Leo, Gregorio",12,3,0.0018306882976614203,0.1720812733484195,0.674187175557293,0.15053065414709943,0.0013702086495266386
"De Leo, Gregorio",13,4,0.006188080396776541,0.2065553697089494,0.6051474901785758,0.17760376283327317,0.004505296882425069
"De Leo, Gregorio",14,4,0.003908685600464146,0.1240213227029135,0.5228384909257504,0.32123068114963593,0.028000819621236017
"De Leo, Gregorio",15,4,0.002195262658579278,0.14435156116708642,0.6255985861426459,0.2223628021444699,0.005491787887218602
"De Leo, Gregorio",16,4,0.029674708176129938,0.23087043648188643,0.46595587159804774,0.24106703698628085,0.03243194675765504
"De Leo, Gregorio",17,3,0.0031200401447954995,0.14715951913902026,0.5965101365409085,0.24417280146876563,0.009037502706510159
"De Leo, Gregorio",18,5,0.07030521219795804,0.3743699349796043,0.4393338677360971,0.11028239899035164,0.005708586095988899
"Dean, Joe",1,4,0.0041567989484931345,0.1422749681802719,0.5573608713644439,0.2793111817129029,0.016896179793888133
"Dean, Joe",2,3,0.0024567169784565634,0.13330711018204633,0.5944805684458163,0.25976381229307544,0.009991792100605412
"Dean, Joe",3,4,0.0051471643017212965,0.1473864754221093,0.5440249409870088,0.28348662582358086,0.019954793465579712
"Dean, Joe",4,4,0.010014639093541833,0.21286498100692636,0.5654940270589661,0.20258904070056938,0.009037312139996256
"Dean, Joe",5,4,0.02826730465294719,0.35501825995406705,0.5221508915258365,0.09283124405962351,0.0017322998075257612
"Dean, Joe",6,5,0.059861818178658766,0.35002855877323236,0.4545046999018423,0.12802187599011794,0.007583047156148659
"Dean, Joe",7,4,0.0014562069803119582,0.1256048803681481,0.6297389617664451,0.2375371131433801,0.005662837741714721
"Dean, Joe",8,3,0.002394642780157885,0.13414044480092463,0.5987366106329648,0.2554342768935971,0.009294024892355646
"Dean, Joe",9,5,0.04375778294538529,0.36135762210601546,0.4852351777553233,0.1061501888890527,0.003499228304223223
"Dean, Joe",10,4,0.0029164380631694353,0.12338763333243813,0.5541456044185169,0.3008768325706186,0.018673491615256887
"Dean, Joe",11,5,0.0739324370649781,0.3593266178871232,0.4334457429525092,0.12487056531676233,0.008424636778627148
"Dean, Joe",12,3,0.0021171268234381757,0.1838039527987902,0.6726911963504005,0.14020968966494518,0.001178034362425917
"Dean, Joe",13,4,0.006916691078208137,0.21752855548511052,0.6037427661998938,0.1678031445899899,0.004008842646797683
"Dean, Joe",14,4,0.004340205112482398,0.1311594705058753,0.5283026166671136,0.3103997259454434,0.02579798176908521
"Dean, Joe",15,4,0.002501718998951852,0.15386039197848045,0.6282216142958752,0.21054814164892177,0.0048681330777707865
"Dean, Joe",16,4,0.03168118958040278,0.23835295506034987,0.4660177128028217,0.2335621630245217,0.030385979531903917
"Dean, Joe",17,3,0.003515974174033709,0.15618906325941023,0.5995741159997972,0.2326045215235295,0.008116325043229455
"Dean, Joe",18,5,0.07458633597513353,0.38238588530085293,0.43299065212796906,0.10481444165901,0.005222684937034483
"Del Rey, Alejandro",1,4,0.004358927810170499,0.14580653117953718,0.5591810426704402,0.27442258930967234,0.016230909030179763
"Del Rey, Alejandro",2,3,0.002593072558251641,0.13700324831787242,0.5963732360193593,0.25449321155088467,0.009537231553631953
"Del Rey, Alejandro",3,4,0.005384222992256382,0.15087082794742468,0.5457535713416114,0.2787812002110439,0.01921017750766363
"Del Rey, Alejandro",4,4,0.010446694335747297,0.2172026510712557,0.5652962510415429,0.19839759905745347,0.008656804494000636
"Del Rey, Alejandro",5,4,0.02934401676705184,0.3602051158250651,0.5186150083146377,0.09019248282711101,0.001643376266134311
"Del Rey, Alejandro",6,5,0.06148430001722416,0.35366268784923677,0.4521668898876378,0.1253808389641412,0.0073052832817600555
"Del Rey, Alejandro",7,4,0.0015473881400332457,0.12944260889019354,0.631617935037379,0.23202376901053157,0.005368298921862635
"Del Rey, Alejandro",8,3,0.002528823818095771,0.13788016994383218,0.6005716948739688,0.2501547455567863,0.008864565807316982
"Del Rey, Alejandro",9,5,0.045159128945874205,0.3657533778802621,0.48221338830034194,0.10352863827702552,0.0033454665964962604
"Del Rey, Alejandro",10,4,0.0030660519841723133,0.12667023920853798,0.556551571881398,0.29577498937755453,0.017937147548337196
"Del Rey, Alejandro",11,5,0.07577030137704166,0.3626090790474076,0.43110397808770373,0.12238568876178568,0.008130952726061347
"Del Rey, Alejandro",12,3,0.0022545295030157453,0.18906914811236764,0.6717217658637032,0.13585243752045217,0.0011021190004611991
"Del Rey, Alejandro",13,4,0.0072580013978343905,0.22241049129156265,0.6028977838107495,0.16362589827725627,0.00380782522259715
"Del Rey, Alejandro",14,4,0.004541680168413498,0.13435850783352032,0.5305345835571241,0.3056828070921739,0.02488242134876817
"Del Rey, Alejandro",15,4,0.0026473113051610486,0.15813449052921252,0.6291083720298922,0.20549367802379293,0.004616148111941221
"Del Rey, Alejandro",16,4,0.03259204778666658,0.24164004304420927,0.46593714552497023,0.23030419862010698,0.029526565024046936
"Del Rey, Alejandro",17,3,0.003702634349337486,0.16023784081320835,0.6006864412172332,0.22763248627355281,0.007740597346668099
"Del Rey, Alejandro",18,5,0.07651741395496098,0.3858392701019721,0.43013657867259814,0.10248446940588107,0.005022267864587704
"Ding, Wenyi",1,4,0.004704506119905361,0.15163337650673436,0.5618873296610674,0.26657243720216006,0.015202350510132856
"Ding, Wenyi",2,3,0.0028281530785931874,0.14312160476326374,0.5991472731932653,0.2460627526974416,0.00884021626743614
"Ding, Wenyi",3,4,0.005788248891906711,0.15661170608999547,0.5483282438146557,0.2712160070879429,0.01805579411549918
"Ding, Wenyi",4,4,0.011179950167249375,0.22430464444882642,0.5647310980383102,0.19171325994480626,0.008071047400807663
"Ding, Wenyi",5,4,0.03115754685919181,0.36858315782082496,0.5127113733320907,0.086039611846638,0.0015083101412545208
"Ding, Wenyi",6,5,0.06418110084935352,0.3595002312570013,0.4482615000244865,0.12118220020088533,0.006874967668273335
"Ding, Wenyi",7,4,0.0017059446746884865,0.13581517246551894,0.6343176040268448,0.22324062891507446,0.004920649917873332
"Ding, Wenyi",8,3,0.002760299980775982,0.14407132581083248,0.6032466365022496,0.24171504767552332,0.00820669003061858
"Ding, Wenyi",9,5,0.047502013267357646,0.3728280176740634,0.47717699423751425,0.09938339253592154,0.003109582285143131
"Ding, Wenyi",10,4,0.0033227271186309637,0.1321008387393166,0.5602089973784601,0.2875688790571206,0.01679855770647176
"Ding, Wenyi",11,5,0.07881639718576344,0.367866549852518,0.42720941202244284,0.11843269362280007,0.0076749473164756665
"Ding, Wenyi",12,3,0.0024939524384252065,0.19776954119112045,0.6697495940926491,0.12899814755379135,0.0009887647240138797
"Ding, Wenyi",13,4,0.007841550988342605,0.2304178204704408,0.6012350788448718,0.15700379486445049,0.0035017548318942993
"Ding, Wenyi",14,4,0.004885277895973039,0.13963728624802935,0.5339415110234942,0.2980766622839405,0.02345926254856301
"Ding, Wenyi",15,4,0.002899064635007109,0.1652025048512834,0.6302072271160436,0.19745806208324557,0.004233141314420319
"Ding, Wenyi",16,4,0.034110996204198996,0.24697871839135177,0.4656684781813346,0.225062565957307,0.02817924126580762
"Ding, Wenyi",17,3,0.004023424603455061,0.16692064770351528,0.602192241632308,0.21969846788889424,0.00716521817182747
"Ding, Wenyi",18,5,0.07972108213659002,0.39135908970294914,0.4254167247638279,0.09879053475836264,0.004712568638270298
"Donald, Luke",1,4,0.003032399095977578,0.12059220306816948,0.5428299285942344,0.31171568495107327,0.021829784290545273
"Donald, Luke",2,3,0.00171567514810117,0.11083164132800061,0.578919229751947,0.2950886031348231,0.013444850637128192
"Donald, Luke",3,4,0.0038167937428251753,0.12590538256107897,0.5302730110984377,0.3145716271298732,0.025433185467784947
"Donald, Luke",4,4,0.007561695541580649,0.18565165115293703,0.5639413230556056,0.2309494098661209,0.011895920383755865
"Donald, Luke",5,4,0.02202572811228609,0.32123797579263635,0.5429155667818091,0.11139311702896038,0.0024276122843081005
"Donald, Luke",6,5,0.05009237099523434,0.32596543153341956,0.4682345212986451,0.14607520763003645,0.00963246854266453
"Donald, Luke",7,4,0.0009723525629980467,0.10248239184055602,0.6136733430616346,0.27491249792356465,0.007959414611246718
"Donald, Luke",8,3,0.001666692736085329,0.11140768194088063,0.5834800398073916,0.2908797095751522,0.01256587594049019
"Donald, Luke",9,5,0.035460598370508745,0.33242496381618897,0.5031004161044055,0.12434722433926693,0.004666797369629938
"Donald, Luke",10,4,0.0020920561475189503,0.10338557764943179,0.5358653905281628,0.3345254510945179,0.02413152458036849
"Donald, Luke",11,5,0.06277530748455801,0.337415129548073,0.4474055747830492,0.14182655245451392,0.01057743572980585
"Donald, Luke",12,3,0.001392429214110813,0.15166570568032472,0.6742875751263404,0.170852121744131,0.001802168235093049
"Donald, Luke",13,4,0.005018992849457338,0.18707030082543724,0.6057905458408918,0.1965516082536588,0.005568552230554857
"Donald, Luke",14,4,0.0032114393786067397,0.11151940663628984,0.5114974015900411,0.34128983733289964,0.03248191506216269
"Donald, Luke",15,4,0.0017171259228260793,0.1278071751836517,0.6186154817385734,0.24502745743383925,0.006832759721109527
"Donald, Luke",16,4,0.02624549393432385,0.2172336955207821,0.46494110786626464,0.25506973074291717,0.03650997193571226
"Donald, Luke",17,3,0.0024926898827504207,0.13136905331163568,0.5889906728666321,0.2661656686466226,0.010981915292359257
"Donald, Luke",18,5,0.06289697172643571,0.35921034580107347,0.450309462009438,0.12087060315913356,0.006712617303919255
"Elvira Mijares, Ignacio",1,4,0.004302847022656153,0.14483623316031646,0.5586948154015828,0.275755693672324,0.01641041074312055
"Elvira Mijares, Ignacio",2,3,0.002555153696746526,0.13598680692261916,0.5958695129096672,0.2559289290532005,0.009659597417766563
"Elvira Mijares, Ignacio",3,4,0.005318507756557733,0.14991387552701357,0.545291589736054,0.2800647855702253,0.019411241410149382
"Elvira Mijares, Ignacio",4,4,0.01032706264312283,0.21601340378758616,0.5653618011718113,0.19953838495505183,0.0087593474424279
"Elvira Mijares, Ignacio",5,4,0.029046505115454035,0.3587883430926968,0.519589876964818,0.09090802476731785,0.0016672500597133544
"Elvira Mijares, Ignacio",6,5,0.061037626261549516,0.3526715780343007,0.4528115177056742,0.12609900783027272,0.007380270168202863
"Elvira Mijares, Ignacio",7,4,0.0015219718438720942,0.1283863122563318,0.6311203965073044,0.23352392892535867,0.005447390467133051
"Elvira Mijares, Ignacio",8,3,0.0024915032591717456,0.13685171137522406,0.6000839859825952,0.25159265689123145,0.008980142491777587
"Elvira Mijares, Ignacio",9,5,0.04477270931575966,0.36455389976603164,0.4830460857593071,0.10424044192513904,0.0033868632337625826
"Elvira Mijares, Ignacio",10,4,0.0030245023041093333,0.12576767465343375,0.5559050976868262,0.2971668916989675,0.01813583365666327
"Elvira Mijares, Ignacio",11,5,0.07526473189039429,0.36171459067511846,0.4317488741120892,0.12306151592959069,0.00821028739280738
"Elvira Mijares, Ignacio",12,3,0.0022162072831849455,0.18762188159220333,0.672005647169351,0.1370338610714361,0.0011224028838245914
"Elvira Mijares, Ignacio",13,4,0.007163303149205824,0.221071351632951,0.6031425738949527,0.16476094038286138,0.0038618309400291206
"Elvira Mijares, Ignacio",14,4,0.004485819447842265,0.13347954934228362,0.5299342124015044,0.3069705913863624,0.02512982742200731
"Elvira Mijares, Ignacio",15,4,0.002606790574294582,0.15695942426001086,0.6288817862088102,0.20686818476003754,0.004683814196846825
"Elvira Mijares, Ignacio",16,4,0.03234106058420205,0.2407408572984,0.4659656505291708,0.2311930815297153,0.029759350058511824
"Elvira Mijares, Ignacio",17,3,0.003650771344424708,0.1591253084483688,0.6003962432552836,0.22898597264737286,0.007841704304550001
"Elvira Mijares, Ignacio",18,5,0.07598605993810698,0.38489873223470744,0.43092130833028286,0.10311756440848874,0.005076335088413986
"Elvira, Manuel",1,4,0.004329684801852918,0.14530147104631752,0.5589292477838884,0.27511555747022487,0.016324038897716275
"Elvira, Manuel",2,3,0.0025732917555768564,0.1364740827127769,0.596112560697504,0.2552393732121516,0.009600691621990731
"Elvira, Manuel",3,4,0.005349961524924451,0.1503727495997661,0.5455143120989927,0.2794484680749414,0.01931450870137541
"Elvira, Manuel",4,4,0.01038433596416194,0.21658386122800055,0.5653314170786112,0.19899039104958216,0.008709994679644062
"Elvira, Manuel",5,4,0.029188996421103786,0.3594684377440664,0.5191227583446743,0.09056405599411066,0.0016557514960449105
"Elvira, Manuel",6,5,0.06125171208587504,0.35314748521071454,0.4525026455228075,0.1257539649639452,0.007344192216657719
"Elvira, Manuel",7,4,0.0015341237637009897,0.12889260831444294,0.6313607052266543,0.23280326450676714,0.005409298188434608
"Elvira, Manuel",8,3,0.0025093545203410117,0.13734474527399299,0.6003193732485088,0.2509020249913092,0.008924501965848042
"Elvira, Manuel",9,5,0.04495785715592565,0.3651297993592629,0.48264705043291967,0.10389835731541863,0.0033669357364731756
"Elvira, Manuel",10,4,0.0030443824290694588,0.1262003728789065,0.5562164314501291,0.29649858180475985,0.018040231437135068
"Elvira, Manuel",11,5,0.07550708336943601,0.3621441695807528,0.43143979715577196,0.12273682761188986,0.008172122282149363
"Elvira, Manuel",12,3,0.0022345276612581455,0.188315756584222,0.671871165743085,0.13646592570198712,0.0011126243094476962
"Elvira, Manuel",13,4,0.007208621430859374,0.22171364669549287,0.6030263793161701,0.1642155294428571,0.0038358231146204957
"Elvira, Manuel",14,4,0.004512555560448106,0.1339009895416457,0.5302232811799232,0.3063523573313527,0.025010816386630275
"Elvira, Manuel",15,4,0.0026261700662135734,0.1575227738809083,0.6289920220722253,0.2062078091635493,0.004651224817103561
"Elvira, Manuel",16,4,0.03246133467965723,0.24117236772983658,0.4659525772090828,0.23076629647583002,0.029647423905593384
"Elvira, Manuel",17,3,0.003675583683992678,0.15965873301354366,0.6005368272860574,0.22833582714284073,0.007793028873565477
"Elvira, Manuel",18,5,0.07624075819634685,0.3853504764600387,0.43054509726199125,0.10281334960319155,0.005050318478431626
"Erickson, Dan",1,4,0.003308675593195254,0.12628568491908998,0.547249025936304,0.3027828810784424,0.020373732472968364
"Erickson, Dan",2,3,0.001894769401598051,0.11669502132604326,0.5837139212521623,0.28528463733912524,0.012411650681071196
"Erickson, Dan",3,4,0.004145706399735938,0.13156142759486356,0.534448848593247,0.30602029282988696,0.02382372458226656
"Erickson, Dan",4,4,0.008172986580347208,0.1928977650476345,0.564854183667378,0.22302920289762718,0.011045861807013058
"Erickson, Dan",5,4,0.02360332460971487,0.330445328026346,0.5376506939862441,0.10608457346092504,0.002216079916769975
"Erickson, Dan",6,5,0.05262632625365915,0.3325944039050067,0.4647505367508298,0.14099951647747777,0.00902921661302658
"Erickson, Dan",7,4,0.0010872970478641997,0.10847687002098777,0.6187064433289686,0.26446730481792413,0.007262084784255274
"Erickson, Dan",8,3,0.0018424022463808254,0.11733674031272678,0.5882037459764524,0.2810318303279038,0.01158528113653623
"Erickson, Dan",9,5,0.03758832168491777,0.34036439250016914,0.4985460522349583,0.11918382517002635,0.004317408409928447
"Erickson, Dan",10,4,0.0022932654295351185,0.10861162630993848,0.5412940813117778,0.3252798141773081,0.02252121277144048
"Erickson, Dan",11,5,0.06568503173151402,0.34348148481061497,0.4438231294913513,0.1370642188783875,0.009946135088132246
"Erickson, Dan",12,3,0.0015637926350251519,0.16006682709354902,0.6746671111488056,0.16209524758410865,0.001607021538511555
"Erickson, Dan",13,4,0.005485026112362512,0.19514968668993432,0.6058291080541728,0.18843999777972265,0.005096181363807739
"Erickson, Dan",14,4,0.003490189214339523,0.11667686509691255,0.5164664675980024,0.3328392938329634,0.030527184257782114
"Erickson, Dan",15,4,0.0019055884572048432,0.13461372357914614,0.6218910560345772,0.23535342023271988,0.006236211696351912
"Erickson, Dan",16,4,0.0276471781711794,0.22294554365225122,0.4655106983407534,0.24915267656330142,0.03474390327251453
"Erickson, Dan",17,3,0.0027415198538089935,0.13787854144877087,0.5924480899498571,0.2568093341172272,0.010122514630335866
"Erickson, Dan",18,5,0.06593951758297922,0.36564639535127,0.4458079969638919,0.11633396905394844,0.006272121047910417
"Ferguson, Ewen",1,4,0.005763849531909837,0.16808069705192796,0.567701619452083,0.24575566361848855,0.01269817034559062
"Ferguson, Ewen",2,3,0.0035626630709334473,0.16051757952058987,0.604834605727307,0.22391017005162628,0.007174981629543442
"Ferguson, Ewen",3,4,0.007017894618857878,0.17276553784374932,0.5538911738689886,0.251097826050386,0.015227567618018245
"Ferguson, Ewen",4,4,0.013389707467749423,0.24399694957432883,0.5616952110236753,0.17425943056301874,0.006658701371227815
"Ferguson, Ewen",5,4,0.03652723544100628,0.3910830551137093,0.49568148611247376,0.07551585634446145,0.001192366988349236
"Ferguson, Ewen",6,5,0.07193019719037863,0.37498557025282386,0.4369723513738586,0.11028995231495897,0.005821928867979942
"Ferguson, Ewen",7,4,0.002211212704016974,0.15405924844674773,0.639479337041269,0.20037755153037773,0.0038726502775885407
"Ferguson, Ewen",8,3,0.0034845785554846187,0.16167801235119394,0.6086303119197398,0.219568599666903,0.0066384975066786645
"Ferguson, Ewen",9,5,0.054323469135514724,0.3916735135032711,0.4626946799523637,0.08876319775129093,0.0025451396575595364
"Ferguson, Ewen",10,4,0.004115805732221478,0.14752415546493303,0.5686048094544225,0.26572938561529147,0.014025843733131538
"Ferguson, Ewen",11,5,0.08751265950154075,0.3817193474213436,0.41605349945187997,0.10816125066856352,0.006553242956672145
"Ferguson, Ewen",12,3,0.00326029046127424,0.2223888747900521,0.6619542788921196,0.11166275463645714,0.0007338012200970301
"Ferguson, Ewen",13,4,0.009629962134985681,0.2527040219112284,0.5949347825769902,0.13994920597741178,0.002782027399383935
"Ferguson, Ewen",14,4,0.005932591808021859,0.15454377856691204,0.5418575077058487,0.2777146244823424,0.019951497436874965
"Ferguson, Ewen",15,4,0.0036909632002063986,0.18524751044538945,0.6310904251597338,0.17663488375979586,0.0033362174348744444
"Ferguson, Ewen",16,4,0.038509399930472865,0.2615180497676955,0.4640895966632929,0.21109117173402203,0.024791781904516696
"Ferguson, Ewen",17,3,0.005018421119163841,0.18579550575036163,0.6044309277604372,0.1989605494019976,0.005794595968039773
"Ferguson, Ewen",18,5,0.08888650158264377,0.405828302946264,0.41205900155645475,0.0892671427029803,0.003959051211657183
"Fichardt, Darren",1,4,0.0039424251153871714,0.13842110537520808,0.5552119390141639,0.284763227855353,0.017661302639887855
"Fichardt, Darren",2,3,0.00231307339922876,0.1292844423335089,0.5922241093467737,0.26566032538281603,0.010518049537672658
"Fichardt, Darren",3,4,0.004895105202731731,0.1435797679314305,0.5419864997635708,0.28872933152175295,0.02080929558051392
"Fichardt, Darren",4,4,0.009553687705250336,0.2081021618907155,0.5655776907074138,0.20728999106870738,0.00947646862791296
"Fichardt, Darren",5,4,0.02711159689140824,0.34926144187550795,0.5259682688890416,0.09582264395018292,0.001836048393859313
"Fichardt, Darren",6,5,0.05810145965956892,0.34597674053612787,0.4570279678346468,0.1309918219011803,0.007902010068476129
"Fichardt, Darren",7,4,0.0013608173101151144,0.12143878247653006,0.6274689966214526,0.24372512888937914,0.006006274702523129
"Fichardt, Darren",8,3,0.0022533614898303522,0.13007070401299564,0.5965406982661268,0.2613436198545256,0.009791616376521706
"Fichardt, Darren",9,5,0.042244551877486214,0.3564645104886952,0.4885027866327679,0.10911095621854194,0.0036771947825087192
"Fichardt, Darren",10,4,0.002758199163251318,0.11981316187689622,0.5513493998928729,0.3065589814727223,0.01952025759425724
"Fichardt, Darren",11,5,0.07193378012261065,0.35565846499693576,0.43598301995040245,0.12766346190369027,0.008761273026360872
"Fichardt, Darren",12,3,0.0019736279225706643,0.17806630128915335,0.6735420576355895,0.1451501861881601,0.0012678269645263196
"Fichardt, Darren",13,4,0.006554729899047929,0.21217610552513178,0.604515679557089,0.1725105844432686,0.004242900575462727
"Fichardt, Darren",14,4,0.004126088833258379,0.1276686836630585,0.525716213380531,0.31564259706218534,0.0268464170609668
"Fichardt, Darren",15,4,0.0023487164899266832,0.1492051782100633,0.6270534666704202,0.2162307015736462,0.0051619370559436994
"Fichardt, Darren",16,4,0.030695498221568585,0.23471983387678164,0.46603057061944575,0.23719063537809926,0.03136346190410477
"Fichardt, Darren",17,3,0.003318836887237886,0.15177239421305055,0.5981791692526841,0.2381778191178704,0.00855178052915706
"Fichardt, Darren",18,5,0.07248797423858205,0.37852058819871925,0.43609770487917093,0.1074404298230267,0.0054533028605010525
"Fisher, Ross",1,4,0.0033672898056437695,0.12745958120439993,0.5481034278786643,0.3009805089066754,0.02008919220461669
"Fisher, Ross",2,3,0.001933033164785214,0.11790747779447086,0.5846359141151769,0.2833125165640312,0.012211058361535798
"Fisher, Ross",3,4,0.0042153039002763015,0.1327261706397801,0.5352567086893272,0.30429329050053855,0.023508526270077823
"Fisher, Ross",4,4,0.008301900449678268,0.19438263258565236,0.5649943808292841,0.22144073971362777,0.010880346421757503
"Fisher, Ross",5,4,0.02393402250267368,0.3323127526997843,0.5365462776936029,0.105031603134766,0.0021753439691731824
"Fisher, Ross",6,5,0.05315151166948484,0.3339323027058518,0.46402015238226463,0.13998483774733184,0.008911195495066915
"Fisher, Ross",7,4,0.0011120330404778556,0.10971991846412771,0.6196676244341112,0.26237277143145254,0.0071276526298307274
"Fisher, Ross",8,3,0.0018799627971249344,0.11856291684418258,0.5891102349238803,0.2790518332733506,0.011395052161461638
"Fisher, Ross",9,5,0.03803153037721302,0.3419697008870944,0.4975932339072521,0.1181559472331628,0.004249587595277715
"Fisher, Ross",10,4,0.0023360745267860805,0.10969151408796218,0.5423544499687676,0.32341148640256345,0.0222064750139207
"Fisher, Ross",11,5,0.06628664777350624,0.34470308849898323,0.44307609762567757,0.13611175862935188,0.009822407472481087
"Fisher, Ross",12,3,0.0016007436195070723,0.16180279025721073,0.6746692229638964,0.16035730480572308,0.0015699383536627032
"Fisher, Ross",13,4,0.005583927372069641,0.19680821771341317,0.6057820780995697,0.18682076732077912,0.005005009494168267
"Fisher, Ross",14,4,0.00354920044414081,0.1177401736574768,0.5174388061991921,0.3311282759163935,0.030143543782796822
"Fisher, Ross",15,4,0.0019459586714195565,0.13602039681756167,0.6224953010445049,0.23341713142802833,0.006121212038485591
"Fisher, Ross",16,4,0.027938419629070732,0.22410775017264212,0.4656008542825671,0.24795794160949158,0.03439503430622848
"Fisher, Ross",17,3,0.0027945458229242104,0.13922147216121095,0.5930969544147728,0.2549311758086247,0.009955851792467385
"Fisher, Ross",18,5,0.06656915220760257,0.3669407295381185,0.44487485903620155,0.1154291371153392,0.006186122102738167
"Fitzpatrick, Alex",1,4,0.005240769125527456,0.160203884345467,0.5652371905043729,0.2554882237783148,0.013829932246317789
"Fitzpatrick, Alex",2,3,0.00319749782849188,0.1521640774954433,0.6024867036342747,0.23422998438185327,0.007921736659936784
"Fitzpatrick, Alex",3,4,0.006412289058617404,0.1650383174751402,0.5515259796760985,0.2605143327514702,0.016509081038673656
"Fitzpatrick, Alex",4,4,0.012305305701529101,0.23463000099106895,0.5633991205110782,0.18237107798812913,0.0072944948081945515
"Fitzpatrick, Alex",5,4,0.03390921241419276,0.380513480684491,0.503895268596764,0.08034921370440551,0.0013328246001467203
"Fitzpatrick, Alex",6,5,0.06819344434277563,0.3677453454848706,0.44242242923395825,0.115339882361981,0.0062988985764145244
"Fitzpatrick, Alex",7,4,0.001958260881300411,0.14527628929213082,0.6374382278684411,0.21098856641369768,0.004338655544430026
"Fitzpatrick, Alex",8,3,0.0031243182927234714,0.15322270602482962,0.6064319118351442,0.22987998445415692,0.007341079393145766
"Fitzpatrick, Alex",9,5,0.051018030811116055,0.38284838086074013,0.469672664861242,0.09366246870527861,0.0027984547616232147
"Fitzpatrick, Alex",10,4,0.0037230829295342716,0.14012063463281005,0.5649230414677091,0.2759541697945732,0.015279071175373415
"Fitzpatrick, Alex",11,5,0.0833292523666943,0.3752597294395331,0.4214221532592919,0.11292647054476146,0.007062394389719229
"Fitzpatrick, Alex",12,3,0.002876066317314019,0.2105898737614355,0.6660721097706956,0.11961667466148129,0.0008452754890735381
"Fitzpatrick, Alex",13,4,0.008747008537275891,0.2420887945799874,0.59822957796687,0.14783194256167742,0.00310267635418926
"Fitzpatrick, Alex",14,4,0.005416498600696151,0.14740351912242117,0.5383654416954085,0.2872697262224687,0.02154481435900557
"Fitzpatrick, Alex",15,4,0.003296337748257827,0.17563167395641793,0.6310545360631733,0.18628234972543722,0.0037351025067137167
"Fitzpatrick, Alex",16,4,0.0363822232873221,0.2546488741561327,0.4649883496810926,0.2176375522532521,0.02634300062220052
"Fitzpatrick, Alex",17,3,0.004525049838737971,0.1767545971712176,0.6037103319676522,0.20860151976474195,0.006408501257650245
"Fitzpatrick, Alex",18,5,0.08447401046713993,0.3990955810561133,0.41845924123130457,0.09367161373454835,0.004299553510893839
"Forrest, Grant",1,4,0.004278376465730815,0.14441058483815133,0.558478229196576,0.27634288111896166,0.016489928380580166
"Forrest, Grant",2,3,0.0025386287390962714,0.13554113675730778,0.5956446770087804,0.25656168589018247,0.009713871604632995
"Forrest, Grant",3,4,0.005289819715543431,0.14949399259098733,0.5450858544511679,0.280630058913527,0.019500274328774436
"Forrest, Grant",4,4,0.01027480424078342,0.21549110478590022,0.5653879014907901,0.2000413868158183,0.008804802666707912
"Forrest, Grant",5,4,0.02891639630218451,0.35816485661282554,0.5200167377128925,0.09122415512615367,0.0016778542459437995
"Forrest, Grant",6,5,0.060841895151232006,0.3522350494719802,0.45309375784191597,0.1264158187894595,0.007413478745412316
"Forrest, Grant",7,4,0.0015109097741241584,0.127923385257599,0.6308976993802002,0.23418548796156302,0.005482517626513639
"Forrest, Grant",8,3,0.002475240568311221,0.13640077939084627,0.5998661295152481,0.25222643751188834,0.009031413013706135
"Forrest, Grant",9,5,0.044603530292516624,0.3640257519782796,0.4834107955568058,0.1045546990178775,0.0034052231545205203
"Forrest, Grant",10,4,0.0030063816718366443,0.12537189865676923,0.5556180470949564,0.2977798245397847,0.018223848036653
"Forrest, Grant",11,5,0.07504309772342632,0.3613204482728777,0.43203142541425354,0.12335961905362824,0.008245409535814208
"Forrest, Grant",12,3,0.002199533297121581,0.18698714971269675,0.6721260307693186,0.13755585053206465,0.0011314356887983656
"Forrest, Grant",13,4,0.007121982352212397,0.22048338146082952,0.6032469685022956,0.16526185753417588,0.0038858101504866127
"Forrest, Grant",14,4,0.004461435712255879,0.13309397524928224,0.5296677907454693,0.30753746082351596,0.025239337469476597
"Forrest, Grant",15,4,0.0025891396452595306,0.15644412750468417,0.6287783462718564,0.20747451999244793,0.0047138665857520134
"Forrest, Grant",16,4,0.03223113260209942,0.24034546773350218,0.4659766465171271,0.23158449635974698,0.0298622567875243
"Forrest, Grant",17,3,0.0036281588361710138,0.15863729514592978,0.6002652854901033,0.22958270232830247,0.007886558199493465
"Forrest, Grant",18,5,0.07575315612761163,0.3844841721380158,0.4312654213677863,0.10339696196261017,0.005100288403976139
"Forsstrom, Simon",1,4,0.003959989975279021,0.13874126748636822,0.5553971014275043,0.2843055278628467,0.01759611324800181
"Forsstrom, Simon",2,3,0.002324804169300365,0.12961819107626488,0.5924193640778708,0.26516457028930696,0.010473070387256977
"Forsstrom, Simon",3,4,0.004915783460356149,0.1438961893758467,0.5421620516423962,0.288289408626465,0.02073656689493597
"Forsstrom, Simon",4,4,0.00959156505760761,0.20849901435687945,0.5655761634782691,0.20689426803693645,0.00943898907030738
"Forsstrom, Simon",5,4,0.02720684323120659,0.34974359280865713,0.5256528867823618,0.0955695290584162,0.0018271481193583572
"Forsstrom, Simon",6,5,0.05824730039140863,0.3463168413374163,0.45681951820564415,0.13074148674287622,0.007874853322654696
"Forsstrom, Simon",7,4,0.0013685809304661567,0.1217839989077199,0.6276665361033309,0.24320406252314697,0.005976821535336074
"Forsstrom, Simon",8,3,0.0022648964810543792,0.13040834314156852,0.5967310177074153,0.2608466714302373,0.00974907123972446
"Forsstrom, Simon",9,5,0.042369629172325396,0.3568749050225532,0.48823259994189716,0.10886088031526886,0.003661985547955382
"Forsstrom, Simon",10,4,0.0027711470830444895,0.12010980370625501,0.5515886528328771,0.3060822800786137,0.019448116299209728
"Forsstrom, Simon",11,5,0.07209954924081952,0.35596670049696316,0.4357730067312409,0.12742810735438126,0.008732636176595143
"Forsstrom, Simon",12,3,0.00198529713014467,0.17854261385598386,0.6734798843823246,0.1447321307352165,0.001260073896330316
"Forsstrom, Simon",13,4,0.006584385990587194,0.21262176012539524,0.6044576034724058,0.17211340942988085,0.004222840981730869
"Forsstrom, Simon",14,4,0.004143650106850694,0.12795867711057063,0.5259372267825326,0.31520317285734434,0.02675727314270171
"Forsstrom, Simon",15,4,0.0023611966791645678,0.14959154446944217,0.6271587126731248,0.2157518052943337,0.005136740883934676
"Forsstrom, Simon",16,4,0.030777057671344088,0.23502352798246412,0.4660325818611358,0.23688621407039157,0.03128061841466445
"Forsstrom, Simon",17,3,0.003334956227729835,0.15213924209575447,0.598302460392154,0.23770879813224655,0.008514543152115195
"Forsstrom, Simon",18,5,0.07266194525733938,0.37884563180294406,0.43583992523469006,0.10721884916028612,0.005433648544740377
"Frances, Alexander George",1,4,0.0031181913785268134,0.12238958432017583,0.5442753653314127,0.30886084302822925,0.02135601594165537
"Frances, Alexander George",2,3,0.0017710614425240911,0.11267954578373668,0.5804919719983814,0.29194996508226967,0.013107455693088133
"Frances, Alexander George",3,4,0.003919088556387396,0.12769221073558717,0.5316384532795349,0.311840122350881,0.02491012507760959
"Frances, Alexander George",4,4,0.007752183992213724,0.18794722130028713,0.5642723036797174,0.22840951960048472,0.011618771427297059
"Frances, Alexander George",5,4,0.022519048826886767,0.32417191359746783,0.5412706769647422,0.10968013585218195,0.0023582247587212724
"Frances, Alexander George",6,5,0.050889961424607,0.32808367854382803,0.4671455698831032,0.14444448789200237,0.009436302256459417
"Frances, Alexander George",7,4,0.001007749501923616,0.1043685490079988,0.6153301948568743,0.2715626922492418,0.007730814383961393
"Frances, Alexander George",8,3,0.0017210153274438422,0.11327616187138023,0.5850311486644031,0.28772615402889223,0.012245520107880603
"Frances, Alexander George",9,5,0.03612838418241332,0.33495931535140205,0.5016751924656023,0.12268441869398838,0.004552689306593916
"Frances, Alexander George",10,4,0.0021544346541357284,0.10503331940192678,0.5376314404484809,0.3315731926261214,0.023607612869335215
"Frances, Alexander George",11,5,0.06369244602900082,0.33935604663180774,0.44628227282477784,0.14029688494680004,0.01037234956761357
"Frances, Alexander George",12,3,0.0014451375468164662,0.15431442039978344,0.674475315053162,0.16802743766188588,0.0017376893383521663
"Frances, Alexander George",13,4,0.005163684098988652,0.18962725133539376,0.6058517854924097,0.19394348220934443,0.0054137968638634515
"Frances, Alexander George",14,4,0.003298109230905344,0.11314764220584811,0.5131123932303545,0.33859445244764375,0.03184740288524823
"Frances, Alexander George",15,4,0.0017753201998193524,0.12995301923668418,0.6197127828807718,0.2419216839834828,0.006637193699241872
"Frances, Alexander George",16,4,0.026686057286463283,0.21905056242584475,0.4651452472567666,0.2531793788887098,0.03593875414221559
"Frances, Alexander George",17,3,0.0025697586322872,0.1334233239867933,0.5901390250228404,0.2631667915289624,0.010701100829116683
"Frances, Alexander George",18,5,0.06385548466274854,0.36127105540839194,0.4488930664400387,0.11941118390444205,0.006569209584378788
"Gale, Daniel",1,4,0.003439587589447124,0.12889206634155131,0.5491206739746155,0.29879885176045173,0.019748820333934325
"Gale, Daniel",2,3,0.0019803539333470566,0.11938861333093276,0.5857312289098291,0.28092811591563494,0.011971687910256157
"Gale, Daniel",3,4,0.0043010642500233565,0.1341468383593606,0.5362187832904748,0.3022021359145317,0.023131178185609613
"Gale, Daniel",4,4,0.008460551025385288,0.19619042284776134,0.5651441364938325,0.21952227066548713,0.010682618967533752
"Gale, Daniel",5,4,0.02434008050838754,0.3345774974146553,0.5351904738992688,0.10376507039422467,0.0021268777834636543
"Gale, Daniel",6,5,0.053793661415731164,0.3355519255147852,0.46312366942477257,0.13876079015313436,0.00876995349157672
"Gale, Daniel",7,4,0.0011427070399442907,0.11124000041298282,0.6208063029630492,0.25984333804472404,0.00696765153929968
"Gale, Daniel",8,3,0.0019264231446672886,0.12006087417307904,0.5901862472010369,0.27665834059107275,0.011168114890144132
"Gale, Daniel",9,5,0.03857445880279475,0.34391433953385964,0.4964246168534402,0.11691792603250406,0.004168658777401357
"Gale, Daniel",10,4,0.002388933638126034,0.1110103637153581,0.5436220081430994,0.3211487360487304,0.02182995845468616
"Gale, Daniel",11,5,0.06702159026412385,0.34618068634149296,0.4421609131637553,0.13496257168400305,0.009674238546624858
"Gale, Daniel",12,3,0.001646598655663023,0.1639227922452826,0.6746380384552908,0.15826653501373877,0.0015260356300248468
"Gale, Daniel",13,4,0.0057059289326449325,0.19882873352913405,0.6057003241991961,0.18486856557922937,0.004896447759795586
"Gale, Daniel",14,4,0.0036219292147069426,0.11903768883886323,0.5186019717845071,0.3290545179705996,0.02968389219132317
"Gale, Daniel",15,4,0.00199593300627271,0.13773839484701578,0.6232009370988558,0.23108039464495023,0.005984340402905408
"Gale, Daniel",16,4,0.02829486111581947,0.2255190088530984,0.46569875866027566,0.2465113439992901,0.03397602737151639
"Gale, Daniel",17,3,0.0028600593584397482,0.14086056502817756,0.5938602002766216,0.25266212344533023,0.009757051891430946
"Gale, Daniel",18,5,0.06733857320283071,0.3685055018174637,0.44373411073655056,0.11433853183852416,0.006083282404630852
"Garcia, Sergio",1,4,0.005586902677519823,0.16546536805799422,0.5669457000250471,0.24894078884254667,0.01306124039689216
"Garcia, Sergio",2,3,0.0034386206917711992,0.15773956750493912,0.604128204882729,0.22728016426408248,0.007413442656478253
"Garcia, Sergio",3,4,0.00681335319887344,0.17020165938855958,0.5531640749776073,0.25418160742860973,0.015639305006349913
"Garcia, Sergio",4,4,0.013024263511871192,0.24089963361581784,0.5623091454735949,0.1769047622343155,0.006862195164400564
"Garcia, Sergio",5,4,0.035648465180274425,0.387614568547008,0.4984188691194667,0.0770811024170801,0.0012369947361707823
"Garcia, Sergio",6,5,0.0706841859489693,0.37261620306513443,0.4387898861525764,0.11193457562075504,0.005975149212564812
"Garcia, Sergio",7,4,0.0021249205500371016,0.1511340398342803,0.6388854622335708,0.20383485477391394,0.0040207226081978575
"Garcia, Sergio",8,3,0.003362164694537706,0.15886602971298958,0.6079743206781549,0.22293475505921723,0.006862729855100613
"Garcia, Sergio",9,5,0.05321806514255556,0.3887828678142848,0.46501899741910385,0.09035399642836472,0.002626073195691081
"Garcia, Sergio",10,4,0.003982723970856583,0.14506253743886827,0.5674485543701535,0.26907828804074185,0.014427896179379784
"Garcia, Sergio",11,5,0.08611972901283033,0.3796088513214405,0.4178406411946595,0.10971377149728989,0.006717006973779749
"Garcia, Sergio",12,3,0.003129100210543967,0.21847003554517452,0.6633952214297238,0.11423676699944185,0.0007688758151158659
"Garcia, Sergio",13,4,0.009331313588013979,0.2491912044603683,0.5960819862644349,0.14251146475812237,0.0028840309290604216
"Garcia, Sergio",14,4,0.0057582227173112455,0.15217268531995132,0.540756395370404,0.28084854461308173,0.020464151979251666
"Garcia, Sergio",15,4,0.0035567217427295295,0.18205174942653057,0.6311534967674974,0.17977505737424138,0.0034629746890011415
"Garcia, Sergio",16,4,0.037798830842358466,0.25925573403394897,0.46441554884652403,0.21323656997225027,0.025293316304918267
"Garcia, Sergio",17,3,0.004851098708081758,0.18279346293583892,0.6042598751470458,0.20210506489745106,0.005990498311582382
"Garcia, Sergio",18,5,0.08741662863747907,0.40363149532615084,0.41418411534480987,0.0906994780566468,0.004068282634913434
"Garcia-Heredia, Alfredo",1,4,0.0033646054077357546,0.12740606723799797,0.5480648884451489,0.30106238656375195,0.02010205234536544
"Garcia-Heredia, Alfredo",2,3,0.0019312787867590275,0.11785218025996463,0.58459436469928,0.2834020613828082,0.012220114871188237
"Garcia-Heredia, Alfredo",3,4,0.004212117848407582,0.13267308438863806,0.5352202647404485,0.30437175604666256,0.023522776975843263
"Garcia-Heredia, Alfredo",4,4,0.008296002216672593,0.19431500961762493,0.5649883346843044,0.22151283072446992,0.010887822756928123
"Garcia-Heredia, Alfredo",5,4,0.023918906748353952,0.33222784943763783,0.5365967562091721,0.10507930682976241,0.0021771807750736727
"Garcia-Heredia, Alfredo",6,5,0.05312754979675277,0.33387152211162074,0.46405353278567435,0.14003086468291936,0.00891653062303277
"Garcia-Heredia, Alfredo",7,4,0.0011108975822636258,0.1096632003054972,0.6196243605759489,0.26246782631559806,0.007133715220692172
"Garcia-Heredia, Alfredo",8,3,0.0018782405136497093,0.11850699257380876,0.5890693984870623,0.2791417287339589,0.011403639691520251
"Garcia-Heredia, Alfredo",9,5,0.038011292451751943,0.34189675083285087,0.4976367658791885,0.11820254126548557,0.004252649570723133
"Garcia-Heredia, Alfredo",10,4,0.002334113070253163,0.10964226824301787,0.5423065376523063,0.32349638070601106,0.022220700328411613
"Garcia-Heredia, Alfredo",11,5,0.0662592093307966,0.34464761127102134,0.4431102108096229,0.13615496643337144,0.009828002155187754
"Garcia-Heredia, Alfredo",12,3,0.0015990469163429943,0.1617236269358286,0.6746696730167516,0.1604360462475245,0.00157160688355229
"Garcia-Heredia, Alfredo",13,4,0.005579397727925317,0.19673266490548946,0.6057846163290561,0.18689419909615101,0.005009121941378147
"Garcia-Heredia, Alfredo",14,4,0.00354649880307073,0.11769170138907453,0.51739485798103,0.33120604696341627,0.03016089486340845
"Garcia-Heredia, Alfredo",15,4,0.0019441069390228605,0.13595624773218623,0.622468268227702,0.23350497885092347,0.006126398250165477
"Garcia-Heredia, Alfredo",16,4,0.027925126162328062,0.22405488146988012,0.465596940316507,0.24801222275077783,0.034410829300506984
"Garcia-Heredia, Alfredo",17,3,0.002792115618685531,0.1391602469829839,0.5930678363922689,0.255016425922476,0.00996337508358569
"Garcia-Heredia, Alfredo",18,5,0.06654043185413067,0.3668819622156505,0.44491743138968937,0.11547016617014938,0.0061900083703800846
"Germishuys, Deon",1,4,0.003310438215371303,0.126321152523457,0.5472751177574926,0.30272823138567684,0.02036506011800232
"Germishuys, Deon",2,3,0.0018959187225587315,0.11673163658307079,0.5837421034351339,0.28522481080936235,0.012405530449874247
"Germishuys, Deon",3,4,0.004147800216909747,0.13159662570745856,0.5344735165029584,0.30596793639080744,0.023814121181865877
"Germishuys, Deon",4,4,0.008176867070352367,0.1929426735122079,0.5648586531064836,0.22298099211894995,0.011040814192006199
"Germishuys, Deon",5,4,0.023613289000139037,0.3305019024379134,0.5376174153396389,0.10605255781621137,0.0022148354060973485
"Germishuys, Deon",6,5,0.052642180231738,0.33263496835938666,0.4647285267431826,0.1409687044658523,0.009025620199840434
"Germishuys, Deon",7,4,0.001088039151898701,0.10851439198732166,0.6187358582498372,0.26440373214794766,0.007257978462994696
"Germishuys, Deon",8,3,0.0018435303462526753,0.1173737692324534,0.5882314639371912,0.2809717601268398,0.011579476357262974
"Germishuys, Deon",9,5,0.03760169001857161,0.34041305037517344,0.4985173296270967,0.11915259087727059,0.004315339101887639
"Germishuys, Deon",10,4,0.0022945521652030787,0.10864424183597299,0.5413264071855255,0.3252231785219958,0.022511620291302714
"Germishuys, Deon",11,5,0.06570320011440745,0.34351853686235295,0.443800598802327,0.13703529835232908,0.009942365868583547
"Germishuys, Deon",12,3,0.001564900839183203,0.16011925864650456,0.6746675449500275,0.16204240938616177,0.0016058861781230727
"Germishuys, Deon",13,4,0.005488000099497903,0.1951998332479014,0.6058279541638987,0.18839081548755654,0.005093397001145417
"Germishuys, Deon",14,4,0.0034919644063077238,0.11670899171903809,0.5164961007147102,0.3327874435114231,0.03051549964852085
"Germishuys, Deon",15,4,0.0019068005299763269,0.13465620822688357,0.6219096593886069,0.2352946329131953,0.006232698941337933
"Germishuys, Deon",16,4,0.02765596634621259,0.22298073402551455,0.4655135549517636,0.2491164557205362,0.03473328895597305
"Germishuys, Deon",17,3,0.002743113264229824,0.13791911244375438,0.5924680067739723,0.2567523388207781,0.010117428697265507
"Germishuys, Deon",18,5,0.0659585293765208,0.3656856620427767,0.4457798266210749,0.11630648241378816,0.006269499545839441
"Girrbach, Joel",1,4,0.0037894447727326863,0.13559801275147165,0.5535258162344511,0.2888372894261575,0.018249436815187092
"Girrbach, Joel",2,3,0.0022112055751606907,0.12634503602646485,0.5904396696699266,0.2700790761095242,0.010925012618923757
"Girrbach, Joel",3,4,0.004714808878460153,0.14078824704737375,0.5403885824782662,0.29264353461890913,0.021464826976990814
"Girrbach, Joel",4,4,0.009222947087017541,0.20459348506024572,0.5655472954040279,0.21082114578489952,0.009815126663809237
"Girrbach, Joel",5,4,0.02627773543124734,0.34497893119898304,0.5287346158546178,0.09809186657099023,0.0019168509441616077
"Girrbach, Joel",6,5,0.05681861196334492,0.3429498612738377,0.45885631437472646,0.13322834906482162,0.008146863323269304
"Girrbach, Joel",7,4,0.0012936037333394212,0.11840182623324491,0.6256550451413766,0.24837593828600268,0.006273586606036385
"Girrbach, Joel",8,3,0.0021532159731272316,0.1270971572689379,0.5947990062221234,0.265773931025189,0.01017668951062245
"Girrbach, Joel",9,5,0.0411466359262464,0.35281465266534007,0.49087459135659545,0.11134932433559419,0.0038147957162238955
"Girrbach, Joel",10,4,0.0026455655873989237,0.11719991640255678,0.5491838353202586,0.3107996075033491,0.02017107518643657
"Girrbach, Joel",11,5,0.0704741621008978,0.3529124696542495,0.4378284025886053,0.12976569568447816,0.009019269971769273
"Girrbach, Joel",12,3,0.0018726795704933075,0.17386923845089258,0.6740213119266387,0.1488981382965433,0.0013386317554321403
"Girrbach, Joel",13,4,0.0062964556839433805,0.20823861454649512,0.6049780699976517,0.17606200910368563,0.004424850668224178
"Girrbach, Joel",14,4,0.003973002722886143,0.12511163880679393,0.5237179752472794,0.319548223294551,0.027649159928489597
"Girrbach, Joel",15,4,0.0022404565676570898,0.14580130653208717,0.6260592993753032,0.2205083272252606,0.0053906102996919
"Girrbach, Joel",16,4,0.029978884258171135,0.23202697200527955,0.4659879335991152,0.2398989119284003,0.0321072982090338
"Girrbach, Joel",17,3,0.003178704981034286,0.1485382309231955,0.5970323409531582,0.24236186732168397,0.008888855820928021
"Girrbach, Joel",18,5,0.07095667861638844,0.3756229475808581,0.4383677117718767,0.10942199085291049,0.005630671177966229
"Glawe, Wolfgang",1,4,0.0032018827477227063,0.12411704259247863,0.5456203666197235,0.3061475770871134,0.020913130952961767
"Glawe, Wolfgang",2,3,0.0018252912448348257,0.11445828498107141,0.5819516651279606,0.2889716534616298,0.012793105184503384
"Glawe, Wolfgang",3,4,0.004018740075417915,0.12940841889645582,0.5329093768255342,0.30924284224182386,0.02442062196076822
"Glawe, Wolfgang",4,4,0.007937424684178851,0.19014646737438162,0.5645527823591648,0.22600315288758366,0.011360172694691029
"Glawe, Wolfgang",5,4,0.022997275528220784,0.32696787649784936,0.5396745425411241,0.10806645920437785,0.002293846228427876
"Glawe, Wolfgang",6,5,0.051658567545039724,0.33009714132821133,0.46608932434382166,0.14290214473517227,0.009252822047755016
"Glawe, Wolfgang",7,4,0.001042539456047764,0.10618679263160058,0.6168629628723161,0.2683891117281928,0.007518593311842681
"Glawe, Wolfgang",8,3,0.001774218535849914,0.11507481539441855,0.5864693668749142,0.28473443389504793,0.011947165299769358
"Glawe, Wolfgang",9,5,0.03677359773039268,0.3373706086743776,0.5002942856313126,0.12111511992222268,0.0044463880416943935
"Glawe, Wolfgang",10,4,0.002215376026246274,0.10661877061378938,0.53928294044541,0.3287651031590949,0.023117809755459406
"Glawe, Wolfgang",11,5,0.0645751438768683,0.34119882097419435,0.44519588966821033,0.13884979291040844,0.010180352570318574
"Glawe, Wolfgang",12,3,0.001496997455870397,0.15686314186306755,0.674596015769946,0.16536557672901264,0.0016782681821033707
"Glawe, Wolfgang",13,4,0.005304855855244817,0.1920791904599044,0.605867484255445,0.19147842384831448,0.005270045581091232
"Glawe, Wolfgang",14,4,0.0033825603981536556,0.1147124677721077,0.5146239332248401,0.33602809622279683,0.031252942382101745
"Glawe, Wolfgang",15,4,0.0018323778452487005,0.13201795201905836,0.6207118658905375,0.23898216025072427,0.006455643994431215
"Glawe, Wolfgang",16,4,0.027111161470783185,0.2207847546341734,0.46532005742752086,0.2513822059991184,0.03540182046840412
"Glawe, Wolfgang",17,3,0.0026451161128855927,0.13539831291837684,0.5911927610671415,0.2603241926333071,0.010439617268289014
"Glawe, Wolfgang",18,5,0.06477843331901656,0.3632262627807654,0.44752758369500145,0.11803249986888076,0.006435220336335812
"Gouveia, Ricardo",1,4,0.0043985720911026704,0.1464881470265666,0.5595164224094206,0.27349059756740357,0.016106260905506598
"Gouveia, Ricardo",2,3,0.0026199175188564294,0.13771769411225288,0.59671982552432,0.25349017903671467,0.009452383807855957
"Gouveia, Ricardo",3,4,0.005430652181483753,0.15154290096892986,0.5460723233531223,0.27788363505290525,0.019070488443558853
"Gouveia, Ricardo",4,4,0.01053115352306161,0.21803693684186176,0.5652452178002734,0.19760103954809827,0.008585652286705048
"Gouveia, Ricardo",5,4,0.029553777047873153,0.3611966368394675,0.5179287091330594,0.0896940266297096,0.0016268503498902964
"Gouveia, Ricardo",6,5,0.061798487777397104,0.3543556263818827,0.45171303731761114,0.12487965562939096,0.007253192893718063
"Gouveia, Ricardo",7,4,0.0015654091747572263,0.13018547991800639,0.6319591005181089,0.23097646641605385,0.005313543973073598
"Gouveia, Ricardo",8,3,0.002555248125400811,0.13860307604929123,0.6009069491597305,0.24915028694855312,0.00878443971702425
"Gouveia, Ricardo",9,5,0.04543121600105615,0.3665922879682915,0.481627363755386,0.10303237209381133,0.003316760181454992
"Gouveia, Ricardo",10,4,0.003095441880404004,0.127304574340264,0.5569992043502084,0.29480160510702635,0.01779917432209721
"Gouveia, Ricardo",11,5,0.07612573623323676,0.3632341448273207,0.43065029991283477,0.12191399899588196,0.008075820030725822
"Gouveia, Ricardo",12,3,0.0022817111990371397,0.1900861059586968,0.6715145591629372,0.13502950289685278,0.0010881207824761097
"Gouveia, Ricardo",13,4,0.007324945319514609,0.22335022852315384,0.6027202136581553,0.1628341874287078,0.0037704250704684306
"Gouveia, Ricardo",14,4,0.0045811513502641565,0.13497597061484623,0.530950591096832,0.30478183179882623,0.024710455139231424
"Gouveia, Ricardo",15,4,0.0026760134027059013,0.15896028756077984,0.6292599484852373,0.20453444823197042,0.004569302319306523
"Gouveia, Ricardo",16,4,0.03276869296366158,0.24226993988732382,0.46591428837188253,0.22968256231081974,0.02936451646631233
"Gouveia, Ricardo",17,3,0.003739330669175922,0.16101942900229643,0.6008834307605013,0.2266873027578682,0.007670506810158129
"Gouveia, Ricardo",18,5,0.07689104024475701,0.3864962761373352,0.4295850848436798,0.10204287221285191,0.004984726561376052
"Green, Gavin",1,4,0.0041741307929897276,0.1425815710565403,0.5575244575204109,0.27888274239388167,0.016837098236177406
"Green, Gavin",2,3,0.002468374694554243,0.1336276303980381,0.5946514204680027,0.25930126627058403,0.00995130816882095
"Green, Gavin",3,4,0.005167513734239959,0.14768912948575058,0.5441802168385732,0.2830744120963272,0.01988872784510909
"Green, Gavin",4,4,0.01005178208554508,0.21324257840339977,0.5654813621157597,0.20222080838739942,0.009003469007895948
"Green, Gavin",5,4,0.02836011259310528,0.3554718972172249,0.5218452889444761,0.09259834737835915,0.0017243538668345604
"Green, Gavin",6,5,0.060002322867596825,0.35034701750378716,0.45430267335209656,0.127789590196705,0.007558396079814456
"Green, Gavin",7,4,0.001463978935961452,0.1259373119074632,0.6299095970817087,0.23705258704775267,0.005636525027113981
"Green, Gavin",8,3,0.0024061120562945404,0.1344647324030842,0.5989025412024562,0.2549708508548231,0.009255763483341894
"Green, Gavin",9,5,0.0438788883618455,0.361742557078206,0.48497383226880775,0.10591918648820009,0.0034855358029406425
"Green, Gavin",10,4,0.002929251465284388,0.12367235584687142,0.5543603268630273,0.3004299645242613,0.01860810130055568
"Green, Gavin",11,5,0.07409175301858234,0.35961454684933186,0.4332430436102429,0.12465206342912638,0.008398593092716511
"Green, Gavin",12,3,0.002128829884074479,0.18426079930446798,0.6726140821665647,0.13982507787481535,0.0011712107700774244
"Green, Gavin",13,4,0.006945956551694832,0.21795326070658133,0.603674486164476,0.1674354008312694,0.003990895745978329
"Green, Gavin",14,4,0.004357496194628219,0.13143719603789966,0.5285015499917709,0.3099869340482291,0.025716823727472193
"Green, Gavin",15,4,0.002514153294671362,0.15423115582092128,0.6283054468863536,0.21010362153680173,0.004845622461252086
"Green, Gavin",16,4,0.03175997909807876,0.23863991247742078,0.4660132774944567,0.23327680916123228,0.03031002176881148
"Green, Gavin",17,3,0.0035319503914242323,0.1565405165570602,0.5996768732002858,0.23216781307020118,0.008082846781028552
"Green, Gavin",18,5,0.0747536750264986,0.3826890184262144,0.4327431062045916,0.10460931782880345,0.005204882513891951
"Guerrier, Julien",1,4,0.004843987522857696,0.15391506834868768,0.5628504455380537,0.2635690744893311,0.014821424101069791
"Guerrier, Julien",2,3,0.0029237029039084206,0.14552402502041334,0.6001200471902917,0.24284830116316802,0.008583923722218612
"Guerrier, Julien",3,4,0.005950890447598223,0.15885707690894568,0.5492461637104051,0.2683186189758817,0.017627249957169244
"Guerrier, Julien",4,4,0.011474065416017198,0.2270673879875179,0.5644327424218754,0.18917088519138214,0.007854918983207448
"Guerrier, Julien",5,4,0.0318802951917917,0.37180425229979314,0.5103784984773572,0.08447790327798144,0.0014590507530766184
"Guerrier, Julien",6,5,0.0652439285876697,0.3617340837160127,0.44671731280861593,0.11958936911616536,0.0067153057715363396
"Guerrier, Julien",7,4,0.001770856972980961,0.1383239388388373,0.6352444609905097,0.21990342386756911,0.004757319330102927
"Guerrier, Julien",8,3,0.0028544340080741137,0.1465025360482382,0.6041793046391756,0.23849872851476117,0.007964996789750933
"Guerrier, Julien",9,5,0.04842991371650196,0.3755396508451556,0.4751894788351546,0.09781815212591916,0.003022804477268659
"Guerrier, Julien",10,4,0.003426626471375427,0.13423221946757657,0.5615393401239173,0.28442497526367594,0.016376838673454852
"Guerrier, Julien",11,5,0.08001399115845431,0.3698734018284282,0.42567501177860956,0.1169321737251029,0.00750542150940503
"Guerrier, Julien",12,3,0.0025921348371531483,0.20118028189853054,0.6688575511027957,0.12642199266944265,0.0009480394920780011
"Guerrier, Julien",13,4,0.008077075154029167,0.23353730695303915,0.6004976687665032,0.1544980514819312,0.003389897644497264
"Guerrier, Julien",14,4,0.005023669189004654,0.14170461510612054,0.5351857335948206,0.2951562527550815,0.022929729354972728
"Guerrier, Julien",15,4,0.0030016451184947113,0.167975338923463,0.6305194646008057,0.19441016784622156,0.00409338351101507
"Guerrier, Julien",16,4,0.03471131203348138,0.24904143492805703,0.46551944707045145,0.2230536293037534,0.027674176664256755
"Guerrier, Julien",17,3,0.004153464151313624,0.16953825731087918,0.6026749844057108,0.21667940407002995,0.006953890062066481
"Guerrier, Julien",18,5,0.08098163592326973,0.39346219362548435,0.42356578288102265,0.09739247526510786,0.004597912305115415
"Gumberg, Jordan",1,4,0.003701790873194777,0.1339515215816866,0.5524972974575668,0.29124554887785337,0.01860384120969849
"Gumberg, Jordan",2,3,0.0021530859833346905,0.12463363956775964,0.58934593355143,0.2726961000549597,0.011171240842515973
"Gumberg, Jordan",3,4,0.004611337977610375,0.13915898219337453,0.5394144273695093,0.29495593779068296,0.02185931466882285
"Gumberg, Jordan",4,4,0.009032737956496062,0.20253932202625113,0.5654923694866077,0.21291592538038162,0.010019645150263434
"Gumberg, Jordan",5,4,0.025796374333581784,0.34245523916531806,0.5303353546852572,0.09944705531563713,0.0019659765002059126
"Gumberg, Jordan",6,5,0.05607301010433502,0.34116096426878834,0.45991428762602504,0.1345574556187581,0.00829428238209351
"Gumberg, Jordan",7,4,0.0012554237181031103,0.11663653009871566,0.6245361788594055,0.25113583876583656,0.006436028557939122
"Gumberg, Jordan",8,3,0.0020960973494699164,0.1253659883237201,0.593729545544307,0.2683985818005953,0.010409786981907643
"Gumberg, Jordan",9,5,0.040510432026233,0.3506598147020493,0.49224867030532055,0.11268303945753377,0.003898043508863358
"Gumberg, Jordan",10,4,0.0025811413674266537,0.11567786115991657,0.5478736365891065,0.3133041408111714,0.020563220072378874
"Gumberg, Jordan",11,5,0.06962458511911712,0.3512872916669005,0.43889907639436454,0.1310146157793992,0.009174431040218645
"Gumberg, Jordan",12,3,0.0018154015216299557,0.1714239579775213,0.6742422597553069,0.1511363419552777,0.0013820387902641063
"Gumberg, Jordan",13,4,0.0061484845232649965,0.20593565881837533,0.6052055339491391,0.1781749940686077,0.004535328640612901
"Gumberg, Jordan",14,4,0.0038851745601103382,0.12362032710263915,0.5225108388656385,0.32185205819422347,0.02813160127738845
"Gumberg, Jordan",15,4,0.0021787856617682677,0.14381863072054818,0.6254235054790139,0.2230495079661925,0.005529570172477127
"Gumberg, Jordan",16,4,0.0295630463470391,0.23044382046517475,0.4659419482417513,0.24149868539897867,0.03255249954705619
"Gumberg, Jordan",17,3,0.0030986268805107686,0.14665251025051573,0.5963129947543289,0.24484293259751255,0.009092935517132084
"Gumberg, Jordan",18,5,0.07006583682612622,0.37390643842767535,0.4396889123570321,0.11060121668346545,0.005737595705700871
"Halvorsen, Andreas",1,4,0.004208988540371106,0.14319602411891164,0.557849080635763,0.27802644166587,0.01671946503908428
"Halvorsen, Andreas",2,3,0.0024918403436036685,0.13427018840108162,0.5949900432329613,0.2583771583158251,0.009870769706528226
"Halvorsen, Andreas",3,4,0.005208427514607206,0.14829558246217356,0.5444883950852297,0.2822504416343474,0.019757153303642028
"Halvorsen, Andreas",4,4,0.010126428882295202,0.21399872868095438,0.5654533718174999,0.2014853549904425,0.008936115628808028
"Halvorsen, Andreas",5,4,0.02854648926505432,0.3563791031924678,0.5212320338380566,0.09213381227584583,0.0017085614285754502
"Halvorsen, Andreas",6,5,0.06028410690133934,0.3509835281590963,0.45389725083091903,0.1273258085405623,0.007509305568083047
"Halvorsen, Andreas",7,4,0.0014796365239883036,0.1266039605588179,0.63024722340122,0.23608495443013766,0.005584225085836114
"Halvorsen, Andreas",8,3,0.002429199850753405,0.13511485021151515,0.5992312558695717,0.25404504006764617,0.00917965400051357
"Halvorsen, Andreas",9,5,0.04412191021267381,0.36251208853663913,0.48444949157501094,0.10545821459537219,0.0034582950803039303
"Halvorsen, Andreas",10,4,0.002955030617560084,0.12424311221200857,0.5547872711470901,0.2995366806926707,0.018477905330670508
"Halvorsen, Andreas",11,5,0.07441117152202098,0.3601898723056139,0.4328364638860689,0.12421577461290823,0.008346717673388016
"Halvorsen, Andreas",12,3,0.002152412181982477,0.18517650819422,0.672455454908417,0.13905795266877086,0.00115767204660977
"Halvorsen, Andreas",13,4,0.007004815648668727,0.21880390270941763,0.6035347048052171,0.16670135919606355,0.003955217640633002
"Halvorsen, Andreas",14,4,0.004392263151803799,0.13199378121453365,0.5288972458681178,0.30916156109029846,0.02555514867524633
"Halvorsen, Andreas",15,4,0.0025391896561887117,0.15497436837675949,0.6284694931993385,0.2092160693714037,0.004800879396309576
"Halvorsen, Andreas",16,4,0.031918043822715014,0.23921408361311486,0.46600290702894526,0.2327063872689863,0.030158578266238578
"Halvorsen, Andreas",17,3,0.003564098514235836,0.15724488431546874,0.5998792275428252,0.23129553544593373,0.008016254181536508
"Halvorsen, Andreas",18,5,0.07508921233360788,0.3832946037570101,0.43224686320367467,0.10419988113164358,0.005169439574063794
"Hebert, Benjamin",1,4,0.0039146713922478815,0.13791358140492033,0.5549159117392732,0.2854905731413986,0.017765262322160025
"Hebert, Benjamin",2,3,0.0022945523120227462,0.1287555448477226,0.5919116460299244,0.2664484238273527,0.010589832982977554
"Hebert, Benjamin",3,4,0.004862422560542978,0.14307810727157855,0.5417058697997954,0.28942835068019,0.02092524968789311
"Hebert, Benjamin",4,4,0.009493798305481416,0.20747262679395423,0.5655780575637485,0.20791925486325247,0.009536262473563428
"Hebert, Benjamin",5,4,0.026960895260272233,0.3484956696031216,0.5264675393799695,0.09622563058416611,0.0018502651724705554
"Hebert, Benjamin",6,5,0.057870420193318506,0.34543629493864,0.4573579534777612,0.1313900207113139,0.007945310678966422
"Hebert, Benjamin",7,4,0.0013485695247067997,0.12089187431063547,0.6271524722472367,0.24455376616280844,0.006053317754612597
"Hebert, Benjamin",8,3,0.002235150568543731,0.12953564712019694,0.5962360224181594,0.2621336584765659,0.009859521416534012
"Hebert, Benjamin",9,5,0.042046513906545735,0.35581248534423054,0.4889305972280259,0.10950893639563031,0.0037014671255675147
"Hebert, Benjamin",10,4,0.002737747012784064,0.11934303817797981,0.5509675099223004,0.3073164028216797,0.01963530206525599
"Hebert, Benjamin",11,5,0.07167110065115656,0.35516852863755116,0.4363156361055281,0.12803781030021577,0.008806924305548414
"Hebert, Benjamin",12,3,0.0019552224496951487,0.17731138093807708,0.6736373872097642,0.1458157790217638,0.0012802303806997983
"Hebert, Benjamin",13,4,0.0065078717986502,0.21146927885867595,0.6046054159966958,0.17314249824402161,0.004274935101956423
"Hebert, Benjamin",14,4,0.004098334253541558,0.12720898501902544,0.525363542037442,0.31634063053177175,0.026988508158219293
"Hebert, Benjamin",15,4,0.0023290177126926714,0.14859284667404277,0.6268835291187373,0.21699242587385037,0.0052021806206768995
"Hebert, Benjamin",16,4,0.030566330517783236,0.23423771123615517,0.46602621611842815,0.2376743324476399,0.031495409679993536
"Hebert, Benjamin",17,3,0.0032933795266434363,0.1511908907431871,0.5979809284741009,0.23892358531448643,0.008611215941582095
"Hebert, Benjamin",18,5,0.07221232340515926,0.3780038458339361,0.43650620262657513,0.10779297971692525,0.005484648417404259
"Hidalgo, Angel",1,4,0.0041795602363340345,0.14267746973683465,0.5575754040198826,0.2787488944851291,0.016818671521819706
"Hidalgo, Angel",2,3,0.0024720279779734677,0.13372789670913443,0.5947046011923054,0.2591567877790921,0.00993868634149453
"Hidalgo, Angel",3,4,0.00517388759878501,0.14778378716303597,0.5442285783733473,0.2829456264244741,0.019868120440357684
"Hidalgo, Angel",4,4,0.010063413898972029,0.2133606429816005,0.5654772224497869,0.2021058048501424,0.008992915819498126
"Hidalgo, Angel",5,4,0.028389167023867734,0.3556136543515465,0.5217496478455745,0.09252565320663608,0.0017218775723750745
"Hidalgo, Angel",6,5,0.06004628350584512,0.3504465081501563,0.45423944636363195,0.1277170548748725,0.007550707105494103
"Hidalgo, Angel",7,4,0.0014664154241458283,0.12604131881200514,0.6299626716062607,0.23690126955991142,0.005628324597676815
"Hidalgo, Angel",8,3,0.002409706385509802,0.13456617773394913,0.5989541795143473,0.25482610127077154,0.00924383509542226
"Hidalgo, Angel",9,5,0.043916789199530626,0.3618628262578029,0.4848920489119003,0.1058470688547305,0.003481266776035663
"Hidalgo, Angel",10,4,0.0029332660477706107,0.12376142127334,0.5544272568031472,0.3002903490298696,0.01858770684587263
"Hidalgo, Angel",11,5,0.07414159299938727,0.3597044883416035,0.4331796192571522,0.12458383045376265,0.008390468948094365
"Hidalgo, Angel",12,3,0.0021324991041413166,0.18440370170557974,0.6725896832226437,0.1397050301360253,0.0011690858316099062
"Hidalgo, Angel",13,4,0.006955124405045532,0.2180860653678784,0.6036529284065946,0.16732057970754188,0.0039853021129396815
"Hidalgo, Angel",14,4,0.004362912268556229,0.1315240628024707,0.5285635683616516,0.3098579508594691,0.02569150570785239
"Hidalgo, Angel",15,4,0.0025180504555107897,0.154347134721962,0.6283313972406617,0.20996481063527273,0.004838606946592883
"Hidalgo, Angel",16,4,0.03178463399659026,0.2387296042503766,0.4660117889300802,0.2331876555609007,0.03028631726205222
"Hidalgo, Angel",17,3,0.003536956310073336,0.15665044562439318,0.5997087688666367,0.2320314194550548,0.008072409743842046
"Hidalgo, Angel",18,5,0.07480602718545676,0.3827837010853944,0.43266566931751155,0.10454527207111375,0.005199330340523556
"Hill, Calum",1,4,0.005053685080207537,0.15727466132481277,0.5641734516498389,0.2592167682197485,0.014281433725392367
"Hill, Calum",2,3,0.0030680441954741844,0.14906792655221168,0.6014406823847864,0.23820096071578656,0.00822238615174109
"Hill, Calum",3,4,0.00619496547643783,0.16216054567420157,0.5505088829441388,0.2641168362539482,0.01701876965127358
"Hill, Calum",4,4,0.01191434903617894,0.2311168952549023,0.5639182495191787,0.1855011941742999,0.007549312015440179
"Hill, Calum",5,4,0.03295743241835203,0.3764873542184075,0.5069242403460693,0.08224102841025516,0.0013899446069159938
"Hill, Calum",6,5,0.06681591016775423,0.3649716044495938,0.4444296846569828,0.11729412488955848,0.00648867583611068
"Hill, Calum",7,4,0.0018694015829423538,0.1420312162254364,0.6364810170973645,0.21509023471898958,0.004528130375267114
"Hill, Calum",8,3,0.0029966873873490396,0.15008910183501306,0.6054396342039494,0.2338503235962628,0.0076242529774257495
"Hill, Calum",9,5,0.04980692667493786,0.37947384416510743,0.4722489945063261,0.09556989190399867,0.002900342749629914
"Hill, Calum",10,4,0.0035831410796568486,0.13737539267253424,0.5633977098552299,0.27986477134738885,0.015778985045190153
"Hill, Calum",11,5,0.08178238955626022,0.37277691931669615,0.42340716156583835,0.11476906200149262,0.007264467559712662
"Hill, Calum",12,3,0.002741353347544828,0.20620558024339936,0.6674276824782921,0.12273389622946906,0.0008914877012946576
"Hill, Calum",13,4,0.008431146110801202,0.2381141226772815,0.599327965437348,0.15089400885559034,0.003232756918978952
"Hill, Calum",14,4,0.005231430696087003,0.14474888660255686,0.536929136557893,0.29091386094535054,0.022176685198112667
"Hill, Calum",15,4,0.0031568686663807632,0.17206303473030654,0.6308634913227444,0.19001934732122705,0.0038972579593412604
"Hill, Calum",16,4,0.03560094553348214,0.2520510177825801,0.4652572016324604,0.2201385942438978,0.02695224080757952
"Hill, Calum",17,3,0.00434954640670876,0.1733930791018416,0.603280877328426,0.21232048915237078,0.006656008010652914
"Hill, Calum",18,5,0.08284400248204221,0.3965009791933698,0.42083849039407123,0.09538112002167531,0.004435407908841449
"Hillier, Daniel",1,4,0.005096322420782284,0.15794775845855552,0.5644251868383918,0.2583546029203231,0.014176129361947232
"Hillier, Daniel",2,3,0.0030974918911957916,0.14977887306914067,0.6016896184090597,0.23728188691546825,0.00815212971513568
"Hillier, Daniel",3,4,0.006244529646026065,0.1628220254036128,0.5507494183814571,0.26328405614037764,0.016899970428526423
"Hillier, Daniel",4,4,0.012003600538222026,0.23192560768347276,0.5638046801660148,0.1847762894100181,0.007489822202272345
"Hillier, Daniel",5,4,0.03317509671647134,0.37741717355233584,0.506229583039873,0.0818015785908982,0.001376568100421638
"Hillier, Daniel",6,5,0.06713187602233467,0.3656129741257521,0.44396945580040453,0.11684125630880593,0.006444437742702758
"Hillier, Daniel",7,4,0.0018895759125230893,0.14277585410178778,0.6367108043632257,0.2141400042178192,0.0044837614046442376
"Hillier, Daniel",8,3,0.0030257163970447976,0.1508086340884413,0.6056763144690188,0.2329312699220445,0.007558065123450586
"Hillier, Daniel",9,5,0.050084356651231454,0.3802538156812404,0.47165797848615776,0.09512731145823561,0.0028765377231347866
"Hillier, Daniel",10,4,0.0036150095186421316,0.13800582649887272,0.5637559405471293,0.2789608315769253,0.015662391858430547
"Hillier, Daniel",11,5,0.08213742256814083,0.373351411164104,0.4229516404586038,0.11434213766335943,0.007217388145791981
"Hillier, Daniel",12,3,0.002771925238874151,0.207212824138243,0.6671250033599208,0.12200962546272409,0.0008806218002379573
"Hillier, Daniel",13,4,0.008503135091068093,0.2390287545364707,0.5990819286758242,0.15018387134114886,0.003202310355488125
"Hillier, Daniel",14,4,0.00527363205169451,0.14535885717548502,0.5372659969038467,0.2900720163606808,0.022029497508292972
"Hillier, Daniel",15,4,0.0031885738552245857,0.17288269162365655,0.6309162347203303,0.1891532122034446,0.0038592875973438856
"Hillier, Daniel",16,4,0.035780008777883676,0.2526501069859437,0.4651986839534392,0.21956058736971373,0.02681061291301967
"Hillier, Daniel",17,3,0.004389498271944736,0.17416547393195425,0.6033875883573605,0.21145928646489065,0.006598152973849913
"Hillier, Daniel",18,5,0.08321804162613805,0.3971016614146014,0.42029185879112363,0.09498471718630408,0.004403720981832837
"Hirmer, Michael",1,4,0.002643131876774285,0.11206749759342477,0.5353001657908499,0.32571579069643286,0.02427341404251815
"Hirmer, Michael",2,3,0.0014671253251579142,0.10210812319210405,0.5706692272520469,0.3105527826953276,0.015202741535363495
"Hirmer, Michael",3,4,0.0033507207985412624,0.11741409961133875,0.523165125738083,0.32794795894237905,0.02812209490965789
"Hirmer, Michael",4,4,0.006689272369944488,0.17465991733860547,0.561791860643772,0.24352533182855152,0.013333617819126564
"Hirmer, Michael",5,4,0.019745229829918998,0.3069667440131338,0.5504707517225329,0.12002345499310518,0.0027938194413090756
"Hirmer, Michael",6,5,0.046338662241203254,0.3155806857030928,0.47324458981285844,0.15419332536065,0.010642736882195525
"Hirmer, Michael",7,4,0.0008152970597319897,0.09361829788661824,0.6049061835277905,0.29149668189962163,0.009163539626237727
"Hirmer, Michael",8,3,0.0014231203801288173,0.10258870740484932,0.5753220469283755,0.3064290913326789,0.01423703395396747
"Hirmer, Michael",9,5,0.032342661914773474,0.32003702496537406,0.5096798705537706,0.13267879109255432,0.005261651473527529
"Hirmer, Michael",10,4,0.0018102728095906184,0.09559734222872046,0.5267917561316451,0.34896762384343993,0.026833004986603903
"Hirmer, Michael",11,5,0.058442558385520316,0.3278667547263476,0.45262324547988164,0.14943667981844677,0.011630761589803695
"Hirmer, Michael",12,3,0.0011593248797373557,0.1391518932056412,0.6724752266758405,0.18506404821278033,0.0021495070260006965
"Hirmer, Michael",13,4,0.004362864881399864,0.17486231125416413,0.604833220223605,0.2095592681883509,0.006382335452480126
"Hirmer, Michael",14,4,0.002816841582206686,0.1037955755925894,0.5032191233806494,0.3544356068601249,0.0357328525844296
"Hirmer, Michael",15,4,0.0014570527167462877,0.11766914313210908,0.6125610428590862,0.2604497762672733,0.007862985024785107
"Hirmer, Michael",16,4,0.024179986822599475,0.20843530002172206,0.46364306741680605,0.26433380978902765,0.03940783594984476
"Hirmer, Michael",17,3,0.0021454471621477067,0.12163614967342307,0.5827802214688989,0.28099057100595426,0.012447610689576116
"Hirmer, Michael",18,5,0.058375217843799454,0.34905323879922856,0.45695565674792343,0.1281622850154981,0.007453601593550463
"Horder, Nicolas",1,4,0.0017907141873917398,0.09068667389641094,0.5106876284290186,0.3645879209840782,0.0322470625031005
"Horder, Nicolas",2,3,0.0009412635271773273,0.08055735128771097,0.5432748183836527,0.3541064518356395,0.02112011496581956
"Horder, Nicolas",3,4,0.0023168047555724436,0.09598231332931695,0.4999629648872768,0.3649310462911569,0.03680687073667688
"Horder, Nicolas",4,4,0.004723119068609061,0.14627256117488913,0.5513373828942676,0.27955553249279697,0.018111404369437256
"Horder, Nicolas",5,4,0.014458298067138442,0.26832501932209546,0.5669839730394398,0.14615376837341088,0.004078941197915409
"Horder, Nicolas",6,5,0.03712796542207669,0.2867343147871471,0.4843103568521384,0.17789870060901813,0.013928662329619645
"Horder, Nicolas",7,4,0.0004945301887313569,0.0720388224362063,0.5752193411243294,0.3388912954387867,0.013356010811946262
"Horder, Nicolas",8,3,0.0009091403451055857,0.08081653939373151,0.5480646871582817,0.3503257747625136,0.019883858340367655
"Horder, Nicolas",9,5,0.024882902165567433,0.28596495915060793,0.5243904830355332,0.157490835308557,0.007270820339734474
"Horder, Nicolas",10,4,0.001201591060520646,0.07627107106640746,0.49815295468925164,0.3887359242739592,0.03563845890986106
"Horder, Nicolas",11,5,0.0476829415703765,0.3010602586068867,0.4646086332192568,0.17162000755751772,0.01502815904596233
"Horder, Nicolas",12,3,0.000688350088219325,0.10821923823923008,0.6598541063999902,0.22779116662328436,0.003447138649276038
"Horder, Nicolas",13,4,0.0029296591972739483,0.14364063936905863,0.5965638593964764,0.2476624818196127,0.009203360217578282
"Horder, Nicolas",14,4,0.0019433334217758835,0.08440503464081761,0.47722571021750715,0.3903026021118927,0.04612331960800664
"Horder, Nicolas",15,4,0.0009139886488052085,0.09257785992677509,0.5900888242237907,0.3049671213745987,0.011452205826030237
"Horder, Nicolas",16,4,0.01916921160652213,0.18486779193141278,0.4574930850336774,0.29007029093706416,0.048399620491323514
"Horder, Nicolas",17,3,0.0014016688751695705,0.09732142429235091,0.5606654469696748,0.3232017173050832,0.01740974255772154
"Horder, Nicolas",18,5,0.04719878785784071,0.32038944137518727,0.47282253115032685,0.14970049971215638,0.009888739904488797
"Horsey, David",1,4,0.00369789442665297,0.13387782621308447,0.5524504704944492,0.2913539027280735,0.018619906137739894
"Horsey, David",2,3,0.002150506692584875,0.12455709022777339,0.5892960494605167,0.272813933930945,0.011182419688180012
"Horsey, David",3,4,0.0046067355570366675,0.13908603714775497,0.5393700847855656,0.2950599552203511,0.021877187289291666
"Horsey, David",4,4,0.009024270500619491,0.20244724374787715,0.5654892564693699,0.21301030558612055,0.010028923696012937
"Horsey, David",5,4,0.025774914558221174,0.34234182787732875,0.530406774896956,0.09950827166299336,0.0019682110045007306
"Horsey, David",6,5,0.05603968196905418,0.3410804833080173,0.4599614921641032,0.1346173799385867,0.008300962620238606
"Horsey, David",7,4,0.001253732217990744,0.11655762039437267,0.6244850310466936,0.25126020041748043,0.0064434159234625366
"Horsey, David",8,3,0.0020935627972971105,0.12528855643231784,0.5936807364128082,0.2685167726797869,0.010420371677789975
"Horsey, David",9,5,0.040482027172718094,0.3505629097960046,0.4923100072821248,0.1127432328339123,0.003901822915240216
"Horsey, David",10,4,0.00257827947269601,0.11560977095125136,0.5478141665207856,0.31341678788040384,0.020580995174863226
"Horsey, David",11,5,0.06958658785858607,0.35121413656840444,0.4389468982034566,0.13107091826041806,0.009181459109134815
"Horsey, David",12,3,0.0018128650415237257,0.17131455535553752,0.6742511174758883,0.1512374426003309,0.0013840195267196265
"Horsey, David",13,4,0.006141907078001829,0.20583246807612232,0.6052149712716943,0.17827030230072782,0.004540351273453758
"Horsey, David",14,4,0.0038812683966667483,0.12355357749844459,0.5224560775074996,0.3219556290103558,0.02815344758703331
"Horsey, David",15,4,0.002176050421195286,0.14372993277597912,0.625394064980994,0.22316406219981721,0.005535889622014345
"Horsey, David",16,4,0.02954446999122623,0.2303727396323612,0.46593951836430714,0.2415706444438872,0.032572627568218215
"Horsey, David",17,3,0.0030950708959989748,0.14656811653105062,0.5962799111466308,0.244954698219921,0.009102203206398651
"Horsey, David",18,5,0.07002600196175657,0.3738291450417907,0.4397479975187812,0.11065441213692506,0.0057424433407464726
"Jamieson, Scott",1,4,0.004194796301967507,0.1429462020352023,0.5577176126902148,0.2783742205170131,0.016767168455602333
"Jamieson, Scott",2,3,0.0024822832018270846,0.13400890518641173,0.5948529735366317,0.2587524185235949,0.00990341955153462
"Jamieson, Scott",3,4,0.005191771656345379,0.14804902690530236,0.5443635795827653,0.28258510577551643,0.01981051608007056
"Jamieson, Scott",4,4,0.010096045488426464,0.2136913892121502,0.5654651706677358,0.2017839701176184,0.008963424514069174
"Jamieson, Scott",5,4,0.028470651225022237,0.3560105623244249,0.5214814978847988,0.09232232740723612,0.0017149611585179914
"Jamieson, Scott",6,5,0.06016950746964672,0.350725011433962,0.4540621737025673,0.12751409277964476,0.007529214614179214
"Jamieson, Scott",7,4,0.0014732572913520037,0.12633284737437073,0.630110649079748,0.23647782652512372,0.005605419729405536
"Jamieson, Scott",8,3,0.0024197963688677993,0.13485049180147501,0.599098221815516,0.2544209828600983,0.009210507154042924
"Jamieson, Scott",9,5,0.044023052029023235,0.36219952123803034,0.4846627699075329,0.10564531835141688,0.0034693384739966637
"Jamieson, Scott",10,4,0.0029445332769666988,0.12401103156207632,0.5546142275006536,0.29989950407676313,0.018530703583540253
"Jamieson, Scott",11,5,0.07428128118556426,0.3599562322405531,0.4330018265945895,0.12439290194457031,0.008367758034722783
"Jamieson, Scott",12,3,0.002142803452311326,0.18480417748511985,0.6725206044340304,0.13936925985655324,0.001163154771985142
"Jamieson, Scott",13,4,0.006980851251884912,0.2184581316294945,0.603592008861952,0.1669993309841037,0.00396967727256492
"Jamieson, Scott",14,4,0.004378109293603327,0.13176748613927985,0.5287368437949448,0.3094968345433593,0.02562072622881273
"Jamieson, Scott",15,4,0.0025289915786790296,0.15467216740852974,0.6284034314871735,0.20957639787602633,0.00481901164959142
"Jamieson, Scott",16,4,0.03185375184306971,0.2389807855556091,0.466007361211607,0.232938075023166,0.03022002636654819
"Jamieson, Scott",17,3,0.003551006790738387,0.1569585000324027,0.5997975294366491,0.2316497147086749,0.008043249031534971
"Jamieson, Scott",18,5,0.0749527620470456,0.3830486945327236,0.4324486467505372,0.10436608438817407,0.00518381228151954
"Jarvis, Casey",1,4,0.003972430866015397,0.1389675479730536,0.5555272336866668,0.28398256651840803,0.017550220955856233
"Jarvis, Casey",2,3,0.002333117117215011,0.12985412234440447,0.5925565009699092,0.2648148381616713,0.010441421406800044
"Jarvis, Casey",3,4,0.00493042670396443,0.14411980658014656,0.5422854391669274,0.28797896885628926,0.020685358692672406
"Jarvis, Casey",4,4,0.009618380981291974,0.20877936764428123,0.5655744823725639,0.2066151579780341,0.009412611023828843
"Jarvis, Casey",5,4,0.027274243881101334,0.350083932534449,0.5254297875639033,0.0953911468077504,0.0018208892127958842
"Jarvis, Casey",6,5,0.05835041982092243,0.34655682816147926,0.45667206104028296,0.13056495766335385,0.0078557333139615
"Jarvis, Casey",7,4,0.0013740854727659624,0.12202808450648672,0.6278051590333282,0.24283656275686938,0.005956108230549706
"Jarvis, Casey",8,3,0.0022730710050495317,0.13064702625778418,0.5968646559571457,0.2604961100854434,0.009719136694577246
"Jarvis, Casey",9,5,0.04245809925960142,0.35716452928333675,0.48804149714516376,0.10868459068772163,0.003651283624176438
"Jarvis, Casey",10,4,0.0027803197886330233,0.12031949480419368,0.5517569798565936,0.30574587604648296,0.019397329504096783
"Jarvis, Casey",11,5,0.07221673893656666,0.35618416484396054,0.43562448893004513,0.12726213591755187,0.008712471371875807
"Jarvis, Casey",12,3,0.001993571899591262,0.17887929579489148,0.67343499696696,0.14443750805853484,0.0012546272800224578
"Jarvis, Casey",13,4,0.006605391072573408,0.21293662565459576,0.6044158758908442,0.17183337500449136,0.004208732377495306
"Jarvis, Casey",14,4,0.004156086532295877,0.12816363586771212,0.5260927521834896,0.3148930284542536,0.026694496962248793
"Jarvis, Casey",15,4,0.002370042332860922,0.1498646569154663,0.6272321885609379,0.21541409087234997,0.005119021318384931
"Jarvis, Casey",16,4,0.030834737000091705,0.23523796288936433,0.46603366170653016,0.23667138872251803,0.031222249681495784
"Jarvis, Casey",17,3,0.0033463769260402287,0.15239852653072927,0.5983887784730739,0.23737797439084063,0.008488343679315946
"Jarvis, Casey",18,5,0.07278494071919034,0.379074928145409,0.4356576951564463,0.10706262313674375,0.005419812842210603
"Jin, Zihao",1,4,0.003222473547410898,0.12453824268726205,0.545941855115383,0.30549048523199296,0.020806943417951196
"Jin, Zihao",2,3,0.0018386632485490328,0.11489238880064473,0.5822999981064899,0.28825106130792155,0.012717888536394772
"Jin, Zihao",3,4,0.004043237110628539,0.12982671328521417,0.5332132138971146,0.30861365741437385,0.024303178292668814
"Jin, Zihao",4,4,0.00798291350524477,0.19068166714904322,0.5646156906019357,0.22542148824755193,0.011298240496224299
"Jin, Zihao",5,4,0.023114488864969807,0.32764610013759243,0.5392831787267337,0.10767775129547286,0.0022784809752312007
"Jin, Zihao",6,5,0.051846279238250914,0.3305847975269953,0.4658303947903163,0.14252971344225152,0.009208815002185955
"Jin, Zihao",7,4,0.0010511376530445982,0.10663093183597011,0.6172279789857837,0.26762202641945076,0.007467925105750783
"Jin, Zihao",8,3,0.0017873396133151753,0.11551379517991062,0.5868123644426795,0.2840107071871806,0.011875793576914151
"Jin, Zihao",9,5,0.03693142412457345,0.33795495502569034,0.49995598945965114,0.12073667711132408,0.004420954278760991
"Jin, Zihao",10,4,0.0022303830241717226,0.10700561295252403,0.5396789161172053,0.3280847211114851,0.023000366794613814
"Jin, Zihao",11,5,0.0647905556776382,0.34164482355565523,0.4449300295968104,0.13850031377041927,0.01013427739947692
"Jin, Zihao",12,3,0.0015098226071168508,0.15748502609668635,0.6746167515045214,0.164724255252776,0.0016641445388994036
"Jin, Zihao",13,4,0.005339592041355146,0.1926762171816201,0.605865032539073,0.1908834460025779,0.0052357122353738905
"Jin, Zihao",14,4,0.0034033238909204067,0.11509400494831684,0.5149865480399703,0.33540590194370024,0.031110221177092168
"Jin, Zihao",15,4,0.0018464587814753797,0.13252181170002292,0.6209473652311455,0.23827206514927313,0.006412299138083055
"Jin, Zihao",16,4,0.027215063709544407,0.2212058391409102,0.46535956665252964,0.25094688025702216,0.0352726502399936
"Jin, Zihao",17,3,0.0026636826186851037,0.13587995866091107,0.591442399863932,0.2596368865332761,0.010377072323195735
"Jin, Zihao",18,5,0.06500373092086553,0.3636992832934171,0.44719405378785565,0.1176998274816039,0.006403104516257807
"Johnston, Ryggs",1,4,0.0034947228933654984,0.1299733181469288,0.5498703151278398,0.29716487858462615,0.019496765247239756
"Johnston, Ryggs",2,3,0.0020165321735044484,0.12050773663986203,0.5865366323702723,0.27914425808885046,0.011794840727510802
"Johnston, Ryggs",3,4,0.004366404577228866,0.13521870375781964,0.5369279459562906,0.3006354203811482,0.02285152532751278
"Johnston, Ryggs",4,4,0.008581279119958707,0.1975519464916719,0.5652419302705352,0.21808846011807326,0.010536383999760979
"Johnston, Ryggs",5,4,0.02464840638843724,0.3362768179899953,0.5341613982314426,0.10282220427569044,0.002091173114434408
"Johnston, Ryggs",6,5,0.054279293486075186,0.3367650910208885,0.4624433182309713,0.1378469835873296,0.008665313674735442
"Johnston, Ryggs",7,4,0.0011662190602997335,0.11238968619450662,0.6216412426194533,0.2579531121881635,0.00684973993757676
"Johnston, Ryggs",8,3,0.0019619503098347035,0.12119275155297987,0.5909768076290527,0.2748679899576103,0.011000500550522485
"Johnston, Ryggs",9,5,0.03898578640521222,0.34537188086152126,0.4955383771984735,0.11599508563746452,0.004108869897328504
"Johnston, Ryggs",10,4,0.0024292857491438613,0.11200662499153896,0.5445598377964168,0.31945312952499383,0.021551121937906537
"Johnston, Ryggs",11,5,0.06757692107486873,0.347286575837213,0.4414675960925402,0.1341045098084961,0.009564397186881957
"Johnston, Ryggs",12,3,0.0016817716748502853,0.1655241402987841,0.6745903845923902,0.15670985681622485,0.0014938466177505383
"Johnston, Ryggs",13,4,0.005798977018898643,0.20035139519490686,0.6056212166001025,0.18341200243818778,0.004816408747904233
"Johnston, Ryggs",14,4,0.003677350511524402,0.12001705162664938,0.5194631817553796,0.3274994328441927,0.02934298326225382
"Johnston, Ryggs",15,4,0.002034175362848001,0.13903619743870183,0.6237108477761724,0.2293353051148419,0.005883474307435854
"Johnston, Ryggs",16,4,0.028564669157706835,0.2265792345226912,0.46576400148320335,0.24542756012285583,0.033664534713542804
"Johnston, Ryggs",17,3,0.002910100042335051,0.14209800364781316,0.5944158537841187,0.25096580628641274,0.009610236239320336
"Johnston, Ryggs",18,5,0.06792013664348501,0.369676055711498,0.4428716473080521,0.1135250105579958,0.006007149778969101
"Jordan, Matthew",1,4,0.004978245709378437,0.156075559270687,0.5637140487811094,0.26076076150046,0.014471384738365067
"Jordan, Matthew",2,3,0.003016022993236389,0.14780215629118382,0.6009843584515114,0.23984813979045638,0.008349322473611975
"Jordan, Matthew",3,4,0.006107218575713391,0.16098183292871232,0.550070153920843,0.26560784683811034,0.017232947736620874
"Jordan, Matthew",4,4,0.011756212223354656,0.2296740472534709,0.5641119710030746,0.1868010591921534,0.007656710327946459
"Jordan, Matthew",5,4,0.03257120871098512,0.374823954626292,0.5081596528898548,0.08303102735436951,0.0014141564184986244
"Jordan, Matthew",6,5,0.0662538706069365,0.36382304569193785,0.44524802298768884,0.11810662269690475,0.006568438016532063
"Jordan, Matthew",7,4,0.0018338196420010222,0.14070621505507747,0.6360569164515435,0.21679461428347846,0.004608434567899611
"Jordan, Matthew",8,3,0.0029454117822705905,0.1488080673559376,0.6050050017261015,0.23549765763038188,0.00774386150530848
"Jordan, Matthew",9,5,0.049313971815946656,0.3780775622185589,0.47330034432214285,0.09636477534464427,0.0029433462987072945
"Jordan, Matthew",10,4,0.003526792093429154,0.13625286863967617,0.562747955983054,0.2814830880422009,0.015989295241639723
"Jordan, Matthew",11,5,0.08115051820040425,0.3717475361836593,0.4242177230144674,0.11553490758970075,0.007349315011768276
"Jordan, Matthew",12,3,0.0026874520820245884,0.20441154088901908,0.6679536247563889,0.12403616000174655,0.0009112222708209661
"Jordan, Matthew",13,4,0.008303771001186122,0.23648280279212153,0.5997567004839275,0.1521688843972182,0.0032878413255466032
"Jordan, Matthew",14,4,0.005156728043767322,0.14366228371346162,0.5363188200470141,0.2924202608672415,0.022441907328515365
"Jordan, Matthew",15,4,0.003100890043095661,0.17060339986580636,0.6307562549747576,0.19157347578260453,0.00396597933373577
"Jordan, Matthew",16,4,0.035282633160353516,0.2509805659605394,0.4653565489437873,0.2211732412697074,0.027207010665612374
"Jordan, Matthew",17,3,0.004278926519664217,0.1720171429805773,0.6030787291851474,0.21386463718535798,0.006760564129253077
"Jordan, Matthew",18,5,0.08217842030030575,0.3954241893301717,0.42181213590032557,0.096092686243614,0.004492568225582971
"Katsuragawa, Yuto",1,4,0.004411098086916865,0.1467027782562954,0.5596209791483853,0.27319788892420993,0.01606725558419253
"Katsuragawa, Yuto",2,3,0.0026284062126134544,0.13794273360572784,0.5968277286812185,0.2531752774393776,0.009425854061062666
"Katsuragawa, Yuto",3,4,0.005445317529030713,0.15175449877079278,0.5461717129132578,0.27760170584785804,0.019026764939060636
"Katsuragawa, Yuto",4,4,0.010557820426954856,0.21829944789995315,0.5652283033711909,0.19735103192971926,0.008563396372181842
"Katsuragawa, Yuto",5,4,0.0296199581915636,0.3615082172833499,0.5177123560689078,0.08953778060881301,0.001621687847365716
"Katsuragawa, Yuto",6,5,0.06189749091607172,0.35457326272123274,0.45156995487103113,0.12472240208189111,0.007236889409773295
"Katsuragawa, Yuto",7,4,0.0015711123195993326,0.13041954287019714,0.6320651126386326,0.2306477940214925,0.005296438150078409
"Katsuragawa, Yuto",8,3,0.002563604302344147,0.13883078270322713,0.6010112685501346,0.24883495574643621,0.008759388697857862
"Katsuragawa, Yuto",9,5,0.04551700085370375,0.366855819778159,0.48144265324098723,0.10287674211137532,0.003307784015774695
"Katsuragawa, Yuto",10,4,0.0031047309553947078,0.1275043687921653,0.5571390536093859,0.2944958479179509,0.01775599872510325
"Katsuragawa, Yuto",11,5,0.07623770605419511,0.3634304094930334,0.4305073337721814,0.12176599007562672,0.00805856060496335
"Katsuragawa, Yuto",12,3,0.0022903151205647676,0.19040637850679476,0.6714479942298951,0.13477155702328691,0.0010837551194584627
"Katsuragawa, Yuto",13,4,0.007346096956396153,0.22364597078210857,0.6026633492957088,0.16258584401665077,0.003758738949135809
"Katsuragawa, Yuto",14,4,0.0045936196637919036,0.1351704029557581,0.5310806114525747,0.30449875095633294,0.024656614971542368
"Katsuragawa, Yuto",15,4,0.002685091926928118,0.15922037616885276,0.6293063897202362,0.2042334749311575,0.004554667252825384
"Katsuragawa, Yuto",16,4,0.03282437276989891,0.24246798582744766,0.4659066108947203,0.22948729080824604,0.02931373969968709
"Katsuragawa, Yuto",17,3,0.003750930973684563,0.1612655493417392,0.600944294979399,0.22639063065981546,0.0076485940453617784
"Katsuragawa, Yuto",18,5,0.07700875162592957,0.38670252886106166,0.4294113885336172,0.10190435137871057,0.004972979600680993
"Kaymer, Martin",1,4,0.004404261780537322,0.14658568242933095,0.559563998530288,0.27335753609344104,0.01608852116640258
"Kaymer, Martin",2,3,0.002623772940960778,0.13781995518634538,0.5967689332229735,0.253347021901945,0.009440316747775235
"Kaymer, Martin",3,4,0.005437313891020479,0.1516390595737645,0.5461175472742229,0.27775547571761283,0.019050603543379285
"Kaymer, Martin",4,4,0.01054326755917745,0.21815624188442428,0.5652375813198078,0.19748737955726692,0.008575529679323513
"Kaymer, Martin",5,4,0.029583844154713046,0.36133826678730263,0.5178304058355191,0.08962298131796864,0.0016245019044965892
"Kaymer, Martin",6,5,0.061843473869644894,0.35445456059188307,0.4516480260765647,0.12480816125329697,0.007245778208610387
"Kaymer, Martin",7,4,0.0015679991695625173,0.13029183723308901,0.6320073597059289,0.23082704137382315,0.005305762517596402
"Kaymer, Martin",8,3,0.0025590433310145877,0.13870654898275042,0.6009544291337031,0.24900693343741254,0.008773045115119338
"Kaymer, Martin",9,5,0.045470192983280255,0.36671208266343985,0.48154343588373333,0.10296161107487578,0.003312677394670782
"Kaymer, Martin",10,4,0.00309966108057641,0.1273953643893352,0.5570628217618367,0.2946626148076279,0.017779537960623704
"Kaymer, Martin",11,5,0.07617661607842108,0.36332336702087015,0.4305853378945547,0.12184670819255428,0.008067970813599779
"Kaymer, Martin",12,3,0.002285618436638548,0.19023164545424792,0.6714843878892682,0.13491221382425167,0.0010861343955936853
"Kaymer, Martin",13,4,0.007334553035504177,0.22348463336893337,0.602694428844122,0.16272127558678595,0.0037651091646544455
"Kaymer, Martin",14,4,0.004586815015901691,0.13506432686489328,0.5310097342750869,0.30465315372279655,0.024685970121321565
"Kaymer, Martin",15,4,0.002680136562802582,0.15907847691671234,0.6292811291292422,0.20439761257075262,0.004562644820490291
"Kaymer, Martin",16,4,0.032793992305698294,0.24235995614899813,0.4659108278845524,0.22959379658965906,0.029341427071092108
"Kaymer, Martin",17,3,0.003744599540581539,0.16113127353751616,0.600911158399191,0.2265524289018941,0.007660539620817253
"Kaymer, Martin",18,5,0.07694452845076555,0.3865900413457802,0.4295061538528915,0.10197989237741278,0.004979383973150009
"Kieffer, Maximilian",1,4,0.004851429723896905,0.15403573361383643,0.5628999083728462,0.2634113235227685,0.014801604766651932
"Kieffer, Maximilian",2,3,0.002928811527846853,0.1456511758385443,0.6001697641168331,0.2426796314483609,0.008570617068414776
"Kieffer, Maximilian",3,4,0.005959561692106596,0.15897578059084277,0.54929333313836,0.26816638705879536,0.017604937519895225
"Kieffer, Maximilian",4,4,0.011489729636637136,0.22721321056168892,0.5644157985615876,0.18903757506524133,0.007843686174844988
"Kieffer, Maximilian",5,4,0.031918715017471344,0.37197367847521035,0.5102548216444804,0.08439628557394674,0.0014564992888911332
"Kieffer, Maximilian",6,5,0.06530024290438613,0.36185142235720974,0.44663543108576365,0.11950590962193053,0.006706994030709956
"Kieffer, Maximilian",7,4,0.0017743348597260011,0.13845681829424739,0.6352914946390738,0.21972849372387615,0.004748858483076712
"Kieffer, Maximilian",8,3,0.002859467703390628,0.14663121365185788,0.6042268810993727,0.2383299862576177,0.007952451287761009
"Kieffer, Maximilian",9,5,0.048479149321651704,0.37568215225306967,0.47508414916458847,0.09773625101340311,0.0030182982472870545
"Kieffer, Maximilian",10,4,0.003432174857429471,0.13434501090503453,0.5616081416302109,0.2842597762795833,0.016354896327741786
"Kieffer, Maximilian",11,5,0.08007740146101733,0.3699787389941312,0.4255937310401301,0.11685353732048209,0.007496591184239287
"Kieffer, Maximilian",12,3,0.0025973977919365177,0.2013607087424844,0.6688085694957395,0.1262873846219763,0.000945939347863245
"Kieffer, Maximilian",13,4,0.008089641608113818,0.23370202773807747,0.6004573690577737,0.1543668612201975,0.0033841003758374733
"Kieffer, Maximilian",14,4,0.005031048716449771,0.14181394848239826,0.5352501635528842,0.29500269887073083,0.022902140377536906
"Kieffer, Maximilian",15,4,0.0030071335923421705,0.16812205465206698,0.6305341853654624,0.19425048282909674,0.004086143561031763
"Kieffer, Maximilian",16,4,0.03474314642531878,0.24915009412538147,0.4655109022636767,0.2229480525291907,0.02764780465643235
"Kieffer, Maximilian",17,3,0.0041604113493757255,0.1696766973393179,0.602698890122122,0.21652107963342426,0.006942921555760151
"Kieffer, Maximilian",18,5,0.08104839524710666,0.3935725215030831,0.42346786428091704,0.09731927164831544,0.004591947320577772
"Kim, Minkyu",1,4,0.003959989975279021,0.13874126748636822,0.5553971014275043,0.2843055278628467,0.01759611324800181
"Kim, Minkyu",2,3,0.002324804169300365,0.12961819107626488,0.5924193640778708,0.26516457028930696,0.010473070387256977
"Kim, Minkyu",3,4,0.004915783460356149,0.1438961893758467,0.5421620516423962,0.288289408626465,0.02073656689493597
"Kim, Minkyu",4,4,0.00959156505760761,0.20849901435687945,0.5655761634782691,0.20689426803693645,0.00943898907030738
"Kim, Minkyu",5,4,0.02720684323120659,0.34974359280865713,0.5256528867823618,0.0955695290584162,0.0018271481193583572
"Kim, Minkyu",6,5,0.05824730039140863,0.3463168413374163,0.45681951820564415,0.13074148674287622,0.007874853322654696
"Kim, Minkyu",7,4,0.0013685809304661567,0.1217839989077199,0.6276665361033309,0.24320406252314697,0.005976821535336074
"Kim, Minkyu",8,3,0.0022648964810543792,0.13040834314156852,0.5967310177074153,0.2608466714302373,0.00974907123972446
"Kim, Minkyu",9,5,0.042369629172325396,0.3568749050225532,0.48823259994189716,0.10886088031526886,0.003661985547955382
"Kim, Minkyu",10,4,0.0027711470830444895,0.12010980370625501,0.5515886528328771,0.3060822800786137,0.019448116299209728
"Kim, Minkyu",11,5,0.07209954924081952,0.35596670049696316,0.4357730067312409,0.12742810735438126,0.008732636176595143
"Kim, Minkyu",12,3,0.00198529713014467,0.17854261385598386,0.6734798843823246,0.1447321307352165,0.001260073896330316
"Kim, Minkyu",13,4,0.006584385990587194,0.21262176012539524,0.6044576034724058,0.17211340942988085,0.004222840981730869
"Kim, Minkyu",14,4,0.004143650106850694,0.12795867711057063,0.5259372267825326,0.31520317285734434,0.02675727314270171
"Kim, Minkyu",15,4,0.0023611966791645678,0.14959154446944217,0.6271587126731248,0.2157518052943337,0.005136740883934676
"Kim, Minkyu",16,4,0.030777057671344088,0.23502352798246412,0.4660325818611358,0.23688621407039157,0.03128061841466445
"Kim, Minkyu",17,3,0.003334956227729835,0.15213924209575447,0.598302460392154,0.23770879813224655,0.008514543152115195
"Kim, Minkyu",18,5,0.07266194525733938,0.37884563180294406,0.43583992523469006,0.10721884916028612,0.005433648544740377
"Kimsey, Nathan",1,4,0.004275049229562788,0.1443526026598475,0.5584485695870867,0.2764229813146244,0.016500797208878648
"Kimsey, Nathan",2,3,0.0025363828365923546,0.13548043761967915,0.5956138663533761,0.2566480199551049,0.009721293235247508
"Kimsey, Nathan",3,4,0.00528591839251169,0.1494367915604798,0.5450576831539398,0.280707164878647,0.019512442014421816
"Kimsey, Nathan",4,4,0.01026769599243521,0.21541992826741607,0.5653913307873153,0.2001100278541914,0.00881101709864196
"Kimsey, Nathan",5,4,0.028898691780367636,0.3580798310389464,0.5200748471226015,0.09126732503784751,0.001679305020236832
"Kimsey, Nathan",6,5,0.06081524261379567,0.3521755022079234,0.45313217887123525,0.12645905893225573,0.007418017374789976
"Kimsey, Nathan",7,4,0.0015094070056829723,0.1278603461181303,0.6308671528146357,0.23427577080543394,0.005487323256117116
"Kimsey, Nathan",8,3,0.0024730303825676314,0.1363393639518815,0.5998362674327216,0.25231291395832955,0.009038424274499746
"Kimsey, Nathan",9,5,0.04458050037378142,0.363953714233167,0.4834604490656685,0.10459760262992723,0.003407733697455839
"Kimsey, Nathan",10,4,0.003003918269738004,0.1253179932378466,0.5555787808584223,0.29786342948110733,0.018235878152885743
"Kimsey, Nathan",11,5,0.0750129134871878,0.3612666748906323,0.4320698980320117,0.12340030446063732,0.008250209129530894
"Kimsey, Nathan",12,3,0.002197268402904795,0.18690069329480175,0.6721422323761418,0.13762713334431176,0.0011326725818399108
"Kimsey, Nathan",13,4,0.007116364022028754,0.22040326314249098,0.6032610471722497,0.16533023530455304,0.0038890903586775716
"Kimsey, Nathan",14,4,0.004458119845977104,0.133041452270092,0.5296313537812395,0.307614772508752,0.025254301593939377
"Kimsey, Nathan",15,4,0.002586741086351374,0.15637394184490583,0.628764063734582,0.20755727539718338,0.004717977936977369
"Kimsey, Nathan",16,4,0.03221616634531638,0.24029156303368288,0.4659780727530295,0.23163788550184838,0.02987631236612287
"Kimsey, Nathan",17,3,0.0036250850701829984,0.15857081900449166,0.6002472728641055,0.22966413097026173,0.007892692090958109
"Kimsey, Nathan",18,5,0.07572143869243603,0.3844276071698292,0.4313122903816331,0.10343510120682009,0.005103562549281571
"Ko, Jeong Weon",1,4,0.0032362668512707082,0.1248195679178174,0.5461551858986169,0.3050525737051397,0.020736405627155285
"Ko, Jeong Weon",2,3,0.0018476273362619255,0.1151824193534926,0.582531016411588,0.2877709799433914,0.012667956955266124
"Ko, Jeong Weon",3,4,0.0040596426480155046,0.1301060625028111,0.5334148439261264,0.30819430463057695,0.02422514629247008
"Ko, Jeong Weon",4,4,0.008013366579259995,0.1910389095017095,0.564656525928398,0.2250340824163276,0.011257115574304866
"Ko, Jeong Weon",5,4,0.023192910230440678,0.328098334019193,0.5390213151275731,0.107419151293344,0.0022682893294492246
"Ko, Jeong Weon",6,5,0.05197172123338695,0.33090979969301193,0.46565715499903376,0.14228174522929804,0.00917957884526932
"Ko, Jeong Weon",7,4,0.001056905863934754,0.10692775266040927,0.6174698949855555,0.26711113283602317,0.007434313654077318
"Ko, Jeong Weon",8,3,0.001796135972211177,0.1158070868449329,0.5870397977787812,0.2835285612245799,0.01182841817949476
"Ko, Jeong Weon",9,5,0.03703694905246663,0.33834446965590104,0.499729696435871,0.12048481413477496,0.004404070720986364
"Ko, Jeong Weon",10,4,0.0022404388023187227,0.10726404830871766,0.5399419441505457,0.3276312177545666,0.022922350983851203
"Ko, Jeong Weon",11,5,0.0649344732419122,0.3419419973967988,0.4447522507906828,0.13826761678231447,0.010103661788291696
"Ko, Jeong Weon",12,3,0.0015184283049177738,0.15790048476052088,0.6746287267251871,0.16429757120290223,0.0016547890064719795
"Ko, Jeong Weon",13,4,0.005362861719005463,0.1930748004010459,0.6058620414311757,0.19048736241800546,0.005212934030767391
"Ko, Jeong Weon",14,4,0.0034172297764402115,0.1153488370318993,0.5152274595363413,0.3349911000630268,0.03101537359229245
"Ko, Jeong Weon",15,4,0.00185590065035246,0.13285842717008567,0.6211029084725121,0.23779921788011804,0.00638354582693168
"Ko, Jeong Weon",16,4,0.02728451625844952,0.22148670667341536,0.46538528381908123,0.25065674153011774,0.03518675171893615
"Ko, Jeong Weon",17,3,0.002676125591638212,0.1362016758225909,0.5916075624798622,0.2591790787125241,0.010335557393384542
"Ko, Jeong Weon",18,5,0.06515426689351533,0.36401441690379754,0.44697116038821505,0.11747838297125035,0.0063817728432217224
"Kobori, Kazuma",1,4,0.004280595909202267,0.14444924772823436,0.5584979855919385,0.276289484870369,0.01648268590025581
"Kobori, Kazuma",2,3,0.002540127005989601,0.1355816127250038,0.5956651972907238,0.256504136376712,0.009708926601570855
"Kobori, Kazuma",3,4,0.00529242202014768,0.14953213404405957,0.5451046197899863,0.2805786580264903,0.019492166119316146
"Kobori, Kazuma",4,4,0.010279545456736483,0.21553856194669402,0.5653855979806888,0.19999563276908272,0.008800661846798064
"Kobori, Kazuma",5,4,0.028928204324515372,0.35822153971585274,0.5199779849118398,0.09119538335054478,0.0016768876972472757
"Kobori, Kazuma",6,5,0.060859668583075344,0.3522747449029754,0.4530681349818112,0.1263869971800191,0.007410454352118956
"Kobori, Kazuma",7,4,0.0015119123778101207,0.12796542298581765,0.6309180399280365,0.23412530875686544,0.0054793159514702205
"Kobori, Kazuma",8,3,0.002476715017771969,0.13644173305538776,0.59988601699272,0.2521687934475315,0.009026741486588663
"Kobori, Kazuma",9,5,0.04461888889486554,0.36407377480593117,0.4833776825897407,0.10452610332674295,0.0034035503827196667
"Kobori, Kazuma",10,4,0.0030080249508899204,0.12540784414074568,0.5556442081974499,0.29772409099408537,0.018215831716829167
"Kobori, Kazuma",11,5,0.0750632256930665,0.3613562936419743,0.4320057693831451,0.12333250011245567,0.008242211169358415
"Kobori, Kazuma",12,3,0.0022010444019460174,0.1870448003866601,0.6721152011152267,0.13750834231511178,0.0011306117810554461
"Kobori, Kazuma",13,4,0.007125730079389547,0.22053680160396744,0.6032375617913506,0.1652162818028332,0.003883624722459289
"Kobori, Kazuma",14,4,0.004463647513375413,0.133128997943602,0.529692067829983,0.30748592119835105,0.025229365514688462
"Kobori, Kazuma",15,4,0.002590739800845898,0.15649092889032817,0.6287878443546342,0.20741935949355328,0.004711127460638509
"Kobori, Kazuma",16,4,0.03224111329437923,0.2403814058121596,0.4659756859307221,0.23154890551333962,0.029852889449399456
"Kobori, Kazuma",17,3,0.0036302093126520663,0.15868162205926772,0.600277273278274,0.22952842408152574,0.007882471268280566
"Kobori, Kazuma",18,5,0.07577430670572827,0.38452187758473644,0.43123416795305447,0.10337154107704416,0.005098106679436665
"Kruyswijk, Jacques",1,4,0.0049201262376602495,0.15514451156818027,0.563347583201347,0.2619667917957359,0.014620987197076607
"Kruyswijk, Jacques",2,3,0.002976016857916597,0.1468200192419155,0.6006185816437468,0.24113590200441726,0.008449480252003871
"Kruyswijk, Jacques",3,4,0.006039571588613846,0.16006634372349288,0.5497203839886813,0.266772172944336,0.017401527754876023
"Kruyswijk, Jacques",4,4,0.011634185933439123,0.22855183355627123,0.5642547023228004,0.1878179027060325,0.007741375481456814
"Kruyswijk, Jacques",5,4,0.032272681701698225,0.37352622426195664,0.5091169867916172,0.0836508073232769,0.0014332999214510256
"Kruyswijk, Jacques",6,5,0.06581821603422261,0.3629259216688024,0.44588202959068357,0.11874260696898353,0.0066312257373079
"Kruyswijk, Jacques",7,4,0.0018065062438953339,0.1396787895189308,0.6357144725547268,0.21812830781692116,0.004671923865525951
"Kruyswijk, Jacques",8,3,0.002905984290446584,0.14781410613860524,0.6046559401568463,0.23678571126035508,0.007838258153746835
"Kruyswijk, Jacques",9,5,0.048932343103202214,0.3769873786431,0.47411528135725955,0.09698772461232585,0.0029772722841123755
"Kruyswijk, Jacques",10,4,0.0034834124099540342,0.1353817895782618,0.5622331325551931,0.28274673679956075,0.016154928657030276
"Kruyswijk, Jacques",11,5,0.08066043388324107,0.37094297533760545,0.4248462373907591,0.11613428133780845,0.00741607205058592
"Kruyswijk, Jacques",12,3,0.0026460933230011974,0.20301886305274608,0.6683501221021877,0.12505803533325,0.0009268861888149793
"Kruyswijk, Jacques",13,4,0.008205637105716701,0.2352144499714625,0.6000810315647822,0.15316750884245756,0.0033313725155810214
"Kruyswijk, Jacques",14,4,0.005099145511115566,0.14281862148138347,0.5358358355420831,0.29359585541740263,0.0226505420480152
"Kruyswijk, Jacques",15,4,0.003057867479498766,0.1694705617026025,0.6306611392009895,0.1927901220972006,0.004020309519708665
"Kruyswijk, Jacques",16,4,0.03503608021873528,0.25014656718622047,0.4654293098072006,0.22198100690415257,0.02740703588369109
"Kruyswijk, Jacques",17,3,0.004224580013328649,0.17094884964362916,0.6029110198692647,0.2150724639150038,0.006843086558773748
"Kruyswijk, Jacques",18,5,0.08166229237206385,0.39458215295281707,0.42256796457572715,0.0966500007756319,0.004537589323760027
"Lacroix, Frederic",1,4,0.005008811031223026,0.15656266141006348,0.563902367159739,0.26013230468902804,0.014393855709946557
"Lacroix, Frederic",2,3,0.003037087517822834,0.14831622284631607,0.6011717222345146,0.23917748617324452,0.008297481228101922
"Lacroix, Frederic",3,4,0.006142778478320121,0.16146070002310625,0.5502499621194967,0.26500101119078945,0.017145548188287396
"Lacroix, Frederic",4,4,0.01182031793188787,0.23026049750045352,0.5640346129585336,0.1862717099618263,0.007612861647298685
"Lacroix, Frederic",5,4,0.03272786385739179,0.375500742079495,0.5076581293617238,0.08270900324654762,0.0014042614548417376
"Lacroix, Frederic",6,5,0.06648205348824926,0.3642905429607281,0.44491583694628967,0.11777567824050794,0.006535888364225029
"Lacroix, Frederic",7,4,0.0018482186833920222,0.14124422023278727,0.6362314838524531,0.2161004608810544,0.0045756163503132274
"Lacroix, Frederic",8,3,0.0029661734744624857,0.14932832975346716,0.6051835760243967,0.23482691137014844,0.007695009377525208
"Lacroix, Frederic",9,5,0.049514023762865955,0.3786458150497098,0.4728735017014081,0.09604087502340808,0.00292578446260805
"Lacroix, Frederic",10,4,0.0035496169994073123,0.13670877415245414,0.563013696944013,0.2808244547327835,0.015903457171342006
"Lacroix, Frederic",11,5,0.08140710469666812,0.3721666164335745,0.42388860126928285,0.11522298163315958,0.0073146959673149325
"Lacroix, Frederic",12,3,0.0027092614854172803,0.20514026681929792,0.6677420381985177,0.12350528678926054,0.0009031467075064636
"Lacroix, Frederic",13,4,0.00835537927458585,0.23714577998806202,0.5995840265208114,0.15164948115000487,0.0032653330665357583
"Lacroix, Frederic",14,4,0.005187000250116702,0.14410367992871526,0.5365683286472542,0.2918072918315072,0.022333699342406588
"Lacroix, Frederic",15,4,0.003123552273759156,0.17119624927774546,0.6308018783018569,0.19094042515317966,0.003937894993458868
"Lacroix, Frederic",16,4,0.03541183336118525,0.25141590256730706,0.4653169530359038,0.22075217694779958,0.027103134087804293
"Lacroix, Frederic",17,3,0.004307528626964319,0.1725760692543759,0.6031627165559533,0.21323582656791662,0.006717858994789827
"Lacroix, Frederic",18,5,0.08244867797703687,0.39586264340006294,0.4214166459433439,0.09580279500766009,0.00446923767189622
"Lagergren, Joakim",1,4,0.004127697412999343,0.14175851910695408,0.5570828955810343,0.2800346059711466,0.01699628192786573
"Lagergren, Joakim",2,3,0.002437157463698658,0.1327673794843337,0.5941899297819733,0.26054509849867746,0.010060434771316906
"Lagergren, Joakim",3,4,0.005112986325979285,0.14687661268092994,0.5437611214285526,0.28418257816336645,0.020066701401171727
"Lagergren, Joakim",4,4,0.009952231898404162,0.21222850992351744,0.565513388045273,0.2032111950299268,0.009094675102878647
"Lagergren, Joakim",5,4,0.028111264531695324,0.35425270064927306,0.522665041525005,0.09322520911136656,0.0017457841826600262
"Lagergren, Joakim",6,5,0.059625301062465,0.34949085531138946,0.45484458219578705,0.128414455015744,0.007624806414614493
"Lagergren, Joakim",7,4,0.0014431771521081216,0.12504525140569478,0.6294482635234755,0.23835582010241674,0.005707487816304813
"Lagergren, Joakim",8,3,0.002375400518432935,0.13359437557096132,0.5984542275854343,0.25621709143417304,0.009358904890998332
"Lagergren, Joakim",9,5,0.04355402916882023,0.3607077927745451,0.48567494767230035,0.10654078641007847,0.003522443974255829
"Lagergren, Joakim",10,4,0.002894929984962935,0.12290815522575799,0.553781373760392,0.3016312597477815,0.01878428128110554
"Lagergren, Joakim",11,5,0.07366418515238227,0.35884033808026117,0.4337869031379158,0.12523982736229056,0.008468746267150218
"Lagergren, Joakim",12,3,0.0020975101634187476,0.18303454998813595,0.6728179998950192,0.14086030818750173,0.0011896317659243483
"Lagergren, Joakim",13,4,0.006867552423671153,0.21681279909286133,0.6038555526572176,0.16842480386794045,0.004039291958309432
"Lagergren, Joakim",14,4,0.004311165427493213,0.13069166615892758,0.5279652789190821,0.3110964675286839,0.02593542196581322
"Lagergren, Joakim",15,4,0.002480862162413777,0.1532360022331163,0.6280774131001452,0.21129939134786035,0.0049063311564644385
"Lagergren, Joakim",16,4,0.031548598547597895,0.23786890997235338,0.46602406366027815,0.23404391195060792,0.03051451586916265
"Lagergren, Joakim",17,3,0.003489161410738517,0.15559709109338654,0.5993983265464926,0.23334232496837537,0.008173095981007017
"Lagergren, Joakim",18,5,0.07430459986371485,0.3818738366902022,0.43340751288307783,0.10516120116504668,0.005252849397958448
"Langasque, Romain",1,4,0.004739644227236384,0.15221183214279704,0.5621365294807079,0.2658073350285117,0.015104659120746988
"Langasque, Romain",2,3,0.0028521886838381305,0.14373032289303833,0.5993997995591094,0.24524329792241129,0.008774390941602817
"Langasque, Romain",3,4,0.0058292441349585,0.15718109283538512,0.5485656547866639,0.27047806354413717,0.017945944698855354
"Langasque, Romain",4,4,0.011254140457434114,0.2250060200137648,0.5646594508108533,0.19106481134726572,0.008015577370682037
"Langasque, Romain",5,4,0.031340106071356344,0.3694029045433946,0.5121209965552621,0.08564035542653492,0.0014956374034520437
"Langasque, Romain",6,5,0.06445018444536016,0.3600692799561535,0.4478707710802653,0.12077572736356978,0.006834037154651251
"Langasque, Romain",7,4,0.0017222487451041824,0.13645049448095503,0.6345593621683652,0.22238926076464838,0.004878633840927238
"Langasque, Romain",8,3,0.0027839768506446316,0.14468732820210817,0.6034890621526412,0.24089502940943264,0.00814460338517331
"Langasque, Romain",9,5,0.04773669657821489,0.3735185478012501,0.47667388540342653,0.09898357313924633,0.00308729707786215
"Langasque, Romain",10,4,0.0033488855068594114,0.13264093112058234,0.5605515747919929,0.28676820172083217,0.01669040685973311
"Langasque, Romain",11,5,0.07911975254785303,0.3683780389429489,0.4268208782122259,0.11804982460520996,0.007631505691762186
"Langasque, Romain",12,3,0.0025186044830313725,0.1986340491390906,0.6695296346899534,0.1283394564662107,0.0009782552217139084
"Langasque, Romain",13,4,0.007900884827691579,0.23120952630079938,0.6010525935690926,0.15636400539780582,0.003472989904610646
"Langasque, Romain",14,4,0.004920156641550433,0.14016138158287073,0.5342616302967341,0.2973332411205982,0.023323590358246493
"Langasque, Romain",15,4,0.002924855464300824,0.16590521142102277,0.6302925176643364,0.19668022547329,0.0041971899770500976
"Langasque, Romain",16,4,0.03426289266554727,0.24750311374034828,0.4656329675467349,0.22455098834940002,0.028050037697969543
"Langasque, Romain",17,3,0.004056154451175631,0.16758423010347295,0.6023201830097284,0.21892850359351557,0.0071109288421074
"Langasque, Romain",18,5,0.0800403328218231,0.3918953202637707,0.4249475926898648,0.09843359188168999,0.004683162342851377
"Laporta, Francesco",1,4,0.00571771602080684,0.16740348278665845,0.5675116927140473,0.24657608873919024,0.012791019739297194
"Laporta, Francesco",2,3,0.0035302733673927555,0.15979782673213905,0.6046585092807372,0.22477752740568469,0.007235863214046345
"Laporta, Francesco",3,4,0.006964597414772067,0.17210181327459528,0.5537083247007217,0.2518923437074836,0.015332920902427327
"Laporta, Francesco",4,4,0.013294561609346167,0.24319613689420772,0.5618586516900644,0.17493995113119998,0.006710698675181703
"Laporta, Francesco",5,4,0.03629877644752688,0.39018877752978676,0.49639120057629005,0.07591750494687599,0.0012037404995203227
"Laporta, Francesco",6,5,0.07160704489655245,0.37437528685490384,0.437443700937331,0.11071283512499996,0.0058611321862127586
"Laporta, Francesco",7,4,0.0021886448726414764,0.15330094818608586,0.6393333685700933,0.20126665118918907,0.003910387181990327
"Laporta, Francesco",8,3,0.003452610478346718,0.1609494477406937,0.6084673392445764,0.22043486746789964,0.006695735068483533
"Laporta, Francesco",9,5,0.05403647927688715,0.39092872276309953,0.4632971943539683,0.0891717966100346,0.002565806996010389
"Laporta, Francesco",10,4,0.004081086427693226,0.14688641795861812,0.5683115866335341,0.26659224537921355,0.014128663600941005
"Laporta, Francesco",11,5,0.08715159416677526,0.38117606359239925,0.41651666947879695,0.1085605097091652,0.00659516305286334
"Laporta, Francesco",12,3,0.003225969576950205,0.22137403590032978,0.6623342100065474,0.11232307576859946,0.0007427087475732064
"Laporta, Francesco",13,4,0.009552102519125139,0.251795529306976,0.5952367638593876,0.14060756987945844,0.002808034435052731
"Laporta, Francesco",14,4,0.005887150771826222,0.15392977412105274,0.5415778308044934,0.2785225032731904,0.0200827410294373
"Laporta, Francesco",15,4,0.0036558919885559815,0.18441972200629458,0.6311137275649104,0.1774421351510881,0.0033685232891510486
"Laporta, Francesco",16,4,0.03832499314247667,0.26093397249168443,0.4641765553648509,0.21164407417414188,0.0249204048268461
"Laporta, Francesco",17,3,0.004974756179987494,0.18501814178240722,0.6043929807468049,0.199769521813555,0.00584459947724536
"Laporta, Francesco",18,5,0.08850542957864355,0.4052630796148851,0.4126092585286594,0.08963524670673884,0.003986985571073132
"Larrazabal, Pablo",1,4,0.004258447725552228,0.14406291062457144,0.5582998214052861,0.2768235868636729,0.016555233380917356
"Larrazabal, Pablo",2,3,0.0025251802433282067,0.13517720859185345,0.5954592690792022,0.257079866338888,0.009758475746728168
"Larrazabal, Pablo",3,4,0.005266450139689682,0.14915098713469394,0.544916407612605,0.2810927778969242,0.019573377216087207
"Larrazabal, Pablo",4,4,0.01023221904097027,0.21506421183051538,0.5654080098163027,0.2004534123514632,0.008842146960748476
"Larrazabal, Pablo",5,4,0.02881030427108655,0.3576546869580757,0.5203650376110025,0.0914833951191727,0.0016865760406625796
"Larrazabal, Pablo",6,5,0.0606821168517615,0.3518776919662225,0.4533240451709933,0.12667539874286504,0.007440747268157688
"Larrazabal, Pablo",7,4,0.0015019135945030238,0.12754546455322752,0.6307137768024151,0.23472743745689484,0.0055114075929594275
"Larrazabal, Pablo",8,3,0.002462006203930389,0.13603255780891516,0.599686401610134,0.25274548224776605,0.009073552129254425
"Larrazabal, Pablo",9,5,0.04446549441942205,0.36359346270869686,0.4837084294309941,0.10481230206283021,0.0034203113780567618
"Larrazabal, Pablo",10,4,0.0029916285170743517,0.12504869666985235,0.5553820074021079,0.29828153712212435,0.01829613028884114
"Larrazabal, Pablo",11,5,0.07486213118497537,0.36099771223750465,0.4322620552593263,0.12360385739295088,0.008274243925242786
"Larrazabal, Pablo",12,3,0.0021859756085031434,0.18646876400880064,0.6722224685552152,0.13798391617783246,0.0011388756496486518
"Larrazabal, Pablo",13,4,0.007088330985945024,0.22000288586289074,0.6033308753000401,0.1656723792070861,0.0039055286440380366
"Larrazabal, Pablo",14,4,0.004441573510196473,0.1327790365139167,0.5294487850702339,0.30800137113746506,0.025329233768187853
"Larrazabal, Pablo",15,4,0.002574778383424181,0.15602330913173856,0.6286920137060363,0.20797131607109665,0.004738582707704331
"Larrazabal, Pablo",16,4,0.032141421078994536,0.24002208317595997,0.4659849403405837,0.2319048828086967,0.02994667259576511
"Larrazabal, Pablo",17,3,0.0036097512664234888,0.15823869446786598,0.6001566528562894,0.23007147687828966,0.007923424531131484
"Larrazabal, Pablo",18,5,0.0755630032372418,0.38414466016239096,0.4315464353225277,0.10362593991886304,0.005119961358976521
"Lemke, Niklas",1,4,0.004423655941546756,0.14691760505091173,0.559725129770286,0.27290527799158626,0.01602833124566927
"Lemke, Niklas",2,3,0.002636919744413546,0.13816801189970723,0.5969351411746232,0.2528605377214723,0.009399389459783691
"Lemke, Niklas",3,4,0.0054600180640528295,0.1519662757316993,0.5462707244561845,0.2773198550343876,0.018983126713675746
"Lemke, Niklas",4,4,0.01058454614130272,0.2185621053792231,0.5652109703303909,0.19710118706075885,0.008541191088324407
"Lemke, Niklas",5,4,0.02968626228479465,0.3618197775170771,0.517495688606312,0.08938173131643423,0.0016165402753820501
"Lemke, Niklas",6,5,0.06199661779843518,0.354790829528847,0.45142666091536005,0.12456527350698421,0.007220618250373567
"Lemke, Niklas",7,4,0.0015768343993821654,0.13065388764875324,0.6321705449391275,0.23031935169045004,0.005279381322287113
"Lemke, Niklas",8,3,0.002571985168853652,0.13905873207977515,0.6011150871155095,0.24851979530526003,0.008734400330601577
"Lemke, Niklas",9,5,0.045602915908894204,0.3671192908127454,0.48125768918082923,0.10272127439858825,0.0032988296989429067
"Lemke, Niklas",10,4,0.0031140451208293007,0.12770436983582228,0.5572785028714434,0.2941901696574051,0.017712912514499912
"Lemke, Niklas",11,5,0.07634980117111445,0.3636265854400193,0.4303641855054258,0.12161809427321835,0.008041333610222079
"Lemke, Niklas",12,3,0.002298948416184332,0.19072696502834147,0.6713807395841651,0.13451394145234818,0.0010794055189609075
"Lemke, Niklas",13,4,0.0073673024114664365,0.22394190209475084,0.602605979843092,0.16233773033429022,0.0037470853164004447
"Lemke, Niklas",14,4,0.0046061182563638114,0.13536501344639978,0.5312102846713922,0.304215710361204,0.024602873264640168
"Lemke, Niklas",15,4,0.002694198253317348,0.15948072882615366,0.629352258225703,0.20393274064782974,0.004540074046996301
"Lemke, Niklas",16,4,0.03288013054619571,0.24266606894894655,0.4658986972717981,0.2292920673617561,0.029263035871303522
"Lemke, Niklas",17,3,0.003762563538406094,0.1615118982947124,0.6010046583056097,0.22609414345033474,0.0076267364109370295
"Lemke, Niklas",18,5,0.07712659991791171,0.3869086687386262,0.42923751588381415,0.10176595815321499,0.004961257306432931
"Levy, Alexander",1,4,0.0036745929090903906,0.13343620382983262,0.5521684250694279,0.29200423428577815,0.018716543905870964
"Levy, Alexander",2,3,0.0021350896971309985,0.1240984576389586,0.5889954341582337,0.27352132128614626,0.011249697219530397
"Levy, Alexander",3,4,0.004579207026027932,0.13864887369681955,0.5391030195632958,0.29568421736110995,0.021984682352746754
"Levy, Alexander",4,4,0.008973611611716392,0.20189521608873157,0.5654694143927281,0.21357700530158075,0.010084752605243108
"Levy, Alexander",5,4,0.02564646943741944,0.34166138847483496,0.5308343470235174,0.09987612852976091,0.001981666534467297
"Levy, Alexander",6,5,0.05584004113566243,0.3405974538476375,0.46024409442700753,0.13497726723185233,0.008341143357840197
"Levy, Alexander",7,4,0.0012436269242845355,0.11608493730833364,0.62417659125909,0.25200694664341594,0.006487897864875913
"Levy, Alexander",8,3,0.0020784137822902893,0.12482463955593143,0.5933865417969949,0.26922632780373834,0.010484077061045038
"Levy, Alexander",9,5,0.0403119374460269,0.3499813789161945,0.4926772684351054,0.11310484682607602,0.0039245683765971595
"Levy, Alexander",10,4,0.002561168242284362,0.11520180169689981,0.5474562933583982,0.31409281735644257,0.020687919345975025
"Levy, Alexander",11,5,0.06935893950457606,0.3507750036531564,0.43923328813990037,0.13140904213041726,0.00922372657194992
"Levy, Alexander",12,3,0.001797713727187733,0.1706590398122234,0.6743023256118664,0.15184496235125078,0.00139595849747165
"Levy, Alexander",13,4,0.006102573156031521,0.20521389102916504,0.6052701750918676,0.17884276923281606,0.004570591490119735
"Levy, Alexander",14,4,0.003857905227672709,0.12315357787821374,0.5221265946023816,0.3225771000426273,0.028284822249104558
"Levy, Alexander",15,4,0.0021597042480478446,0.14319848802368657,0.6252158606005882,0.22385200589608467,0.005573941231592716
"Levy, Alexander",16,4,0.029433215219590914,0.22994638635158787,0.4659242832354209,0.24200250382447774,0.03269361136892257
"Levy, Alexander",17,3,0.003073812046399782,0.14606240099803014,0.5960800506112458,0.24562575312664825,0.009157983217676025
"Levy, Alexander",18,5,0.06978735858600199,0.3733651222568425,0.44010197372329546,0.11097393987322368,0.005771605560636384
"Li, Haotong",1,4,0.005423015092319239,0.16299888335563767,0.5661765251143731,0.2519865362101792,0.013415040227490849
"Li, Haotong",2,3,0.0033241978656372018,0.15512364709986276,0.6033959607696004,0.2305093718717076,0.007646822393192032
"Li, Haotong",3,4,0.0066236175453103785,0.167782084995793,0.5524258086020588,0.2571285354719903,0.016039953384847427
"Li, Haotong",4,4,0.012684541207247935,0.2379669946600083,0.562844730320232,0.17944281100191828,0.007060922810593562
"Li, Haotong",5,4,0.03482838099538166,0.38430639602551053,0.5009914809731276,0.07859286493563489,0.0012808770703452987
"Li, Haotong",6,5,0.06951393185633847,0.3703503893382592,0.4404968976620344,0.11351451656488498,0.006124264578482919
"Li, Haotong",7,4,0.002045651689826844,0.14838346856628504,0.6382497281038606,0.20715483534673174,0.00416631629329578
"Li, Haotong",8,3,0.0032492779783667713,0.15621822329770013,0.6072889259116829,0.22616127574510125,0.007082297067148913
"Li, Haotong",9,5,0.05218277938690302,0.38602092795399606,0.46720447260986997,0.09188657798956734,0.002705242059663604
"Li, Haotong",10,4,0.0038596736271933607,0.14274413572924755,0.5662983183087136,0.2722782035324173,0.014819668802428243
"Li, Haotong",11,5,0.08480966365889459,0.37758747123688013,0.4195220074580618,0.111204663086521,0.006876194559642501
"Li, Haotong",12,3,0.0030086908346498853,0.2147752566944528,0.6646878412723188,0.1167245304151705,0.0008036807834079784
"Li, Haotong",13,4,0.009054672316399948,0.2458676215067333,0.5971159895353866,0.1449774989221505,0.0029842177193296626
"Li, Haotong",14,4,0.005596529887158697,0.14993683654523454,0.5396652505878569,0.2838390603957055,0.0209623225840444
"Li, Haotong",15,4,0.0034330632537088457,0.1790405787363612,0.6311453603770374,0.18279339909374237,0.0035875985391502496
"Li, Haotong",16,4,0.037132616246888794,0.2571054881717575,0.46469813062459586,0.2152853158721456,0.025778449084612243
"Li, Haotong",17,3,0.004696508904179941,0.17996243612750834,0.604037034867366,0.20512166933633413,0.006182350764611488
"Li, Haotong",18,5,0.08603479842048611,0.40152476266929976,0.416188336497123,0.0920773768764045,0.00417472553668663
"Lindberg, Mikael",1,4,0.0037301504223085646,0.1344865958542874,0.5528352477935048,0.29046028293347204,0.018487722996427203
"Lindberg, Mikael",2,3,0.0021718698860233587,0.1251895672230527,0.5897057242687138,0.2718423542121693,0.01109048441004079
"Lindberg, Mikael",3,4,0.004644828431958736,0.1396885552706747,0.53973447141869,0.2942020382913755,0.021730106587301012
"Lindberg, Mikael",4,4,0.009094335378936058,0.203207517731404,0.5655132811122341,0.21223226629613312,0.00995259948129279
"Lindberg, Mikael",5,4,0.0259524052958639,0.3432775080782121,0.5298162093603036,0.09900403214349651,0.0019498451221239277
"Lindberg, Mikael",6,5,0.05631510678987889,0.34174424465504694,0.4595711661347542,0.13412349073014662,0.008245991690173371
"Lindberg, Mikael",7,4,0.0012677496629212026,0.11720972978598176,0.624904786418737,0.2502350402301471,0.00638269390221291
"Lindberg, Mikael",8,3,0.0021145562563079645,0.12592833017041172,0.5940815014325928,0.26754228431747407,0.0103333278232135
"Lindberg, Mikael",9,5,0.04071685142692533,0.35136222817464957,0.49180289605274424,0.11224728358426772,0.0038707407614131384
"Lindberg, Mikael",10,4,0.0026019761035920297,0.1161723299220625,0.5483032928904636,0.3124876619595134,0.02043473912436844
"Lindberg, Mikael",11,5,0.0699005431491535,0.3518173762573613,0.43855159929790377,0.13060686306605718,0.009123618229524233
"Lindberg, Mikael",12,3,0.0018338877379290297,0.17221840809298983,0.6741752815845857,0.15040466687324505,0.0013677557112503624
"Lindberg, Mikael",13,4,0.006196357909100336,0.20668459823338037,0.6051350914024262,0.1774848897921154,0.004499062662977726
"Lindberg, Mikael",14,4,0.00391359974804939,0.1241049708985627,0.5229065539216726,0.3211012381587258,0.027973637272989405
"Lindberg, Mikael",15,4,0.0021987095498260945,0.14446274859647934,0.6256347240456837,0.2222198722960027,0.005483945512008148
"Lindberg, Mikael",16,4,0.02969801505440639,0.23095934299384657,0.4659586307636605,0.24097713317669944,0.032406878011387086
"Lindberg, Mikael",17,3,0.0031245179743317197,0.1472652854744717,0.5965509141923868,0.2440332908307964,0.00902599152801331
"Lindberg, Mikael",18,5,0.07035516113166929,0.3744664396708712,0.43925978511188474,0.11021605524476907,0.005702558840805727
"Lindell, Oliver",1,4,0.004944058416128161,0.15552866588963454,0.5634998285384425,0.26146841283097766,0.0145590343248172
"Lindell, Oliver",2,3,0.002992482801950025,0.14722518138833635,0.6007707241761131,0.24060362802301238,0.008407983610588143
"Lindell, Oliver",3,4,0.0060674318133726035,0.16044410757139582,0.5498656721001682,0.2662910615897882,0.01733172692527507
"Lindell, Oliver",4,4,0.011684454156604018,0.22901506648285774,0.5641966306669766,0.18739754296700495,0.007706305726556728
"Lindell, Oliver",5,4,0.03239571147254172,0.3740623299632994,0.5087221922877658,0.08339440195170733,0.0014253643246857628
"Lindell, Oliver",6,5,0.06599789040588727,0.36329664521608634,0.44562058557773365,0.11847965115603531,0.0066052276442574165
"Lindell, Oliver",7,4,0.001817742698466851,0.1401025632802485,0.6358571677055573,0.21757692028387732,0.004645606031849936
"Lindell, Oliver",8,3,0.0029222115152553463,0.14822414401690887,0.6048011995086948,0.23625329874626322,0.0077991462128778055
"Lindell, Oliver",9,5,0.04908968533449187,0.3774378350095409,0.4737791844028985,0.09673007836278802,0.0029632168902806733
"Lindell, Oliver",10,4,0.0035012716757076845,0.13574114651363384,0.5624466502188321,0.28222459410199985,0.016086337489826463
"Lindell, Oliver",11,5,0.08086258836964894,0.371275504000431,0.424587001142808,0.11588647249714834,0.007388433989963694
"Lindell, Oliver",12,3,0.0026631060928729577,0.20359345396167788,0.6681877931640045,0.12463526021961424,0.0009203865618304663
"Lindell, Oliver",13,4,0.008246046488099568,0.23573795888281557,0.5999481252017737,0.1527545396121417,0.003313329815169519
"Lindell, Oliver",14,4,0.00512285984831784,0.1431667165532846,0.536036086664535,0.29311016745125906,0.022564169482603535
"Lindell, Oliver",15,4,0.0030755720756425187,0.16993792203990377,0.6307016480879546,0.19228706927099248,0.003997788525506585
"Lindell, Oliver",16,4,0.03513774537150921,0.2504909812023711,0.46539975536177575,0.22164724945300807,0.027324268611335856
"Lindell, Oliver",17,3,0.0042469522080342825,0.17138962575372063,0.6029813635529717,0.2145731645213136,0.006808893963959783
"Lindell, Oliver",18,5,0.08187517862130672,0.39493021506362685,0.42225612487382447,0.09641953638944778,0.0045189450517941765
"Lombard, Zander",1,4,0.0036543122300526365,0.13305055757497936,0.5519201130815348,0.29257356532331236,0.018801451790120938
"Lombard, Zander",2,3,0.002121682120766244,0.12369808699809698,0.5887305544669026,0.27414082301084364,0.011308853403390606
"Lombard, Zander",3,4,0.004555240113484127,0.13826706862415594,0.5388679190588632,0.2962306661973887,0.022079106006108074
"Lombard, Zander",4,4,0.008929489615872865,0.20141281454926796,0.5654504158553451,0.21407345480848217,0.010133825171031896
"Lombard, Zander",5,4,0.025534519936949385,0.3410660465961593,0.5312071354525585,0.10019878942897953,0.0019935085853532986
"Lombard, Zander",6,5,0.055665816092,0.34017460264451865,0.4604904913405933,0.1352926484336251,0.008376441489262976
"Lombard, Zander",7,4,0.0012348459800755607,0.11567242926078364,0.6239045248604679,0.2526611577300302,0.006527042168642749
"Lombard, Zander",8,3,0.002065240053639783,0.12441966066257693,0.5931272393053182,0.2698477625675738,0.010540097410891347
"Lombard, Zander",9,5,0.04016358546266985,0.349472398971569,0.4929975503706143,0.11342189718030948,0.003944568014837335
"Lombard, Zander",10,4,0.002546280183159222,0.11484563282764115,0.5471416760056815,0.3146845474253248,0.020781863558193225
"Lombard, Zander",11,5,0.06916021814289519,0.3503904793124243,0.4394831175292272,0.1317053348125723,0.009260850202881032
"Lombard, Zander",12,3,0.001784550908017546,0.1700867303182223,0.6743444067596239,0.15237782983873815,0.0014064821753980716
"Lombard, Zander",13,4,0.006068339243169352,0.20467343530546167,0.6053164810387588,0.17934454538676703,0.004597199025843102
"Lombard, Zander",14,4,0.0038375659247036897,0.12280427856564652,0.5218370124558777,0.32312094979550665,0.028400193258265483
"Lombard, Zander",15,4,0.002145492759170975,0.14273451876225257,0.6250577373091921,0.22445482439388842,0.005607426775495972
"Lombard, Zander",16,4,0.029336152835621965,0.2295735133773782,0.4659100302505137,0.24238052760513562,0.03279977593135053
"Lombard, Zander",17,3,0.0030553185191694587,0.14562080972081964,0.5959032630020452,0.2462135727863317,0.00920703597163397
"Lombard, Zander",18,5,0.0695790595553677,0.3729587349364153,0.4404109494116413,0.11125402586489397,0.005797230231681771
"Long, Hurly",1,4,0.0033601356854908726,0.12731691010542784,0.5480005931054441,0.3011988596745654,0.02012350142907171
"Long, Hurly",2,3,0.0019283580375422105,0.1177600570521874,0.5845250395118586,0.2835513234090947,0.012235221989317036
"Long, Hurly",3,4,0.004206812547838612,0.1325846376423639,0.5351594661279007,0.3045025393809975,0.023546544300899308
"Long, Hurly",4,4,0.008286180006061294,0.1942023319213012,0.5649781886709014,0.22163300615080195,0.010900293250934112
"Long, Hurly",5,4,0.023893731654413553,0.3320863481674312,0.5366808283965362,0.10515884653870955,0.0021802452429094954
"Long, Hurly",6,5,0.05308763237632452,0.33377021405816837,0.46410912851779124,0.14010759632536074,0.008925428722355133
"Long, Hurly",7,4,0.0011090075127114796,0.10956871577214888,0.6195521638228189,0.2626262832437417,0.00714382964857907
"Long, Hurly",8,3,0.0018753732277945745,0.11841382546174056,0.5890012598515686,0.279291576721995,0.011417964736901265
"Long, Hurly",9,5,0.03797758210020569,0.3417751633822513,0.4977092722587433,0.11828022501151136,0.004257757247288385
"Long, Hurly",10,4,0.002330847289350846,0.10956022571635687,0.5422266230955355,0.3236378776259853,0.022244426272771456
"Long, Hurly",11,5,0.0662134981412249,0.34455513852370373,0.44316703290308096,0.1362269976208058,0.009837332811184596
"Long, Hurly",12,3,0.00159622271952653,0.16159174220234684,0.6746703075403262,0.16056733617844443,0.0015743913593559977
"Long, Hurly",13,4,0.005571855573184736,0.19660677843042879,0.6057887619547988,0.1870166213333001,0.005015982708287514
"Long, Hurly",14,4,0.0035420001707902604,0.11761094391950955,0.5173215581599195,0.33133566602054554,0.03018983172923506
"Long, Hurly",15,4,0.0019410242749363649,0.13584937690461069,0.6224231218450471,0.23365142638747893,0.00613505058792696
"Long, Hurly",16,4,0.027902982092633588,0.22396677562663153,0.4655903780848595,0.24810269666050266,0.03443716753537274
"Long, Hurly",17,3,0.0027880695154865465,0.13905824371505437,0.5930192267409122,0.2551585350975383,0.009975924931008628
"Long, Hurly",18,5,0.06649258591446389,0.3667840026136704,0.44498835215771976,0.11553856902535431,0.006196490288791656
"Luiten, Joost",1,4,0.0054106923716114586,0.16281165767953926,0.5661158702364505,0.2522194182610067,0.013442361451392104
"Luiten, Joost",2,3,0.0033156128232442184,0.1549252381746587,0.6033377150340964,0.23075654877884277,0.007664885189157866
"Luiten, Joost",3,4,0.006609339769176548,0.167598355486602,0.5523676500885921,0.2573537854702521,0.016070869185377257
"Luiten, Joost",4,4,0.012658947813672328,0.2377439212065044,0.5628836290116686,0.17963721556111667,0.007076286407038057
"Luiten, Joost",5,4,0.03476647318563009,0.38405379586235483,0.5011863856928838,0.07870906348418094,0.0012842817749503244
"Luiten, Joost",6,5,0.06942529122244517,0.37017713946019176,0.4406261807872047,0.11363561656492327,0.006135771965235071
"Luiten, Joost",7,4,0.002039717325567292,0.14817500571593778,0.6381984198384787,0.20740924499227786,0.004177612127738373
"Luiten, Joost",8,3,0.0032408095344044763,0.15601740014387605,0.6072342082229782,0.22640828671758417,0.007099295381157056
"Luiten, Joost",9,5,0.05210447806982382,0.38580983920613865,0.467370092443046,0.09200422236470318,0.002711367916288343
"Luiten, Joost",10,4,0.0038504297649226693,0.14256827508997372,0.5662085985440642,0.272522774846787,0.014849921754252371
"Luiten, Joost",11,5,0.08471036010624827,0.37743278674348757,0.4196494665364113,0.11131891498089752,0.006888471632955362
"Luiten, Joost",12,3,0.0029996806890287275,0.21449484135796426,0.6647832720466511,0.11691581186451694,0.0008063940418390203
"Luiten, Joost",13,4,0.009033870422897994,0.24561491093385673,0.597192536459219,0.1451666958736253,0.0029919863104009847
"Luiten, Joost",14,4,0.005584364508712136,0.14976712929005687,0.5395803015235534,0.2840674683187343,0.021000736358943284
"Luiten, Joost",15,4,0.003423792127604963,0.17881211786971207,0.6311420116737281,0.18302481133868131,0.0035972669902735177
"Luiten, Joost",16,4,0.03708219961884973,0.2569415972524159,0.4647185773374836,0.21544185756628564,0.02581576822496512
"Luiten, Joost",17,3,0.00468490052625592,0.1797475467407142,0.604017636115874,0.20535271207535832,0.0061972045417975075
"Luiten, Joost",18,5,0.08593007922021989,0.4013634407297789,0.4163404676371594,0.09218306699629153,0.004182945416550288
"Mansell, Richard",1,4,0.00511320668444637,0.15821339256746703,0.5645233258037324,0.25801524506931217,0.014134829875041999
"Mansell, Richard",2,3,0.0031091622016834464,0.15005952812987616,0.6017864423730579,0.2369202691998018,0.008124598095580637
"Mansell, Richard",3,4,0.00626415113587353,0.16308304087396314,0.5508432170659519,0.2629562251115347,0.016853365812676824
"Mansell, Richard",4,4,0.012038919084316535,0.23224452339813995,0.563758913840543,0.18449114322863336,0.007466500448367164
"Mansell, Richard",5,4,0.03326116777156152,0.3777833522917213,0.5059552122982987,0.08162893670493476,0.0013713309334837387
"Mansell, Richard",6,5,0.06725666418587112,0.3658654268794876,0.4437876601971088,0.11666316472352212,0.006427084014010376
"Mansell, Richard",7,4,0.0018975775542911522,0.14306989252052887,0.6367998631528546,0.21376627717787922,0.0044663895944461185
"Mansell, Richard",8,3,0.003037221447413474,0.15109268086948113,0.6057682861936732,0.2325696811048804,0.007532130384551805
"Mansell, Richard",9,5,0.050193984960184235,0.38056087710765174,0.47142457123900106,0.094953358230626,0.002867208462536963
"Mansell, Richard",10,4,0.0036276334338486427,0.1382546874363469,0.5638960371524075,0.2786049774040098,0.015616664573387062
"Mansell, Richard",11,5,0.08227760239018717,0.3735774750003682,0.4227717697786148,0.11417423711380681,0.0071989157170230245
"Mansell, Richard",12,3,0.002784052946602833,0.20761036318143383,0.6670040926120755,0.121725116433969,0.0008763748259188464
"Mansell, Richard",13,4,0.008531642144014473,0.23938949468557102,0.5989837784091949,0.1499046974930328,0.0031903872681867673
"Mansell, Richard",14,4,0.005290339794211563,0.14559958342216128,0.5373978106622722,0.28974052479005963,0.021971741331295314
"Mansell, Richard",15,4,0.0032011422481889595,0.17320622611036657,0.6309355867214691,0.18881262408831478,0.003844420831660589
"Mansell, Richard",16,4,0.035850751174905326,0.25288618169049715,0.46517505059612374,0.21933302555383838,0.026754990984635407
"Mansell, Richard",17,3,0.004405326697727696,0.17447030187599993,0.6034283736196631,0.2111205138469081,0.0065754839597012005
"Mansell, Richard",18,5,0.0833657385055544,0.3973379783146412,0.4200761174145912,0.09482887187739797,0.0043912938878152286
"Merritt, Troy",1,4,0.003817403553356802,0.13611868789192322,0.5538440852235451,0.2880806880726935,0.01813913525848143
"Merritt, Troy",2,3,0.002229782256680357,0.12688668867710906,0.5907773441739791,0.2692576544229395,0.010848530469292017
"Merritt, Troy",3,4,0.004747787093808742,0.14130329147168685,0.540690111253176,0.29191684041502863,0.021341969766299762
"Merritt, Troy",4,4,0.009283508726169953,0.20524187487514522,0.5655588995575671,0.21016417458579528,0.009751542255322487
"Merritt, Troy",5,4,0.026430718929187524,0.34577299304008186,0.5282264270767139,0.09766823300331406,0.0019016279507027
"Merritt, Troy",6,5,0.05705479120151585,0.34351193204235586,0.4585204426524578,0.13281187125886706,0.008100962844803439
"Merritt, Troy",7,4,0.0013058331852335847,0.1189609853009953,0.625999441261513,0.2475105028407285,0.006223237411529636
"Merritt, Troy",8,3,0.0021714755612702863,0.12764508417960913,0.5951289021699877,0.26495023487552594,0.010104303213607002
"Merritt, Troy",9,5,0.041348457070872646,0.3534920470300604,0.49043861939058037,0.11093193956430658,0.0037889369441800325
"Merritt, Troy",10,4,0.0026661321791106585,0.11768155593129176,0.5495908655492495,0.31001242365735904,0.020049022682989026
"Merritt, Troy",11,5,0.07074308626907244,0.3534227503653543,0.4374889437112539,0.12937428677715612,0.008970932877163218
"Merritt, Troy",12,3,0.0018910364189238527,0.17464291594158932,0.6739423591997344,0.14819845295153788,0.0013252354882145045
"Merritt, Troy",13,4,0.006343655957018746,0.2089658841692592,0.6048995918767608,0.1754002738461563,0.004390594150805005
"Merritt, Troy",14,4,0.004000999450037235,0.12558324250813535,0.5240932595126282,0.31882368440544717,0.02749881412375199
"Merritt, Troy",15,4,0.0022601832044059633,0.14642868813565935,0.6262516922856858,0.21971189719248085,0.005347539181768113
"Merritt, Troy",16,4,0.03011070845627495,0.2325256686703504,0.4659992026892069,0.23939614140294652,0.031968278781221215
"Merritt, Troy",17,3,0.003204280476106214,0.1491346394903263,0.5972520062415188,0.24158358740946628,0.008825486382582515
"Merritt, Troy",18,5,0.07123873512344236,0.37616166452657823,0.4379494711393099,0.10905272935858512,0.005597399852084406
"Micheluzzi, David",1,4,0.0038465556564833414,0.13665930894612482,0.5541710333855123,0.28729760811304617,0.018025493898833345
"Micheluzzi, David",2,3,0.002249171370328651,0.12744931913513952,0.5911238281168589,0.26840787285870793,0.01076980851896503
"Micheluzzi, David",3,4,0.0047821598215959105,0.14183797367139644,0.540999905259564,0.2911646090949016,0.021215352152542
"Micheluzzi, David",4,4,0.009346599841568326,0.20591449356547586,0.5655680538633219,0.20948478610972399,0.009686066619909894
"Micheluzzi, David",5,4,0.02658995005632614,0.34659544576551987,0.5276977878768949,0.09723083913296071,0.0018859771682983029
"Micheluzzi, David",6,5,0.057300219479391346,0.3440937006778445,0.4581710549473651,0.13238136208208573,0.008053662813313323
"Micheluzzi, David",7,4,0.0013186107516945378,0.11954202597546326,0.626352288018045,0.2466156076453696,0.00617146760942755
"Micheluzzi, David",8,3,0.002190535161208762,0.12821424006517573,0.5954672585574191,0.264098160512623,0.010029805703573369
"Micheluzzi, David",9,5,0.04155833118957131,0.3541933538372993,0.4899852310834774,0.11050076347229487,0.0037623204173571345
"Micheluzzi, David",10,4,0.002687585408643667,0.11818180560491653,0.5500098146486153,0.3091975221987273,0.01992327213909717
"Micheluzzi, David",11,5,0.07102244542333314,0.3539507374236457,0.4371360464872186,0.12896966182340408,0.008921108842398495
"Micheluzzi, David",12,3,0.001910221126030509,0.1754464285833171,0.6738558256467497,0.14747603458300296,0.0013114900608997004
"Micheluzzi, David",13,4,0.0063928718586742095,0.2097205054882768,0.6048148233273258,0.17471643514005475,0.004355364185668398
"Micheluzzi, David",14,4,0.004030182167258645,0.1260729134989625,0.524479672693918,0.3180734136482528,0.02734381799160801
"Micheluzzi, David",15,4,0.002280780118319836,0.14708030086592822,0.6264470992828353,0.21888856707135074,0.005303252661565949
"Micheluzzi, David",16,4,0.03024774692020027,0.23304248719900522,0.466009260279575,0.23887568680740157,0.03182481879381793
"Micheluzzi, David",17,3,0.003230964428607652,0.1497539352108621,0.5974761569402256,0.2407786719006263,0.008760271519678398
"Micheluzzi, David",18,5,0.07153177169073227,0.3767189522347484,0.43751499827017054,0.10867115335833377,0.005563124446015033
"Migliozzi, Guido",1,4,0.004183908338642572,0.1427542179153347,0.5576161014748299,0.2786418296996982,0.016803942571494646
"Migliozzi, Guido",2,3,0.0024749541248604845,0.13380814532620727,0.5947470735567763,0.25904122804722807,0.009928598944927924
"Migliozzi, Guido",3,4,0.005178991726868143,0.1478595401378331,0.5442672119752463,0.2828426085946888,0.019851647565363617
"Migliozzi, Guido",4,4,0.010072727805327752,0.2134551170402827,0.5654738483633712,0.2020138257193731,0.00898448107164529
"Migliozzi, Guido",5,4,0.028412428398059908,0.3557270584568226,0.521673086916817,0.09246752736044084,0.001719898867859615
"Migliozzi, Guido",6,5,0.060081470171629736,0.35052609113533645,0.4541888326750192,0.12765904513115367,0.0075445608868609515
"Migliozzi, Guido",7,4,0.0014683672785057444,0.12612456618473683,0.6300050458151021,0.23678024883780757,0.005621771883847826
"Migliozzi, Guido",8,3,0.0024125853461875457,0.13464737015355888,0.598995416420889,0.2547103260055499,0.009234302073814593
"Migliozzi, Guido",9,5,0.043947128876752506,0.3619590336717679,0.4848265835580112,0.10578939895697215,0.0034778549364962164
"Migliozzi, Guido",10,4,0.0029364812839003385,0.12383270434895122,0.554480742150212,0.30017866723054676,0.01857140498638965
"Migliozzi, Guido",11,5,0.07418148341922604,0.35977642905800433,0.433128852092183,0.1245292608300923,0.008383974600494337
"Migliozzi, Guido",12,3,0.0021354386085680743,0.18451807087531896,0.672570060966968,0.13960904112575523,0.0011673884233897036
"Migliozzi, Guido",13,4,0.00696246637773501,0.21819233796395848,0.6036356067002131,0.16722875669548498,0.003980832262608369
"Migliozzi, Guido",14,4,0.004367249458228306,0.131593582795134,0.5286131321825306,0.30975476924657397,0.025671266317533137
"Migliozzi, Guido",15,4,0.0025211721156435662,0.15443995733260596,0.6283520727081564,0.20985379678822025,0.0048330010553737646
"Migliozzi, Guido",16,4,0.03180436929805064,0.2388013636773319,0.4660105629258067,0.23311633937842902,0.030267364720381718
"Migliozzi, Guido",17,3,0.0035409656307521242,0.15673842312501318,0.5997342113373211,0.23192233126227246,0.008064068644641154
"Migliozzi, Guido",18,5,0.07484792904948745,0.38285943125633654,0.43260369282527616,0.10449405447198468,0.005194892396915174
"Molinari, Edoardo",1,4,0.0050075341466795376,0.1565423471836913,0.5638945600417152,0.2601584796963462,0.01439707893156772
"Molinari, Edoardo",2,3,0.003036207190324436,0.1482947808653648,0.6011639630446493,0.23920541327649625,0.008299635623165269
"Molinari, Edoardo",3,4,0.006141293161367134,0.16144073053546526,0.5502425068427729,0.26502628720127897,0.01714918225911577
"Molinari, Edoardo",4,4,0.011817640817420316,0.2302360491518674,0.5640378757542834,0.18629375002471527,0.007614684251713522
"Molinari, Edoardo",5,4,0.03272132417874929,0.3754725466649089,0.5076790540764127,0.08272240260055008,0.0014046724793790322
"Molinari, Edoardo",6,5,0.06647253373700124,0.36427107173407486,0.4449296971502696,0.11778945563231591,0.006537241746338407
"Molinari, Edoardo",7,4,0.001847616677052688,0.14122177656035678,0.6362242663710693,0.21612936079160172,0.0045769795999195395
"Molinari, Edoardo",8,3,0.00296530577765447,0.1493066292471652,0.605176183999169,0.23485484152195069,0.00769703945406075
"Molinari, Edoardo",9,5,0.04950567535272715,0.37862214530186883,0.4728913094396916,0.09605435558999642,0.002926514315716
"Molinari, Edoardo",10,4,0.0035486633201008977,0.13668975852459758,0.5630026636483173,0.280851888653739,0.015907025853245216
"Molinari, Edoardo",11,5,0.08139640139001919,0.3721491642621506,0.423902331076576,0.11523596771898181,0.007316135552272396
"Molinari, Edoardo",12,3,0.0027083495795615087,0.20510987438490041,0.6677509188460207,0.12352737531772084,0.0009034818717965631
"Molinari, Edoardo",13,4,0.008353223320328174,0.23711813918867625,0.5995912685691738,0.15167110078520496,0.003266268136616901
"Molinari, Edoardo",14,4,0.005185735757765819,0.14408527166432394,0.536557966500229,0.2918328268724434,0.02233819920523783
"Molinari, Edoardo",15,4,0.003122605045334459,0.1711715225533456,0.6308000321345153,0.19096677865854184,0.003939061608262739
"Molinari, Edoardo",16,4,0.03540644228423845,0.2513977607463315,0.46531862522641454,0.2207697160814266,0.027107455661588897
"Molinari, Edoardo",17,3,0.0043063334687858945,0.17255275938389258,0.6031592651977891,0.21326200834497955,0.006719633604552966
"Molinari, Edoardo",18,5,0.08243740389701282,0.39584438643908315,0.42143314030631185,0.09581486174392417,0.004470207613668009
"Moscatel, Joel",1,4,0.003079978839548303,0.12159239988367032,0.5436401295931428,0.31012300751803756,0.021564484165600972
"Moscatel, Joel",2,3,0.0017463660484512422,0.11185959375413923,0.5798012866522103,0.293336978734142,0.01325577481105722
"Moscatel, Joel",3,4,0.0038735436361047593,0.12689985302799955,0.5310383263508909,0.31304792147664606,0.025140355508358803
"Moscatel, Joel",4,4,0.007667414731902078,0.1869300016454179,0.5641304968249874,0.22953142933751758,0.011740657460175052
"Moscatel, Joel",5,4,0.02229971192650171,0.32287377966775466,0.5420022688717023,0.1104355486256402,0.002388690908401103
"Moscatel, Joel",6,5,0.05053594280648083,0.32714713916622334,0.46762983894903454,0.14516444605147616,0.009522633026785132
"Moscatel, Joel",7,4,0.0009919497991222603,0.10353126983471267,0.6146032322904057,0.27304234453930754,0.007831203536451836
"Moscatel, Joel",8,3,0.0016967922831609972,0.11244706563896406,0.5843501490353114,0.28911966051456184,0.012386332528001809
"Moscatel, Joel",9,5,0.03583175803388511,0.33383849540918037,0.5023088069666833,0.12341809022126005,0.004602849368991135
"Moscatel, Joel",10,4,0.0021266390625066522,0.10430226569000156,0.5368542187938625,0.33287872525716944,0.023838151196459823
"Moscatel, Joel",11,5,0.06328551099244228,0.33849819297587125,0.4467813949750362,0.14097227177587057,0.010462629280779678
"Moscatel, Joel",12,3,0.0014216035843892527,0.15313924021070274,0.674399975383855,0.1692732354306291,0.001765945390423851
"Moscatel, Joel",13,4,0.0050992343211371804,0.18849390519350007,0.6058303531379894,0.1950947388020926,0.0054817685452808185
"Moscatel, Joel",14,4,0.0032595183423839713,0.11242548770632516,0.5124014797251342,0.3397867358708915,0.03212677835526523
"Moscatel, Joel",15,4,0.0017493626245241867,0.12900094224438657,0.6192334592032764,0.24329316055966976,0.006723075368142983
"Moscatel, Joel",16,4,0.02649043671499801,0.21824632052013593,0.46505754403066185,0.25401519995790645,0.036190498776297764
"Moscatel, Joel",17,3,0.0025354087639580802,0.1325121175406641,0.5896363174804593,0.2644916295842066,0.010824526630711984
"Moscatel, Joel",18,5,0.06343013501898198,0.3603604270120595,0.4495218418704642,0.120055293731962,0.006632302366532339
"Naidoo, Dylan",1,4,0.003386134554357101,0.1278345923778118,0.5483724101759483,0.30040749643407305,0.019999366457809753
"Naidoo, Dylan",2,3,0.0019453544042564719,0.11829505640810378,0.5849257997229176,0.28268596395559664,0.01214782550912552
"Naidoo, Dylan",3,4,0.004237666678011953,0.13309815662196484,0.535511076232621,0.3037441259124255,0.023408974554976703
"Naidoo, Dylan",4,4,0.00834329129139555,0.1948563364067344,0.5650358330320319,0.22093640220356514,0.010828137066273058
"Naidoo, Dylan",5,4,0.0240400577263028,0.332907127187234,0.5361921895545019,0.10469809991829737,0.0021625256136639237
"Naidoo, Dylan",6,5,0.053319484778971526,0.33435767735660954,0.4637860076744624,0.13966290233522716,0.008873927854729402
"Naidoo, Dylan",7,4,0.0011200110743848635,0.1101175219464966,0.6199693326003455,0.26170779275802214,0.007085341620750918
"Naidoo, Dylan",8,3,0.0018920590277236582,0.11895489086870648,0.5893951076761785,0.2784228458035368,0.011335096623854568
"Naidoo, Dylan",9,5,0.03817344209554818,0.3424802998366979,0.49728791962692254,0.11783012953129623,0.004228208909535125
"Naidoo, Dylan",10,4,0.0023498465599691154,0.11003666198040907,0.5426890707106653,0.32281730792377705,0.02210711282517952
"Naidoo, Dylan",11,5,0.06647896332275799,0.3450912938009537,0.44283688719783226,0.13580953315806688,0.00978332252038916
"Naidoo, Dylan",12,3,0.0016126665548693575,0.16235761545676336,0.674664616491226,0.15980679771011452,0.0015583037870268157
"Naidoo, Dylan",13,4,0.005615726437835589,0.19733752639142038,0.605763242601163,0.18630719810273844,0.0049763064668426615
"Naidoo, Dylan",14,4,0.003568163725644613,0.11807985306668106,0.5177457779695118,0.3305838874583402,0.030022317779822227
"Naidoo, Dylan",15,4,0.001958965721078676,0.1364699987702644,0.6226833750183784,0.23280264314435695,0.006085017345921484
"Naidoo, Dylan",16,4,0.02803162155666028,0.22447793994595022,0.46562776117408955,0.24757804123912386,0.03428463608417609
"Naidoo, Dylan",17,3,0.002811610758899352,0.13965053592591442,0.5932997769637403,0.2543347488733382,0.009903327478107737
"Naidoo, Dylan",18,5,0.06677046342593013,0.36735192304185654,0.444576435267806,0.11514219957477079,0.006158978689636552
"Nakajima, Keita",1,4,0.0053738734186275505,0.16225074444791937,0.5659322172156509,0.2529185513532769,0.013524613564525279
"Nakajima, Keita",2,3,0.003289977177801384,0.1543309570871617,0.603160943017581,0.23149882358096807,0.007719299136487723
"Nakajima, Keita",3,4,0.006566669573086381,0.1670478614318998,0.5521916040571844,0.2580299417677453,0.016163923170084193
"Nakajima, Keita",4,4,0.012582435597828512,0.23707521813091353,0.562998663995697,0.18022112794710343,0.007122554328457542
"Nakajima, Keita",5,4,0.03458129169609542,0.3832957654707633,0.50176997532604,0.0790584219024073,0.0012945456046939974
"Nakajima, Keita",6,5,0.06915989160369634,0.36965702656785104,0.4410132493964913,0.11399942328661516,0.006170409145346167
"Nakajima, Keita",7,4,0.002022007860963737,0.14755074603233498,0.6380420999952756,0.20817348192439566,0.0042116641870300064
"Nakajima, Keita",8,3,0.0032155231969613896,0.15541589152354623,0.6070679817313749,0.22715009704989397,0.007150506498223574
"Nakajima, Keita",9,5,0.05187013399545892,0.38517621290225285,0.46786603603973526,0.09235779636304531,0.002729820699507668
"Nakajima, Keita",10,4,0.003822817107505927,0.14204151601200948,0.5659377516441492,0.2732569157839264,0.01494099945240901
"Nakajima, Keita",11,5,0.08441297264476305,0.37696830309547164,0.4200311756079421,0.11166212957658028,0.006925419075242911
"Nakajima, Keita",12,3,0.00297279593532751,0.21365478300762125,0.6650668716329007,0.11749096493913358,0.0008145844850169226
"Nakajima, Keita",13,4,0.008971715666183155,0.2448574513530981,0.5974202019110351,0.14573522953337115,0.003015401536312523
"Nakajima, Keita",14,4,0.0055480091783010055,0.14925870912911715,0.5393239904060627,0.2847529559936699,0.021116335292849286
"Nakajima, Keita",15,4,0.0033961135744084436,0.1781277625594896,0.6311296457219309,0.1837200653236042,0.00362641282056686
"Nakajima, Keita",16,4,0.036931285327716945,0.2564500222615802,0.4647789761065878,0.2159117192919331,0.025927997012181958
"Nakajima, Keita",17,3,0.004650228823268265,0.17910376267814687,0.6039573978685487,0.20604665492811014,0.006241955701925983
"Nakajima, Keita",18,5,0.08561649394348059,0.40087893698682675,0.41679623229647467,0.0925006447832104,0.004207691990007589
"Neergaard-Petersen, Rasmus",1,4,0.006628048320765856,0.1802087127400291,0.570445558457101,0.2315550456607347,0.011162634821369366
"Neergaard-Petersen, Rasmus",2,3,0.004175516883251573,0.17345466301402857,0.607217240270291,0.20897392705169893,0.006178652780729932
"Neergaard-Petersen, Rasmus",3,4,0.008012522896962582,0.1846328535212275,0.5565520102525818,0.2373234807775766,0.013479132551651452
"Neergaard-Petersen, Rasmus",4,4,0.015155766263040826,0.25819819295189167,0.5582679645194359,0.16257485301515728,0.005803223250474221
"Neergaard-Petersen, Rasmus",5,4,0.0407270187578066,0.40665350421705654,0.48288165697123614,0.06872951552178486,0.0010083045321158668
"Neergaard-Petersen, Rasmus",6,5,0.07777873101589994,0.38554452261998856,0.42845541864777154,0.10304989278209042,0.005171434934249541
"Neergaard-Petersen, Rasmus",7,4,0.0026426614519914904,0.16773623118076786,0.6412112377827213,0.18514786020196017,0.003262009382559161
"Neergaard-Petersen, Rasmus",8,3,0.004089902671455425,0.1747745861630059,0.6107701841832729,0.20466235778178143,0.005702969200484298
"Neergaard-Petersen, Rasmus",9,5,0.05955316959815282,0.4045854321330401,0.45183851697090593,0.08181644452079473,0.002206436777106413
"Neergaard-Petersen, Rasmus",10,4,0.0047689433223028765,0.15898311870845205,0.573155459424576,0.25076717290012274,0.012325305644546258
"Neergaard-Petersen, Rasmus",11,5,0.09402511296458804,0.39108288523929996,0.4077172993601123,0.10131904911903045,0.005855653316969245
"Neergaard-Petersen, Rasmus",12,3,0.00391775599057137,0.24056871717293138,0.654392552117335,0.10052817806611603,0.0005927966530461237
"Neergaard-Petersen, Rasmus",13,4,0.011087867369819315,0.2688422203376151,0.588978305731907,0.12873156404557218,0.002360042515086369
"Neergaard-Petersen, Rasmus",14,4,0.006781334592270261,0.1655441324139817,0.5462487767394,0.26365954236138256,0.01776621389296551
"Neergaard-Petersen, Rasmus",15,4,0.004356820771321435,0.20010215602687453,0.6298890486842024,0.16283865093695682,0.0028133235806448997
"Neergaard-Petersen, Rasmus",16,4,0.04186136597624801,0.2717809087365404,0.46224534455321614,0.20148658770596828,0.02262579302802714
"Neergaard-Petersen, Rasmus",17,3,0.0058413756343150824,0.19971749826770768,0.604395548150851,0.18506802680759038,0.004977551139535907
"Neergaard-Petersen, Rasmus",18,5,0.09576691680010058,0.41553769220812115,0.4022124566640556,0.08298594533880133,0.003496988988921368
"Nienaber, Wilco",1,4,0.004549829720396081,0.14905690129865334,0.5607351685651389,0.2700111250690804,0.015646975346731207
"Nienaber, Wilco",2,3,0.0027226372390856124,0.14041321698042558,0.5979729251267767,0.2497505782749322,0.009140642378779873
"Nienaber, Wilco",3,4,0.0056076042363906176,0.15407446129549862,0.5472313628655848,0.2745312780928344,0.01855529350969154
"Nienaber, Wilco",4,4,0.010852574997700426,0.22117266790424478,0.5650165984044186,0.19463428553077378,0.008323873162862316
"Nienaber, Wilco",5,4,0.030349956186122018,0.36490585595408154,0.5153318167991082,0.08784603971429794,0.0015663313463902817
"Nienaber, Wilco",6,5,0.06298558251521036,0.356942898683243,0.44999536511842475,0.12301503212767873,0.0070611215554431395
"Nienaber, Wilco",7,4,0.001634570436424565,0.13299126763279218,0.6331838839311208,0.22707729157409395,0.005112986425568566
"Nienaber, Wilco",8,3,0.002656380109557932,0.1413306168488982,0.6021167106312897,0.24540614536215866,0.008490147048095475
"Nienaber, Wilco",9,5,0.046461320919503946,0.36972667933845926,0.47941123286315124,0.10118949522875265,0.0032112716501329075
"Nienaber, Wilco",10,4,0.0032077088073975135,0.1296973631214699,0.5586386323605184,0.2911655277592631,0.017290767951351205
"Nienaber, Wilco",11,5,0.07746734940762545,0.3655656606701819,0.42893591794074726,0.12015870013963736,0.007872371841808001
"Nienaber, Wilco",12,3,0.002386103118459326,0.1939206114057797,0.6706770717467947,0.13197905189006376,0.0010371618389025672
"Nienaber, Wilco",13,4,0.007580362559668319,0.226884471893381,0.6020102316626976,0.1598915860838428,0.003633347800410247
"Nienaber, Wilco",14,4,0.004731618010311689,0.13730304824334272,0.5324764092432119,0.301413289552974,0.02407563495015974
"Nienaber, Wilco",15,4,0.002785952345163878,0.16207484048090048,0.6297757923549478,0.20096570545647374,0.004397709362514046
"Nienaber, Wilco",16,4,0.033436870181638656,0.24463086537504664,0.4658075196159467,0.22736021170969045,0.02876453311767757
"Nienaber, Wilco",17,3,0.0038795919492089492,0.1639653289172528,0.6015756998161853,0.22316627705058512,0.007413102266767835
"Nienaber, Wilco",18,5,0.07830178661986442,0.3889451650779494,0.42750512255081985,0.10040150192865549,0.0048464238227108325
"Norris, Shaun",1,4,0.004740860049973261,0.1522318029442632,0.5621450715680214,0.26578096534195317,0.015101300095788917
"Norris, Shaun",2,3,0.002853020774049919,0.1437513426853222,0.5994084457792672,0.24521506197449972,0.008772128786860955
"Norris, Shaun",3,4,0.005830662346924087,0.15720074884327556,0.5485737939053885,0.27045262792935665,0.01794216697505524
"Norris, Shaun",4,4,0.011256706358166557,0.22503022282817098,0.5646569284701459,0.19104247174013278,0.00801367060338376
"Norris, Shaun",5,4,0.031346416959278534,0.36943116762817846,0.5121006011761693,0.08562661208622713,0.0014952021501466461
"Norris, Shaun",6,5,0.06445947879961406,0.3600888928264604,0.44785727215067,0.12076172661845153,0.006832629604804019
"Norris, Shaun",7,4,0.0017228134757664715,0.13647243710222967,0.634567625969297,0.22235993272188015,0.004877190730826819
"Norris, Shaun",8,3,0.0027847965532320496,0.14470859965721117,0.6034973588328344,0.24086677510905197,0.00814246984767042
"Norris, Shaun",9,5,0.047744805636316,0.37354235044238493,0.47665650644217183,0.09896980628518626,0.003086531193940978
"Norris, Shaun",10,4,0.003349790812964326,0.13265958057128557,0.5605633373062364,0.2867406031393426,0.01668668817017105
"Norris, Shaun",11,5,0.07913022882520693,0.36839566472300905,0.42680745856721997,0.1180366363107862,0.007630011573777851
"Norris, Shaun",12,3,0.0025194584694270272,0.19866389800777784,0.6695219650519747,0.12831678380987221,0.0009778946609482198
"Norris, Shaun",13,4,0.007902937846080371,0.23123684908226433,0.6010462388315385,0.15634197243304615,0.003472001807070635
"Norris, Shaun",14,4,0.00492136330455023,0.1401794758063694,0.5342726250777036,0.2973076120018179,0.02331892380955891
"Norris, Shaun",15,4,0.002925748480816781,0.16592947513141454,0.6302953874041284,0.1966534338222663,0.004195955161373943
"Norris, Shaun",16,4,0.03426814037461973,0.24752120042006476,0.46563171381686613,0.2245333541725869,0.028045591215862475
"Norris, Shaun",17,3,0.004057287305425594,0.16760714029111778,0.6023245322816941,0.2189019768350977,0.0071090632866647185
"Norris, Shaun",18,5,0.08005135868083241,0.39191379609034044,0.42493139468352925,0.09842129928645238,0.004682151258845524
"Olesen, Jacob Skov",1,4,0.004732355128933274,0.1520920410032584,0.5620852055177951,0.26596557159397993,0.015124826756033327
"Olesen, Jacob Skov",2,3,0.002847200737345734,0.14360424545141248,0.5993478359899265,0.24541274320887696,0.00878797461243841
"Olesen, Jacob Skov",3,4,0.005820741288170228,0.15706318755330906,0.5485167535982829,0.2706306922717766,0.017968625288461215
"Olesen, Jacob Skov",4,4,0.011238755726942273,0.22486082752868225,0.5646745124169985,0.19119887797472535,0.008027026352651623
"Olesen, Jacob Skov",5,4,0.03130226280359927,0.3692333203119519,0.5122433163040577,0.08572284922878082,0.0014982513516103024
"Olesen, Jacob Skov",6,5,0.06439444018386736,0.3599515894011787,0.4479517289613928,0.12085975362005641,0.006842487833504718
"Olesen, Jacob Skov",7,4,0.0017188638981394666,0.136318887705009,0.6345096775715361,0.22256527032934592,0.0048873004959695265
"Olesen, Jacob Skov",8,3,0.002779063205525789,0.14455974145728884,0.603439194088907,0.2410645863193286,0.008157414928949835
"Olesen, Jacob Skov",9,5,0.04768806538727011,0.37337571966655536,0.47677811668023273,0.09906620228979035,0.0030918959761514486
"Olesen, Jacob Skov",10,4,0.0033434582874583008,0.13252907021988464,0.5604809289714292,0.28693380863111606,0.016712733890111853
"Olesen, Jacob Skov",11,5,0.07905691693885286,0.3682722677470047,0.42690136541008017,0.1181289740936291,0.007640475810433145
"Olesen, Jacob Skov",12,3,0.0025134860581583762,0.198455009447901,0.6695755337841087,0.12847554955928142,0.0009804211505504146
"Olesen, Jacob Skov",13,4,0.00788857656513775,0.23104562118929972,0.6010906350164825,0.15649624343310342,0.003478923795976585
"Olesen, Jacob Skov",14,4,0.004912922198113567,0.14005284699548542,0.5341956002403192,0.29748702440785824,0.023351606158223515
"Olesen, Jacob Skov",15,4,0.0029195025232480742,0.16575967457515484,0.6302751993763058,0.19684101782613428,0.004204605699157038
"Olesen, Jacob Skov",16,4,0.0342314202805481,0.24739459935482305,0.4656404490131115,0.2246568024312956,0.028076728920221727
"Olesen, Jacob Skov",17,3,0.004049363269767792,0.16744680821467733,0.6022939998640848,0.21908769740356804,0.007122131247901953
"Olesen, Jacob Skov",18,5,0.07997420177783915,0.3917844444334821,0.4250447513072966,0.09850736954299344,0.004689232938388743
"Otaegui, Adrian",1,4,0.004065798619597882,0.14065311817704057,0.5564776073792863,0.28159044425100277,0.017213031573072524
"Otaegui, Adrian",2,3,0.0023956163002120112,0.1316128296756648,0.5935557365730072,0.262226535161766,0.01020928228935003
"Otaegui, Adrian",3,4,0.005040249275953035,0.14578503287603367,0.5431868044627473,0.28567901624378333,0.02030889714148265
"Otaegui, Adrian",4,4,0.009819318939787713,0.21086436542167253,0.5655464374584526,0.20455089987761765,0.009218978302469538
"Otaegui, Adrian",5,4,0.027778491437197794,0.3526079994775316,0.5237628837252535,0.09407555121309763,0.0017750741469195752
"Otaegui, Adrian",6,5,0.059119703801100265,0.34833451413355315,0.4555702803282433,0.12926030500383712,0.00771519673326615
"Otaegui, Adrian",7,4,0.0014155462900450888,0.12384881257463942,0.6288121382664187,0.24011904192962363,0.005804460939273115
"Otaegui, Adrian",8,3,0.0023345377067319206,0.13242629010339907,0.5978375588411073,0.2579019954933305,0.009499617855431186
"Otaegui, Adrian",9,5,0.04311892497295566,0.3593108193187894,0.4866143074605551,0.10738316530454406,0.0035727829431557723
"Otaegui, Adrian",10,4,0.002849210311739292,0.12188237354661985,0.5529909620713979,0.303253287769072,0.019024166301170986
"Otaegui, Adrian",11,5,0.07309045703520506,0.3577940557647616,0.434515952627036,0.12603534868619148,0.008564185886805853
"Otaegui, Adrian",12,3,0.0020559271056826423,0.18138824815618498,0.6730762573220854,0.14226466848072505,0.0012148989353218953
"Otaegui, Adrian",13,4,0.006763036597575989,0.215279228759145,0.6040874831804804,0.16976484876564357,0.004105402697154981
"Otaegui, Adrian",14,4,0.004249370428448196,0.12969039570423446,0.5272336904499468,0.31259380738841624,0.026232736028954262
"Otaegui, Adrian",15,4,0.0024365893938196326,0.1519001353262498,0.6277560491049697,0.21291793549866656,0.004989290676294278
"Otaegui, Adrian",16,4,0.03126532393945047,0.2368299501997153,0.46603289183776087,0.23507967977471844,0.030792154248354908
"Otaegui, Adrian",17,3,0.0034321836744524714,0.15433014521859878,0.5990105811061528,0.23493086063918023,0.008296229361615781
"Otaegui, Adrian",18,5,0.07370213770744949,0.380771726983158,0.43429926809887,0.10590869549339144,0.005318171717131115
"Parry, John",1,4,0.005260746020778084,0.1605130209600606,0.5653446796846961,0.2550982601798638,0.013783293154601362
"Parry, John",2,3,0.0032113577825884643,0.15249116401591,0.6025914917664803,0.23381521913586012,0.00789076729916105
"Parry, John",3,4,0.006435471638969625,0.16534188959380247,0.5516288616800002,0.26013739480578246,0.016456382281445192
"Parry, John",4,4,0.012346952127246347,0.2349998076668957,0.5633406023877601,0.1820444275764186,0.007268210241679229
"Parry, John",5,4,0.034010346604187336,0.38093531670011793,0.5035747312995437,0.08015264636980168,0.0013269590263493836
"Parry, John",6,5,0.0683392020208895,0.36803545373501145,0.44220993878228154,0.11513612598868339,0.006279279473134114
"Parry, John",7,4,0.001967800684416099,0.14561943911757608,0.6375328214363081,0.2105607417054225,0.0043191970562772575
"Parry, John",8,3,0.003137985798545684,0.1535537585396966,0.6065309671116297,0.22946536859277988,0.007311919957348145
"Parry, John",9,5,0.051146416497745095,0.38320153375554167,0.4694001346514074,0.09346395852265332,0.002787956572652517
"Parry, John",10,4,0.0037380425773053116,0.14041060902900643,0.5650789633214257,0.27554495542406443,0.01522742964819812
"Parry, John",11,5,0.08349277676129874,0.37551915200391445,0.42121227394405586,0.11273430920877492,0.007041488081956038
"Parry, John",12,3,0.002890537470591592,0.21105270284754857,0.6659233043798786,0.1192928973342885,0.0008405579676927788
"Parry, John",13,4,0.008780734677560575,0.24250740403255455,0.5981095144860797,0.14751303843712815,0.0030893083666769794
"Parry, John",14,4,0.005436244620888653,0.1476836965994318,0.5385125655727198,0.28688806845813564,0.02147942474882414
"Parry, John",15,4,0.0033112838390320087,0.17600853193047278,0.6310689228055566,0.18589281263117285,0.003718448793765705
"Parry, John",16,4,0.036464982498773224,0.2549216415069279,0.4649578481009474,0.21737576123588642,0.02627976665746501
"Parry, John",17,3,0.004543820845680613,0.17710937977614394,0.6037504107249256,0.20821337167177867,0.006383016981471146
"Parry, John",18,5,0.08464637500280803,0.399366472548753,0.41820809610314535,0.09349353549373962,0.004285520851553981
"Paul, Yannik",1,4,0.004562739644827063,0.14927385780030594,0.5608348741278874,0.26971960249207916,0.015608925934900486
"Paul, Yannik",2,3,0.00273142587252706,0.14064109878548314,0.5980749680406405,0.24943762731886543,0.009114879982483837
"Paul, Yannik",3,4,0.005622693294449255,0.1542881881231689,0.5473262372276348,0.27425030402993833,0.0185125773248086
"Paul, Yannik",4,4,0.010879949144412704,0.2214369080359765,0.5649947013399296,0.1943862274080843,0.008302214071596925
"Paul, Yannik",5,4,0.03041761222119488,0.3652171630242414,0.5151117495095647,0.08769213105668383,0.0015613441883151058
"Paul, Yannik",6,5,0.0630860651175077,0.35715968820088184,0.44984977865027476,0.12285926845857487,0.007045199572760841
"Paul, Yannik",7,4,0.0016405027226155666,0.13322868793574377,0.6332829727965655,0.2267513801319352,0.005096456413139938
"Paul, Yannik",8,3,0.0026650344773658796,0.14156121243098158,0.6022150491754801,0.2450928700999,0.008465833816272528
"Paul, Yannik",9,5,0.046548664698055686,0.3699894616170604,0.47922352510133626,0.10103579587003353,0.0032025527135141063
"Paul, Yannik",10,4,0.003217300523181532,0.129899617423145,0.5587736980204954,0.2908607364487956,0.017248647584382493
"Paul, Yannik",11,5,0.07758081602789785,0.36576085217051485,0.42879079662353925,0.12001203980229225,0.007855495375755805
"Paul, Yannik",12,3,0.0023950626059660585,0.19424460945273142,0.6706023061960666,0.13172503767982813,0.0010329840654077493
"Paul, Yannik",13,4,0.007602162556376801,0.2271824477643854,0.6019473615632802,0.1596459845442797,0.0036220435716778354
"Paul, Yannik",14,4,0.004744451012066442,0.1374995999858563,0.5326022784447528,0.3011307118559451,0.024022958701379382
"Paul, Yannik",15,4,0.002795366817156808,0.1623380680897638,0.629815405357808,0.20066759351332264,0.004383566221948687
"Paul, Yannik",16,4,0.033493483540556646,0.2448293429355109,0.4657970307100352,0.22716552273469626,0.028714620079201003
"Paul, Yannik",17,3,0.0038915814848909935,0.16421416572587288,0.6016305895180307,0.22287182466188082,0.007391838609324575
"Paul, Yannik",18,5,0.07842113371282461,0.38915005478796866,0.42732934366202624,0.10026450006664123,0.004834967770539267
"Pavan, Andrea",1,4,0.004692443520919243,0.15143422189929945,0.5618007359673202,0.2668364357975318,0.015236162814929344
"Pavan, Andrea",2,3,0.0028199074002182023,0.14291208568925196,0.59905939498499,0.24634559712905757,0.008863014796482327
"Pavan, Andrea",3,4,0.005774172034420877,0.1564156517588503,0.5482457612686285,0.27147060903589215,0.018093805902208215
"Pavan, Andrea",4,4,0.011154466090533277,0.2240630181209618,0.5647551311569896,0.19193713155355885,0.00809025307795641
"Pavan, Andrea",5,4,0.031094799738100032,0.3683004349669589,0.5129144623396622,0.08617760024396248,0.001512702711316427
"Pavan, Andrea",6,5,0.06408851615485361,0.359303884651448,0.4483959019549853,0.1213225654855451,0.006889131753167965
"Pavan, Andrea",7,4,0.0017003552437943603,0.13559655046120034,0.6342332947075899,0.22353458678289173,0.004935212804523692
"Pavan, Andrea",8,3,0.0027521777768735878,0.1438593011841084,0.6031622251727762,0.24199810044695358,0.008228195419288209
"Pavan, Andrea",9,5,0.047421302629793105,0.3725897909636013,0.4773500844089251,0.09952152164240646,0.003117300355274022
"Pavan, Andrea",10,4,0.0033137496703725122,0.13191493250260417,0.5600902113034311,0.28784511669777124,0.01683598982582102
"Pavan, Andrea",11,5,0.07871199647112526,0.3676900217307552,0.4273431037192918,0.11856490049778534,0.007689977581042395
"Pavan, Andrea",12,3,0.00248550245859791,0.1974719327121388,0.6698243388834958,0.12922581329258465,0.0009924126531828392
"Pavan, Andrea",13,4,0.007821182124471415,0.23014511257417308,0.6012971966266463,0.15722478540258178,0.003511723272127454
"Pavan, Andrea",14,4,0.0048733019345871265,0.13945684941947206,0.5338305559633145,0.29833309292761956,0.023506199755006785
"Pavan, Andrea",15,4,0.0028902189018898405,0.16496061428542402,0.6301768896730024,0.19772667510846542,0.004245602031218265
"Pavan, Andrea",16,4,0.03405874666387565,0.2467979458116678,0.4656803432602229,0.22523905532428512,0.028223908939948528
"Pavan, Andrea",17,3,0.004012193396281505,0.1666921908656302,0.6021473116531803,0.21996428086201436,0.007184023222893687
"Pavan, Andrea",18,5,0.07961121933075055,0.3911739897144821,0.42557822041447785,0.0989138236765208,0.004722746863768723
"Penge, Marco",1,4,0.005969590469844632,0.17106215950581904,0.5684903170126991,0.24217915345886565,0.012298779552771477
"Penge, Marco",2,3,0.003707526922962334,0.16368970960029122,0.6055541930732867,0.2201346648657485,0.006913905537711207
"Penge, Marco",3,4,0.007255325561148884,0.17568624069049305,0.5546518606125357,0.24763264606753654,0.014773927068285841
"Penge, Marco",4,4,0.013812915812639437,0.24751259588250785,0.5609393104219408,0.17129980054586935,0.00643537733704258
"Penge, Marco",5,4,0.03754061559812921,0.39498842567099934,0.4925499511868154,0.0737772520459381,0.0011437554981179598
"Penge, Marco",6,5,0.07335714997392984,0.37764578979568914,0.43489151714253355,0.10845240670739753,0.005653136380449952
"Penge, Marco",7,4,0.002312447126434636,0.15740463511079572,0.6400582184863663,0.19651333916880975,0.003711360107593542
"Penge, Marco",8,3,0.0036275870630918527,0.16488906129787056,0.6092915512735326,0.21579866262106984,0.006393137744435062
"Penge, Marco",9,5,0.05559325327393133,0.39492197925633915,0.46003696903840996,0.08699132035558943,0.0024564780757301286
"Penge, Marco",10,4,0.0042708304491813065,0.15033450741140097,0.5698452280241192,0.2619658789602729,0.013583555155025628
"Penge, Marco",11,5,0.0891054531776293,0.38408488653818085,0.4140111825976295,0.10642587724124619,0.0063726004453141805
"Penge, Marco",12,3,0.003414337684633395,0.22685736492146136,0.660226336437481,0.10880598447742429,0.0006959764789999934
"Penge, Marco",13,4,0.0099771554501627,0.2566944228857127,0.5935653241106101,0.13709231397084332,0.0026707835826711435
"Penge, Marco",14,4,0.006135073836190941,0.15724724178220656,0.5430442838071676,0.2741875699920432,0.01938583058239174
"Penge, Marco",15,4,0.003847974371690044,0.1888941088790484,0.6309310283636662,0.1731287583144695,0.003198130071125793
"Penge, Marco",16,4,0.039324700189111494,0.2640753140196299,0.4636859427031548,0.20867845751799163,0.024235585570112184
"Penge, Marco",17,3,0.0052134946918476754,0.18921796356525084,0.6045462455826216,0.195442030138113,0.00558026602216688
"Penge, Marco",18,5,0.09056806179366117,0.4082870640828306,0.4096367988825655,0.08766918674838653,0.003838888492556203
"Pineau, Pierre",1,4,0.0029336815547046924,0.11848935619087236,0.5410778085135795,0.3150976194581324,0.022401534282711077
"Pineau, Pierre",2,3,0.0016522078745724311,0.10867341469209846,0.5770076069640093,0.29881323058045806,0.013853539888861732
"Pineau, Pierre",3,4,0.0036989042464707356,0.12381336403150295,0.5286183407570363,0.3178057435625222,0.026063647402467804
"Pineau, Pierre",4,4,0.007341736793247344,0.1829563761693312,0.5635019067556548,0.2339688917360907,0.012231088545676005
"Pineau, Pierre",5,4,0.02145408727690068,0.3177728197047307,0.5448184003054239,0.11344263552627365,0.002512057186671024
"Pineau, Pierre",6,5,0.04916196576013898,0.32345642093645327,0.4694949056882802,0.14801764242954984,0.00986906518557773
"Pineau, Pierre",7,4,0.0009319638978730338,0.10028315544656324,0.6116526042939009,0.2788948433046322,0.008237433057030619
"Pineau, Pierre",8,3,0.0016044639369571234,0.10922557561975904,0.5815927765035567,0.29462308379089486,0.01295410014883236
"Pineau, Pierre",9,5,0.03468391167125545,0.32942634043335434,0.5047520649396922,0.12633264240767217,0.004805040548025885
"Pineau, Pierre",10,4,0.0020203990684100614,0.10146026553285609,0.5337359762068103,0.33801963565538184,0.02476372353654166
"Pineau, Pierre",11,5,0.06170393489081705,0.33511319986396043,0.4487101524479326,0.14364817134743146,0.010824541449858449
"Pineau, Pierre",12,3,0.0013323608173162471,0.14857114226044194,0.6739850057997552,0.1742302597676192,0.0018812313548673965
"Pineau, Pierre",13,4,0.0048525365195325465,0.18407130439777203,0.6056589571066113,0.19966055959944984,0.005756642376634202
"Pineau, Pierre",14,4,0.003111584226516806,0.10961434485414695,0.5095518973105819,0.3444764024669197,0.03324577114183458
"Pineau, Pierre",15,4,0.001650544229315043,0.12530019937065645,0.6172548964502412,0.24872375000528468,0.007070609944502593
"Pineau, Pierre",16,4,0.02573230809620919,0.2150915617872095,0.4646725989305996,0.25730841824289363,0.03719511294308808
"Pineau, Pierre",17,3,0.0024042428407699545,0.12896655680741337,0.5875781130486702,0.26972879883080614,0.011322288472340292
"Pineau, Pierre",18,5,0.06177785636117855,0.35676456296044534,0.4519604775649177,0.1226113131306642,0.00688578998279421
"Puig, David",1,4,0.006329607127713077,0.17613449556225036,0.5696590487964932,0.2362240274223777,0.011652821091165722
"Puig, David",2,3,0.003962602517812497,0.1690988674684889,0.6065754309239315,0.21386860623699244,0.0064944928527745915
"Puig, David",3,4,0.007669818542429152,0.1806501746676305,0.5557844292485065,0.24185699956501805,0.014038577976415834
"Puig, David",4,4,0.014549249547237686,0.2534568272349362,0.559521585115254,0.16639695499969942,0.006075383102872811
"Puig, David",5,4,0.039293172643475816,0.4015155170093652,0.4871986200527719,0.07092646855834106,0.0010662217360459803
"Puig, David",6,5,0.07580092920719983,0.3820740961080212,0.43133146988507415,0.10541394715888897,0.00537955764081588
"Puig, David",7,4,0.0024918471789639463,0.16312160026084188,0.6408107972352213,0.19012162867699378,0.003454126647979172
"Puig, David",8,3,0.003879511611290798,0.17036487488335356,0.6102114849887563,0.20954483977051297,0.005999288746086351
"Puig, David",9,5,0.05777721710975803,0.40033636264129135,0.4554980447090782,0.08407446038036048,0.002313915159511959
"Puig, David",10,4,0.004542815844031434,0.1551257132076554,0.5717711061199907,0.2556921795372946,0.012868185291027845
"Puig, David",11,5,0.09182741467265942,0.38801302627651313,0.4105256842291939,0.1035546032793736,0.006079271542259956
"Puig, David",12,3,0.0036876700817101704,0.23446102631892163,0.6570870724236988,0.1041277277803836,0.0006365033952857591
"Puig, David",13,4,0.010584537150612638,0.2634486106035558,0.5910910655155202,0.13238273298655412,0.002493053743757301
"Puig, David",14,4,0.006488743409387654,0.16184775952765135,0.5449008066335919,0.2682957373564515,0.01846695307291757
"Puig, David",15,4,0.004125024956912693,0.19510595433839462,0.630453405909202,0.16733775003452345,0.002977864760967286
"Puig, David",16,4,0.040724773234195655,0.26837405750838905,0.46292366260068973,0.2046519678444052,0.023325538812320357
"Puig, David",17,3,0.005556141502112366,0.19504068100817434,0.604554193838724,0.18961269134712178,0.0052362923038675735
"Puig, David",18,5,0.09344358508330047,0.4123614163625244,0.40551797153100666,0.08503250779921412,0.0036445192239543678
"Pulkkanen, Tapio",1,4,0.0038425228502990127,0.13658465885228527,0.5541260998553855,0.28740558605133804,0.01804113239069216
"Pulkkanen, Tapio",2,3,0.00224648795936061,0.12737161613312392,0.5910762340760252,0.2685250247657146,0.0107806370657757
"Pulkkanen, Tapio",3,4,0.004777405601244955,0.14176414921580544,0.5409573266762746,0.2912683397202217,0.021232778786453244
"Pulkkanen, Tapio",4,4,0.009337875377592175,0.20582165384522078,0.5655669644837134,0.20957843145127664,0.009695074842197005
"Pulkkanen, Tapio",5,4,0.0265679396109737,0.34648200242292726,0.5277708425336277,0.09729108651821661,0.0018881289142547164
"Pulkkanen, Tapio",6,5,0.0572663179945051,0.34401347966929186,0.4582193382020069,0.13244069164495753,0.008060172489238626
"Pulkkanen, Tapio",7,4,0.0013168415600333105,0.11946176674930753,0.6263038526017095,0.24673895357280295,0.006178585516146695
"Pulkkanen, Tapio",8,3,0.0021878972665616003,0.1281356353658109,0.5954207898628686,0.2642156248666393,0.010040052638119579
"Pulkkanen, Tapio",9,5,0.041529331826093085,0.3540966390727051,0.4900478788592167,0.11056016857499562,0.003765981666989493
"Pulkkanen, Tapio",10,4,0.0026846171046388534,0.11811272041468779,0.5499521871733815,0.309309898153064,0.019940577154227923
"Pulkkanen, Tapio",11,5,0.07098386283128105,0.353877943126729,0.4371848013750329,0.12902542599040456,0.00892796667655249
"Pulkkanen, Tapio",12,3,0.0019075644872787456,0.17533546602438843,0.6738680492732376,0.14757554201369905,0.0013133782013960982
"Pulkkanen, Tapio",13,4,0.006386063430643352,0.20961633659195578,0.60482672647748,0.1748106650761101,0.004360208423810796
"Pulkkanen, Tapio",14,4,0.004026145667807901,0.12600529861486182,0.5244265120952314,0.31817689026941753,0.027365153352681304
"Pulkkanen, Tapio",15,4,0.002277929093136788,0.14699031289116415,0.6264203800625279,0.21900203626296144,0.00530934169020969
"Pulkkanen, Tapio",16,4,0.03022881438606867,0.23297118316133714,0.4660079706683971,0.2389474570804112,0.03184457470378588
"Pulkkanen, Tapio",17,3,0.003227272037375273,0.14966841915076118,0.5974454429941243,0.24088962433576877,0.008769241481970447
"Pulkkanen, Tapio",18,5,0.07149129795096743,0.37664212564050037,0.437575003738221,0.10872373169309313,0.005567840977218075
"Purcell, Conor",1,4,0.003968280018597725,0.1388920950601754,0.5554839087640233,0.28409020913623095,0.017565507020972593
"Purcell, Conor",2,3,0.002330343149010927,0.12977544696326343,0.5925108521495761,0.26493139594548265,0.01045196179266683
"Purcell, Conor",3,4,0.004925541310140058,0.14404524352720632,0.5422443588846831,0.2880824400972146,0.020702416180755856
"Purcell, Conor",4,4,0.009609435068471617,0.20868589614249244,0.56557509819478,0.20670817406097675,0.009421396533279225
"Purcell, Conor",5,4,0.027251761538934105,0.3499704862019919,0.5255041977473305,0.09545058116641669,0.0018229733453268837
"Purcell, Conor",6,5,0.05831603075777003,0.34647684033658754,0.4567212424875857,0.1306237843102207,0.007862102107836
"Purcell, Conor",7,4,0.0013722483821307918,0.12194668554001631,0.627759026523482,0.24295903397187468,0.005963005582496184
"Purcell, Conor",8,3,0.0022703431990123146,0.1305674330704844,0.5968201747213264,0.26061294306786564,0.009729105941311267
"Purcell, Conor",9,5,0.04242859264455412,0.3570679939709214,0.48810523324286764,0.10874333233168154,0.00365484780997527
"Purcell, Conor",10,4,0.0027772591803801316,0.12024957047227142,0.5517009221385332,0.3058580023073494,0.0194142459014659
"Purcell, Conor",11,5,0.07217765949486121,0.3561116872047448,0.4356740199631011,0.12731744490498653,0.008719188432306346
"Purcell, Conor",12,3,0.001990810170121593,0.1787670260788008,0.6734500514187542,0.14453567191111572,0.0012564404212076496
"Purcell, Conor",13,4,0.006598382805037106,0.21283164422081052,0.6044298524498719,0.17192668997002936,0.004213430554251163
"Purcell, Conor",14,4,0.004151937351719925,0.12809529260547092,0.5260409549234023,0.3149964064455063,0.026715408673900543
"Purcell, Conor",15,4,0.0023670904544887406,0.14977358419053827,0.6272077715962528,0.21552663197349253,0.00512492178522761
"Purcell, Conor",16,4,0.030815500622884295,0.2351664788474363,0.46603333300923183,0.23674299161211498,0.03124169590833259
"Purcell, Conor",17,3,0.0033425661260554906,0.15231206777259348,0.5983600711743646,0.23748822596150798,0.008497068965478416
"Purcell, Conor",18,5,0.07274392453248096,0.37899850950469044,0.4357184631312768,0.10711468157186899,0.005424421259682788
"Ramsay, Richie",1,4,0.0042408030141616315,0.14375430793757815,0.5581403302709089,0.27725109080168,0.016613467975671314
"Ramsay, Richie",2,3,0.0025132801318819564,0.13485425418999447,0.5952933665652226,0.2575408251400053,0.009798273972895677
"Ramsay, Richie",3,4,0.00524575432851021,0.14884649795625227,0.5447649443417426,0.28150425056025796,0.019638552813236898
"Ramsay, Richie",4,4,0.010194494844042945,0.21468508665578467,0.5654249419951716,0.20082001815269368,0.008875458352307186
"Ramsay, Richie",5,4,0.02871627209979194,0.3572011712080045,0.5206739181615916,0.09171427514868491,0.0016943633819270776
"Ramsay, Richie",6,5,0.060540367385624405,0.3515598925200652,0.453528263313502,0.12690641667399172,0.00746506010681669
"Ramsay, Richie",7,4,0.0014939580412047238,0.1272101678961401,0.6305489948094197,0.2352096782231481,0.005537201030087369
"Ramsay, Richie",8,3,0.0024502960900826265,0.13570579588734044,0.5995255250000483,0.2532072294628367,0.009111153559691942
"Ramsay, Richie",9,5,0.04434308500086381,0.36320907988407636,0.4839724135516307,0.10504164803025184,0.003433773533177309
"Ramsay, Richie",10,4,0.002978569400123976,0.1247618704819578,0.5551713039203117,0.29872767009804524,0.01836058609956126
"Ramsay, Richie",11,5,0.07470155170192505,0.3607106433993934,0.4324666443527575,0.12382121174449567,0.00829994880142837
"Ramsay, Richie",12,3,0.0021739879726284106,0.18600868794937314,0.6723066355235381,0.13836516200994364,0.0011455265445167173
"Ramsay, Richie",13,4,0.0070585365224757335,0.21957621101670716,0.6034043200373539,0.1660378010210376,0.003923131402425617
"Ramsay, Richie",14,4,0.004423984569794093,0.13249949225837804,0.5292533404689725,0.30841381607316176,0.02540936662969351
"Ramsay, Richie",15,4,0.0025620732940174196,0.15564984405889776,0.6286139898164788,0.20841344327533629,0.00476064955526978
"Ramsay, Richie",16,4,0.032061850650473456,0.23973471852205325,0.46599178152328313,0.2321897743812451,0.030021874922945058
"Ramsay, Richie",17,3,0.003593459394377052,0.15788489906495223,0.6000589688535733,0.2305063509368671,0.0079563217502302
"Ramsay, Richie",18,5,0.07539428396200976,0.38384262621949183,0.4317958217217349,0.10382976298976376,0.005137505106999729
"Ravetto, David",1,4,0.0043940250689179505,0.14641014780460826,0.5594783011317707,0.2735970612318883,0.016120464762814812
"Ravetto, David",2,3,0.0026168368669717834,0.13763592078013764,0.5966804664123515,0.2536047287746245,0.009462047165914589
"Ravetto, David",3,4,0.005425328038073274,0.15146600074672967,0.5460360880124079,0.2779861741344968,0.019086409068292398
"Ravetto, David",4,4,0.010521471027665041,0.21794151462169625,0.5652512647064987,0.1976919917259804,0.008593757918159639
"Ravetto, David",5,4,0.02952974162875155,0.3610833299471068,0.5180073049348387,0.08975089215650245,0.0016287313328005038
"Ravetto, David",6,5,0.06176251729886423,0.3542764687119509,0.45176501481346143,0.1249368697175991,0.007259129458124347
"Ravetto, David",7,4,0.001563339987673551,0.130100435987692,0.6319204069548214,0.23109604062663291,0.0053197764431800465
"Ravetto, David",8,3,0.002552215624579468,0.1385203338133293,0.600868890714984,0.24926499510980782,0.00879356473729942
"Ravetto, David",9,5,0.0454000537657378,0.36649644322832126,0.4816944682859716,0.10308900505220087,0.0033200296677684538
"Ravetto, David",10,4,0.003092070244276157,0.12723197303440348,0.5569482509621235,0.2949128090300872,0.01781489672910963
"Ravetto, David",11,5,0.07608505098581303,0.36316275391153535,0.43070224240385235,0.12196784846264075,0.008082104236158516
"Ravetto, David",12,3,0.002278589766023409,0.18996972109852928,0.6715385935518201,0.1351233832945381,0.001089712289089162
"Ravetto, David",13,4,0.00731726713633063,0.22324273280934936,0.602740766351815,0.1629245510631412,0.003774682639363869
"Ravetto, David",14,4,0.0045766249130475,0.1349053121210439,0.5309032249523367,0.30488478019367826,0.02473005781989368
"Ravetto, David",15,4,0.0026727189998167478,0.1588657753679555,0.6292429187882695,0.20464395228362953,0.004574634560328694
"Ravetto, David",16,4,0.03274846507779078,0.24219793243379895,0.4659170216309488,0.22975358201375973,0.02938299884370177
"Ravetto, David",17,3,0.00373512035998419,0.1609299873958736,0.6008611741580716,0.2267952293065898,0.007678488779480741
"Ravetto, David",18,5,0.07684827003518269,0.3864212472260285,0.4296482033652809,0.10209327506580468,0.004989004307703215
"Reed, Patrick",1,4,0.006770194594378609,0.18211007514159094,0.5707676728984552,0.22940993985523472,0.010942117510340577
"Reed, Patrick",2,3,0.0042773767980209265,0.17549071351772438,0.607464109931134,0.20673052431140926,0.006037275441711398
"Reed, Patrick",3,4,0.008175478637436229,0.18649016748596287,0.5568682794222471,0.23523903481940245,0.01322703963495131
"Reed, Patrick",4,4,0.015443463990455597,0.26040091456193415,0.5576492832271535,0.16082525392376168,0.005681084296695116
"Reed, Patrick",5,4,0.04140418671084739,0.4090199292213444,0.480862081439995,0.06773128853425137,0.0009825140935618704
"Reed, Patrick",6,5,0.07870633495308565,0.3871383823391381,0.4271085994249961,0.1019690312619086,0.005077652020871515
"Reed, Patrick",7,4,0.0027151409743274013,0.16989652923478288,0.6413379675263309,0.18287388769767376,0.003176474566885079
"Reed, Patrick",8,3,0.004190588118428151,0.1768359052801204,0.6109777683580435,0.20242533005612118,0.005570408187286713
"Reed, Patrick",9,5,0.06038864185097165,0.40653859029204714,0.45012702549455186,0.08078745315019398,0.002158289212235376
"Reed, Patrick",10,4,0.004876849799712868,0.16078601536057802,0.5737534473102546,0.2485026085844968,0.01208107894495769
"Reed, Patrick",11,5,0.095054275251509,0.3924901948677826,0.4064043177768162,0.10029646261733649,0.005754749486555744
"Reed, Patrick",12,3,0.0040284236977744525,0.2434188517108225,0.6530846944307926,0.09889448957372937,0.0005735405868809718
"Reed, Patrick",13,4,0.011327543339219814,0.2713497357969509,0.587955756947423,0.12706622145486124,0.002300742461545102
"Reed, Patrick",14,4,0.006920515998661836,0.16726953155867524,0.5468355022456894,0.26152448619616986,0.017449964000803675
"Reed, Patrick",15,4,0.004467877871771164,0.2024356956031504,0.6295725728883734,0.16078379792473563,0.002740055711969336
"Reed, Patrick",16,4,0.042395502168654786,0.27335715620968887,0.4619094025478274,0.20002965277322649,0.022308286300602442
"Reed, Patrick",17,3,0.005977595241096534,0.2018999824827361,0.6042729529965978,0.1829876532868182,0.004861815992751373
"Reed, Patrick",18,5,0.09685539956774558,0.4169913756163325,0.40067093420572863,0.08205168329048962,0.0034306073197036824
"Reitan, Kristoffer",1,4,0.005535046975303104,0.1646896326463344,0.5667097386985074,0.2498942822256699,0.01317129945418527
"Reitan, Kristoffer",2,3,0.0034023672002849725,0.1569164122474272,0.6039048926807371,0.22829039153468134,0.007485936336869337
"Reitan, Kristoffer",3,4,0.006753349520361995,0.1694408477927925,0.5529374405737142,0.25510436438923034,0.015763997723901024
"Reitan, Kristoffer",4,4,0.012916903699583093,0.23997850689112976,0.5624821950763417,0.17769842457418672,0.006923969758758752
"Reitan, Kristoffer",5,4,0.035389633771156837,0.38657801717717033,0.49922895742992685,0.07755278749610961,0.0012506041256363787
"Reitan, Kristoffer",6,5,0.0703156237419516,0.3719068827344526,0.43932752020150684,0.11242841778492041,0.006021555537168544
"Reitan, Kristoffer",7,4,0.0020997702689634634,0.15026809605309188,0.6386935217061287,0.20487273505724546,0.004065876914570499
"Reitan, Kristoffer",8,3,0.0033263943231792714,0.15803282984415667,0.6077658167536136,0.22394403786650918,0.006930921212541241
"Reitan, Kristoffer",9,5,0.052891703801721424,0.38791798304754843,0.46570706397200495,0.09083258005666506,0.002650669122060134
"Reitan, Kristoffer",10,4,0.003943767525084241,0.14433304803912722,0.567093112916695,0.2700803022516306,0.014549769267462986
"Reitan, Kristoffer",11,5,0.08570732662055669,0.3789763783246233,0.41836988868695424,0.11017983875553461,0.006766567612331187
"Reitan, Kristoffer",12,3,0.003090885929696807,0.21730786949078124,0.6638088053555871,0.11501280232082922,0.0007796369031056738
"Reitan, Kristoffer",13,4,0.009243784822274392,0.24814702219288187,0.5964122769163831,0.143281801969404,0.002915114099056648
"Reitan, Kristoffer",14,4,0.0057070818283924685,0.15146945688484892,0.5404187899395325,0.2817854042927951,0.020619267054431067
"Reitan, Kristoffer",15,4,0.003517523812520351,0.18110441519554116,0.631158098936899,0.18071833545536964,0.0035016265996699047
"Reitan, Kristoffer",16,4,0.03758889116615871,0.2585812199298172,0.46450705400604964,0.21387823067735223,0.025444604220622224
"Reitan, Kristoffer",17,3,0.004802144454827073,0.18190305567845821,0.6041963026285226,0.2030484177264703,0.006050079511721762
"Reitan, Kristoffer",18,5,0.08698157150876457,0.402972594763846,0.41481447051696974,0.0911299688302426,0.0041013943801770925
"Robinson-Thompson, Brandon",1,4,0.004650441413410533,0.15073844520040242,0.56149498473016,0.2677611135858162,0.015355015070210865
"Robinson-Thompson, Brandon",2,3,0.002791218038624199,0.14218031914272417,0.5987485933521948,0.24733665354771517,0.008943215918741698
"Robinson-Thompson, Brandon",3,4,0.005725141975823689,0.15573061746451128,0.5479545846562888,0.2723622711018182,0.018227384801558055
"Robinson-Thompson, Brandon",4,4,0.011065669173903447,0.22321824742888763,0.5648365290686219,0.1927217647084738,0.008157789620113154
"Robinson-Thompson, Brandon",5,4,0.03087600758397846,0.36731070414958295,0.5136232914121419,0.08666182810203737,0.0015281687522593623
"Robinson-Thompson, Brandon",6,5,0.06376528724589753,0.35861617936729817,0.44886496376924917,0.12181466042178501,0.0069389091957701154
"Robinson-Thompson, Brandon",7,4,0.001680923285400926,0.13483320912148672,0.6339344016512891,0.22456498016111515,0.004986485780708039
"Robinson-Thompson, Brandon",8,3,0.002723919652681095,0.14311879051635779,0.6028634923864622,0.24298994283787856,0.008303854606620309
"Robinson-Thompson, Brandon",9,5,0.047139680355186286,0.37175554746444067,0.47795429716110727,0.1000060254187436,0.003144449600522181
"Robinson-Thompson, Brandon",10,4,0.0032825000940460702,0.13126560376695912,0.559671815346473,0.28881251626621285,0.016967564526308876
"Robinson-Thompson, Brandon",11,5,0.07834741914713778,0.3670715608703213,0.42780986860887693,0.11902836363386782,0.0077427877397961975
"Robinson-Thompson, Brandon",12,3,0.00245613103135911,0.19643231644143377,0.6700814865932819,0.13002478803025808,0.0010052779036671122
"Robinson-Thompson, Brandon",13,4,0.007750257210384193,0.22919182693501738,0.6015113426312688,0.15799975941875566,0.0035468138045740005
"Robinson-Thompson, Brandon",14,4,0.004831591861432727,0.13882647492176675,0.5334399186016971,0.299230912031037,0.02367110258406635
"Robinson-Thompson, Brandon",15,4,0.0028594501612342893,0.16411570320660956,0.6300669666254659,0.19866840676960296,0.004289473237087282
"Robinson-Thompson, Brandon",16,4,0.033876391288460095,0.24616546000963913,0.4657203362653102,0.22585710225192857,0.02838071018466204
"Robinson-Thompson, Brandon",17,3,0.003973104901586699,0.16589406624469727,0.6019867782050823,0.2208958664961982,0.0072501841524356125
"Robinson-Thompson, Brandon",18,5,0.07922760151091723,0.3905253650237895,0.42614234455778516,0.09934616367003479,0.004758525237473332
"Saddier, Adrien",1,4,0.005501639897956601,0.16418759794812854,0.5665541308261581,0.2505135145069898,0.013243116820766954
"Saddier, Adrien",2,3,0.0033790354518953847,0.1563838939241023,0.6037569672864813,0.22894681082145718,0.0075332925160638275
"Saddier, Adrien",3,4,0.006714678326204315,0.16894838845178722,0.5527880609030735,0.2557035376790664,0.01584533463986848
"Saddier, Adrien",4,4,0.01284767483023097,0.2393817836115546,0.5625919474613675,0.1782142922631632,0.006964301833683684
"Saddier, Adrien",5,4,0.03522256865592632,0.3859052842669409,0.49975275376332035,0.07785988837979907,0.001259504934013389
"Saddier, Adrien",6,5,0.07007734768348706,0.3714462198777833,0.4396750935100468,0.11274951143521283,0.006051827493469997
"Saddier, Adrien",7,4,0.0020836012768750134,0.14970810052518885,0.6385654033375909,0.20554748649208832,0.0040954083682569475
"Saddier, Adrien",8,3,0.0033033752426405716,0.15749381875919144,0.607627439072153,0.22459989423673976,0.0069754726892752306
"Saddier, Adrien",9,5,0.05268086019152529,0.38735641207802307,0.46615201816106755,0.09114397527521745,0.0026667342941666394
"Saddier, Adrien",10,4,0.003918681326068374,0.1438611025408073,0.5668600010437466,0.2707309201401944,0.014629294949183302
"Saddier, Adrien",11,5,0.08544061400244374,0.3785654636712618,0.4187121904943572,0.11048284428025235,0.006798887551684896
"Saddier, Adrien",12,3,0.0030663235103746134,0.21655580380276818,0.6640730394377691,0.11551814220720635,0.0007866910418817818
"Saddier, Adrien",13,4,0.009187394358061651,0.2474707086801709,0.5966235571920866,0.14378290245955516,0.002935437310125688
"Saddier, Adrien",14,4,0.005674125324437396,0.151014361774245,0.5401975860313117,0.2823935130377152,0.02072041383229062
"Saddier, Adrien",15,4,0.0034923059929830025,0.1804914670039,0.6311575897554842,0.18133173241768907,0.0035269048299437777
"Saddier, Adrien",16,4,0.03745322383935201,0.2581438342842295,0.4645649929881849,0.21429480729117623,0.025543141597057395
"Saddier, Adrien",17,3,0.004770626324669847,0.18132681762300035,0.6041519878442849,0.20366156116353185,0.006089007044513095
"Saddier, Adrien",18,5,0.08670023835308244,0.4025443736308969,0.4152224180364252,0.09140996895707088,0.004123001022524608
"Schaper, Jayden",1,4,0.005971083172625069,0.17108356453054097,0.5684957028563915,0.2421536830767751,0.012295966363667366
"Schaper, Jayden",2,3,0.0037085803977578435,0.16371250330313014,0.6055590348913924,0.22010781012296354,0.006912071284756127
"Schaper, Jayden",3,4,0.0072570466678290035,0.17570720149067887,0.5546570637063803,0.24760795908613298,0.014770729048978803
"Schaper, Jayden",4,4,0.013815979756192254,0.24753777757779266,0.5609336723408809,0.17127876402903397,0.006433806296100242
"Schaper, Jayden",5,4,0.03754793577110899,0.39501627801437444,0.49252742925488996,0.07376494206005602,0.001143414899570594
"Schaper, Jayden",6,5,0.07336741981379125,0.37766473326547173,0.4348765454355616,0.1084393549705236,0.00565194651465184
"Schaper, Jayden",7,4,0.00231318508480699,0.15742869343871652,0.640062003221947,0.1964858882165441,0.003710230037985429
"Schaper, Jayden",8,3,0.0036286272242875284,0.1649121351318955,0.6092959708966832,0.2157718523137837,0.006391414433350007
"Schaper, Jayden",9,5,0.05560240671088129,0.39494512282481886,0.460017859406701,0.08697875610283845,0.002455854954760417
"Schaper, Jayden",10,4,0.004271956297925261,0.15035469974801152,0.5698538390272907,0.2619390651743009,0.013580439752471696
"Schaper, Jayden",11,5,0.08911690736748074,0.3841017161470346,0.4139965019421598,0.10641354839007078,0.006371326153254087
"Schaper, Jayden",12,3,0.003415461158598365,0.22688944895049712,0.660213610231529,0.10878576676903418,0.0006957128903413157
"Schaper, Jayden",13,4,0.009979674201246236,0.256723016867376,0.5935552603001667,0.13707204498705972,0.0026700036441513753
"Schaper, Jayden",14,4,0.006136541892993619,0.15726665267308604,0.5430525446456154,0.2741624211543945,0.01938183963391049
"Schaper, Jayden",15,4,0.003849117089902765,0.18892030200287013,0.6309295535227604,0.17310386487306173,0.003197162511405005
"Schaper, Jayden",16,4,0.03933057389289957,0.2640935908918372,0.4636829237020548,0.20866126076570157,0.024231650747506883
"Schaper, Jayden",17,3,0.00521491200972618,0.18924253501810717,0.6045467723356066,0.19541701987147853,0.005578760765081459
"Schaper, Jayden",18,5,0.09058015729795027,0.4083045432769232,0.4096194114759509,0.0876578458741164,0.0038380420750592226
"Schmid, Matti",1,4,0.005595352247212304,0.16559136455963924,0.5669835139706152,0.24878630112829048,0.013043468094242727
"Schmid, Matti",2,3,0.00344453222915192,0.15787330225513413,0.6041638755445251,0.22711654457007535,0.007401745401113491
"Schmid, Matti",3,4,0.006823127776160065,0.170325217294988,0.5532004078996037,0.2540320825103357,0.015619164518912543
"Schmid, Matti",4,4,0.013041745702123964,0.2410491396267717,0.5622806437471386,0.17677624726116425,0.006852223662801471
"Schmid, Matti",5,4,0.03569058368789457,0.38778259068534365,0.498287210865378,0.07700481414066918,0.0012348006207145712
"Schmid, Matti",6,5,0.0707440924295098,0.372731128104443,0.43870249796215627,0.11185462768870091,0.005967653815190044
"Schmid, Matti",7,4,0.0021290246213785946,0.1512747622313393,0.6389159500710733,0.20366682033006256,0.004013442746146345
"Schmid, Matti",8,3,0.0033679977645298953,0.15900139730620116,0.6080075798571685,0.22277129726167377,0.006851727810426755
"Schmid, Matti",9,5,0.0532711387118564,0.3889230190164044,0.4649071803171883,0.09027655780233157,0.0026221041522193067
"Schmid, Matti",10,4,0.003989073602611359,0.14518105087503652,0.5675057426975377,0.2689159168029648,0.014408216021849607
"Schmid, Matti",11,5,0.08618674472676563,0.3797112973157694,0.41775464262163253,0.10963831492260623,0.006709000413226196
"Schmid, Matti",12,3,0.0031353370420322824,0.21865880645473573,0.6633274431766418,0.11411126960681583,0.0007671437197742659
"Schmid, Matti",13,4,0.009345575559015995,0.24936070573646735,0.5960279040901849,0.14238679594265924,0.0028790186716725064
"Schmid, Matti",14,4,0.005766554047496986,0.15228690779477738,0.5408107511168319,0.2806966954497029,0.02043909159119095
"Schmid, Matti",15,4,0.003563114985928595,0.18220564204884587,0.6311521346647112,0.17962236524729458,0.0034567430532197463
"Schmid, Matti",16,4,0.03783296511776091,0.2593651384421878,0.46440046076949804,0.21313258138409608,0.0252688542864572
"Schmid, Matti",17,3,0.00485907901579824,0.1829380861951237,0.604269641570089,0.20195230755176297,0.005980885667226099
"Schmid, Matti",18,5,0.08748733122534297,0.40373819784460097,0.414081732037521,0.09062980312466318,0.004062935767871867
"Schmidt, Ben",1,4,0.003958954811243309,0.13872242137628987,0.5553862357494628,0.28433244583805506,0.017599942224948983
"Schmidt, Ben",2,3,0.0023241126356697284,0.1295985429849162,0.5924079102205042,0.2651937225869171,0.010475711571992785
"Schmidt, Ben",3,4,0.004914564941071675,0.1438775643534112,0.5421517494895358,0.2883152821294096,0.02074083908657176
"Schmidt, Ben",4,4,0.009589333349911855,0.20847565987581945,0.5655762810423193,0.206917535575729,0.00944119015622047
"Schmidt, Ben",5,4,0.027201232788183483,0.34971523107334596,0.5256714605929635,0.09558440496857246,0.0018276705769345591
"Schmidt, Ben",6,5,0.05823871357177385,0.3462968392777075,0.4568317944944276,0.13075620415322875,0.007876448502862288
"Schmidt, Ben",7,4,0.0013681231291666207,0.12176367351241213,0.6276549536745191,0.24323469916050777,0.005978550523394466
"Schmidt, Ben",8,3,0.0022642164742727178,0.13038846594221454,0.5967198548467758,0.26087589331975525,0.009751569416981631
"Schmidt, Ben",9,5,0.04236226340121163,0.356850767191884,0.4882485108842104,0.10887557987867569,0.0036628786440182637
"Schmidt, Ben",10,4,0.0027703839249990647,0.12009234053823609,0.5515746047494068,0.3061103171609829,0.019452353626375207
"Schmidt, Ben",11,5,0.07208979001697963,0.35594857421573245,0.4357853730151035,0.12744194432958722,0.008734318422597198
"Schmidt, Ben",12,3,0.0019846089757543095,0.17851457425629647,0.6734835876316285,0.14475670038041988,0.0012605287559007694
"Schmidt, Ben",13,4,0.0065826382360157365,0.21259553200188958,0.6044610534023892,0.17213675775388415,0.004224018605821334
"Schmidt, Ben",14,4,0.004142615242529568,0.1279416068329733,0.5259242482422265,0.31522901963095806,0.026762510051312582
"Schmidt, Ben",15,4,0.0023604608920072545,0.1495687994171203,0.6271525592171722,0.2157799604978513,0.005138219975848957
"Schmidt, Ben",16,4,0.030772255095304957,0.23500566074101542,0.46603247917825563,0.23690411843891268,0.03128548654651131
"Schmidt, Ben",17,3,0.0033340060864165966,0.15211764749704693,0.5982952406548867,0.2377363761205804,0.00851672964106931
"Schmidt, Ben",18,5,0.07265170282468042,0.37882651830515085,0.4358551010707159,0.10723187486370389,0.005434802935748939
"Schneider, Marcel",1,4,0.005317042161446406,0.16138049266357324,0.5656415055532522,0.2540075348662444,0.013653424755483812
"Schneider, Marcel",2,3,0.00325045367650445,0.15340934139538986,0.6028799026419865,0.2326556833760165,0.007804618910102645
"Schneider, Marcel",3,4,0.006500777848018335,0.16619361085549117,0.5519130766001787,0.2590829434003694,0.01630959129594234
"Schneider, Marcel",4,4,0.01246421230338396,0.23603656311285875,0.5631726519290695,0.18113151544414507,0.007195057210542699
"Schneider, Marcel",5,4,0.034294842633932676,0.3821159364629132,0.5026744146970996,0.07960414548906347,0.0013106607169910411
"Schneider, Marcel",6,5,0.06874860252138654,0.3688468872547058,0.4416130213068789,0.11456685539724476,0.006224633519783973
"Schneider, Marcel",7,4,0.0019947370925096908,0.14658304225758284,0.6377917999232797,0.20936529310275875,0.004265127623868992
"Schneider, Marcel",8,3,0.0031765415976457434,0.15448307826041208,0.6068032301215862,0.22830633397346944,0.007230816046886579
"Schneider, Marcel",9,5,0.051507264453370394,0.38418950990878514,0.4686347627695829,0.09290971243778601,0.002758750430475576
"Schneider, Marcel",10,4,0.003780216783333956,0.14122456748428602,0.565511409723311,0.27440017571334197,0.015083630295727013
"Schneider, Marcel",11,5,0.08395192795940726,0.37624449762410367,0.42062294677321255,0.1121973869353885,0.006983240707888028
"Schneider, Marcel",12,3,0.00293140662560909,0.2123515750754107,0.6654999887031101,0.11838955213374436,0.0008274774621257475
"Schneider, Marcel",13,4,0.008875775044378309,0.24368119418665785,0.5977684523935403,0.14662242490236388,0.00305215347305976
"Schneider, Marcel",14,4,0.005491874272902875,0.1484699269497985,0.5389209256741176,0.28582004742148626,0.021297225681694787
"Schneider, Marcel",15,4,0.003353457596084186,0.17706627684829596,0.6311034936409152,0.18480459978224273,0.0036721721324619594
"Schneider, Marcel",16,4,0.03669752812408256,0.2556856467659354,0.4648701220290996,0.21664331679931614,0.026103386281566276
"Schneider, Marcel",17,3,0.004596750033857788,0.1781049607972121,0.6038576074969267,0.20712854415907,0.006312137512933358
"Schneider, Marcel",18,5,0.08513039890484952,0.40012366889206447,0.4175033169735339,0.0929961682480488,0.004246446981503338
"Schott, Freddy",1,4,0.004292821257928625,0.1446620095044318,0.558606407207993,0.27599586111478047,0.016442900914866
"Schott, Freddy",2,3,0.002548381771008301,0.1358043717690241,0.5957777705457385,0.25618770753286624,0.00968176838136281
"Schott, Freddy",3,4,0.005306755058519519,0.14974201830576378,0.5452076070696337,0.28029599742777633,0.01944762213830664
"Schott, Freddy",4,4,0.010305656261452578,0.21579966419187774,0.565372681115514,0.19974408059506366,0.008777917836092053
"Schott, Freddy",5,4,0.02899322010548222,0.3585332878754417,0.5197646559535286,0.0910372553287696,0.0016715807367778668
"Schott, Freddy",6,5,0.06095749503575354,0.35249303043681934,0.4529270828956027,0.1262285520156774,0.0073938396161470354
"Schott, Freddy",7,4,0.001517437553834211,0.1281967968828528,0.6310295720972805,0.23379445704628965,0.005461736419742902
"Schott, Freddy",8,3,0.002484838697483005,0.1366671217572178,0.5999951037822939,0.2518518498646478,0.009001085898357464
"Schott, Freddy",9,5,0.04470343736623911,0.3643378668437344,0.4831954093895906,0.10436892307013812,0.003394363330297745
"Schott, Freddy",10,4,0.0030170774592788163,0.12560566639638343,0.5557878598135706,0.29741760067980005,0.01817179565096705
"Schott, Freddy",11,5,0.07517400312722161,0.36155339229942274,0.4318645523163605,0.12318341263132115,0.00822463962567399
"Schott, Freddy",12,3,0.002209372310414792,0.18736206582579334,0.6720552293327218,0.13724724242526998,0.001126090105800115
"Schott, Freddy",13,4,0.007146373695164854,0.22083072572791174,0.6031855256047312,0.16496575042931427,0.0038716245428780383
"Schott, Freddy",14,4,0.004475829934662112,0.13332172821490468,0.5298253882996986,0.3072024747927954,0.02517457875793916
"Schott, Freddy",15,4,0.0025995566406057935,0.15674849301511168,0.6288397461655297,0.20711611654356255,0.004696087635190249
"Schott, Freddy",16,4,0.03229605270883562,0.24057908824946606,0.465970263104478,0.23135318328843102,0.029801412648789327
"Schott, Freddy",17,3,0.0036415055328709034,0.1589255557043071,0.6003429110700418,0.22923000126409165,0.007860026428688549
"Schott, Freddy",18,5,0.07589071529384972,0.3847291926486145,0.4310621683496072,0.10323180166859436,0.005086122039334229
"Schwab, Matthias",1,4,0.0030120955705983388,0.12016278590014134,0.5424775325964841,0.3124026008412527,0.021944985091523428
"Schwab, Matthias",2,3,0.0017025983848190096,0.1103905862169069,0.5785351960306491,0.2958445551054435,0.013527064262181532
"Schwab, Matthias",3,4,0.0037925632795108855,0.1254783105762725,0.5299401739643673,0.3152286686931878,0.025560283486661506
"Schwab, Matthias",4,4,0.0075165242661183185,0.18510209845275793,0.5638562166599876,0.2315617691513503,0.011963391469785867
"Schwab, Matthias",5,4,0.0219085110673094,0.3205332378664981,0.5433060714232564,0.111807614649714,0.002444564993222098
"Schwab, Matthias",6,5,0.049902136120776264,0.3254557904332583,0.46849311826939466,0.14646880329340772,0.009680151883163068
"Schwab, Matthias",7,4,0.0009640156297965885,0.10203263230660814,0.6132679746277397,0.2757201325761973,0.00801524485965821
"Schwab, Matthias",8,3,0.0016538694135025955,0.11096173336824827,0.5831010648318223,0.29163937486534575,0.01264395752108105
"Schwab, Matthias",9,5,0.03530159091512003,0.3318155839531814,0.5034391075235607,0.12474911282794754,0.004694604780190348
"Schwab, Matthias",10,4,0.00207730769429737,0.1029921976636558,0.5354361396406582,0.3352354441558463,0.024258910845542436
"Schwab, Matthias",11,5,0.06255638316265072,0.33694781120057343,0.4476728408384799,0.1421957060303939,0.010627258767902048
"Schwab, Matthias",12,3,0.0013800235443310882,0.15103338880827688,0.6742331409021353,0.17153545782287571,0.001817988922381053
"Schwab, Matthias",13,4,0.004984754222347676,0.18645854059861355,0.6057689904845918,0.19718138083154635,0.005606333862900659
"Schwab, Matthias",14,4,0.0031909132004446783,0.11113038862219099,0.5111050723358243,0.34193763893681284,0.03263598690472724
"Schwab, Matthias",15,4,0.0017033983157791477,0.12729491694871892,0.6183444396015296,0.24577672221704427,0.006880522916928089
"Schwab, Matthias",16,4,0.026140500650358,0.21679771229109351,0.4648889072630585,0.25552449404001565,0.036648385755474355
"Schwab, Matthias",17,3,0.0024744781434757335,0.1308783652165571,0.5887083298927313,0.266888459820395,0.011050366926840915
"Schwab, Matthias",18,5,0.06266823955763506,0.35871397823665874,0.45064716228923857,0.12122311983786216,0.006747500078605473
"Scrivener, Jason",1,4,0.0042408030141616315,0.14375430793757815,0.5581403302709089,0.27725109080168,0.016613467975671314
"Scrivener, Jason",2,3,0.0025132801318819564,0.13485425418999447,0.5952933665652226,0.2575408251400053,0.009798273972895677
"Scrivener, Jason",3,4,0.00524575432851021,0.14884649795625227,0.5447649443417426,0.28150425056025796,0.019638552813236898
"Scrivener, Jason",4,4,0.010194494844042945,0.21468508665578467,0.5654249419951716,0.20082001815269368,0.008875458352307186
"Scrivener, Jason",5,4,0.02871627209979194,0.3572011712080045,0.5206739181615916,0.09171427514868491,0.0016943633819270776
"Scrivener, Jason",6,5,0.060540367385624405,0.3515598925200652,0.453528263313502,0.12690641667399172,0.00746506010681669
"Scrivener, Jason",7,4,0.0014939580412047238,0.1272101678961401,0.6305489948094197,0.2352096782231481,0.005537201030087369
"Scrivener, Jason",8,3,0.0024502960900826265,0.13570579588734044,0.5995255250000483,0.2532072294628367,0.009111153559691942
"Scrivener, Jason",9,5,0.04434308500086381,0.36320907988407636,0.4839724135516307,0.10504164803025184,0.003433773533177309
"Scrivener, Jason",10,4,0.002978569400123976,0.1247618704819578,0.5551713039203117,0.29872767009804524,0.01836058609956126
"Scrivener, Jason",11,5,0.07470155170192505,0.3607106433993934,0.4324666443527575,0.12382121174449567,0.00829994880142837
"Scrivener, Jason",12,3,0.0021739879726284106,0.18600868794937314,0.6723066355235381,0.13836516200994364,0.0011455265445167173
"Scrivener, Jason",13,4,0.0070585365224757335,0.21957621101670716,0.6034043200373539,0.1660378010210376,0.003923131402425617
"Scrivener, Jason",14,4,0.004423984569794093,0.13249949225837804,0.5292533404689725,0.30841381607316176,0.02540936662969351
"Scrivener, Jason",15,4,0.0025620732940174196,0.15564984405889776,0.6286139898164788,0.20841344327533629,0.00476064955526978
"Scrivener, Jason",16,4,0.032061850650473456,0.23973471852205325,0.46599178152328313,0.2321897743812451,0.030021874922945058
"Scrivener, Jason",17,3,0.003593459394377052,0.15788489906495223,0.6000589688535733,0.2305063509368671,0.0079563217502302
"Scrivener, Jason",18,5,0.07539428396200976,0.38384262621949183,0.4317958217217349,0.10382976298976376,0.005137505106999729
"Semikawa, Taiga",1,4,0.0040626196757947985,0.1405960911345301,0.5564459971630117,0.2816709853171857,0.01722430670947772
"Semikawa, Taiga",2,3,0.002393485151420238,0.13155329242855224,0.5935225681318252,0.2623136210119925,0.010217033276209708
"Semikawa, Taiga",3,4,0.005036512203383747,0.1457287085997489,0.5431568170051806,0.2857564705722797,0.020321491619406995
"Semikawa, Taiga",4,4,0.009812486499947815,0.2107939213322232,0.5655478298485772,0.2046203142887213,0.009225448030530492
"Semikawa, Taiga",5,4,0.02776136869415452,0.3525229235447,0.5238194217334987,0.09411968479188382,0.0017766012357629535
"Semikawa, Taiga",6,5,0.05909364396453848,0.34827465665348223,0.4556076519482705,0.12930414979207638,0.0077198976416323895
"Semikawa, Taiga",7,4,0.0014141303334294641,0.1237871403162219,0.6287788029849288,0.24021041004558075,0.005809516319839059
"Semikawa, Taiga",8,3,0.002332441527524376,0.1323660557239058,0.5978052890387788,0.2579892675460689,0.009506946163722052
"Semikawa, Taiga",9,5,0.04309651543080478,0.3592385241163238,0.48666269647762794,0.10742685981347466,0.003575404161768825
"Semikawa, Taiga",10,4,0.0028468633121151443,0.1218294720709307,0.5529497827813636,0.30333723714786176,0.01903664468772881
"Semikawa, Taiga",11,5,0.07306087471507161,0.357739875822087,0.4345535201266809,0.12607658135219402,0.008569147983966463
"Semikawa, Taiga",12,3,0.002053796746469383,0.1813033358431756,0.6730890904724314,0.14233755781669333,0.0012162191212303775
"Semikawa, Taiga",13,4,0.006757669037996461,0.21520005441391782,0.6040990951229199,0.16983433301774964,0.004108848407416099
"Semikawa, Taiga",14,4,0.004246195786565321,0.12963874110807172,0.5271955927360858,0.3126712788358157,0.026248191533461362
"Semikawa, Taiga",15,4,0.0024343189850801195,0.1518312398792212,0.6277389966206461,0.2130018290423551,0.004993615472697388
"Semikawa, Taiga",16,4,0.03125072920720501,0.23677624244630852,0.46603316975298115,0.23513328704203196,0.030806571551473372
"Semikawa, Taiga",17,3,0.0034292594181690728,0.1542647880727212,0.5989901498820398,0.2350131602180725,0.008302642408997363
"Semikawa, Taiga",18,5,0.07367107773715087,0.38071464196938476,0.4343452546253066,0.10594745564593044,0.005321570022227329
"Senior, Jack",1,4,0.00401939654372746,0.139818190015147,0.556011017596277,0.2827723621000654,0.017379033744783112
"Senior, Jack",2,3,0.0023645309071035903,0.13074139956971498,0.5930656714183151,0.26350491914819296,0.010323478956673293
"Senior, Jack",3,4,0.004985685612771185,0.14496029281750472,0.542744219625118,0.28681552120080234,0.020494280743803772
"Senior, Jack",4,4,0.009719525143675412,0.20983232495027826,0.5655637333399408,0.20557014984497202,0.009314266721133446
"Senior, Jack",5,4,0.02752823798424603,0.3513601793597282,0.5245896633802904,0.09472432770070804,0.0017975915750273463
"Senior, Jack",6,5,0.058738395199911864,0.34745615037958,0.45611677083633273,0.1299042870814472,0.007784396502728219
"Senior, Jack",7,4,0.0013949081127321294,0.12294638005873043,0.6283189672618601,0.24146074548208596,0.00587899908459133
"Senior, Jack",8,3,0.0023039640365100644,0.1315446648621878,0.5973605967246777,0.25918317816774994,0.009607596208874525
"Senior, Jack",9,5,0.0427911935797024,0.3582501245430284,0.48732204806963586,0.10802523290832944,0.003611400899303896
"Senior, Jack",10,4,0.002814961949649919,0.12110802482127736,0.5523840896330189,0.3044850421923405,0.019207881403713323
"Senior, Jack",11,5,0.07265750077887179,0.35699881237033493,0.4350655385034031,0.1266409318178311,0.008637216529559066
"Senior, Jack",12,3,0.002024881928717137,0.18014524945744548,0.6732592983261056,0.14333617655765185,0.0012343937300798302
"Senior, Jack",13,4,0.006684688734364952,0.21411947227160216,0.6042539992267809,0.17078563992530182,0.004156199841950148
"Senior, Jack",14,4,0.004203021070961321,0.1289341287599774,0.5266723977145276,0.31373027162662803,0.026460180827905688
"Senior, Jack",15,4,0.0024034813026248547,0.15089165271157773,0.6275017088226381,0.21415010058901418,0.0050530565741451205
"Senior, Jack",16,4,0.031051831977854882,0.23604255127251556,0.4660352061336825,0.2358662419157559,0.03100416870019118
"Senior, Jack",17,3,0.0033895183305626686,0.15337329596102478,0.5987072264450669,0.23613923457379082,0.008390724689554818
"Senior, Jack",18,5,0.07324759374002598,0.3799337047991139,0.4349723633866289,0.10647813062997757,0.005368207444253592
"Sharma, Shubhankar",1,4,0.0032701107970124488,0.12550705825998076,0.5466718385445148,0.3039856747297056,0.02056531766878633
"Sharma, Shubhankar",2,3,0.001869643995496384,0.11589147455715787,0.5830900811679934,0.28660184135978284,0.012546958919569473
"Sharma, Shubhankar",3,4,0.004099881041279951,0.1307886056472201,0.5339032007222438,0.3071724881423884,0.024035824446867693
"Sharma, Shubhankar",4,4,0.008088024191927834,0.19191116739072,0.5647523622895376,0.2240910278410111,0.0111574182868035
"Sharma, Shubhankar",5,4,0.023385001157567087,0.329200928588892,0.5383798322341402,0.10679061804096857,0.002243619978432143
"Sharma, Shubhankar",6,5,0.05227849645267291,0.33170164479782593,0.4652328088463038,0.1416783940354387,0.009108655867758664
"Sharma, Shubhankar",7,4,0.0010710876975514871,0.10765369549220472,0.6180547695731125,0.26586750364616685,0.0073529435909645
"Sharma, Shubhankar",8,3,0.0018177423039847374,0.1165241261071342,0.5875900302739683,0.2823544742381946,0.011713627076718192
"Sharma, Shubhankar",9,5,0.03729519882449078,0.33929373736888707,0.499175558736934,0.11987234691721382,0.004363158152474345
"Sharma, Shubhankar",10,4,0.0022651220796235383,0.10789579682571748,0.5405798633592445,0.3265260968399377,0.022733120895476855
"Sharma, Shubhankar",11,5,0.06528631193570322,0.3426658129441733,0.444317113187384,0.1377013878190303,0.010029374113709189
"Sharma, Shubhankar",12,3,0.0015395924446593434,0.15891607688449377,0.6746517201208558,0.16326042529239304,0.0016321852575980067
"Sharma, Shubhankar",13,4,0.005419959703051702,0.19404823807676336,0.605850203891161,0.1895238171808049,0.005157781148219076
"Sharma, Shubhankar",14,4,0.0034513394997739977,0.11597157899710492,0.515811886731,0.3339800100579817,0.03078518471413938
"Sharma, Shubhankar",15,4,0.0018790993621415897,0.13368130379942772,0.6214771582419738,0.23664850144976857,0.006313937146688264
"Sharma, Shubhankar",16,4,0.027454426419572575,0.2221718025057855,0.4654458831155042,0.24994979506349013,0.03497809289564757
"Sharma, Shubhankar",17,3,0.002706675528222069,0.13698793898930145,0.5920059066623139,0.2580645079299132,0.010234970890249384
"Sharma, Shubhankar",18,5,0.06552233160282928,0.36478183360476457,0.4464260526159003,0.11693974201155088,0.006330040164954975
"Shaun, Corey",1,4,0.003025075667974275,0.12043749477211985,0.5427032857220183,0.31196294623588305,0.02187119760200451
"Shaun, Corey",2,3,0.001710957017702408,0.11067272082819019,0.5787812433853743,0.29536068106139113,0.013474397707341934
"Shaun, Corey",3,4,0.003808054836241248,0.1257515270498406,0.5301533947743416,0.31480814369850907,0.02547887964106743
"Shaun, Corey",4,4,0.007545406415695843,0.1854537106493947,0.5639109321268169,0.23116977895656254,0.011920171851530048
"Shaun, Corey",5,4,0.02198346913073851,0.3209842453142244,0.5430563680834586,0.11154221450387303,0.002433702967705509
"Shaun, Corey",6,5,0.05002381994121402,0.3257819801370346,0.4683277581408519,0.1462168309363212,0.009649610844578271
"Shaun, Corey",7,4,0.0009693436710763725,0.10232031593986585,0.6135277259013867,0.27520314050445793,0.007979473983213192
"Shaun, Corey",8,3,0.0016620659452336595,0.11124699744965655,0.5833438809135589,0.2911531186021107,0.012593937089440232
"Shaun, Corey",9,5,0.035403288167196956,0.33220559349013445,0.5032225201999574,0.12449180708003282,0.004676791062678376
"Shaun, Corey",10,4,0.0020867357963295086,0.10324383987731484,0.5357110701143454,0.3347810354603994,0.024177318751610888
"Shaun, Corey",11,5,0.06269642605266984,0.33724692799525574,0.4475019140961707,0.14195938332367408,0.010595348532229654
"Shaun, Corey",12,3,0.0013879514869256093,0.15143787534376357,0.6742683941275078,0.17109792984213956,0.0018078491996633694
"Shaun, Corey",13,4,0.005006642890035273,0.18684993769900698,0.6057830910308157,0.19677820089524067,0.005582127484901278
"Shaun, Corey",14,4,0.0032040363085697465,0.11137925370615265,0.5113563458813908,0.34152305244636927,0.03253731165751761
"Shaun, Corey",15,4,0.0017121724254872683,0.12762260287045335,0.6185182304583317,0.24529707361870556,0.006849920627022166
"Shaun, Corey",16,4,0.026207655808936525,0.21707670716546873,0.46492245527767184,0.2552334301944579,0.036559751553465025
"Shaun, Corey",17,3,0.0024861197402545887,0.13119226596338884,0.5888893099483685,0.26642578908353376,0.011006515264454286
"Shaun, Corey",18,5,0.06281455333311686,0.35903169773862614,0.4504311586992825,0.1209974335285241,0.006725156700450374
"Siem, Marcel",1,4,0.004267294673548361,0.1442173676475189,0.5583792471133308,0.2766099089069174,0.01652618165868458
"Siem, Marcel",2,3,0.0025311493808145014,0.13533887543169387,0.5955418337683176,0.25684951177705895,0.009738629642115137
"Siem, Marcel",3,4,0.005276825256143036,0.14930337452512138,0.5449918414678954,0.2808871003895401,0.01954085836130015
"Siem, Marcel",4,4,0.01025112675474854,0.21525389278643042,0.5653992112894092,0.20027023677646238,0.008825532392949476
"Siem, Marcel",5,4,0.028857416266786784,0.3578814337953517,0.5202103433355104,0.09136811199881889,0.0016826946035322088
"Siem, Marcel",6,5,0.06075308886519298,0.35203653940678575,0.45322176603212416,0.1265599886628248,0.007428617033072293
"Siem, Marcel",7,4,0.0015059058467077335,0.12771333623643583,0.6307957107222717,0.2344864962437747,0.005498550950810088
"Siem, Marcel",8,3,0.002467880222055685,0.13619613153258064,0.599766445225905,0.2525147405954362,0.009054802424022457
"Siem, Marcel",9,5,0.04452680114556473,0.36378560985240316,0.48357623282281503,0.10469775807888793,0.0034135981003291516
"Siem, Marcel",10,4,0.002998177402377511,0.12519227369321229,0.5554870449538228,0.29805852920762144,0.018263974742965927
"Siem, Marcel",11,5,0.074942519613377,0.361141178825488,0.4321596141165914,0.12349526971881608,0.008261417725727527
"Siem, Marcel",12,3,0.0021919918681824746,0.18669905310730533,0.6721798360269624,0.13779355551288053,0.0011355634846692553
"Siem, Marcel",13,4,0.0071032697892133845,0.22021637594370685,0.6032937508719673,0.16548984956693824,0.0038967538281742264
"Siem, Marcel",14,4,0.00445039138339004,0.1329189502788954,0.5295462346519006,0.30779517689001545,0.02528924679579847
"Siem, Marcel",15,4,0.0025811522554938793,0.15621025193365834,0.6287305725676633,0.2077504397124449,0.004727583530739543
"Siem, Marcel",16,4,0.032181267385725354,0.24016579670334393,0.46598133229868566,0.23176247355483515,0.029909130057409916
"Siem, Marcel",17,3,0.003617922035694332,0.15841577441656596,0.6002050990163291,0.22985418370636845,0.007907020825042133
"Siem, Marcel",18,5,0.07564747068442246,0.38429559055058415,0.4314215995474622,0.1035241297181857,0.005111209499345515
"Smith, Jordan",1,4,0.006437306302921053,0.17761793469007775,0.5699608188200926,0.23451245229785744,0.011471487889051168
"Smith, Jordan",2,3,0.004039287625507704,0.17068370935608052,0.606827162824586,0.2120724347108892,0.006377405482936527
"Smith, Jordan",3,4,0.007793582234025542,0.18210073836326823,0.5560782834006139,0.2401956250719901,0.013831770930102127
"Smith, Jordan",4,4,0.014768519774654154,0.25518657331544764,0.5590767008707349,0.16499360683523778,0.0059745992039255125
"Smith, Jordan",5,4,0.039812535915013325,0.4033969674966383,0.4856285637187681,0.07011722995657421,0.001044702913006068
"Smith, Jordan",6,5,0.07651950673821079,0.38334648092572376,0.43028590640979864,0.10454548430851762,0.0053026216177491925
"Smith, Jordan",7,4,0.0025460567389272715,0.16479950571739438,0.6409772223324328,0.1882944732461428,0.003382741965102687
"Smith, Jordan",8,3,0.003955277026754356,0.17196931043833963,0.6104331292825173,0.2077528730396373,0.005889410212751467
"Smith, Jordan",9,5,0.05842159867382901,0.4018936353319873,0.4541669039893812,0.08324377794839899,0.0022740840564035025
"Smith, Jordan",10,4,0.0046243514148940346,0.15652928783910242,0.5722916141277876,0.25388738544319867,0.012667361175017211
"Smith, Jordan",11,5,0.0926264194770462,0.3891394355230702,0.4095039788250173,0.10273351027674127,0.005996655898125036
"Smith, Jordan",12,3,0.003770342905324686,0.23668489404336696,0.6561233437622553,0.1028012285626363,0.000620190726416725
"Smith, Jordan",13,4,0.01076619357299008,0.2654156906906732,0.5903343914741349,0.1310400648873482,0.0024436593748535795
"Smith, Jordan",14,4,0.006594391221482865,0.16319350232387098,0.5454061099658185,0.26659791017243195,0.0182080863163957
"Smith, Jordan",15,4,0.004208455891377361,0.19692442875196126,0.6302661512168619,0.16568423401875987,0.0029167301210395458
"Smith, Jordan",16,4,0.04113736271086521,0.2696191771347005,0.46268334118045107,0.20349248479414683,0.02306763417983637
"Smith, Jordan",17,3,0.005658953170181613,0.19674355476713268,0.6045130914050201,0.18794405778269907,0.005140342874966564
"Smith, Jordan",18,5,0.09428809914271563,0.4135276946855211,0.4043140792232707,0.08428017904432394,0.0035899479041686666
"Smylie, Elvis",1,4,0.003924930074474642,0.13810141458845065,0.555025829718771,0.285221127595509,0.017726698022794696
"Smylie, Elvis",2,3,0.0023013962558876555,0.12895126480481595,0.592027709648506,0.2661564323767762,0.010563196914014084
"Smylie, Elvis",3,4,0.004874504496423404,0.1432637799732981,0.5418100659827587,0.28916940943332003,0.020882240114199813
"Smylie, Elvis",4,4,0.009515941179974952,0.2077056790421663,0.5655782162929299,0.20768608522959875,0.009514078255330016
"Smylie, Elvis",5,4,0.027016628948664245,0.3487792890608298,0.5262828580203034,0.09607623589926706,0.0018449880709354716
"Smylie, Elvis",6,5,0.05795590601420453,0.345636500622325,0.4572358914769522,0.13124245273882407,0.007929249147694217
"Smylie, Elvis",7,4,0.0013530939479948767,0.12109423591658569,0.6272701018022886,0.2442467118719217,0.006035856461209188
"Smylie, Elvis",8,3,0.002241879747471698,0.12973364555675604,0.5963492090806658,0.26184094201405383,0.00983432360105263
"Smylie, Elvis",9,5,0.04211977350528445,0.35605400763325384,0.4887723364730058,0.10936142172602259,0.003692460662433339
"Smylie, Elvis",10,4,0.002745305868168013,0.1195170130723438,0.5511092222898786,0.3070358327186703,0.019592626050939366
"Smylie, Elvis",11,5,0.07176830341181573,0.3553500415790771,0.4361925787724682,0.12789908406590456,0.008789992170734395
"Smylie, Elvis",12,3,0.001962021036130468,0.1775907554243994,0.6736025688909306,0.14556903100711927,0.0012756236414203093
"Smylie, Elvis",13,4,0.006525191990994106,0.21173092643359126,0.6045725383812107,0.17290829785895756,0.0042630453352463515
"Smylie, Elvis",14,4,0.004108594186409187,0.1273791179556723,0.5254943969619608,0.316082082088445,0.026935808807512784
"Smylie, Elvis",15,4,0.002336296047178943,0.148819448782732,0.6269468669383609,0.21671014507122577,0.005187243160502342
"Smylie, Elvis",16,4,0.03061411781856227,0.23441624428472851,0.46602799491325075,0.2374951562553571,0.03144648672810135
"Smylie, Elvis",17,3,0.003302787632232962,0.1514060996102206,0.5980546979171395,0.2386472541301391,0.008589160710267829
"Smylie, Elvis",18,5,0.07231432248400183,0.37819530274913915,0.43635503857061086,0.1076623158633585,0.005473020332889655
"Sordet, Clement",1,4,0.0041223282896658,0.14166301042751994,0.5570311536520087,0.2801686327403482,0.017014874890457277
"Sordet, Clement",2,3,0.002433550829603448,0.13266758745612434,0.5941357875517203,0.26068988272395743,0.010073191438594531
"Sordet, Clement",3,4,0.0051066792879697065,0.14678231305513334,0.543712019272593,0.2843115049819597,0.02008748340234423
"Sordet, Clement",4,4,0.009940712342199898,0.2121107449590447,0.565516696241434,0.20332651366750842,0.009105332789812959
"Sordet, Clement",5,4,0.028082447061319293,0.3541109244848403,0.5227600398483325,0.09329829685917446,0.001748291746333397
"Sordet, Clement",6,5,0.0595815820672303,0.3493912389288224,0.45490738016714605,0.12848723704534626,0.007632561791454995
"Sordet, Clement",7,4,0.001440775932181615,0.124941802322179,0.6293940516794988,0.2385075795080026,0.005715790558137979
"Sordet, Clement",8,3,0.0023718525327673934,0.13349341235041928,0.5984016073689202,0.25636216465907313,0.009370963088819906
"Sordet, Clement",9,5,0.04351638115217393,0.3605874197179655,0.48575621387913537,0.10661322693176767,0.0035267583189575458
"Sordet, Clement",10,4,0.0028909627381057956,0.12281949956929727,0.5537136639677358,0.3017710145774999,0.018804859147361297
"Sordet, Clement",11,5,0.07361459062912257,0.35875023142883505,0.433849957415861,0.12530828362966895,0.00847693689651241
"Sordet, Clement",12,3,0.0020938955950332017,0.18289227841127775,0.6728410234349311,0.14098101168934152,0.0011917908694163426
"Sordet, Clement",13,4,0.006858486583465051,0.21668038052784,0.6038761032044133,0.16854007629699497,0.0040449533872867205
"Sordet, Clement",14,4,0.004305806808018231,0.1306051539187737,0.527902583530963,0.31122551478122695,0.025960940961018086
"Sordet, Clement",15,4,0.002477017086868094,0.15312055016959691,0.6280503325864838,0.21143866604454842,0.004913434112502779
"Sordet, Clement",16,4,0.03152409505668946,0.23777929910338602,0.4660250834999213,0.23413315408899094,0.030538368251012304
"Sordet, Clement",17,3,0.0034842162857570136,0.15548761901128488,0.5993654441988072,0.23347907318485395,0.008183647319296883
"Sordet, Clement",18,5,0.0742525158066662,0.3817789426716328,0.43348458875678514,0.10522550037880862,0.005258452386107226
"Southgate, Matthew",1,4,0.004088113639357072,0.14105271756737625,0.5566980471779861,0.28102683956344143,0.0171342820518392
"Southgate, Matthew",2,3,0.002410582487138657,0.13203008848477105,0.5937869101578419,0.261617250020865,0.01015516884938339
"Southgate, Matthew",3,4,0.005066477996128971,0.14617967955856898,0.5433959421761453,0.28513697933551774,0.02022092093363903
"Southgate, Matthew",4,4,0.009867262467477378,0.21135779155475776,0.5655358174769001,0.20406532720658133,0.009173801294283468
"Southgate, Matthew",5,4,0.027898597187871965,0.3532035178825822,0.5233664365518347,0.09376703045918244,0.0017644179185287712
"Southgate, Matthew",6,5,0.059302375122751716,0.3487533884665033,0.4553082254525169,0.1289536500956805,0.007682360862547588
"Southgate, Matthew",7,4,0.0014254942903887957,0.12428110355941774,0.6290442955355934,0.23947992417977415,0.005769182434825937
"Southgate, Matthew",8,3,0.002349258782207597,0.13284843707009264,0.5980624204628774,0.25729142582767006,0.009448457857152315
"Southgate, Matthew",9,5,0.043276055440553074,0.35981678211918705,0.4862750367203328,0.10707764305625123,0.003554482663675862
"Southgate, Matthew",10,4,0.002865688232332464,0.12225311404106026,0.5532784028682496,0.3026657826447905,0.01893701221356725
"Southgate, Matthew",11,5,0.0732977899849947,0.35817314550413526,0.43425258868766214,0.12574695408639724,0.008529521736810652
"Southgate, Matthew",12,3,0.002070895856206012,0.18198329911462813,0.6729849790576408,0.1417551316758563,0.0012056942956687466
"Southgate, Matthew",13,4,0.006800715103589039,0.21583385807643019,0.6040051404816685,0.16927893129419602,0.004081355044116219
"Southgate, Matthew",14,4,0.004271652411016569,0.13005235043150876,0.5274996674944107,0.31205156925795186,0.026124760405112135
"Southgate, Matthew",15,4,0.002452535967701841,0.15238295749095604,0.6278742320366367,0.2123311641001906,0.004959110404514799
"Southgate, Matthew",16,4,0.031367644979334364,0.23720599173985074,0.46603045422834943,0.23470451959820726,0.0306913894542582
"Southgate, Matthew",17,3,0.003452716278153578,0.15478812610125425,0.5991525661385907,0.234355131773065,0.008251459708936482
"Southgate, Matthew",18,5,0.07391983785275075,0.3811711042609924,0.43397697968759763,0.10563764062815773,0.00529443757050152
"Sterne, Richard",1,4,0.0035030613003654842,0.13013601499129684,0.5499817750606462,0.2969199549705476,0.019459193677143993
"Sterne, Richard",2,3,0.002022010358973425,0.12067621700794218,0.5866562497453093,0.2788770127567535,0.011768510131021648
"Sterne, Richard",3,4,0.004376281760555933,0.13537995375622103,0.5370334009932863,0.30040053939473566,0.022809824095201048
"Sterne, Richard",4,4,0.008599518077787915,0.1977565930056167,0.5652555252046978,0.21787376384227386,0.010514599869623664
"Sterne, Richard",5,4,0.024694936717644944,0.3365317670006555,0.5340061379890227,0.1026812937263184,0.0020858645663583975
"Sterne, Richard",6,5,0.05435243654750921,0.3369469478737514,0.4623406772682945,0.1377102257981011,0.00864971251234381
"Sterne, Richard",7,4,0.001169783828763593,0.11256285152886841,0.6217650690461984,0.2576700895470324,0.006832206049137146
"Sterne, Richard",8,3,0.0019673304096964883,0.1213631552162387,0.5910941715128757,0.27459979476686813,0.010975548094320997
"Sterne, Richard",9,5,0.039047792453739516,0.3455904383405954,0.4954047219961327,0.11585707914923371,0.004099968060298664
"Sterne, Richard",10,4,0.002435391467463688,0.11215659125589822,0.5446995586913811,0.31919890138652696,0.021509557198730045
"Sterne, Richard",11,5,0.06766052646738507,0.3474522856227976,0.44136308851056727,0.1339760840329881,0.00954801536626193
"Sterne, Richard",12,3,0.0016871062399000936,0.16576518023119563,0.6745814428595134,0.15647719861552767,0.0014890720538631719
"Sterne, Richard",13,4,0.005813049744721077,0.2005803299178146,0.6056080355010156,0.18319408080144406,0.004804504035004653
"Sterne, Richard",14,4,0.0036857290036036994,0.12016441638372738,0.5195915342020666,0.32726619196971163,0.029292128440890686
"Sterne, Richard",15,4,0.0020399687305695524,0.1392315555249124,0.6237859034744683,0.22907409710154425,0.005868475168505527
"Sterne, Richard",16,4,0.02860532434910218,0.22673839830214265,0.4657731825514141,0.24526508064639818,0.0336180141509429
"Sterne, Richard",17,3,0.0029176738464253282,0.14228421928799873,0.5944979583305783,0.25071176727695454,0.009588381258043066
"Sterne, Richard",18,5,0.0680077046802412,0.3698514117152338,0.4427417704097533,0.1134033101628038,0.0059958030319678945
"Stone, Brandon",1,4,0.005145816436813888,0.1587249807018456,0.5647104176297844,0.2573630861171605,0.014055699114395637
"Stone, Brandon",2,3,0.003131716431760634,0.15060017861604863,0.6019706679261094,0.23622555477924534,0.00807188224683597
"Stone, Brandon",3,4,0.006302038264052234,0.16358568005930174,0.5510220763039144,0.2623261549498045,0.016764050422927168
"Stone, Brandon",4,4,0.01210709268273441,0.23285834818081858,0.5636692710501993,0.1839434574022989,0.00742183068394886
"Stone, Brandon",5,4,0.03342720597326665,0.37848735712749926,0.5054264399361581,0.08129768637584767,0.001361310587228326
"Stone, Brandon",6,5,0.06749714537663942,0.36635058001113147,0.4434372715962342,0.11632117537720543,0.006393827638789484
"Stone, Brandon",7,4,0.0019130519281375102,0.14363645686062826,0.6369688034263368,0.21304853664510193,0.004433151139795477
"Stone, Brandon",8,3,0.0030594573596269825,0.15163986890369419,0.605943142121012,0.23187505550048737,0.007482476115179493
"Stone, Brandon",9,5,0.05040534620405429,0.38115105859982223,0.4709747884026347,0.09461946256065157,0.0028493442328372254
"Stone, Brandon",10,4,0.0036520214365098336,0.1387340732610582,0.564163823781497,0.2779210321190533,0.015529049401881712
"Stone, Brandon",11,5,0.08254768525450162,0.37401181203799144,0.4224251945555358,0.113851799169012,0.007163508982959144
"Stone, Brandon",12,3,0.002807510117682377,0.2083760441287738,0.6667689158632206,0.1211792694382049,0.0008682604521182968
"Stone, Brandon",13,4,0.008586699168614487,0.24008390719960354,0.598793080852104,0.14936874230660968,0.0031675704730682597
"Stone, Brandon",14,4,0.00532260244360766,0.14606320879685086,0.5376498847424,0.2891032729667611,0.021861031050380397
"Stone, Brandon",15,4,0.0032254375917282196,0.17382942241177884,0.6309705368306966,0.18815862807897,0.0038159750868264064
"Stone, Brandon",16,4,0.035987116330962965,0.2533402809705304,0.46512867919095713,0.21889562693348286,0.026648296574066643
"Stone, Brandon",17,3,0.004435909371744984,0.17505738400842136,0.6035048164753214,0.21046980695146666,0.006532083193045657
"Stone, Brandon",18,5,0.08365032464973748,0.397791930233049,0.41966059441491566,0.0945296670355652,0.004367483666732674
"Strydom, Ockie",1,4,0.002543402672024131,0.10977622889543015,0.5330750877226071,0.32961423166367587,0.024991049046262703
"Strydom, Ockie",2,3,0.00140421965756099,0.09977536692167,0.5682159589394801,0.314880096845078,0.01572435763621094
"Strydom, Ockie",3,4,0.003230767191637951,0.11512693495857068,0.5210660139167702,0.33166721369663554,0.02890907023638556
"Strydom, Ockie",4,4,0.00646346265091019,0.1716753510815941,0.561039328238662,0.247063506201745,0.013758351827088733
"Strydom, Ockie",5,4,0.01914898416845162,0.3030270159621388,0.5524235387109357,0.12249651795371963,0.002903943204754178
"Strydom, Ockie",6,5,0.0453378304301818,0.31268950201640305,0.4745426891030307,0.15649095958277026,0.01093901886761417
"Strydom, Ockie",7,4,0.0007760457340561522,0.09125965163146493,0.6022787056015128,0.2961607573770867,0.009524839655879469
"Strydom, Ockie",8,3,0.0013615318313127678,0.1002309305657571,0.572890295131462,0.3107837066586999,0.014733535812768261
"Strydom, Ockie",9,5,0.03151852199334648,0.31659923479543517,0.5113912143943433,0.13505273206657953,0.0054382967502955015
"Strydom, Ockie",10,4,0.0017384307861985082,0.09351173910073801,0.5241453392671,0.35297838058416287,0.027626110261800618
"Strydom, Ockie",11,5,0.0572825742316273,0.3251987387272549,0.45399073100061504,0.151589149515035,0.011938806525467749
"Strydom, Ockie",12,3,0.0011012844982437042,0.1358035543821695,0.6717096759500805,0.18912935234490547,0.0022561328246007983
"Strydom, Ockie",13,4,0.004194890459708167,0.17155807901529463,0.6043742235258003,0.21324668878788688,0.006626118211309984
"Strydom, Ockie",14,4,0.002715362391278453,0.10171906287346438,0.5008097903622373,0.35807476067863964,0.0366810236943802
"Strydom, Ockie",15,4,0.0013915343627195487,0.11495604294072392,0.6106791065674237,0.2648011670060967,0.008172149123036099
"Strydom, Ockie",16,4,0.02363150938050812,0.20601689014137714,0.46319458621110826,0.2669124810922524,0.04024453317475407
"Strydom, Ockie",17,3,0.002057173736538298,0.11902332773981333,0.5808823065136158,0.2851538654476934,0.012883326562339148
"Strydom, Ockie",18,5,0.05716653362761409,0.3462096845527548,0.4587182155910316,0.13023391667750128,0.007671649551098225
"Sullivan, Andy",1,4,0.0048576393416959185,0.1541363319563528,0.5629410334622493,0.26327988916969114,0.014785106070010823
"Sullivan, Andy",2,3,0.0029330748595600697,0.1457571888732045,0.600211081507211,0.2425391127424592,0.008559542017565258
"Sullivan, Andy",3,4,0.005966796285099163,0.15907474045456077,0.5493325535890037,0.2680395474307996,0.01758636224053678
"Sullivan, Andy",4,4,0.01150279733918702,0.227334760868387,0.564401583940818,0.18892652155331402,0.007834336298293998
"Sullivan, Andy",5,4,0.03195076074310643,0.372114858484228,0.5101516897387697,0.08432831485369352,0.001454376180202388
"Sullivan, Andy",6,5,0.06534720030041474,0.36194918654501224,0.44656715002130404,0.11943638860668726,0.006700074526581723
"Sullivan, Andy",7,4,0.001777237844342583,0.13856761526798234,0.6353305555918157,0.21958277326470887,0.00474181803115048
"Sullivan, Andy",8,3,0.002863668563353905,0.1467384998863267,0.6042664125106398,0.23818940906021857,0.007942009979460929
"Sullivan, Andy",9,5,0.048520209561803584,0.37580088657219324,0.4749963194676886,0.09766803671880331,0.003014547679511259
"Sullivan, Andy",10,4,0.0034368046769584493,0.13443905061631506,0.5616653830442586,0.28412213138647635,0.016336630275991526
"Sullivan, Andy",11,5,0.08013027239401294,0.3700664978510698,0.4255259573404718,0.1167880328421611,0.007489239572284312
"Sullivan, Andy",12,3,0.002601790960974737,0.20151113406648624,0.6687675964913617,0.12617528598841887,0.0009441924927584555
"Sullivan, Andy",13,4,0.008100126775883287,0.23383933584598843,0.600423672404173,0.15425758884716823,0.003379276126787012
"Sullivan, Andy",14,4,0.005037205695396507,0.14190509981587196,0.5353037743503943,0.29487474920844814,0.022879170929889003
"Sullivan, Andy",15,4,0.003011714225501172,0.16824437702577694,0.6305463217667764,0.1941174679555666,0.004080119026378837
"Sullivan, Andy",16,4,0.0347696933951504,0.2492406505738024,0.46550372805745005,0.22286008398707624,0.027625843986520904
"Sullivan, Andy",17,3,0.00416620862025413,0.16979211519632775,0.6027186967366063,0.21638918664181483,0.006933792804997063
"Sullivan, Andy",18,5,0.08110405973871743,0.3936644335112319,0.4233862274425016,0.09725829753020554,0.004586981777343513
"Syme, Connor",1,4,0.004638502586555404,0.15054001332791594,0.5614068640875671,0.26802550125776003,0.015389118740201435
"Syme, Connor",2,3,0.002783069591773879,0.14197168601428567,0.598658871372588,0.2476201260238058,0.008966246997546667
"Syme, Connor",3,4,0.005711201429087653,0.1555352238717121,0.5478706811642768,0.2726171893306415,0.018265704204281974
"Syme, Connor",4,4,0.011040411821612028,0.22297714837653548,0.5648590088695773,0.1929462543927718,0.008177176539503339
"Syme, Connor",5,4,0.030813730104571502,0.36702786811339455,0.5138252461321934,0.08680054161646211,0.0015326140333784544
"Syme, Connor",6,5,0.06367316943329132,0.3584195524222771,0.4489985964379936,0.12195549218104074,0.006953189525397252
"Syme, Connor",7,4,0.0016754085591494938,0.13461563606575133,0.6338479157242501,0.22485981755793938,0.005001222092909652
"Syme, Connor",8,3,0.002715894151686604,0.14290766630534452,0.602777199990123,0.24327365612501006,0.008325583427835737
"Syme, Connor",9,5,0.047059463582142524,0.3715170648396805,0.47812647033918876,0.10014475571630177,0.0031522455226864476
"Syme, Connor",10,4,0.0032736204528671653,0.13108046506021537,0.5595515189280349,0.2890890771723825,0.01700531838649999
"Syme, Connor",11,5,0.07824348974490125,0.3668946835777398,0.42794289903774285,0.11916099277788161,0.0077579348617344834
"Syme, Connor",12,3,0.002447797053182321,0.19613585919895737,0.6701536826176857,0.13025367942910804,0.001008981701066558
"Syme, Connor",13,4,0.007730097188424989,0.22891980107351262,0.601571593482723,0.15822161092615084,0.003556897329188513
"Syme, Connor",14,4,0.004819733294951445,0.13864669787877232,0.5333276530922153,0.2994875197591399,0.02371839597492098
"Syme, Connor",15,4,0.002850713517236203,0.1638747877531948,0.630034491181408,0.19893792546232314,0.004302082085837933
"Syme, Connor",16,4,0.033824437517735506,0.2459848126739564,0.4657313242733896,0.22603378208064595,0.028425643454272564
"Syme, Connor",17,3,0.0039619995781143835,0.16566645219927634,0.6019399751686134,0.22116238736064875,0.007269185693347113
"Syme, Connor",18,5,0.07911825388918808,0.3903398232415408,0.4263032047175696,0.09946992622196926,0.00476879192973223
"Tetak, Tadeáš",1,4,0.0033069138149292576,0.1262502238782927,0.5472229215829126,0.30283753276603753,0.020382407957827864
"Tetak, Tadeáš",2,3,0.0018936207138313677,0.11665841393190113,0.5836857239068549,0.28534446792026347,0.012417773527149123
"Tetak, Tadeáš",3,4,0.004143613528279078,0.131526235554566,0.5344241689963399,0.3060726506828151,0.02383333123799991
"Tetak, Tadeáš",4,4,0.008169107708437873,0.19285286206450303,0.5648497004168171,0.22307741838108797,0.011050911429153931
"Tetak, Tadeáš",5,4,0.023593363756030106,0.3303887545346232,0.5376839608235635,0.10611659582464439,0.0022173250611388085
"Tetak, Tadeáš",6,5,0.05261047606494751,0.3325538380905749,0.4647725390668259,0.14103033249639108,0.00903281428126057
"Tetak, Tadeáš",7,4,0.0010865554078476336,0.10843935718397069,0.6186770104235194,0.26453088383080536,0.0072661931538569036
"Tetak, Tadeáš",8,3,0.0018412747741723967,0.11729971938690464,0.5881760125036368,0.2810919048928967,0.01159108844238943
"Tetak, Tadeáš",9,5,0.03757495723207427,0.34031573389043784,0.4985747654052712,0.11921506486733346,0.004319478604883242
"Tetak, Tadeáš",10,4,0.0022919793474189265,0.1085790175527897,0.5412617433713167,0.3253364510305987,0.022530808697875937
"Tetak, Tadeáš",11,5,0.06566686724371007,0.3434444306662764,0.44384565350260397,0.1370931430323027,0.009949905555106886
"Tetak, Tadeáš",12,3,0.0015626851463765301,0.16001440638302034,0.6746666542349373,0.16214809660534102,0.0016081576303248468
"Tetak, Tadeáš",13,4,0.0054820535573963936,0.19509954714240563,0.6058302449895175,0.18848918722921637,0.0050989670814640675
"Tetak, Tadeáš",14,4,0.003488414832937714,0.11664474440236339,0.5164368239841087,0.33289114420775956,0.03053887257283061
"Tetak, Tadeáš",15,4,0.0019043770845729169,0.13457124779492347,0.6218724343924943,0.23541221452353311,0.006239726204476215
"Tetak, Tadeáš",16,4,0.027638392323788508,0.22291035503969187,0.4655078339430259,0.24918889844105907,0.03475452025243464
"Tetak, Tadeáš",17,3,0.0027399272788732887,0.13783797819762345,0.5924281572522171,0.2568663344773672,0.010127602793919
"Tetak, Tadeáš",18,5,0.06592051003615096,0.36560712590215594,0.4458361606297109,0.11636145991149982,0.0062747435204824065
"Trainer, Martin",1,4,0.0015926241538836705,0.08499525874305319,0.5024732503411876,0.375971344358491,0.03496752240338452
"Trainer, Martin",2,3,0.0008234456012741198,0.07491020199773074,0.5340425268006324,0.3670294824589282,0.023194343141434537
"Trainer, Martin",3,4,0.0020732408257807533,0.09024030233160757,0.4922231312399709,0.3757196762274948,0.03974364937514596
"Trainer, Martin",4,4,0.004252491853912743,0.13849844100702602,0.5470385055152114,0.2904418075917691,0.019768754032080782
"Trainer, Martin",5,4,0.013156429492180655,0.2572665807197421,0.5705572029022921,0.15447309688027377,0.0045466900055114445
"Trainer, Martin",6,5,0.03472310014056823,0.2782649701202735,0.48675655836372544,0.18520708428299115,0.015048287092441659
"Trainer, Martin",7,4,0.0004253384742616273,0.06647048774006853,0.5650925179901938,0.35314272300869165,0.014868932786784361
"Trainer, Martin",8,3,0.0007943092977396038,0.07511559936118178,0.538840624445597,0.3633796665989656,0.021869800296516084
"Trainer, Martin",9,5,0.022985149067566657,0.2760620154509882,0.5276977678067026,0.16527668724524525,0.007978380429497278
"Trainer, Martin",10,4,0.0010621445024591725,0.07118077384350074,0.4888362662322448,0.4002815634614668,0.03863925196032847
"Trainer, Martin",11,5,0.04483943936117757,0.29311128622002447,0.4674217551525293,0.17845016597273078,0.016177353293537866
"Trainer, Martin",12,3,0.0005880232970786325,0.1001260426101363,0.6540756599997863,0.24126565291052482,0.003944621182473962
"Trainer, Martin",13,4,0.0025977472501325094,0.1351793197974222,0.592593477407376,0.2594110199220159,0.010218435623053468
"Trainer, Martin",14,4,0.0017379793461309578,0.07923623484179232,0.46879501914911326,0.4006267386174879,0.04960402804547559
"Trainer, Martin",15,4,0.0007940524919456404,0.08599556210509535,0.5819724516646285,0.31848940409546844,0.012748529642861994
"Trainer, Martin",16,4,0.017875008148874938,0.1781711771584052,0.4549832943647436,0.2976341141739183,0.05133640615405799
"Trainer, Martin",17,3,0.0012328636813105365,0.09087942717328468,0.5528658006575011,0.3358637054638729,0.019158203024030707
"Trainer, Martin",18,5,0.04425970528863704,0.31185456140350903,0.4767461623116802,0.15641336054802657,0.010726210448147144
"Vaillant, Tom",1,4,0.004181733781960961,0.1427158405779928,0.55759575938651,0.27869536058653865,0.016811305666997622
"Vaillant, Tom",2,3,0.002473490660075739,0.1337680170656827,0.5947258453994311,0.2590990053494938,0.009933641525316728
"Vaillant, Tom",3,4,0.005176439102978492,0.14782166066920344,0.5442479013557366,0.2828941163186337,0.019859882553447727
"Vaillant, Tom",4,4,0.010068069912276656,0.21340787752322915,0.5654755423346906,0.20205981265087558,0.008988697578928062
"Vaillant, Tom",5,4,0.02840079572932852,0.3556703565839401,0.5217113727184702,0.09249658700701002,0.0017208879612511385
"Vaillant, Tom",6,5,0.060063874821178254,0.3504863007028564,0.4542141430849734,0.12768804794582556,0.007547633445166402
"Vaillant, Tom",7,4,0.001467391055160694,0.12608293784835173,0.6299838682018704,0.2368407555011699,0.00562504739344738
"Vaillant, Tom",8,3,0.0024111454770450735,0.13460676992657788,0.5989748061622671,0.25476821092555213,0.009239067508557852
"Vaillant, Tom",9,5,0.04393195692579388,0.36191093084724246,0.48485932053027003,0.10581823121603728,0.0034795604806563407
"Vaillant, Tom",10,4,0.002934873268954752,0.12379705939619451,0.5544540059894956,0.3002345069514094,0.018579554393945763
"Vaillant, Tom",11,5,0.07416153616069582,0.3597404600870803,0.43315423874977443,0.12455654377998537,0.008387221222464047
"Vaillant, Tom",12,3,0.0021339683973531365,0.1844608810412084,0.6725798835498675,0.13965703016638165,0.0011682368451892966
"Vaillant, Tom",13,4,0.0069587945365572335,0.2181391984593674,0.6036442759418907,0.16727466443591688,0.003983066626267684
"Vaillant, Tom",14,4,0.004365080382009279,0.13155881984544227,0.5285883559258457,0.30980635950302327,0.025681384343679392
"Vaillant, Tom",15,4,0.0025196108484989987,0.1543935416397601,0.6283417443989306,0.2099092998359564,0.004835803276853845
"Vaillant, Tom",16,4,0.03179450038231302,0.2387654832968209,0.46601117983378937,0.23315199672489761,0.030276839762179097
"Vaillant, Tom",17,3,0.003538960460623186,0.15669443056978122,0.5997214983317347,0.23197687239104248,0.00806823824681846
"Vaillant, Tom",18,5,0.07482697587975384,0.382821567944834,0.43263468406853023,0.10451966115968037,0.005197110947201544
"Van Driel, Darius",1,4,0.004466130713553396,0.14764163875505038,0.5600724711616349,0.27192176285026326,0.01589799651949808
"Van Driel, Darius",2,3,0.002665739283868318,0.13892751838411727,0.5972928333880182,0.2518030604046404,0.00931084853935582
"Van Driel, Darius",3,4,0.0055097244909037,0.15267993032757288,0.5466009863479936,0.2763723910669871,0.018836967766542756
"Van Driel, Darius",4,4,0.010674874708603344,0.21944666124737705,0.5651495966611656,0.19626199646928755,0.00846687091356646
"Van Driel, Darius",5,4,0.029910189604957227,0.3628675979392363,0.516764596764931,0.08885828090365155,0.0015993347872239605
"Van Driel, Darius",6,5,0.062330953891201746,0.3555221310840932,0.45094312291467886,0.12403766759839185,0.007166124511634342
"Van Driel, Darius",7,4,0.0015962210866154458,0.13144420678871155,0.6325209219348155,0.22921628382423254,0.0052223663656250086
"Van Driel, Darius",8,3,0.002600357384703489,0.1398272518804589,0.6014606161696893,0.24746096791391226,0.008650806651236076
"Van Driel, Darius",9,5,0.04589286013228461,0.36800506034859076,0.4806336810909274,0.10219952805250321,0.0032688703756940107
"Van Driel, Darius",10,4,0.0031455594922147334,0.12837861668640832,0.5577446198947875,0.2931625636431582,0.01756864028343119
"Van Driel, Darius",11,5,0.07672776884946625,0.364285795541629,0.4298813529707039,0.12112145702906763,0.007983625609133238
"Van Driel, Darius",12,3,0.002328204408343859,0.19180760300411936,0.6711494603205901,0.1336498400341829,0.0010648922327637367
"Van Driel, Darius",13,4,0.007439026309955743,0.22493869127900962,0.6024093049491259,0.16150485331820275,0.0037081241437059154
"Van Driel, Darius",14,4,0.004648382013045016,0.13602091935340638,0.5316439071705654,0.30326396492145935,0.024422826541523834
"Van Driel, Darius",15,4,0.0027250336334332936,0.16035839721041412,0.6295023384490053,0.2029229370283976,0.004491293678749786
"Van Driel, Darius",16,4,0.03306825264949509,0.243332619157132,0.4658703458448503,0.22863576142646713,0.029093020922055457
"Van Driel, Darius",17,3,0.0038019290218865853,0.16234220314146497,0.6012040206818098,0.22509822879468944,0.007553618360149228
"Van Driel, Darius",18,5,0.0775240045444191,0.3876012163032745,0.4286513809079815,0.10130139002698069,0.0049220082173442314
"Van Velzen, Ryan",1,4,0.003341421079525453,0.126942898040394,0.5477296940135542,0.3017721872128347,0.020213799653691633
"Van Velzen, Ryan",2,3,0.0019161346615985675,0.11737367663118103,0.5842328348626187,0.2841785050977593,0.012298848746842395
"Van Velzen, Ryan",3,4,0.0041845954909620064,0.13221357548450474,0.5349033112819568,0.3050519299752429,0.023646587767333527
"Van Velzen, Ryan",4,4,0.008245038162277118,0.19372945789908314,0.5649346322271225,0.22213806655598356,0.010952805155533651
"Van Velzen, Ryan",5,4,0.023788239328375038,0.33149210062573553,0.5370331299159362,0.10549337137809012,0.0021931587518631
"Van Velzen, Ryan",6,5,0.052920238841691114,0.33334462437962903,0.46434210776601337,0.1404301432606745,0.008962885751992
"Van Velzen, Ryan",7,4,0.001101101358881973,0.10917250478492785,0.6192477053930636,0.2632922399406441,0.007186448522482403
"Van Velzen, Ryan",8,3,0.0018633740216111305,0.11802306958937164,0.5887140148754211,0.27992124073498426,0.011478300778611894
"Van Velzen, Ryan",9,5,0.03783626487489972,0.34126444187187427,0.49801315817584013,0.11860686563845035,0.004279269438935529
"Van Velzen, Ryan",10,4,0.002317176139490895,0.10921610951122096,0.5418901542206678,0.324232251348035,0.022344308780585354
"Van Velzen, Ryan",11,5,0.06602177782508423,0.34416660742362015,0.44340523196333315,0.13652977668832644,0.009876606099636032
"Van Velzen, Ryan",12,3,0.0015844106665365287,0.1610385654387847,0.6746713950772099,0.16111949348433974,0.001586135333129235
"Van Velzen, Ryan",13,4,0.005540277321306908,0.19607853161698025,0.6058050166099196,0.18753128504528838,0.005044889406504938
"Van Velzen, Ryan",14,4,0.0035231618126684294,0.11727216718175132,0.5170129789591735,0.33188007406943687,0.030311617976969796
"Van Velzen, Ryan",15,4,0.0019281255141175846,0.13540112433417406,0.6222322560149067,0.23426698539531987,0.006171508741481757
"Van Velzen, Ryan",16,4,0.02781013666868709,0.2235968496143575,0.4655622850213057,0.2484827596343696,0.034547969061280104
"Van Velzen, Ryan",17,3,0.0027711335927057545,0.13863035823959707,0.5928139799922778,0.2557557430798362,0.010028785095583137
"Van Velzen, Ryan",18,5,0.06629192375843024,0.3663723808898913,0.4452857663360313,0.11582614897321508,0.00622378004243207
"Vecchi Fossa, Jacopo",1,4,0.0035347234345523004,0.13075184573949244,0.5504005184485365,0.2959951011637104,0.019317811213708236
"Vecchi Fossa, Jacopo",2,3,0.002042827856226781,0.12131413944841124,0.587105321911807,0.27786821197263734,0.011669498810917611
"Vecchi Fossa, Jacopo",3,4,0.004413775988116042,0.13599022678185874,0.5374296171994046,0.29951351568488394,0.022652864345736656
"Vecchi Fossa, Jacopo",4,4,0.008668728051812402,0.1985306827374546,0.5653043543571266,0.21706357680359567,0.010432658050010812
"Vecchi Fossa, Jacopo",5,4,0.024871383535037817,0.33749501875363686,0.5334174908024586,0.1021501867027903,0.0020659202060764326
"Vecchi Fossa, Jacopo",6,5,0.05462945869006558,0.3376336795886776,0.4619515413616498,0.13719432346886928,0.008590996890737723
"Vecchi Fossa, Jacopo",7,4,0.0011833409664622763,0.11321871051961652,0.6222295199714234,0.25660210436082287,0.006766324181674888
"Vecchi Fossa, Jacopo",8,3,0.0019877763647029867,0.12200836741849069,0.5915346668950607,0.27358746218592345,0.010881727135822139
"Vecchi Fossa, Jacopo",9,5,0.03928276249280693,0.34641591919239123,0.49489811481656765,0.11533670904329685,0.004066494454937342
"Vecchi Fossa, Jacopo",10,4,0.002458583005390702,0.11272437196673402,0.5452251411851019,0.31823875802433443,0.021353145818438946
"Vecchi Fossa, Jacopo",11,5,0.06797709037789651,0.34807788677863344,0.4409670849795887,0.13349158820845974,0.009486349655421611
"Vecchi Fossa, Jacopo",12,3,0.0017073983774469337,0.16667774585471523,0.6745434408225028,0.1556002547467492,0.0014711601985857303
"Vecchi Fossa, Jacopo",13,4,0.0058664872109248645,0.20144645119734073,0.6055551452073141,0.18237214930057655,0.004759767083843736
"Vecchi Fossa, Jacopo",14,4,0.0037175358465957875,0.12072221146748918,0.5200744634539158,0.3263851188541663,0.029100670377832927
"Vecchi Fossa, Jacopo",15,4,0.0020619901794153295,0.1399711936974825,0.6240660739336477,0.2280886247868893,0.005812117402565153
"Vecchi Fossa, Jacopo",16,4,0.02875934519486001,0.22733998665510124,0.4658064410954855,0.24465147999864922,0.033442747055904
"Vecchi Fossa, Jacopo",17,3,0.0029464466245890386,0.14298911213173066,0.5948051989611134,0.2497530326997316,0.009506209582835323
"Vecchi Fossa, Jacopo",18,5,0.06833930410298605,0.3705133275492523,0.4422499345484345,0.1129443249729507,0.005953108826376452
"Veerman, Johannes",1,4,0.0047652349883228196,0.1526315555679545,0.5623151986301724,0.2652537565440053,0.015034254269544967
"Veerman, Johannes",2,3,0.0028697086207299938,0.14417215159613117,0.5995805073680323,0.24465063947888088,0.008726992936225697
"Veerman, Johannes",3,4,0.005859090941557232,0.15759417653798752,0.5487359112519012,0.26994406647925173,0.01786675478930233
"Veerman, Johannes",4,4,0.011308131265750476,0.22551452279105122,0.5646057573612363,0.19059596967316483,0.007975618908797166
"Veerman, Johannes",5,4,0.03147285555072654,0.36999637137136754,0.5116921690080252,0.08535208275395978,0.0014865213159209745
"Veerman, Johannes",6,5,0.06464558464983677,0.3604810164897458,0.4475869369277975,0.12048192960062121,0.006804532331998736
"Veerman, Johannes",7,4,0.0017341435431056929,0.13691177904229646,0.6347318837276732,0.22177378537484382,0.004848408312080776
"Veerman, Johannes",8,3,0.0028012364041967164,0.14513444855897978,0.6036624122891281,0.2403020006390887,0.008099902108606782
"Veerman, Johannes",9,5,0.047907218556473674,0.3740182798190616,0.47630850280759995,0.09869474941631118,0.0030712494005535884
"Veerman, Johannes",10,4,0.0033679431946702088,0.1330329275944021,0.5607978798296798,0.2861887862712087,0.016612463110039277
"Veerman, Johannes",11,5,0.07933997502254914,0.3687480148058357,0.4265387592531261,0.11777306766639373,0.007600183252095327
"Veerman, Johannes",12,3,0.0025365932648000467,0.19926141025093758,0.6693673853066949,0.12786390215936916,0.0009707090181982903
"Veerman, Johannes",13,4,0.007944096859549388,0.23178362006884318,0.6009182745453606,0.1559017157139212,0.003452292812325619
"Veerman, Johannes",14,4,0.004945552002756315,0.14054166775072585,0.5344919066391838,0.2967951158799189,0.023225757727415086
"Veerman, Johannes",15,4,0.0029436605026277873,0.16641520335440546,0.63035178358941,0.19611802556350388,0.004171326990052848
"Veerman, Johannes",16,4,0.034373233360224464,0.24788299069190933,0.46560623012084856,0.22418076106351414,0.027956784763503495
"Veerman, Johannes",17,3,0.0040800039461104665,0.16806573625843096,0.6024106424164939,0.2183717746272158,0.00707184275174888
"Veerman, Johannes",18,5,0.08027211707317905,0.39228310349668466,0.42460714073858946,0.09817566825818047,0.004661970433366358
"Von Dellingshausen, Nicolai",1,4,0.005270091731710114,0.16065740630062825,0.5653945748564269,0.25491635239874033,0.013761574712494506
"Von Dellingshausen, Nicolai",2,3,0.0032178442404321994,0.15264395464888653,0.6026400716484048,0.23362177805276718,0.007876351409509263
"Von Dellingshausen, Nicolai",3,4,0.00644631553193431,0.1654836672504711,0.5516766254261785,0.25996155293655276,0.016431838854863434
"Von Dellingshausen, Nicolai",4,4,0.012366428874345914,0.23517246770827377,0.563313030142075,0.18189210056014038,0.007255972715164871
"Von Dellingshausen, Nicolai",5,4,0.03405762737787804,0.38113214033982645,0.5034249659966668,0.08006103644450513,0.0013242298411235698
"Von Dellingshausen, Nicolai",6,5,0.06840730448789345,0.36817078184340574,0.4421106513402097,0.11504111990705346,0.006270142421437641
"Von Dellingshausen, Nicolai",7,4,0.001972267019940188,0.1457797547895754,0.6375765867555399,0.21036124828211145,0.004310143152833179
"Von Dellingshausen, Nicolai",8,3,0.0031443823671507554,0.15370840238778083,0.6065768654880017,0.22927200255881208,0.007298347198254618
"Von Dellingshausen, Nicolai",9,5,0.05120641773479562,0.38336628390813354,0.46927280650590253,0.09337142226129935,0.0027830695898689584
"Von Dellingshausen, Nicolai",10,4,0.00374504217620103,0.14054606103400474,0.5651514610451129,0.27535405412046254,0.015203381624218748
"Von Dellingshausen, Nicolai",11,5,0.08356917062576652,0.3756401492952067,0.4211142230013576,0.11264470656747916,0.007031750510190005
"Von Dellingshausen, Nicolai",12,3,0.00289731311653163,0.21126887976735526,0.6658534331887658,0.11914200917027595,0.0008383647570713304
"Von Dellingshausen, Nicolai",13,4,0.008796512516764166,0.2427028636360984,0.5980531705173407,0.14736436559043642,0.0030830877393602796
"Von Dellingshausen, Nicolai",14,4,0.005445481306215028,0.14781455763568274,0.5385809928045843,0.2867100011994568,0.021448967054061185
"Von Dellingshausen, Nicolai",15,4,0.0033182795116377672,0.17618456263778787,0.6310752691946189,0.18571118877893944,0.0037106998770159993
"Von Dellingshausen, Nicolai",16,4,0.036503656149424524,0.2550489495722842,0.46494346466136127,0.21725362868980913,0.026250300927120884
"Von Dellingshausen, Nicolai",17,3,0.004552604415431871,0.1772750859447645,0.6037687910273726,0.20803236357025656,0.006371155042174559
"Von Dellingshausen, Nicolai",18,5,0.08472690200015842,0.3994928051595631,0.418090793682547,0.09341051285718593,0.004278986300545573
"Whitnell, Dale",1,4,0.0035142069692274958,0.13035315066168407,0.5501299873313816,0.29659346109866025,0.01940919393904661
"Whitnell, Dale",2,3,0.002029335620269468,0.12090110586847935,0.5868152544927343,0.27852082199059847,0.011733482027918463
"Whitnell, Dale",3,4,0.004389482393676869,0.1355951444765871,0.5371736339472655,0.30008741696742924,0.022754322215041256
"Whitnell, Dale",4,4,0.008623889580735733,0.19802962418381465,0.5652732158086775,0.21758765501078337,0.010485615415988692
"Whitnell, Dale",5,4,0.024757091769754602,0.3368717184816605,0.5337987606128607,0.1024936236151407,0.002078805520583482
"Whitnell, Dale",6,5,0.05445008189577183,0.3371893750831155,0.46220358444473036,0.13752800929013842,0.008628949286243914
"Whitnell, Dale",7,4,0.0011745523752305642,0.11279402796273635,0.6219295959028639,0.2572929345521432,0.006808889207025937
"Whitnell, Dale",8,3,0.0019745247183071135,0.12159061260361431,0.5912501606415499,0.2742423472746355,0.010942354761893203
"Whitnell, Dale",9,5,0.03913059205597785,0.345881817424462,0.49522622397271837,0.11567324075344154,0.004088125793400232
"Whitnell, Dale",10,4,0.00244355402070795,0.11235676024422797,0.5448854653083466,0.3188599774638886,0.02145424296282894
"Whitnell, Dale",11,5,0.06777212460165588,0.34767316089119366,0.4412235385926281,0.13380496481584458,0.009526211098677795
"Whitnell, Dale",12,3,0.0016942429603697406,0.16608690649737745,0.6745687927659663,0.1561673301496147,0.001482727626671787
"Whitnell, Dale",13,4,0.005831860509532327,0.2008857929840805,0.6055899271936114,0.18290374741697857,0.004788671895797236
"Whitnell, Dale",14,4,0.003696926963962621,0.12036108953368335,0.5197623335625237,0.32695521404312844,0.029224435896701983
"Whitnell, Dale",15,4,0.0020477165149824783,0.13949231200081358,0.6238853964623471,0.2287260459398528,0.005848529082004061
"Whitnell, Dale",16,4,0.028659606123632497,0.22695066900351601,0.46578517828001076,0.24504847754274062,0.03355606905010011
"Whitnell, Dale",17,3,0.0029277998931306892,0.14253275013530275,0.5946069258314328,0.250373215270989,0.0095593088691448
"Whitnell, Dale",18,5,0.06812459762704853,0.3700851268163629,0.44256839595606656,0.11324117600712613,0.005980703593395864
"Wiedemeyer, Tim",1,4,0.002947150662620579,0.118778515923469,0.5413227057652108,0.3146298601993115,0.022321767449388075
"Wiedemeyer, Tim",2,3,0.0016608505177385102,0.1089699485268677,0.5772751227673578,0.2982976542488396,0.013796423939196445
"Wiedemeyer, Tim",3,4,0.003715000978161964,0.1241011329617917,0.528849587540897,0.3173585390325151,0.02597573948663423
"Wiedemeyer, Tim",4,4,0.007371797779262168,0.1833276168571774,0.5635657309771315,0.23355057187703887,0.012184282509390076
"Wiedemeyer, Tim",5,4,0.02153233983981262,0.318251413530788,0.5445581719244131,0.11315784479860336,0.002500229906382878
"Wiedemeyer, Tim",6,5,0.049289730330974946,0.3238034253753631,0.4693224904555814,0.1477482883186736,0.009836065519406967
"Wiedemeyer, Tim",7,4,0.0009374527505115471,0.1005850868342878,0.6119358202284979,0.27834313353733076,0.00819850664937194
"Wiedemeyer, Tim",8,3,0.001612936673461074,0.10952538059517342,0.5818570047270368,0.29410484504126866,0.012899832963059965
"Wiedemeyer, Tim",9,5,0.03479041929612581,0.32984084852693385,0.5045259929023734,0.12605702043442157,0.0047857188401453366
"Wiedemeyer, Tim",10,4,0.002030168376785768,0.10172485410284421,0.5340328940826098,0.3375365559011243,0.024675527536635933
"Wiedemeyer, Tim",11,5,0.061851154874798586,0.33543175528040714,0.44853139865239205,0.14339559908112331,0.010790092111278904
"Wiedemeyer, Tim",12,3,0.0013405194504674256,0.14899638845325103,0.6740320182201738,0.1737609545139046,0.0018701193622031598
"Wiedemeyer, Tim",13,4,0.004875245701965569,0.1844841727810001,0.6056809611671378,0.19922930553993023,0.00573031480996633
"Wiedemeyer, Tim",14,4,0.0031252167853548785,0.1098763149416277,0.5098230607476959,0.34403608301714206,0.03313932450817947
"Wiedemeyer, Tim",15,4,0.001659604339037668,0.12564469897050795,0.617446984009326,0.2482114055641832,0.0070373071169452794
"Wiedemeyer, Tim",16,4,0.025802732109140913,0.2153871923307904,0.4647114556423589,0.25699882233754934,0.037099797580160465
"Wiedemeyer, Tim",17,3,0.0024162956842178063,0.1292968617294803,0.5877768423062202,0.26923529464353324,0.011274705636548532
"Wiedemeyer, Tim",18,5,0.06193159861966557,0.35710313893194645,0.45173385790691434,0.12236978158220813,0.006861622959265512
"Wiesberger, Bernd",1,4,0.00460166584227506,0.14992589626324504,0.5611315372136981,0.2688456469604439,0.015495253720337887
"Wiesberger, Bernd",2,3,0.002757945636267689,0.14132617503597478,0.5983781334097473,0.24849977205983365,0.009037973858176507
"Wiesberger, Bernd",3,4,0.005668177026667276,0.1549304381299293,0.5476085768422945,0.27340787715197357,0.018384930849135395
"Wiesberger, Bernd",4,4,0.010962432443585246,0.2222304898082399,0.5649265017261529,0.19364304255114506,0.008237533470876857
"Wiesberger, Bernd",5,4,0.03062133043463272,0.36615092493674,0.5144496961681463,0.08723157901076994,0.001546469449711041
"Wiesberger, Bernd",6,5,0.06338826210063225,0.35780961776043746,0.4494117675052368,0.122392729062616,0.0069976235710774715
"Wiesberger, Bernd",7,4,0.0016584174490531511,0.13394264087522423,0.6335767397103935,0.22577505049555635,0.005047151469772748
"Wiesberger, Bernd",8,3,0.0026911505763168586,0.1422544534343898,0.6025070409517699,0.24415409465798765,0.008393260379535805
"Wiesberger, Bernd",9,5,0.04681148692396098,0.37077741385994795,0.4786589064593542,0.10057566919640593,0.003176523560330935
"Wiesberger, Bernd",10,4,0.0032462306903388582,0.13050761923696574,0.5591764719502006,0.289946866077319,0.01712281204517585
"Wiesberger, Bernd",11,5,0.07792197303820725,0.366345875071863,0.4283543559626083,0.11957273914485511,0.007805056782466346
"Wiesberger, Bernd",12,3,0.002422124029781758,0.19521847133847092,0.670373887018834,0.1309649744150706,0.001020543197842727
"Wiesberger, Bernd",13,4,0.007667894123635388,0.22807748881539458,0.6017557319078923,0.15891056513626745,0.003588320016810309
"Wiesberger, Bernd",14,4,0.004783136464056037,0.1380903214746751,0.5329777835282672,0.30028324785777394,0.023865510675227686
"Wiesberger, Bernd",15,4,0.0028237827093010037,0.16312932855753565,0.6299307995118762,0.19977470888325144,0.004341380338035661
"Wiesberger, Bernd",16,4,0.033663797248916216,0.24542498568696702,0.46576414817544953,0.22658175598247454,0.028565312906192686
"Wiesberger, Bernd",17,3,0.003927749536644709,0.1649620405981862,0.6017922426487552,0.2219895974130791,0.007328369803334844
"Wiesberger, Bernd",18,5,0.07878000251290035,0.3897640246418652,0.4268009692828825,0.09985425924474012,0.004800744317611794
"Williams, Robin",1,4,0.004057326379975468,0.1405010786166203,0.5563932474969224,0.2818052348807142,0.01724311262576761
"Williams, Robin",2,3,0.002389937049167845,0.1314541032139795,0.5934672076378538,0.2624587891052177,0.010229962993781205
"Williams, Robin",3,4,0.005030289232215546,0.14563486471465253,0.5431067764752333,0.2858855724495296,0.020342497128368997
"Williams, Robin",4,4,0.009801108327416541,0.21067653974552014,0.56555008119151,0.20473603099408066,0.009236239741472696
"Williams, Robin",5,4,0.027732850332953973,0.3523811293530248,0.5239135976260272,0.09419327364797936,0.0017791490400147492
"Williams, Robin",6,5,0.059050230927393255,0.3481748840674478,0.45566990195491075,0.12937724495904324,0.007727738091204972
"Williams, Robin",7,4,0.0014117732794853843,0.12368439965537298,0.628723149809338,0.24036272662003955,0.005817950635764069
"Williams, Robin",8,3,0.0023289516821360934,0.13226570527539588,0.597751424569853,0.25813474747717247,0.009519170995442527
"Williams, Robin",9,5,0.0430591871015959,0.3591180239454877,0.48674330132952426,0.10749971092749899,0.0035797766958931554
"Williams, Robin",10,4,0.002842955520795387,0.1217413370835877,0.5528810860581912,0.3034771638715522,0.019057457465873506
"Williams, Robin",11,5,0.07301159121120132,0.35764956247386076,0.434616101529519,0.1261453210343313,0.00857742375108761
"Williams, Robin",12,3,0.002050250599084369,0.18116186810516904,0.6731103642574481,0.1424590946892461,0.0012184223490523394
"Williams, Robin",13,4,0.006748731469616631,0.21506812966039046,0.6041183642893317,0.16995017757131492,0.004114597009346244
"Williams, Robin",14,4,0.004240909429448825,0.12955267968519585,0.5271320404802051,0.31280040278037746,0.026273967624772743
"Williams, Robin",15,4,0.0024305392233148204,0.15171645811371903,0.6277104818326594,0.2131416899429448,0.005000830887361918
"Williams, Robin",16,4,0.031226417175239718,0.23668673647393718,0.4660335938810528,0.2352226396617384,0.0308306128080319
"Williams, Robin",17,3,0.0034243906319870177,0.1541558976702062,0.59895601584169,0.2351503553603027,0.008313340495814003
"Williams, Robin",18,5,0.07361933335815385,0.38061948303547405,0.4344218684228279,0.10601207702799897,0.005327238155545255
"Wilson, Andrew",1,4,0.004063679076437621,0.14061509852111354,0.5564565372007666,0.2816441375719174,0.017220547629764882
"Wilson, Andrew",2,3,0.00239419534364127,0.13157313620106365,0.593533628267267,0.2622845911442069,0.010214449043821183
"Wilson, Andrew",3,4,0.005037757619981931,0.14574748186315745,0.543166815896416,0.2857306518957705,0.020317292724674085
"Wilson, Andrew",4,4,0.009814763518381675,0.21081740143423122,0.5655473691838828,0.20459717485038798,0.009223291013116364
"Wilson, Andrew",5,4,0.02776707529773187,0.3525512822382293,0.5238005784361452,0.09410497195449297,0.0017760920734005703
"Wilson, Andrew",6,5,0.05910232957539985,0.3482946096532324,0.45559519654260244,0.12928953383662,0.007718330392145312
"Wilson, Andrew",7,4,0.0014146021752028393,0.12380769541380571,0.6287899194645747,0.2401799521873269,0.00580783075908986
"Wilson, Andrew",8,3,0.002333140064505801,0.1323861318412105,0.5978160497132473,0.2579601755357711,0.009504502845265272
"Wilson, Andrew",9,5,0.04310398423260958,0.35926262292606953,0.4866465689802697,0.10741229363056937,0.0035745302304818205
"Wilson, Andrew",10,4,0.0028476454515036775,0.12184710418920675,0.5529635124405339,0.30330925346635285,0.019032484452402798
"Wilson, Andrew",11,5,0.07307073447018764,0.3577579364755509,0.4345409991813203,0.1260628362015428,0.008567493671398418
"Wilson, Andrew",12,3,0.002054506643519305,0.18133163730857899,0.673084818495387,0.1423132586390664,0.0012157789134482622
"Wilson, Andrew",13,4,0.006759457806146785,0.21522644423827336,0.6040952286788324,0.16981116972686983,0.004107699549877664
"Wilson, Andrew",14,4,0.004247253764802006,0.12965595782828615,0.5272082947777721,0.3126454547761669,0.026243038852972855
"Wilson, Andrew",15,4,0.0024350755752487463,0.1518542028293402,0.6277446854813744,0.21297386261101114,0.004992173503025499
"Wilson, Andrew",16,4,0.031255593491749833,0.23679414468352755,0.4660330790677703,0.23511541759397192,0.030801765162980388
"Wilson, Andrew",17,3,0.0034302339214394295,0.15428657187942246,0.598996964390361,0.23498572556578534,0.00830050424299178
"Wilson, Andrew",18,5,0.07368142994855015,0.3807336711699672,0.43432992730342745,0.10593453453869894,0.005320437039356252
"Winther, Jeff",1,4,0.004446570251940285,0.1473087000751816,0.5599134533259407,0.27237350957828543,0.015957766768652015
"Winther, Jeff",2,3,0.002652462734346661,0.13857822052793278,0.5971291786858235,0.25228869957440136,0.009351438477495755
"Winther, Jeff",3,4,0.005486836692077501,0.15235178352828077,0.5464497762912022,0.2768076009355386,0.018904002552900923
"Winther, Jeff",4,4,0.01063328936390251,0.21904003883061074,0.5651783833582479,0.1966473411969193,0.00850094725031958
"Winther, Jeff",5,4,0.02980713071141472,0.3623861972539052,0.5171009437808066,0.08909850907302452,0.00160721918084894
"Winther, Jeff",6,5,0.06217716581403154,0.3551862264622698,0.4511655853107226,0.12427990544788736,0.007191116965088673
"Winther, Jeff",7,4,0.0015872868733107781,0.13108069115988324,0.6323607536161973,0.22972277430517984,0.00524849404542882
"Winther, Jeff",8,3,0.002587286569723457,0.13947380726570907,0.6013025641986796,0.24794721493763472,0.008689127028253196
"Winther, Jeff",9,5,0.04575945909531276,0.36759817206095247,0.48092074242277305,0.10243902147158956,0.0032826049493721587
"Winther, Jeff",10,4,0.003131044439841746,0.1280685373631561,0.5575310211859245,0.29363459452196294,0.017634802489114754
"Winther, Jeff",11,5,0.07655393171435637,0.3639830408504316,0.43010345001493366,0.12134948269534973,0.00801009472492864
"Winther, Jeff",12,3,0.0023147208595686863,0.19131065333655733,0.6712566920215839,0.13404639564814258,0.0010715381341475094
"Winther, Jeff",13,4,0.007405996037055607,0.22448044249175375,0.6025003781755502,0.16188720342045615,0.0037259798751841933
"Winther, Jeff",14,4,0.004628920748956156,0.13571930701271706,0.5314451639374999,0.30370119541107854,0.02450541288974839
"Winther, Jeff",15,4,0.002710826680879075,0.15995477351220727,0.6294341877908416,0.20338656415733491,0.004513647858737202
"Winther, Jeff",16,4,0.03298170833010189,0.24302631477796038,0.46588370390414824,0.22893723927500753,0.029171033712781957
"Winther, Jeff",17,3,0.003783796557809249,0.16196039088662828,0.6011131260478403,0.2255555503826402,0.007587136125081995
"Winther, Jeff",18,5,0.07734122056628001,0.3872831784458982,0.42892093288861477,0.10151466100349782,0.004940007095709187
"Wu, Ashun",1,4,0.0038154003825588423,0.13608145432456253,0.5538214362150675,0.288134714024735,0.018146995053076154
"Wu, Ashun",2,3,0.002228450675760274,0.12684794783110848,0.590753326751291,0.2693162967581799,0.010853977983660279
"Wu, Ashun",3,4,0.004745424702769285,0.14126646346249333,0.540668652193594,0.2919687341218411,0.021350725519302394
"Wu, Ashun",4,4,0.009279171383520357,0.20519552755177745,0.5655581607921313,0.21021106823708235,0.009756072035488561
"Wu, Ashun",5,4,0.026419766907907594,0.34571627324783194,0.5282627987411306,0.0976984494499833,0.0019027116531465937
"Wu, Ashun",6,5,0.05703789566554307,0.3434717959037578,0.4585444813664819,0.13284159316728172,0.008104233896935487
"Wu, Ashun",7,4,0.0013049561600490533,0.11892098524299133,0.6259749625545734,0.24757227416393812,0.006226821878448141
"Wu, Ashun",8,3,0.002170166664378803,0.1276058943200043,0.595105442598906,0.2650090376926978,0.010109458724013143
"Wu, Ashun",9,5,0.04133401471643683,0.35344367045508823,0.49046981837869924,0.11096171767541707,0.0037907787743586274
"Wu, Ashun",10,4,0.0026646583623199938,0.1176471087957845,0.549561874244912,0.3100686387011812,0.020057719895802295
"Wu, Ashun",11,5,0.07072385128762321,0.3533863179856838,0.43751323217560045,0.12940222056561768,0.008974377985474846
"Wu, Ashun",12,3,0.001889719812218138,0.17458758390815315,0.67394814847315,0.1482483595211339,0.0013261882853448093
"Wu, Ashun",13,4,0.006340274152051295,0.20891389295038965,0.604905307186454,0.17544749254789527,0.004393033163209825
"Wu, Ashun",14,4,0.00399899384091601,0.125549518013238,0.5240665249718821,0.3188754327152996,0.027509530458664333
"Wu, Ashun",15,4,0.0022587689580078063,0.1463838177564557,0.6262380712312631,0.21976873654298867,0.005350605511284745
"Wu, Ashun",16,4,0.030101276531578403,0.2324900376555577,0.4659984485250498,0.2394320450601103,0.03197819222770382
"Wu, Ashun",17,3,0.0032024475333762847,0.1490919889481484,0.5972364215133419,0.24163914240130313,0.008829999603830352
"Wu, Ashun",18,5,0.07121855972701863,0.3761232057344784,0.43797938626246463,0.10907907770415781,0.005599770571880547
"Wu, Brandon",1,4,0.003686227151150079,0.13365689719430368,0.5523096799106046,0.2916790239479077,0.018668171796033972
"Wu, Brandon",2,3,0.0021427856217839936,0.12432763177030509,0.5891460225890495,0.27316754541834765,0.011216014600513802
"Wu, Brandon",3,4,0.004592952883252233,0.1388673468059935,0.5392367684691277,0.29537205263214783,0.021930879209478782
"Wu, Brandon",4,4,0.008998909831491708,0.20217113514756918,0.5654795848482562,0.2132935658305728,0.010056804342110093
"Wu, Brandon",5,4,0.025710624858485243,0.3420016019686299,0.5306207644701245,0.09969208033960886,0.0019749283631514958
"Wu, Brandon",6,5,0.055939791297853814,0.34083899928781164,0.4601029272769557,0.13479725044534296,0.008321031692035907
"Wu, Brandon",7,4,0.0012486702190752652,0.1163211127690682,0.6243311438105985,0.2516334501486295,0.006465623052628544
"Wu, Brandon",8,3,0.0020859758134128548,0.1250564534693856,0.5935339261149333,0.26887146253225147,0.010452182070016747
"Wu, Brandon",9,5,0.04039690961911502,0.350272165982989,0.49249380095848766,0.11292394259885474,0.003913180840553587
"Wu, Brandon",10,4,0.002569710985807494,0.11540566376018879,0.5476354554252046,0.31375477123103446,0.020634398597764614
"Wu, Brandon",11,5,0.06947269187291483,0.3509946133924041,0.439090209139428,0.13123991399511958,0.009202571600133491
"Wu, Brandon",12,3,0.0018052749275104252,0.17098660465041826,0.6742771368898717,0.15154100622793432,0.0013899773042653774
"Wu, Brandon",13,4,0.00612221212902303,0.2055230579018128,0.605242877510298,0.17855640347785828,0.0045554489810077925
"Wu, Brandon",14,4,0.003869571011712425,0.12335347097112365,0.5222915319861314,0.3222663547536041,0.028219071277428398
"Wu, Brandon",15,4,0.0021678633667573943,0.143464051194981,0.6253052973130044,0.22350790164128975,0.005554886483967403
"Wu, Brandon",16,4,0.02948879904938706,0.23015953472123918,0.46593204133919286,0.2417865516595794,0.032633073230601495
"Wu, Brandon",17,3,0.0030844249786119993,0.1463151201542135,0.5961802720051893,0.24529012694537733,0.009130055916607871
"Wu, Brandon",18,5,0.06990660191067699,0.37359718980751033,0.4399251002872384,0.11081409993117208,0.00575700806340218
"Zanotti, Fabrizio",1,4,0.0049075718614209896,0.15494255636908616,0.5632669575035778,0.26222922927566317,0.01465368499025188
"Zanotti, Fabrizio",2,3,0.0029673834057524218,0.14660706054201567,0.6005379073907114,0.24141625595619887,0.008471392705321601
"Zanotti, Fabrizio",3,4,0.006024953903906338,0.1598677316822626,0.549643454548933,0.26702549850509916,0.017438361359798815
"Zanotti, Fabrizio",4,4,0.011607804466515659,0.2283081912614856,0.5642847672754598,0.18803934739464645,0.007759889601892445
"Zanotti, Fabrizio",5,4,0.03220808423315985,0.37324401543748187,0.5093244185061969,0.08378598909066115,0.0014374927325002673
"Zanotti, Fabrizio",6,5,0.06572380297817543,0.36273070718960515,0.4460193891101112,0.11888115547557865,0.006644945246529588
"Zanotti, Fabrizio",7,4,0.0018006177286281622,0.13945608858110103,0.6356386631418138,0.21841880183222573,0.004685828716231244
"Zanotti, Fabrizio",8,3,0.0028974763176916607,0.14759858588330887,0.6045788767773677,0.23706614840954732,0.00785891261208449
"Zanotti, Fabrizio",9,5,0.048849693396146476,0.37675020493132216,0.4742918868926779,0.0971235208146729,0.0029846939651805293
"Zanotti, Fabrizio",10,4,0.003474045698448558,0.1351929012069485,0.5621202617756833,0.2830216615014062,0.016191129817513472
"Zanotti, Fabrizio",11,5,0.08055419020689081,0.3707678420272964,0.42498246931686534,0.11626484348989574,0.007430654959051708
"Zanotti, Fabrizio",12,3,0.0026371787192702167,0.20271681226349197,0.6684347428264099,0.125280942233152,0.0009303239576758937
"Zanotti, Fabrizio",13,4,0.008184438965245677,0.2349391321093155,0.6001503846700019,0.15338514014545057,0.0033409041099863312
"Zanotti, Fabrizio",14,4,0.005086703576647755,0.14263562513569694,0.5357300124693009,0.2938515456947275,0.02269611312362696
"Zanotti, Fabrizio",15,4,0.00304858618711501,0.16922489434361893,0.6306391280954886,0.19305518313241588,0.0040322082413615234
"Zanotti, Fabrizio",16,4,0.03498266927937166,0.24996533304663449,0.46544458266554967,0.222156733495523,0.027450681512921182
"Zanotti, Fabrizio",17,3,0.004212847558645316,0.17071713125558674,0.6028733908248656,0.2153354868540147,0.0068611435068877125
"Zanotti, Fabrizio",18,5,0.08155041473006625,0.394398813453402,0.42273189209092316,0.09677145006810739,0.004547429657501212
