player,hole,par,p_eagle_or_better,p_birdie,p_par,p_bogey,p_double_or_worse
"Albertson, Anders",1,4,0.007298198450771565,0.2573555475277215,0.6171622987585716,0.1168220052783554,0.0013619499845798355
"Albertson, Anders",2,4,0.007185936221369205,0.19248088160390392,0.5773652332210881,0.2140070010168469,0.008960947936791808
"Albertson, Anders",3,4,0.003584653859115494,0.21959577129947905,0.6549888587850841,0.12084087507787455,0.0009898409784467876
"Albertson, Anders",4,5,0.009609903231313832,0.26922121449229464,0.5998875177264262,0.11955091807873197,0.0017304464712333267
"Albertson, Anders",5,3,0.006074307424381253,0.2056158728191062,0.6060156974568702,0.17781815529523048,0.004475967004411885
"Albertson, Anders",6,4,0.0015602803718507419,0.09865012814386254,0.5533306003042239,0.32723984420024566,0.019219146979817192
"Albertson, Anders",7,5,0.06029917622976183,0.3894784475005587,0.4533911432567111,0.09362456586354195,0.003206667149426412
"Albertson, Anders",8,4,0.004878381077084271,0.19392622012198335,0.6151423100894216,0.18179599909769384,0.004257089613816989
"Albertson, Anders",9,3,0.0015192497893788959,0.126101995469668,0.6267783663965121,0.2396404639581836,0.005959924386257365
"Albertson, Anders",10,4,0.006251551287428825,0.22530987331819086,0.6169778782806312,0.14885841297633107,0.0026022841374180317
"Albertson, Anders",11,3,0.0020308794631814786,0.12393156986915466,0.5937380931667049,0.269844047070839,0.010455410430119993
"Albertson, Anders",12,4,0.0034277615797798644,0.12774596472841665,0.5468078627269826,0.3015901992000457,0.02042821176477516
"Albertson, Anders",13,4,0.0065522507902734395,0.18852880859318577,0.5819694563270329,0.21438349680503788,0.008565987484470017
"Albertson, Anders",14,5,0.04414525239868511,0.3407453355801219,0.4835740617684255,0.1258482422040078,0.005687108048759715
"Albertson, Anders",15,3,0.006335456365334391,0.21734291376740156,0.6111018506952501,0.1618177671735278,0.0034020119984861097
"Albertson, Anders",16,4,0.001678825837479525,0.1379647702988832,0.6394392375422553,0.21652223375356816,0.0043949325678138695
"Albertson, Anders",17,5,0.04197616267178805,0.41250344224815233,0.478648073475712,0.06594742724013947,0.0009248943642081731
"Albertson, Anders",18,4,0.0029000816029381427,0.13522833208586627,0.5813647957308743,0.26832794592110343,0.012178844659217924
"An, Byeong Hun",1,4,0.01209577184167504,0.31754839056970724,0.5853679434303851,0.08426527167979814,0.0007226224784344648
"An, Byeong Hun",2,4,0.011266343351463648,0.23817572362672457,0.5740546548310497,0.1708615138152776,0.00564176437548447
"An, Byeong Hun",3,4,0.006407731234305325,0.28082852824223975,0.6267790332649394,0.08548958318693023,0.0004951240715852512
"An, Byeong Hun",4,5,0.015420504715485839,0.3276139993629815,0.5685740742910076,0.08744211447733163,0.0009493071531934127
"An, Byeong Hun",5,3,0.009886555752777915,0.2566248875750596,0.5942682881980377,0.13659345413576607,0.0026268143383587628
"An, Byeong Hun",6,4,0.002703321313553775,0.13155183540793103,0.5809826707170105,0.27234609971324597,0.012416072848258741
"An, Byeong Hun",7,5,0.0801184378698182,0.4285652337749284,0.4174815451582302,0.07180731446693189,0.0020274687300912975
"An, Byeong Hun",8,4,0.008110118890192142,0.24475909233119625,0.6054831000755297,0.13918121314445697,0.002466475558624892
"An, Byeong Hun",9,3,0.002765976500486156,0.16874824931001897,0.6384894046471987,0.18657103823554477,0.003425331306751378
"An, Byeong Hun",10,4,0.010318415058879538,0.2806148310573172,0.5965482381916447,0.11106378794600869,0.0014547277461498531
"An, Byeong Hun",11,3,0.003529641656526583,0.16339339440933487,0.6098208878418253,0.2168487884908471,0.006407287601466138
"An, Byeong Hun",12,4,0.005550394369541134,0.163837259505685,0.5650644626833454,0.25196947248005275,0.013578410961375686
"An, Byeong Hun",13,4,0.010371459664022586,0.2343993536166578,0.5791873343169934,0.17068880747200166,0.005353044930324513
"An, Byeong Hun",14,5,0.05962028529231472,0.38228310092240236,0.4552825505761304,0.09910539992461198,0.0037086632845405587
"An, Byeong Hun",15,3,0.010360379545971354,0.2706049534805836,0.5945962596523158,0.12248841282811251,0.0019499944930168045
"An, Byeong Hun",16,4,0.0030640382468754,0.1837153255526593,0.6449933786882904,0.16576718173840055,0.002460075773774273
"An, Byeong Hun",17,5,0.05929507746430984,0.46189084173425865,0.43105479481731523,0.04724177155316789,0.0005175144309483848
"An, Byeong Hun",18,4,0.0048611852029464275,0.17511732486503107,0.5947938606437512,0.2175683638837449,0.0076592654045264386
"Andersen, Mason",1,4,0.006808283846525931,0.24973310817357558,0.6202575207950902,0.12172324711802585,0.001477840066782421
"Andersen, Mason",2,4,0.006756683398408292,0.18678314703873,0.5768387960423472,0.22011074814320042,0.009510625377314064
"Andersen, Mason",3,4,0.003309479763754064,0.2120239463501154,0.6573835501122463,0.126200875118484,0.001082148655400239
"Andersen, Mason",4,5,0.00900484228295878,0.26176169097473706,0.6030100181711759,0.12435375584898245,0.001869692722145766
"Andersen, Mason",5,3,0.005681712036712361,0.19926185829660725,0.6064747978274105,0.18378788644217514,0.004793745397094762
"Andersen, Mason",6,4,0.0014474333917117166,0.09476574561787138,0.5487722688520544,0.33468888798166385,0.020325664156698675
"Andersen, Mason",7,5,0.05798516671825826,0.38402647978755444,0.45774618230174813,0.09683943982303267,0.0034027313694064976
"Andersen, Mason",8,4,0.004549864779057722,0.18764117485553855,0.6152714316714649,0.1879707911773142,0.004566737516624619
"Andersen, Mason",9,3,0.0013995721278307616,0.12104204615586323,0.6239701204117301,0.24718939092176462,0.006398870382811284
"Andersen, Mason",10,4,0.0058358098984194196,0.218384587565724,0.6185444250725429,0.15443054878317697,0.002804628680136645
"Andersen, Mason",11,3,0.0018829795432636631,0.1192202542104327,0.590525487180674,0.27723793981333467,0.011133339252294983
"Andersen, Mason",12,4,0.00320932173214189,0.123378666693089,0.543535038237671,0.3083494178574031,0.021527555479694982
"Andersen, Mason",13,4,0.006152779895953198,0.18282612235045043,0.5813492232111803,0.22057180726873338,0.009100067273682622
"Andersen, Mason",14,5,0.0423596214236463,0.3351177264862449,0.486793618503512,0.1297186637146467,0.006010369871950139
"Andersen, Mason",15,3,0.005921893315720517,0.21068419314850473,0.6121729019214628,0.16756631194160365,0.0036546996727083725
"Andersen, Mason",16,4,0.001545970564707011,0.1325091508678916,0.6373845351237868,0.22382553471745403,0.0047348087261605
"Andersen, Mason",17,5,0.04002159562525226,0.40565715458507057,0.4845185595731451,0.06880564478214013,0.000997045434391941
"Andersen, Mason",18,4,0.0027022497130791967,0.1304147926763608,0.5785721778405228,0.27538483889922305,0.012925940870814112
"Baddeley, Aaron",1,4,0.006117389988435307,0.23831303887661642,0.6244375124140319,0.12946019510421458,0.0016718636167017964
"Baddeley, Aaron",2,4,0.006145963618478134,0.17827866925052882,0.5756022161568368,0.2295680087807751,0.010405142193381178
"Baddeley, Aaron",3,4,0.002926492204071207,0.20075984180692907,0.6603977469371842,0.13467781459124706,0.0012381044605684899
"Baddeley, Aaron",4,5,0.008146786696765107,0.25055602932571835,0.6072740274756868,0.13192156044816072,0.002101596053668997
"Baddeley, Aaron",5,3,0.00512659559895301,0.18978335240022537,0.6066714518659843,0.19310174277495684,0.0053168573598805224
"Baddeley, Aaron",6,4,0.0012897046440337734,0.08905829920162733,0.541456607910972,0.346079543732419,0.022115844510947835
"Baddeley, Aaron",7,5,0.05459310593445399,0.3756254232989512,0.46417296233267147,0.10188617346976925,0.0037223349641540837
"Baddeley, Aaron",8,4,0.0040870622990891725,0.17828622336962635,0.6149437613425488,0.19760551073248522,0.005077442256250508
"Baddeley, Aaron",9,3,0.0012336469976167996,0.1136000960969798,0.6191453680679421,0.2588978980072364,0.00712299083022494
"Baddeley, Aaron",10,4,0.00524925902608786,0.2080403370604867,0.6203989270293342,0.16317105174192492,0.003140425142166281
"Baddeley, Aaron",11,3,0.001676312054548601,0.11227679718910882,0.5851660190777492,0.28864075355637175,0.012240118122221588
"Baddeley, Aaron",12,4,0.0029004121012352613,0.11691490349551731,0.538184928408282,0.3187006313081593,0.023299124686806172
"Baddeley, Aaron",13,4,0.005585366661127078,0.1743218323715338,0.5799596870466424,0.23016292017342987,0.009970193747266931
"Baddeley, Aaron",14,5,0.039750807943925215,0.3265144832302161,0.49143916126677,0.13576110468818803,0.0065344428709006586
"Baddeley, Aaron",15,3,0.005337537448878327,0.20074172422823122,0.6132881539817981,0.1765602737632882,0.004072310577804106
"Baddeley, Aaron",16,4,0.0013618333269639904,0.12447443264869384,0.6336730212935635,0.23519269541854226,0.005298017312236447
"Baddeley, Aaron",17,5,0.03718532578539657,0.3951319833234409,0.4932247417919473,0.07334094844767303,0.0011170006515421882
"Baddeley, Aaron",18,4,0.0024240861333183483,0.12329791591635003,0.5738793050533895,0.28625787415208626,0.014140818744855954
"Bhatia, Akshay",1,4,0.011763978454756185,0.3140241347554894,0.5875504420405923,0.08591169809420152,0.0007497466549606369
"Bhatia, Akshay",2,4,0.010989858636207328,0.23546182606149857,0.5745846159254027,0.17316793548059117,0.005795763896300321
"Bhatia, Akshay",3,4,0.006206041742708779,0.27717489006935636,0.6288390381328085,0.08726453898540898,0.0005154910697173776
"Bhatia, Akshay",4,5,0.015024169738799442,0.3242188372700982,0.5706981281473192,0.08907584577864724,0.0009830190651358706
"Bhatia, Akshay",5,3,0.009624347934863109,0.253594955121696,0.5953190459541577,0.13875208844596498,0.0027095625433181114
"Bhatia, Akshay",6,4,0.002622270951098571,0.1295106878127944,0.5797475476956669,0.27538251614027454,0.01273697740016555
"Bhatia, Akshay",7,5,0.07887592494806306,0.42645803074334654,0.41964947578940315,0.07293453747966527,0.002082031039521981
"Bhatia, Akshay",8,4,0.007885781452258989,0.24172171069465226,0.6064354217944595,0.14141098391541096,0.002546102143218265
"Bhatia, Akshay",9,3,0.0026758888035511297,0.16611553248582445,0.6382802880304086,0.18939047998434366,0.0035378106958721123
"Bhatia, Akshay",10,4,0.010037291028429651,0.27734517316415386,0.5981013756877887,0.11301137356201174,0.0015047865576161001
"Bhatia, Akshay",11,3,0.003423365799403666,0.16096770813348554,0.609303291703852,0.21971266305115056,0.006592971312108231
"Bhatia, Akshay",12,4,0.005404223836455668,0.1616405017827005,0.5643420455615787,0.25470746125615684,0.01390576756310824
"Bhatia, Akshay",13,4,0.010111604456774781,0.23166865587700058,0.5796960412455474,0.17302212784934423,0.005501570571333048
"Bhatia, Akshay",14,5,0.05864116783935314,0.3799826460108679,0.4570653754042992,0.10050907337207748,0.003801737373402281
"Bhatia, Akshay",15,3,0.010083132005208884,0.2674511911212835,0.5959206387788851,0.1245308684266968,0.0020141696679256693
"Bhatia, Akshay",16,4,0.002963897585817943,0.18090269589518454,0.6451519059901856,0.1684367608095444,0.002544739719267608
"Bhatia, Akshay",17,5,0.05818168992420436,0.4592172195236758,0.43388937794781857,0.04817648682345699,0.0005352257808443062
"Bhatia, Akshay",18,4,0.004724246837882751,0.1726853621413818,0.594400484215307,0.2203206699654403,0.007869236839988192
"Black, Otto",1,4,0.0024377142069644253,0.15574043957519512,0.6331975492319781,0.20428397166036716,0.004340325325495109
"Black, Otto",2,4,0.002735312506828458,0.11768043280055063,0.5467531095123038,0.31201257454571885,0.020818570634598244
"Black, Otto",3,4,0.0010168248060500318,0.12243686182551494,0.655743890284965,0.21730264979744907,0.003499773286020913
"Black, Otto",4,5,0.003444435765617204,0.16831215915234365,0.6186048789977587,0.20444392398295874,0.00519460210132161
"Black, Otto",5,3,0.0021254458772794194,0.12259875011561333,0.5860121562417427,0.2774385442745837,0.011825103490780808
"Black, Otto",6,4,0.00048316782605850594,0.051609083662316035,0.4679879180058018,0.4377107254945196,0.04220910501130404
"Black, Otto",7,5,0.032478301801155296,0.3049423725416055,0.5054992026056435,0.14958417391559364,0.007495949136002045
"Black, Otto",8,4,0.0016311809478264938,0.11277250392482258,0.5892704219322176,0.28482578718162865,0.011500106013504707
"Black, Otto",9,3,0.0004198197570022266,0.06468478264268046,0.5576907409459102,0.3609843425429924,0.01622031411141478
"Black, Otto",10,4,0.002115577761816867,0.13431652661891286,0.6113136191987376,0.24473222942704376,0.007522046993488907
"Black, Otto",11,3,0.0006218957417171156,0.0660553469139859,0.5229687631690134,0.3850195297795702,0.025334464395713407
"Black, Otto",12,4,0.0012254580710076568,0.07280505551238736,0.4802595361322584,0.4029418818003313,0.042768068484015265
"Black, Otto",13,4,0.002443234123167104,0.11402453459962258,0.5494840741547997,0.31388327647208625,0.0201648806503244
"Black, Otto",14,5,0.023029611279582918,0.2569082002094438,0.5164527325648568,0.19108415717693705,0.012525298769179405
"Black, Otto",15,3,0.0021906438453615507,0.1299644920291601,0.5991604243682496,0.25929406729697746,0.009390372460251317
"Black, Otto",16,4,0.00046045535201083565,0.07132587074139274,0.5793558577430151,0.3362937530074016,0.012564063156179639
"Black, Otto",17,5,0.019693765494543825,0.3080086659637327,0.5508099598243523,0.11878161970766088,0.002705989009710308
"Black, Otto",18,4,0.0009599398005718518,0.07507603774629035,0.5179661133271102,0.37779941433988473,0.02819849478614289
"Bradley, Keegan",1,4,0.013477496203711858,0.3314722731175269,0.5763966051187727,0.07802894286571216,0.0006246826942764017
"Bradley, Keegan",2,4,0.012410648357360832,0.24895113870928354,0.5715828811272077,0.16198341130363192,0.005071920502516036
"Bradley, Keegan",3,4,0.0072564194560124085,0.2953450652325843,0.6181946294818823,0.07878170385812533,0.00042218197139565206
"Bradley, Keegan",4,5,0.01706384130645089,0.34100062091960637,0.5598660863498318,0.08124243978303891,0.0008270116410720174
"Bradley, Keegan",5,3,0.01097680158478026,0.26865277528947273,0.5897122122844332,0.1283345361363939,0.002323674704919898
"Bradley, Keegan",6,4,0.0030437141217961594,0.13976555229585563,0.5854209087911466,0.26054641797498557,0.01122340681621603
"Bradley, Keegan",7,5,0.08513794221204213,0.4366836452361667,0.40884443649912416,0.06750832193800849,0.0018256541146585148
"Bradley, Keegan",8,4,0.00904563570039435,0.2568378941186808,0.6012886813395554,0.13065250448175836,0.002175284359611118
"Bradley, Keegan",9,3,0.0031465719803012715,0.1793226688906831,0.6387739191801962,0.17574253445371768,0.0030143054951017323
"Bradley, Keegan",10,4,0.011489073923543869,0.29357356346328317,0.5900179032045693,0.10364684383151979,0.0012726155770839132
"Bradley, Keegan",11,3,0.003975930765243163,0.1731253914746046,0.6113821440060365,0.2057940178775165,0.005722515876599221
"Bradley, Keegan",12,4,0.006158549701500704,0.17262657732519388,0.5675231044461931,0.24133461843429815,0.012357150092814129
"Bradley, Keegan",13,4,0.011448332388642513,0.2452489311124243,0.5767885442627553,0.16171016905400126,0.004804023182176653
"Bradley, Keegan",14,5,0.06358712150935508,0.3912234708460347,0.4480985710297405,0.09372800944779913,0.0033628271670705923
"Bradley, Keegan",15,3,0.011513653420826997,0.2831113086258087,0.5889667236652869,0.11469262258289736,0.0017156917051800447
"Bradley, Keegan",16,4,0.0034871460940271715,0.19499705167450565,0.6438200832165089,0.15554384191205228,0.002151877102906097
"Bradley, Keegan",17,5,0.06382673263463834,0.4721997334613135,0.41980884813391683,0.043711567340421476,0.0004531184297098534
"Bradley, Keegan",18,4,0.005433414395947633,0.18485090303588542,0.5959008149897504,0.2069327366930882,0.006882130885328297
"Brehm, Ryan",1,4,0.005623737591136435,0.22960435424493142,0.6272323697344233,0.13570103124284505,0.0018385071866637848
"Brehm, Ryan",2,4,0.005705302140736279,0.17181763500359498,0.574279791956064,0.23704652859287312,0.011150742306731631
"Brehm, Ryan",3,4,0.0026567542220292673,0.19223596107487112,0.6622056277282711,0.14152832157200623,0.001373335402822251
"Brehm, Ryan",4,5,0.007529935842278679,0.24198611635523587,0.61016983595261,0.13801443502372568,0.0022996768261497325
"Brehm, Ryan",5,3,0.004728773599172953,0.18258766576759655,0.6064040565268072,0.20052130115148048,0.005758202954942893
"Brehm, Ryan",6,4,0.0011780713757663097,0.08479493411316058,0.535470542616677,0.3549578401271313,0.023598611767264854
"Brehm, Ryan",7,5,0.05206490923356444,0.36902348621288045,0.46898788843869105,0.10593445904595122,0.003989257068912844
"Brehm, Ryan",8,4,0.003756728846102231,0.17120130920210302,0.6142515868469187,0.20528119120641675,0.0055091838984593355
"Brehm, Ryan",9,3,0.0011172607641534715,0.10803626630746871,0.6149467354997522,0.26816450046805895,0.0077352369605666604
"Brehm, Ryan",10,4,0.004829937276419505,0.20017694676215536,0.6213929872640394,0.17017396337734358,0.0034261653200422515
"Brehm, Ryan",11,3,0.0015300930780703381,0.10707359240481057,0.5806198406416057,0.2976107854294072,0.013165688446106216
"Brehm, Ryan",12,4,0.002678970868813191,0.11204833891336258,0.5337293677023849,0.326782869476391,0.02476045303904839
"Brehm, Ryan",13,4,0.005176687969042526,0.16786720274033484,0.5785102138398344,0.2377495613566104,0.010696334094177806
"Brehm, Ryan",14,5,0.03781333755109689,0.3198091657436446,0.49482837442505995,0.14057953014692148,0.0069695921332770805
"Brehm, Ryan",15,3,0.004919089454967274,0.1931864081354719,0.6137218853944927,0.18374649568567547,0.004426121329392685
"Brehm, Ryan",16,4,0.0012327201633612894,0.11845890578406781,0.6303089602238706,0.2442229374623881,0.005776476366312178
"Brehm, Ryan",17,5,0.03509474511779381,0.3868827858704314,0.499782728925687,0.07702045116428735,0.0012192889218004543
"Brehm, Ryan",18,4,0.0022259402602830547,0.11794605479898984,0.5698722701912001,0.2948031620568986,0.015152572692628374
"Bridgeman, Jacob",1,4,0.010881841971043693,0.3042735308893683,0.5933961367804803,0.09061824241280036,0.000830247946307372
"Bridgeman, Jacob",2,4,0.010251247809947128,0.22798027085201217,0.5758444676510295,0.17967985510775475,0.00624415857925642
"Bridgeman, Jacob",3,4,0.0056740255538454965,0.267109999236211,0.634292507962624,0.09234714197926175,0.0005763252680577313
"Bridgeman, Jacob",4,5,0.013966935830426741,0.3148106191376382,0.5764001786229503,0.09373955801152645,0.0010827083974582763
"Bridgeman, Jacob",5,3,0.008926357017598807,0.2452414828489451,0.598004537893512,0.1448752380391709,0.0029523842007731504
"Bridgeman, Jacob",6,4,0.002408133000814272,0.12394090139895442,0.5760909876045046,0.28389187412481853,0.01366810387090811
"Bridgeman, Jacob",7,5,0.07549485053064453,0.4205155415420103,0.4256081739879636,0.07614047065820828,0.0022409632811732916
"Bridgeman, Jacob",8,4,0.007289927518473072,0.23335907127611988,0.6088337500560626,0.1477371687630663,0.0027800823862782487
"Bridgeman, Jacob",9,3,0.0024389516799697697,0.15892196458875374,0.6374068851491274,0.19736369436361756,0.0038685042185315766
"Bridgeman, Jacob",10,4,0.009289819038211411,0.2683201724826358,0.6021818585864736,0.11855566559223263,0.0016524843004466216
"Bridgeman, Jacob",11,3,0.0031425683139918448,0.15433380217594056,0.6076083261659273,0.2277802913262592,0.007135012017881026
"Bridgeman, Jacob",12,4,0.005015281086929724,0.1556196146610877,0.5621284117998944,0.2623838346040692,0.01485285784801893
"Bridgeman, Jacob",13,4,0.009418102912018167,0.22414478359448847,0.580891097676536,0.17961164284267084,0.00593437297428645
"Bridgeman, Jacob",14,5,0.05598264196853053,0.3735369059170017,0.46192118147242134,0.1044873859573594,0.004071884684686999
"Bridgeman, Jacob",15,3,0.00934535499291933,0.2587495764673604,0.5993669315878406,0.130335147532738,0.0022029894191416544
"Bridgeman, Jacob",16,4,0.0027005438189744435,0.17320975004039252,0.6452922456420417,0.17600305838860564,0.0027944021099857164
"Bridgeman, Jacob",17,5,0.055169465820703256,0.45168292608567484,0.44170519958308385,0.050854897375679275,0.0005875111348587758
"Bridgeman, Jacob",18,4,0.004361080234477621,0.16602183187051095,0.5930688704943622,0.22806774619298786,0.008480471207661378
"Brown, Evan",1,4,0.0045624226817712055,0.20898773953933641,0.6323517208394769,0.1517866110755477,0.0023115058638678576
"Brown, Evan",2,4,0.004743630754788897,0.1565982378979287,0.5697313242237523,0.2557540985676442,0.013172708555885926
"Brown, Evan",3,4,0.0020891685108523905,0.17229148165203573,0.6646264001773867,0.1592301998335428,0.0017627498261822971
"Brown, Evan",4,5,0.0061915386719894605,0.2216080818235311,0.6156674383791143,0.15367572172118082,0.0028572194041842636
"Brown, Evan",5,3,0.0038694903044706463,0.16566081860822968,0.6042048631793555,0.21928756365864732,0.0069772642492968995
"Brown, Evan",6,4,0.0009413240300290004,0.07500266352419843,0.5198043396873171,0.3766713736782168,0.027580299080238735
"Brown, Evan",7,5,0.04627315464125842,0.35267430829029706,0.48004629433874746,0.11629064773366105,0.004715594996036021
"Brown, Evan",8,4,0.0030474957851406304,0.1545953343591852,0.6109562514005888,0.2246956160547574,0.0067053024003279615
"Brown, Evan",9,3,0.0008737541347815236,0.09524556931034572,0.6030883113097545,0.291360956857714,0.009431408387404194
"Brown, Evan",10,4,0.003927605426851111,0.18164573109151466,0.6221604758806729,0.1880404312540762,0.004225756346885046
"Brown, Evan",11,3,0.001220195438659144,0.09506759873206844,0.5681630242594267,0.3198615149074149,0.01568766666243082
"Brown, Evan",12,4,0.0022003273650094135,0.10073643620530731,0.5217935375214235,0.34660888542767365,0.028660813480586134
"Brown, Evan",13,4,0.004287213724923689,0.15268534625566482,0.5736228610207297,0.25673550464715555,0.0126690743515262
"Brown, Evan",14,5,0.03339835067157798,0.30340049415448095,0.5022627305049344,0.15279520000671365,0.008143224662293003
"Brown, Evan",15,3,0.004016356844012969,0.17538898578443973,0.6131799249346213,0.20200509388667265,0.005409638550253337
"Brown, Evan",16,4,0.0009627497683530328,0.1046016114900915,0.6203669553529962,0.2669570546710407,0.007111628717518581
"Brown, Evan",17,5,0.03038603343084184,0.36654403391963514,0.5149698148738258,0.08659355815258696,0.001506559623110304
"Brown, Evan",18,4,0.0018017044006604088,0.10553095329063994,0.558801959199694,0.31597313422899254,0.017892248880013062
"Buckley, Hayden",1,4,0.00849465186454107,0.2745699256433063,0.6093396806042644,0.10646137687147961,0.0011343650164086228
"Buckley, Hayden",2,4,0.008222680561741635,0.20541613154772898,0.5777245965975264,0.20079445887186498,0.00784213242113796
"Buckley, Hayden",3,4,0.004268103699460735,0.23684984944251058,0.6485320446064711,0.10953935610185872,0.0008106461496988349
"Buckley, Hayden",4,5,0.011077065227300953,0.28601162835358945,0.5920821371741326,0.1093740005968119,0.0014551686481650838
"Buckley, Hayden",5,3,0.007029988154922173,0.22004931839394914,0.6040726397920559,0.1650095524672348,0.0038385011918379286
"Buckley, Hayden",6,4,0.0018391410979664569,0.1076483313109286,0.5627115314362923,0.3108504113051658,0.016950584849646955
"Buckley, Hayden",7,5,0.06567844537984241,0.4013551212600273,0.4433814231772848,0.08677667230395625,0.0028083378788892333
"Buckley, Hayden",8,4,0.005681860421794804,0.20824301079992974,0.6138879265684632,0.16854975194809574,0.0036374502617164683
"Buckley, Hayden",9,3,0.0018180459112450698,0.13780564919713734,0.6319672658394015,0.22332711603112176,0.005081923021094337
"Buckley, Hayden",10,4,0.007266368968660231,0.2410126754816327,0.6125358578319713,0.13698459771341587,0.0022005000043199274
"Buckley, Hayden",11,3,0.0023964565125477177,0.13480186922177928,0.5999717285402544,0.25374857854821486,0.009081367177203759
"Buckley, Hayden",12,4,0.003959511896723333,0.13777008869993412,0.5533641692125875,0.28674339930867676,0.018162830882078262
"Buckley, Hayden",13,4,0.007519094917033509,0.2014898461900157,0.5825173223255824,0.20099323519832613,0.007480501369042214
"Buckley, Hayden",14,5,0.048314117270983836,0.3531340347601178,0.47597948410168667,0.117546537788909,0.005025826078302709
"Buckley, Hayden",15,3,0.0073430448137299376,0.23244925447495723,0.6077824480144107,0.14952761327143693,0.0028976394254651705
"Buckley, Hayden",16,4,0.0020106426261531918,0.15056107516921186,0.6429001395378775,0.20080921732911317,0.0037189253376442855
"Buckley, Hayden",17,5,0.04657817735972963,0.42745744949617287,0.46523982562771904,0.05994262814702145,0.0007819193693570092
"Buckley, Hayden",18,4,0.0033851978079005862,0.14628976834631902,0.5867213713719491,0.25294673162187375,0.010656930851957513
"Campos, Rafael",1,4,0.00728192210742884,0.25710811298027153,0.6172664558174263,0.11697795420082946,0.0013655548940438855
"Campos, Rafael",2,4,0.007171722477809284,0.19229564685379075,0.5773517835448303,0.21420261169531818,0.008978235428251491
"Campos, Rafael",3,4,0.0035754661210933847,0.2193493156013186,0.6550712229167768,0.12101129320518544,0.0009927021556257465
"Campos, Rafael",4,5,0.009589843871564363,0.2689793121037891,0.5999922120190838,0.11970384523173694,0.0017347867738257694
"Campos, Rafael",5,3,0.0060612770802807026,0.20540926162564083,0.6060345835101473,0.17800896097121455,0.004485916812716706
"Campos, Rafael",6,4,0.00155651838120624,0.09852308343041294,0.553186612210345,0.32747976086571173,0.019254025112324102
"Campos, Rafael",7,5,0.060223419126236966,0.3893033723648441,0.4535332924677756,0.09372708636965277,0.0032128296714906135
"Campos, Rafael",8,4,0.004867462287910407,0.19372167963167564,0.615150730521492,0.1819933499392028,0.004266777619719164
"Campos, Rafael",9,3,0.0015152478927097368,0.1259365703652725,0.626692246658938,0.2398822788475461,0.0059736562355336975
"Campos, Rafael",10,4,0.006237741327576707,0.22508480371384948,0.6170327138472933,0.14903614128982023,0.0026085998214602224
"Campos, Rafael",11,3,0.002025948469970007,0.12377765991433853,0.5936382697753482,0.2700814174386226,0.01047670440172066
"Campos, Rafael",12,4,0.003420511668143389,0.12760351945000198,0.5467052700244772,0.301807781584878,0.020462917272499492
"Campos, Rafael",13,4,0.0065390149538592235,0.18834335010322983,0.5819530636455932,0.2145817943220003,0.008582776975317397
"Campos, Rafael",14,5,0.0440867188824281,0.34056405793068906,0.4836800045146555,0.12597192867672236,0.005697289995505006
"Campos, Rafael",15,3,0.006321726534033567,0.21712647521293899,0.6111405815566059,0.162001305019851,0.003409911676570565
"Campos, Rafael",16,4,0.001674382794531748,0.13778650312540813,0.6393776999178936,0.2167558674689456,0.0044055466932209075
"Campos, Rafael",17,5,0.04191192752378081,0.4122834060532795,0.4788393261747744,0.06603819536074884,0.000927144887416409
"Campos, Rafael",18,4,0.0028935013922970487,0.13507127350803377,0.5812782968371104,0.2685545808688775,0.012202347393681312
"Cantlay, Patrick",1,4,0.014324043701515077,0.33946234935668185,0.5710050436772315,0.07463404356729919,0.000574519697272402
"Cantlay, Patrick",2,4,0.013106556084353016,0.2551745290972984,0.5698975731102801,0.15705062762328648,0.004770714084782024
"Cantlay, Patrick",3,4,0.007782997915332324,0.30373370854740855,0.6129570856724635,0.0751409906392152,0.00038521722558038096
"Cantlay, Patrick",4,5,0.01806535516701907,0.34866308147648156,0.5546481253606557,0.07785944315882443,0.0007639948370192773
"Cantlay, Patrick",5,3,0.011643556687390755,0.2755971526284381,0.586812803369581,0.12378099491714001,0.0021654923974501195
"Cantlay, Patrick",6,4,0.0032544639565757483,0.1445894887432338,0.5876538583132889,0.25391269489357715,0.010589494093324436
"Cantlay, Patrick",7,5,0.08810105432471355,0.44119568134180626,0.40383723529524784,0.0651470090344044,0.0017190200038279535
"Cantlay, Patrick",8,4,0.009619808798662144,0.2638270019066435,0.5985775119350758,0.1259519948365302,0.002023682523088377
"Cantlay, Patrick",9,3,0.0033838957280693527,0.18551768256009082,0.6385536624630734,0.16974422338640116,0.002800535862365283
"Cantlay, Patrick",10,4,0.012206295823722124,0.30103983707973225,0.5859939054853271,0.09958152625171834,0.0011784353595001296
"Cantlay, Patrick",11,3,0.004252198346341107,0.1788194568409852,0.6119351362278236,0.19963105667130354,0.005362151913546498
"Cantlay, Patrick",12,4,0.006530804677739144,0.17775212144630753,0.568653419719013,0.23535879883425426,0.01170485532268617
"Cantlay, Patrick",13,4,0.012104266367371497,0.2515204820062759,0.5751373536978199,0.1567236894440147,0.004514208484518001
"Cantlay, Patrick",14,5,0.06593721136311836,0.39624905242070946,0.4438770870828285,0.0907576206062457,0.003179028527097949
"Cantlay, Patrick",15,3,0.012219309451160232,0.2903222236232457,0.5854571077500463,0.11040739746379968,0.001593961711747971
"Cantlay, Patrick",16,4,0.003751004244288536,0.2015950812749583,0.6427601704528474,0.14990136933193754,0.0019923746959682465
"Cantlay, Patrick",17,5,0.06652637607523976,0.4779338890453247,0.4133233640846842,0.04179653472919409,0.0004198360655572886
"Cantlay, Patrick",18,4,0.005785530129479466,0.19052897723173828,0.5962191336578455,0.20099510108712415,0.006471257893812643
"Capan III, Frankie",1,4,0.006829382188119459,0.25006906697706555,0.6201261135553197,0.12150292247007966,0.0014725148094156815
"Capan III, Frankie",2,4,0.006775231595949893,0.1870339059412503,0.5768669381518357,0.2198382906889469,0.009485633622017264
"Capan III, Frankie",3,4,0.0033212705538454013,0.21235677937162145,0.6572843032425721,0.1259597542421509,0.0010778925898100589
"Capan III, Frankie",4,5,0.009030955199550827,0.26209079877068037,0.6028769347174942,0.12413800452909696,0.0018633067831776984
"Capan III, Frankie",5,3,0.00569863619213945,0.19954144285947945,0.6064599732110127,0.18352071281468074,0.004779234922687614
"Capan III, Frankie",6,4,0.0014522764272085764,0.09493567762938121,0.5489785661789113,0.3343580153822199,0.020275464382279118
"Capan III, Frankie",7,5,0.058086303235565795,0.3842693525267265,0.45755529965622554,0.0966952328991969,0.0033938116822852527
"Capan III, Frankie",8,4,0.004564006602294501,0.1879174933100003,0.6152714833865484,0.18769442856276897,0.004552588138387881
"Capan III, Frankie",9,3,0.0014046923995852945,0.12126349396111735,0.624100722736798,0.24685228016472072,0.006378810737778684
"Capan III, Frankie",10,4,0.0058537168327180145,0.2186894644439471,0.6184807955443385,0.15418066196863534,0.002795361210360947
"Capan III, Frankie",11,3,0.0018893263362297907,0.11942660262087407,0.5906731275512921,0.2769084647183456,0.011102478773258428
"Capan III, Frankie",12,4,0.00321873864624167,0.12357025260558613,0.5436842298061959,0.3080490235017994,0.021477755440176938
"Capan III, Frankie",13,4,0.006170030342807387,0.18307701458617204,0.5813816371019891,0.220295543697693,0.009075774271338433
"Capan III, Frankie",14,5,0.04243756515750319,0.3353676635003428,0.48665366710162655,0.12954541069163517,0.005995693548892289
"Capan III, Frankie",15,3,0.005939716642239412,0.21097729254834302,0.6121310813375014,0.16730876514184578,0.0036431443300704025
"Capan III, Frankie",16,4,0.0015516539616314273,0.13274803929224832,0.637482092786601,0.22349896346532772,0.004719250494191529
"Capan III, Frankie",17,5,0.04010669443496351,0.40596188213091255,0.48426077017964775,0.06867691453277802,0.0009937387216981675
"Capan III, Frankie",18,4,0.002710759500021309,0.13062587438852374,0.5787008906256219,0.2750704931202449,0.012891982365588195
"Castillo, Ricky",1,4,0.010106514214215767,0.2952022035274088,0.5985719773423102,0.09520630144040354,0.0009130034756618111
"Castillo, Ricky",2,4,0.009597499008758448,0.22105421085443477,0.5767380465454874,0.18591736021489114,0.006692883376428149
"Castillo, Ricky",3,4,0.0052117427582123454,0.2578042589637336,0.639031204946119,0.09731336984814876,0.0006394234837863166
"Castillo, Ricky",4,5,0.013033231798122158,0.30603800160079114,0.5814671035468286,0.09827699468273465,0.001184668371523423
"Castillo, Ricky",5,3,0.008311743363827895,0.2375079338752451,0.600203102987743,0.1507791556979139,0.003198064075270013
"Castillo, Ricky",6,4,0.0022215987998880915,0.11885922756943063,0.5723683401585112,0.29195553098375493,0.014595302488415118
"Castillo, Ricky",7,5,0.07242169761863199,0.4148359154495677,0.43109837011885743,0.07924389462957315,0.002400122183369713
"Castillo, Ricky",8,4,0.006766936764716069,0.22563210693851066,0.6107452520152478,0.1538384358651521,0.0030172684163733976
"Castillo, Ricky",9,3,0.002233923182904163,0.15234711478254437,0.636197702148212,0.20501729948934577,0.004203960396993667
"Castillo, Ricky",10,4,0.008632764766864531,0.2599513701434329,0.605684212255748,0.12392858422490194,0.0018030686090526604
"Castillo, Ricky",11,3,0.0028979599437763404,0.14826218720027218,0.60567812002407,0.23548234762283038,0.007679385209051093
"Castillo, Ricky",12,4,0.004672972990470259,0.15009142008845916,0.5597802623206344,0.26966321102098567,0.01579213357945053
"Castillo, Ricky",13,4,0.008805156669357939,0.217184873279466,0.5817163295029582,0.1859256608993256,0.006367979648892241
"Castillo, Ricky",14,5,0.05357375470479908,0.36743094096059137,0.46633478857234223,0.10831945757274064,0.004341058189526681
"Castillo, Ricky",15,3,0.008696034709588296,0.2506850305792409,0.6022779526820848,0.13594623648788207,0.002394745541203891
"Castillo, Ricky",16,4,0.0024726895263494364,0.1661684558978151,0.6450209666852653,0.1832891575962785,0.003048730294291646
"Castillo, Ricky",17,5,0.05245448242712075,0.44449040898790865,0.4489391046667277,0.05347513940494952,0.000640864513293371
"Castillo, Ricky",18,4,0.00404300128534707,0.1599065819992852,0.5915029432896323,0.235455530364161,0.009091943061574459
"Champ, Cameron",1,4,0.00872068521043784,0.2776253163365115,0.6078372370995312,0.10471841263219694,0.0010983487213225285
"Champ, Cameron",2,4,0.008416881312512225,0.20772234295274544,0.5776732362101767,0.19852788488650652,0.007659654638059066
"Champ, Cameron",3,4,0.00439892031822392,0.23993424799013807,0.6472419470984414,0.10764231892995935,0.0007825656632372002
"Champ, Cameron",4,5,0.011352708822117086,0.28898388477190556,0.5905935669671477,0.10765848164614189,0.0014113577926877507
"Champ, Cameron",5,3,0.007210095344206524,0.2226235519635139,0.6036023580728929,0.16282820042164448,0.0037357941977422815
"Champ, Cameron",6,4,0.0018923197490943733,0.1092787731033949,0.5642484260044477,0.3080021000303754,0.016578381112687612
"Champ, Cameron",7,5,0.06665617493208498,0.4034021309091923,0.44158124303940915,0.08561699074671913,0.0027434603725944307
"Champ, Cameron",8,4,0.0058338412992925415,0.21080214352090798,0.6135319258917894,0.16629426693348792,0.0035378223545221577
"Champ, Cameron",9,3,0.0018754766188681105,0.13992339133426734,0.6327272119832048,0.22053310125699044,0.0049408188066693
"Champ, Cameron",10,4,0.007458024607144564,0.24380903580549568,0.611622804118178,0.13497381601862857,0.002136319450553148
"Champ, Cameron",11,3,0.00246618260078757,0.13676512074563674,0.6009353250237807,0.25097529615027436,0.008858075479520666
"Champ, Cameron",12,4,0.004059738729429219,0.13957321011951607,0.5544111629309703,0.28416634729494883,0.017789540925135627
"Champ, Cameron",13,4,0.0077004992342495915,0.2038027170107516,0.5824961535929591,0.19869695350191563,0.007303676660123992
"Champ, Cameron",14,5,0.04907445454595194,0.355288204039553,0.4745871778428485,0.11613266196481731,0.004917501606829244
"Champ, Cameron",15,3,0.007533058050148478,0.23514064117299538,0.6070689187890638,0.1474406658207894,0.002816716167002964
"Champ, Cameron",16,4,0.0020744365041844293,0.1528370102985943,0.643350060388012,0.19812769378960948,0.0036107990195997086
"Champ, Cameron",17,5,0.047423022781296065,0.43004002089402543,0.46284052002496906,0.058937320181785546,0.000759116117923897
"Champ, Cameron",18,4,0.003477153110342801,0.1482811935116491,0.5875394386880302,0.25029366307577194,0.010408551614206063
"Chandler, Will",1,4,0.006699875699152591,0.2479954597083714,0.6209296536195233,0.12286929387079137,0.001505717102161297
"Chandler, Will",2,4,0.006661286825135171,0.18548670235356185,0.5766858528788312,0.22152510562673622,0.009641052315735532
"Chandler, Will",3,4,0.0032489827518786263,0.2103037904320081,0.65788742457634,0.12745535163960386,0.0011044506001693932
"Chandler, Will",4,5,0.008870586467478958,0.26005898713749964,0.6036915317799583,0.12547579137066922,0.001903103244393911
"Chandler, Will",5,3,0.005594726849199982,0.19781647288430693,0.6065433753377536,0.18517585793096059,0.004869566997778962
"Chandler, Will",6,4,0.0014225729573784651,0.09388868358132252,0.5476972275231989,0.3364040351437957,0.02058748079430439
"Chandler, Will",7,5,0.057463310638117326,0.3827664485315975,0.45873185604465516,0.09758909493690981,0.0034492898487201717
"Chandler, Will",8,4,0.004477209128188997,0.186213017038924,0.6152625710421247,0.18940651515918472,0.004640687631577656
"Chandler, Will",9,3,0.0013733117768860437,0.11989897580264997,0.6232844289497188,0.24893957097238872,0.006503712498356462
"Chandler, Will",10,4,0.005743795559788045,0.21680822098219782,0.618865412510202,0.15572947448046892,0.002853096467343219
"Chandler, Will",11,3,0.0018504009090351548,0.11815488667162422,0.5897528441774513,0.2789474180698005,0.011294450172088744
"Chandler, Will",12,4,0.003160920876568163,0.12238906271909106,0.5427560160969638,0.3099068242947931,0.021787176012583842
"Chandler, Will",13,4,0.00606407377010354,0.18152911382619963,0.5811739802810374,0.22200596886738855,0.00922686325527089
"Chandler, Will",14,5,0.041957584061481146,0.3338221643031758,0.48751454444864667,0.13061877606564942,0.006086931121046968
"Chandler, Will",15,3,0.005830293602117342,0.2091687824960829,0.6123811388492834,0.16890467936128783,0.0037151056912285707
"Chandler, Will",16,4,0.0015168231027548607,0.13127587399878116,0.6368694999088416,0.22552163933809033,0.004816163651532035
"Chandler, Will",17,5,0.03958297622020851,0.40407661400675077,0.48585044130147087,0.06947562593066303,0.0010143425409068207
"Chandler, Will",18,4,0.002658538647607289,0.12932460788446548,0.5778980499979551,0.2770156542238754,0.01310314924609668
"Clanton, Luke",1,4,0.010992143147563305,0.3055245510181818,0.5926622244895177,0.09000163157644714,0.0008194497682900703
"Clanton, Luke",2,4,0.010343894788029995,0.2289379940070554,0.5756999831591354,0.17883340200678322,0.006184726038996002
"Clanton, Luke",3,4,0.0057402039240329605,0.26839774345714273,0.6336133615401717,0.09168055826005861,0.0005681328185940249
"Clanton, Luke",4,5,0.014099419100441823,0.3160189353501912,0.5756831832877243,0.09312909566066274,0.001069366600979893
"Clanton, Luke",5,3,0.009013704907007924,0.24631085768223626,0.5976784340158939,0.14407696142363535,0.002920041971226528
"Clanton, Luke",6,4,0.0024347992113608607,0.12464922244366317,0.5765799561626321,0.2827910639674822,0.01354495821486168
"Clanton, Luke",7,5,0.07592407683063296,0.4212873019033067,0.4248469405812902,0.0757217890737707,0.002219891610999447
"Clanton, Luke",8,4,0.007364385043490351,0.23442868184641213,0.6085457188424463,0.14691232296056456,0.002748891307086554
"Clanton, Luke",9,3,0.0024683685252821497,0.15983754355819269,0.637543413813376,0.19632626754032367,0.0038244065628254553
"Clanton, Luke",10,4,0.009383286813340885,0.26947637162919896,0.6016763823221241,0.11783121423375786,0.001632745001578284
"Clanton, Luke",11,3,0.0031775362624541503,0.15517865803917347,0.6078476017619769,0.22673315156419083,0.007063052372204615
"Clanton, Luke",12,4,0.005063942024062074,0.1563874925608496,0.5624302484031858,0.2613904887503762,0.01472782826152641
"Clanton, Luke",13,4,0.009505035426960129,0.22510759324764795,0.580755424012439,0.17875496887459252,0.005876978438360436
"Clanton, Luke",14,5,0.0563196650665066,0.3743706404189684,0.46130456306438256,0.10396898353656103,0.004036147913581423
"Clanton, Luke",15,3,0.009437661008380338,0.25986406691428104,0.5989429162950719,0.12957755757314326,0.0021777982091234493
"Clanton, Luke",16,4,0.0027332383605448984,0.17418952332887494,0.645299013457002,0.1750171773149659,0.0027610475386122824
"Clanton, Luke",17,5,0.05555042499211438,0.4526609260291763,0.44070467675060665,0.05050345138260648,0.0005805208454962019
"Clanton, Luke",18,4,0.004406416898937615,0.16687149221322967,0.5932599019494065,0.22706272209862965,0.008399466839796643
"Clark, Wyndham",1,4,0.011403940798878298,0.3101134211245295,0.5899293493424231,0.08777224592020927,0.0007810428139598535
"Clark, Wyndham",2,4,0.010689034613850568,0.23245646245646534,0.5751265897238995,0.175756338760098,0.005971574445686523
"Clark, Wyndham",3,4,0.00598815090694238,0.2731304028957138,0.6310701242686978,0.08927224780359255,0.0005390741250534958
"Clark, Wyndham",4,5,0.014593295224943348,0.3204480673575739,0.5730161987857321,0.09092060088055987,0.0010218377511908017
"Clark, Wyndham",5,3,0.00933962396126814,0.25023943455630954,0.5964355506388186,0.14118095017013954,0.0028044406734641925
"Clark, Wyndham",6,4,0.0025346324009858923,0.12726321744532748,0.5783234386551205,0.2787760835096822,0.013102627988883953
"Clark, Wyndham",7,5,0.07750998171090445,0.4240946129634004,0.4220463559278578,0.07420471487499236,0.002144334522845015
"Clark, Wyndham",8,4,0.007642483882552509,0.23836049404064302,0.6074393826434532,0.1439201691351223,0.0026374702982290277
"Clark, Wyndham",9,3,0.002578725927855907,0.1632145062573767,0.6379823355018743,0.19255751726283576,0.003666915050057229
"Clark, Wyndham",10,4,0.009732225682964002,0.2737217617973612,0.5997765132883768,0.11520714217499761,0.0015623570563003675
"Clark, Wyndham",11,3,0.003308447917744761,0.15829346969793523,0.6086701493185442,0.22292267505401164,0.006805258011764126
"Clark, Wyndham",12,4,0.005245539379438391,0.1592157226788269,0.5634923538918132,0.2577682181858144,0.014278165864107129
"Clark, Wyndham",13,4,0.009829030312118736,0.2286455842821135,0.5802130913837747,0.1756410866362753,0.0056712073857176915
"Clark, Wyndham",14,5,0.05756610234723902,0.37741182713426036,0.4590265660413886,0.10208769794363992,0.0039078065334721135
"Clark, Wyndham",15,3,0.009782133472826138,0.26395700813882556,0.597341629488356,0.12683136838001663,0.0020878605199756706
"Clark, Wyndham",16,4,0.002855897421600029,0.17780165422709326,0.6452611733608948,0.1714391958928655,0.0026420790975464348
"Clark, Wyndham",17,5,0.05696164980209795,0.456219699756616,0.43702889634675557,0.049234153353664434,0.0005556007408660246
"Clark, Wyndham",18,4,0.004575862061058866,0.17000140047772688,0.5939095895591346,0.22340422886468947,0.008108919037390194
"Clemons, Dominic",1,4,0.004477231677222582,0.20720143069632546,0.6326879015239141,0.15327489532373095,0.002358540778806928
"Clemons, Dominic",2,4,0.004665474821576532,0.15528422322797153,0.5692370468350567,0.2574460915725544,0.013367163542840843
"Clemons, Dominic",3,4,0.002044406376965069,0.17057936626346976,0.6647034512595184,0.16087089900265716,0.0018018770973896592
"Clemons, Dominic",4,5,0.006083297219285688,0.21983622884356718,0.61604629272127,0.15512185502558506,0.002912326190292136
"Clemons, Dominic",5,3,0.00380024405133339,0.16420116699379278,0.603903306921519,0.22099918469092494,0.007096097342429886
"Clemons, Dominic",6,4,0.0009225259208759939,0.07417384553565537,0.518342796003968,0.3786004503826359,0.027960382156864694
"Clemons, Dominic",7,5,0.0457837405627306,0.3512074576897171,0.48097926835022625,0.11724389122107037,0.004785642176255656
"Clemons, Dominic",8,4,0.0029906216139883868,0.15316745685244082,0.610553478577261,0.2264662898341322,0.006822153122177488
"Clemons, Dominic",9,3,0.0008546362964363396,0.09416245887098379,0.6019265194435657,0.2934592989422472,0.009597086446766934
"Clemons, Dominic",10,4,0.0038551166845034457,0.18004561653186835,0.6221140795960911,0.18968074093361675,0.0043044462539203465
"Clemons, Dominic",11,3,0.0011956038195893304,0.09404781245763755,0.5669651819924031,0.321860375250526,0.015931026479844013
"Clemons, Dominic",12,4,0.0021617263253572716,0.09976984617133033,0.5206621715011943,0.34837476466757433,0.029031491334543746
"Clemons, Dominic",13,4,0.004215083806592135,0.1513761113111719,0.5730965740255327,0.2584531853841394,0.01285904547256389
"Clemons, Dominic",14,5,0.03302683456335598,0.3019413389683646,0.5028642972285502,0.15391186659742495,0.008255662642304262
"Clemons, Dominic",15,3,0.003943683805508635,0.17385267585389597,0.6130215090651518,0.20367617135031757,0.005505959925125925
"Clemons, Dominic",16,4,0.0009415656371089542,0.10342634873679385,0.619366720925121,0.26902262727018045,0.0072427374307957315
"Clemons, Dominic",17,5,0.029993557458908915,0.3647258293146002,0.51625979460332,0.08748590654206623,0.001534912081104567
"Clemons, Dominic",18,4,0.001767757905777989,0.10447189556664643,0.5577317535832209,0.3178731807363344,0.018155412208020305
"Cone, Trevor",1,4,0.008425078761250482,0.2736177675456553,0.6098010856496634,0.10701022799002724,0.0011458400534035684
"Cone, Trevor",2,4,0.008162805446848165,0.20469809747057544,0.5777336746779889,0.2015054867014886,0.007899935703098993
"Cone, Trevor",3,4,0.004227942872567891,0.2358899932040025,0.648925465770192,0.11013698847867626,0.0008196096745614057
"Cone, Trevor",4,5,0.010992128869295847,0.2850848996453143,0.5925398645377056,0.10991399498093024,0.001469111966754033
"Cone, Trevor",5,3,0.006974524862047526,0.2192478820249507,0.6042116634472448,0.16569481747885118,0.003871112186905834
"Cone, Trevor",6,4,0.0018228036035854989,0.10714231201179569,0.5622248305523028,0.3117416997941237,0.01706835403819229
"Cone, Trevor",7,5,0.0653751959850834,0.40071352166455776,0.4439410212944696,0.08714136693945584,0.002828894116433389
"Cone, Trevor",8,4,0.0056350926468269336,0.20744662375667788,0.6139908547443673,0.16925833258729206,0.0036690962648358028
"Cone, Trevor",9,3,0.0018004295928538139,0.1371482017277616,0.6317207211150537,0.22420389955882203,0.00512674800550883
"Cone, Trevor",10,4,0.007207373796031091,0.2401418159818815,0.6128129267613649,0.13761697156610975,0.0022209118946128203
"Cone, Trevor",11,3,0.0023750358588426335,0.13419216361359199,0.5996628141425977,0.2546178370366423,0.009152149348325311
"Cone, Trevor",12,4,0.003928648684372593,0.13720967505456555,0.5530308444457512,0.28754998722970293,0.018280844585607747
"Cone, Trevor",13,4,0.007463183293553499,0.20076986405050024,0.582516794324093,0.2017136311168073,0.007536527215045941
"Cone, Trevor",14,5,0.04807845393473009,0.3524600298004566,0.47641072238406407,0.11799068328074402,0.005060110600005219
"Cone, Trevor",15,3,0.007284538408323271,0.23161116635547013,0.6079973468966814,0.15018359390256897,0.002923354436956238
"Cone, Trevor",16,4,0.001991075413518173,0.14985431062782278,0.6427500200221645,0.2016512884941889,0.0037533054423055656
"Cone, Trevor",17,5,0.04631665427817455,0.42664828685490974,0.46598640226764787,0.060259482895095084,0.000789173704172752
"Cone, Trevor",18,4,0.0033569133317751243,0.1456709284298755,0.5864584263173807,0.2537781311991534,0.010735600721815342
"Cook, Ben",1,4,0.0035367271132775713,0.18584185194530856,0.6352085917362803,0.17239802186088315,0.003014807344250414
"Cook, Ben",2,4,0.0037911273499572906,0.13962258731133703,0.561957666749116,0.27864949997294897,0.015979118616640697
"Cook, Ben",3,4,0.0015592054497317598,0.15031268378035245,0.6637862502692798,0.18198756164090657,0.0023542988597293757
"Cook, Ben",4,5,0.004878889137208686,0.19856746185735796,0.6192132957549282,0.1736644219747363,0.003675931275768818
"Cook, Ben",5,3,0.003032477265312916,0.14683045341068846,0.598773810326606,0.24264646184710725,0.008716797150285283
"Cook, Ben",6,4,0.0007172253692169783,0.06450190051893223,0.4994727901361205,0.4022862878233514,0.03302179615237888
"Cook, Ben",7,5,0.04007865446573683,0.3329924733139816,0.49176617696807157,0.1294328124967603,0.005729882755449722
"Cook, Ben",8,4,0.002363250207623402,0.13622766886245735,0.604131728394951,0.24885765944221228,0.008419693092756031
"Cook, Ben",9,3,0.0006482984463033192,0.08152146464038801,0.5862247571813266,0.31974417936776545,0.01186130036421662
"Cook, Ben",10,4,0.0030540787265621594,0.16097938955997748,0.6200000372616686,0.21057712389269378,0.005389370559097939
"Cook, Ben",11,3,0.0009272262591908942,0.08210444528205951,0.5510465396263515,0.3467102591116169,0.019211529720781106
"Cook, Ben",12,4,0.0017332891022965313,0.0883739866251328,0.5058231490902119,0.3701255671641328,0.03394400801822606
"Cook, Ben",13,4,0.0034100074323348273,0.1357914446745468,0.5653992700099186,0.2799847586516393,0.015414519231560453
"Cook, Ben",14,5,0.02871507212673524,0.2839894618589594,0.5094547132451674,0.16808076647524184,0.009759986293896072
"Cook, Ben",15,3,0.003138820481572213,0.15555088239637216,0.6095921767334402,0.2248914793614336,0.006826641027181779
"Cook, Ben",16,4,0.0007130647832317982,0.08968814839242889,0.6055296992789712,0.2950236830475894,0.009045404497778797
"Cook, Ben",17,5,0.025485827360116287,0.3422449392213164,0.531287821231829,0.09905414991741412,0.0019272622693241592
"Cook, Ben",18,4,0.0013940694026930989,0.09201077107651406,0.5434360753077179,0.34147416301647215,0.021684921196602813
"Covello, Vince",1,4,0.004394762193151602,0.20545105241287714,0.6329995988191575,0.15474890134065278,0.002405685234160959
"Covello, Vince",2,4,0.004589664251616443,0.153997312090969,0.5687363673738525,0.2591156599135329,0.013560996370029166
"Covello, Vince",3,4,0.002001195532794098,0.16890421360128588,0.6647571401517116,0.16249628780803205,0.001841162906176308
"Covello, Vince",4,5,0.005978388199174733,0.21809901978590474,0.6164014264304188,0.15655365965463575,0.0029675059298659434
"Covello, Vince",5,3,0.0037331668635239845,0.16277193052918576,0.6035896626119654,0.22269042579446852,0.007214814200856345
"Covello, Vince",6,4,0.0009043589776409067,0.0733647052816635,0.5168938456807184,0.3804983126909728,0.028338777369004475
"Covello, Vince",7,5,0.045306045408421924,0.3497619827652155,0.48188921613596003,0.1181872561869286,0.00485549950347397
"Covello, Vince",8,4,0.0029355719966542293,0.15176998220167126,0.6101396558620713,0.2282158587509171,0.006938931188686048
"Covello, Vince",9,3,0.0008361936259731473,0.09310501673417604,0.6007663436991031,0.2955297912046708,0.009762654736076959
"Covello, Vince",10,4,0.003784933936673507,0.17847853131375874,0.6220500923775354,0.19130325901015255,0.004383183361879817
"Covello, Vince",11,3,0.0011718403666530208,0.09305168637822508,0.5657722487547173,0.32383048669750203,0.016173737802902544
"Covello, Vince",12,4,0.0021243291202545644,0.09882475424609788,0.5195378158964888,0.35011284119109,0.02940025954606873
"Covello, Vince",13,4,0.004145142918638489,0.1500941261171439,0.5725641031068827,0.2601481782243431,0.013048449632991788
"Covello, Vince",14,5,0.03266445605624285,0.30050547175400594,0.5034466892451182,0.15501570965890232,0.008367673285730737
"Covello, Vince",15,3,0.0038732989293797093,0.17234813808609523,0.6128480189563454,0.20532828248914536,0.0056022615390343145
"Covello, Vince",16,4,0.0009211314753136413,0.10227865833968847,0.6183640836231465,0.2710622519295368,0.0073738746323145365
"Covello, Vince",17,5,0.029611328977949047,0.3629352246784452,0.517519336613916,0.08837081377823441,0.0015632959514553235
"Covello, Vince",18,4,0.0017349111968609776,0.1034366905804856,0.5566650775781707,0.31974564213151735,0.018417678512965385
"Cummins, Quade",1,4,0.009982538331771651,0.29370429205124726,0.5994015191990909,0.09598419191440144,0.0009274585034887428
"Cummins, Quade",2,4,0.009492537921386823,0.2199136074518877,0.5768592015018092,0.1869645544732379,0.006770098651678325
"Cummins, Quade",3,4,0.0051383065364778435,0.2562730511604666,0.6397816948279886,0.09815644799069856,0.0006504994843683498
"Cummins, Quade",4,5,0.01288351884954253,0.30458754718534314,0.5822810333368091,0.09904547301080924,0.0012024276174958937
"Cummins, Quade",5,3,0.008213358557798311,0.23623437218667076,0.6005376581512771,0.15177401223299758,0.0032405988712562728
"Cummins, Quade",6,4,0.0021919218660767514,0.11802922366773033,0.5717234126009445,0.29330103660990914,0.01475440525533922
"Cummins, Quade",7,5,0.07192076792079694,0.4138837956581242,0.43199984614698445,0.07976806840084139,0.0024275218732530135
"Cummins, Quade",8,4,0.006683372829949352,0.22436103681011543,0.6110305281061523,0.15486668622624833,0.0030583760275345595
"Cummins, Quade",9,3,0.002201428938251815,0.1512722073997559,0.6359605524545328,0.2063036909809186,0.004262120226540933
"Cummins, Quade",10,4,0.008527691215298838,0.25857197111031294,0.6062345506943753,0.12483653626295843,0.0018292507170545313
"Cummins, Quade",11,3,0.0028590436600574587,0.14726874944460772,0.6053260344205361,0.2367729300954159,0.0077732423793828165
"Cummins, Quade",12,4,0.0046181912644466805,0.14918521679597074,0.5593652664813276,0.2708783781816718,0.01595294727658314
"Cummins, Quade",13,4,0.008706827019590135,0.21603919472483601,0.5818254360813111,0.1869859022799365,0.006442639894326252
"Cummins, Quade",14,5,0.05318179348236557,0.36641234216672425,0.4670537009553059,0.10896489657726027,0.0043872668183440044
"Cummins, Quade",15,3,0.008592124947197688,0.24935616991156168,0.6027305565957236,0.13689313504899114,0.0024280134965258826
"Cummins, Quade",16,4,0.0024365810561905454,0.16501637664425634,0.6449381434230227,0.18451597066351522,0.0030929282130152114
"Cummins, Quade",17,5,0.05201406578775791,0.4432855547108545,0.45012992229724946,0.05392031116880569,0.0006501460353324218
"Cummins, Quade",18,4,0.0039922387385784575,0.15890445541521486,0.5912134691144875,0.2366926961041369,0.009197140627582368
"Dahmen, Joel",1,4,0.009623733053791772,0.28929060755565594,0.6018033919811305,0.09831083368987881,0.0009714337195430023
"Dahmen, Joel",2,4,0.009188066609530032,0.21655767825572336,0.5771719262996848,0.19007931880738393,0.007003010027677892
"Dahmen, Joel",3,4,0.004926548428769106,0.25177022374286345,0.6419390997149185,0.10067983819941484,0.0006842899140341308
"Dahmen, Joel",4,5,0.012449556569951614,0.300310581277786,0.584640917933448,0.10134257615022846,0.001256368068585978
"Dahmen, Joel",5,3,0.00792844021787159,0.2324873440709183,0.6014756000491135,0.1547392692375541,0.003369346424542452
"Dahmen, Joel",6,4,0.002106271120046521,0.11559839209965733,0.5697726574064843,0.2972891294808777,0.015233549892934128
"Dahmen, Joel",7,5,0.0704552942632779,0.41105447261500977,0.4346474892411832,0.08133255114105165,0.0025101927394775014
"Dahmen, Joel",8,4,0.0064416244958509505,0.22062366969655384,0.6118201310502911,0.15793169659505502,0.0031828781622491586
"Dahmen, Joel",9,3,0.002107849076964985,0.14812253248914908,0.6351990739656039,0.2101322428711334,0.004438301597148531
"Dahmen, Joel",10,4,0.00822357418804559,0.2545115768704326,0.6078090471440702,0.12754710848780726,0.0019086933096443826
"Dahmen, Joel",11,3,0.0027467281132617094,0.1443564335287309,0.6042328263437069,0.24060734947567808,0.008056662538622472
"Dahmen, Joel",12,4,0.004459564675962369,0.14652581684076904,0.5580968962657309,0.27448109025295286,0.01643663196458489
"Dahmen, Joel",13,4,0.008421722838940993,0.21266916301358424,0.5821013840623135,0.19013980635594463,0.0066679237292166516
"Dahmen, Joel",14,5,0.0520362376601326,0.36339365193040446,0.4691553772860364,0.1108882682956236,0.004526464827802945
"Dahmen, Joel",15,3,0.008291257249175898,0.24544515973051062,0.6040169656289289,0.13971778668269685,0.0025288307086877015
"Dahmen, Joel",16,4,0.0023325983907411807,0.16163908989649106,0.6446304174823436,0.18817089952070853,0.003226994709715658
"Dahmen, Joel",17,5,0.05072913004527391,0.43970678553672105,0.45363235944082525,0.05525340741120355,0.0006783175659762497
"Dahmen, Joel",18,4,0.003845479615991687,0.15596409918976423,0.5903088372436642,0.24036716848568707,0.009514415464892845
"Davis, Cam",1,4,0.00903762646229439,0.2818150674454932,0.6057236711952269,0.10237274336068236,0.0010508915363032223
"Davis, Cam",2,4,0.00868837453138871,0.21089006520051534,0.5775483171039466,0.19545655975526932,0.00741668340888002
"Davis, Cam",3,4,0.004583207471877626,0.2441744073984391,0.6454053273356306,0.10509136643363448,0.0007456913604182436
"Davis, Cam",4,5,0.011738452479602923,0.2930558644069846,0.5885040836107122,0.10534808281419239,0.0013535166885079164
"Davis, Cam",5,3,0.007462427140328853,0.22615974413396495,0.6028982907816873,0.15987991890353292,0.0035996190404858908
"Davis, Cam",6,4,0.001967141267524508,0.11153118238706883,0.5662947407012332,0.3041251572530628,0.01608177839111069
"Davis, Cam",7,5,0.06800849504409973,0.4061800743096177,0.43910180930360687,0.08405250913379425,0.002657112208881429
"Davis, Cam",8,4,0.006047046885911178,0.21432035387634457,0.6129807661115274,0.16324600772297404,0.003405825403242746
"Davis, Cam",9,3,0.0019565063900414126,0.14284741160169961,0.6336927150211091,0.21674946247071236,0.004753904516437424
"Davis, Cam",10,4,0.007726734312514305,0.24764819764170637,0.6103121415998084,0.13226144834174114,0.002051478104229787
"Davis, Cam",11,3,0.0025642899283590537,0.13947410326172033,0.6021886856367504,0.24721177642963088,0.008561144743539306
"Davis, Cam",12,4,0.004200169325601577,0.14205777101083095,0.5557913278385653,0.2806600024249105,0.017290729400091576
"Davis, Cam",13,4,0.007954250774708072,0.20698057934596664,0.5824110794414151,0.19558575683745105,0.007068333600459109
"Davis, Cam",14,5,0.05012738460903321,0.3582209088367226,0.47265718283582797,0.11422148226977125,0.004773041448644988
"Davis, Cam",15,3,0.007799328310613751,0.2388363324076624,0.6060318907645194,0.1446228694506091,0.0027095790665954134
"Davis, Cam",16,4,0.0021644517488524917,0.15597778745623286,0.6438889961890895,0.19450095998431882,0.0034678046215064207
"Davis, Cam",17,5,0.04859564470537647,0.4335470359222562,0.4595417627515539,0.05758656980278165,0.000728986818031796
"Davis, Cam",18,4,0.003606252692547607,0.15102598802478984,0.5885981280450436,0.24669186507386986,0.010077766163749002
"Del Solar, Cristobal",1,4,0.006982610817081569,0.2524877349553158,0.6191662817769072,0.119928591125403,0.0014347813252924002
"Del Solar, Cristobal",2,4,0.006909768192132737,0.1888401876229373,0.5770559882877523,0.21788622734247798,0.009307828554699693
"Del Solar, Cristobal",3,4,0.0034070654545773627,0.21475538731407573,0.6565524813508817,0.12423729153723917,0.0010477743432260045
"Del Solar, Cristobal",4,5,0.009220449620306492,0.2644592425539452,0.6019063380503077,0.12259594622518355,0.001818023550257064
"Del Solar, Cristobal",5,3,0.005821502809483514,0.20155552525282228,0.6063383934655833,0.1816084095245175,0.004676168947593484
"Del Solar, Cristobal",6,4,0.0014874950785479513,0.09616252055761243,0.5504490036348059,0.33198296291793306,0.019918017811100697
"Del Solar, Cristobal",7,5,0.05881672513650654,0.38601080429860835,0.45617813826995995,0.09566396525416732,0.0033303670407578423
"Del Solar, Cristobal",8,4,0.004666728671896936,0.18990867933595296,0.6152560928052841,0.1857163846518307,0.004452114535035245
"Del Solar, Cristobal",9,3,0.0014419707726811004,0.12286202787156764,0.6250222513159935,0.2444373761680999,0.006236373871657874
"Del Solar, Cristobal",10,4,0.005983759502959263,0.22088532767975083,0.6180078288052038,0.1523934723749708,0.002729611637115381
"Del Solar, Cristobal",11,3,0.0019354820558950547,0.12091570397099805,0.591719469899882,0.27454632196375295,0.010883022109472007
"Del Solar, Cristobal",12,4,0.003287102819576615,0.12495198332889973,0.5447447610350739,0.3058931988585907,0.021122953957859125
"Del Solar, Cristobal",13,4,0.0062951836471166756,0.18488448803557012,0.5816010638375315,0.21831629570134803,0.008902968778433662
"Del Solar, Cristobal",14,5,0.04300075673144832,0.33716182572826636,0.4856407491317253,0.12830544738202188,0.005891221026538163
"Del Solar, Cristobal",15,3,0.006069124069216558,0.21308844241452596,0.6118152107932513,0.1654661081093033,0.003561114613702898
"Del Solar, Cristobal",16,4,0.0015930340392547593,0.13447213149697523,0.6381652562570328,0.22116073078237075,0.004608847424366402
"Del Solar, Cristobal",17,5,0.04072218649361303,0.4081475613168908,0.4824022221161848,0.0677577454003283,0.0009702846729831016
"Del Solar, Cristobal",18,4,0.0027725894850540445,0.1321484319112124,0.5796121058486194,0.27281651505701277,0.0126503576981013
"Dickson, Taylor",1,4,0.007512728017655124,0.26058138994890945,0.615782293748651,0.11480771747461738,0.0013158708101670413
"Dickson, Taylor",2,4,0.0073729886071690065,0.19489756395523167,0.5775186274143254,0.2114719698914016,0.008738850131872367
"Dickson, Taylor",3,4,0.0037060378321188137,0.22281290289168015,0.6538872508069634,0.11864048030099039,0.000953328168247225
"Dickson, Taylor",4,5,0.009874031284688722,0.2723734548858702,0.5985026006589441,0.11757499823976958,0.0016749149307273559
"Dickson, Taylor",5,3,0.006245974867283677,0.2083116735787519,0.6057454797520438,0.17534847041055834,0.004348401391362167
"Dickson, Taylor",6,4,0.001609946350763336,0.10031231896494125,0.5551836778536052,0.32412346031690853,0.018770596513781657
"Dickson, Taylor",7,5,0.06129081988350088,0.3917494129652064,0.4515332801340722,0.09229897041257074,0.003127516604649827
"Dickson, Taylor",8,4,0.0050223248543598276,0.1965960520869805,0.615007042373492,0.1792416572477482,0.004132923437419445
"Dickson, Taylor",9,3,0.0015721590188265133,0.12826589193601057,0.62787064736825,0.23650736120618698,0.005783940470725835
"Dickson, Taylor",10,4,0.006433560100257474,0.22824578124266687,0.6162390156197685,0.14656021481898573,0.0025214282183214642
"Dickson, Taylor",11,3,0.002095981185067486,0.12594413225436252,0.595012513274341,0.2667653708616544,0.010182002424574566
"Dickson, Taylor",12,4,0.003523274849900171,0.12960724177363087,0.548123317591307,0.2987646050644631,0.0199815607206989
"Dickson, Taylor",13,4,0.006726485144357752,0.19094879201228132,0.5821606028991047,0.21181378795770733,0.008350331986548998
"Dickson, Taylor",14,5,0.04491190402801787,0.34310020548808706,0.48218428278835185,0.12424740247961275,0.0055562052159304764
"Dickson, Taylor",15,3,0.006516361065036391,0.22016643881970732,0.6105730525544241,0.15944334517109904,0.0033008023897331817
"Dickson, Taylor",16,4,0.001737570514127873,0.14029607135215194,0.6402103307396727,0.21349701397139265,0.004259013422654778
"Dickson, Taylor",17,5,0.042818493836607296,0.415358707806055,0.4761506416897686,0.06477606592139629,0.0008960907461728063
"Dickson, Taylor",18,4,0.0029868606055388214,0.13728090249399388,0.5824673830858412,0.2653879925813163,0.011876861233309777
"Dunlap, Nick",1,4,0.007093058972561461,0.25420842476508504,0.6184688364470793,0.11882110934828549,0.0014085704669887233
"Dunlap, Nick",2,4,0.007006559363834652,0.19012628490043387,0.5771761023660811,0.2165074911335776,0.009183562236072751
"Dunlap, Nick",3,4,0.0034690828544894914,0.21646441053672028,0.6560135074659512,0.12302610480878451,0.0010268943340544512
"Dunlap, Nick",4,5,0.009356873995134851,0.2661432427378949,0.6012026142765411,0.12151073628987585,0.0017865327005532894
"Dunlap, Nick",5,3,0.005910015992430961,0.20298974711529494,0.6062361478131164,0.18025977379485758,0.0046043152843000534
"Dunlap, Nick",6,4,0.0015129302836953684,0.09703902179865109,0.5514794160846597,0.3303007430324122,0.01966788880058168
"Dunlap, Nick",7,5,0.05933884403253159,0.38724220583436486,0.4551952942218112,0.09493761431220449,0.003286041599087852
"Dunlap, Nick",8,4,0.004740788592659917,0.1913272707706999,0.6152284243846772,0.18432141908815025,0.00438209716381277
"Dunlap, Nick",9,3,0.0014689405343572548,0.12400382298735207,0.6256579660418198,0.24273215137989868,0.006137119056572216
"Dunlap, Nick",10,4,0.0060774865471163175,0.22244854201500447,0.6176555817294332,0.1511345363615122,0.0026838533469337733
"Dunlap, Nick",11,3,0.001968817892105734,0.12197887061788082,0.5924462625180933,0.27287629553307147,0.010729753438848633
"Dunlap, Nick",12,4,0.0033363514381861137,0.12593760012673877,0.5454848585142793,0.30436672673684384,0.02087446318395203
"Dunlap, Nick",13,4,0.0063852560495523125,0.18617168027612602,0.5817423875296845,0.21691844974556562,0.008782226399071558
"Dunlap, Nick",14,5,0.04340362685277255,0.3384326974119538,0.48491445924822163,0.1274310708621772,0.005818145624874815
"Dunlap, Nick",15,3,0.006162363141265892,0.2145914730778325,0.6115748128917708,0.16416737558925054,0.0035039752998802243
"Dunlap, Nick",16,4,0.001622973224911728,0.13570324724996186,0.6386309043035947,0.21951088611606484,0.004531989105466927
"Dunlap, Nick",17,5,0.041163110056417984,0.40969383134745896,0.4810772388460765,0.06711185171261058,0.0009539680374359705
"Dunlap, Nick",18,4,0.0028171861200981807,0.1332347371692269,0.580243978812029,0.27122263560768667,0.012481462290959144
"Echavarria, Nico",1,4,0.009461377229194823,0.28725378552356107,0.6028901582640958,0.09940223249355717,0.000992446489591181
"Echavarria, Nico",2,4,0.009049945735496945,0.21501143377929166,0.5772937375703162,0.19153160333960695,0.007113279575288289
"Echavarria, Nico",3,4,0.00483111693299898,0.2496967932651677,0.6429071798138916,0.10186442479771007,0.0007004851902316922
"Echavarria, Nico",4,5,0.012252857859887112,0.29833527198631593,0.5857103572984594,0.1024194151205089,0.001282097734828569
"Echavarria, Nico",5,3,0.007799427820589289,0.23076096566252619,0.6018840945324333,0.15612498161387478,0.00343053037057639
"Echavarria, Nico",6,4,0.002067633180398931,0.11448402950241737,0.5688468483753493,0.2991414904945937,0.015459998447240775
"Echavarria, Nico",7,5,0.06978426423360656,0.40973669802340285,0.43586492434902196,0.08206476873978785,0.002549344654180774
"Echavarria, Nico",8,4,0.006332284098380214,0.2189029192742451,0.6121585801011133,0.15936413364439128,0.003242082881870001
"Echavarria, Nico",9,3,0.002065734924152296,0.14667785064277505,0.6348158316039866,0.21191848481215247,0.004522098016933596
"Echavarria, Nico",10,4,0.008085954679197482,0.25263983667918,0.608511647325627,0.1288160155596232,0.0019465457563723199
"Echavarria, Nico",11,3,0.0026960620961428705,0.1430199263526276,0.6037000292030235,0.24239297890825362,0.008191003439952493
"Echavarria, Nico",12,4,0.00438774653333146,0.14530394504236732,0.5574884465398009,0.2761549483911556,0.016664913493344757
"Echavarria, Nico",13,4,0.008292453021667145,0.21111684057947072,0.5822055760371407,0.19161050752657882,0.00677462283514263
"Echavarria, Nico",14,5,0.05151226211414894,0.3619917863162046,0.4701167776060478,0.11178690148257486,0.004592272481023785
"Echavarria, Nico",15,3,0.008155048457670011,0.24364258814596396,0.6045865773363467,0.141038983094376,0.0025768029656433322
"Echavarria, Nico",16,4,0.0022858055874971916,0.16008926603983908,0.6444560570211548,0.18987801854869768,0.0032908528028112727
"Echavarria, Nico",17,5,0.0501425322800797,0.4380407815339943,0.4552453619284733,0.05587957870048221,0.0006917455569704911
"Echavarria, Nico",18,4,0.0037791490919599213,0.15461342582998466,0.589865132150265,0.24207768931369666,0.009664603614093714
"Eckroat, Austin",1,4,0.01107110493192276,0.30641435805697287,0.5921373014583886,0.08956537947352872,0.00081185607918699
"Eckroat, Austin",2,4,0.010410165729922649,0.22961957346148026,0.5755941189570716,0.1782333391669907,0.0061428026845348205
"Eckroat, Austin",3,4,0.005787640805611227,0.2693143173064701,0.633126588391389,0.091209076063681,0.0005623774328487041
"Eckroat, Austin",4,5,0.014194208765608007,0.31687814791099395,0.5751705671683697,0.09269709746154575,0.0010599786934826216
"Eckroat, Austin",5,3,0.009076221962872832,0.24707189160756415,0.5974431540405026,0.14351147596079583,0.0028972564282645497
"Eckroat, Austin",6,4,0.0024539082843442195,0.12515414583895296,0.5769241712519153,0.28200973161151666,0.013458043013270915
"Eckroat, Austin",7,5,0.07623018089726485,0.42183454646118507,0.4243049087692334,0.07542533494880665,0.002205028923510044
"Eckroat, Austin",8,4,0.007417695609781116,0.23519005199526488,0.6083372970869055,0.1463280337703181,0.0027269215377303535
"Eckroat, Austin",9,3,0.002489464572319078,0.16049007676792792,0.6376361088421392,0.19559100143668018,0.003793348380933703
"Eckroat, Austin",10,4,0.00945019703598765,0.27029904290935464,0.6013135887421152,0.11731832080293725,0.0016188505096053074
"Eckroat, Austin",11,3,0.0032025942827314524,0.15578069399079625,0.6080138584371287,0.22599054021102893,0.007012313078314625
"Eckroat, Austin",12,4,0.0050987719161594836,0.15693447683345418,0.562641721258321,0.26068548741794006,0.014639542574125253
"Eckroat, Austin",13,4,0.009567228853561871,0.22579285207278982,0.5806557369029366,0.17814768432325,0.0058364978474617635
"Eckroat, Austin",14,5,0.056560099272962794,0.3749624312598685,0.4608648288838738,0.1036017136854317,0.0040109268978631984
"Eckroat, Austin",15,3,0.009503730477300298,0.26065711044933054,0.5986380477585198,0.12904105312295522,0.002160058191894132
"Eckroat, Austin",16,4,0.0027566853632987054,0.17488769466792853,0.6452993569578365,0.17431869597436267,0.002737567036573574
"Eckroat, Austin",17,5,0.05582236619147535,0.45335450405403793,0.4399926259805773,0.05025490291570889,0.0005756008582005201
"Eckroat, Austin",18,4,0.004438885199223641,0.167476765989446,0.5933921365556571,0.22634988762947028,0.00834232462620288
"Endycott, Harrison",1,4,0.006743434377791679,0.24869596297095764,0.6206602181932349,0.1224059732109033,0.0014944112471124704
"Endycott, Harrison",2,4,0.006699635958406225,0.18600923484027443,0.576749002153607,0.220953890086798,0.009588236960914376
"Endycott, Harrison",3,4,0.003273273086071782,0.2109969743934456,0.6576862072487875,0.12694814391409448,0.0010954013576006671
"Endycott, Harrison",4,5,0.008924547304767438,0.26074550206866615,0.6034181708704836,0.1250222227020361,0.0018895570540466977
"Endycott, Harrison",5,3,0.005629682780317946,0.19839901758320216,0.6065173665083634,0.18461508850958908,0.00483884461852746
"Endycott, Harrison",6,4,0.001432557063987705,0.09424188111662407,0.5481322338679597,0.3357118342811588,0.020481493670269635
"Endycott, Harrison",7,5,0.05767343776336342,0.38327518499567137,0.4583348246237883,0.09728611796276576,0.003430434654411174
"Endycott, Harrison",8,4,0.004506400689725576,0.18678854921258825,0.6152678799743914,0.18882644964984063,0.004610720473454233
"Endycott, Harrison",9,3,0.0013838534099971378,0.12035932078070483,0.6235629123874762,0.2482326871209649,0.0064612263008569926
"Endycott, Harrison",10,4,0.005780768052357277,0.2174436014943133,0.6187376531268228,0.15520452822495956,0.0028334491015470364
"Endycott, Harrison",11,3,0.0018634845017078683,0.11858398666736808,0.5900661436132675,0.27825718696421853,0.011229198253438044
"Endycott, Harrison",12,4,0.0031803714240833947,0.122787739189952,0.5430715550709486,0.3092782340049376,0.021682100310078445
"Endycott, Harrison",13,4,0.0060997301534159165,0.18205184822745885,0.5812461607820174,0.22142674577117782,0.009175515065930062
"Endycott, Harrison",14,5,0.04211943633785087,0.33434502110101855,0.4872245084600028,0.13025509951125502,0.006055934589872747
"Endycott, Harrison",15,3,0.005867102524166057,0.20977958157827303,0.612298822678975,0.16836386883497856,0.003690624383607455
"Endycott, Harrison",16,4,0.0015285235013660636,0.13177258413269266,0.6370792384598893,0.22483646647455124,0.004783187431500746
"Endycott, Harrison",17,5,0.039759490201091874,0.4047146758000426,0.48531381176048133,0.06920469210292146,0.001007330135462725
"Endycott, Harrison",18,4,0.0026760990115859973,0.12976378021840335,0.5781715100319621,0.27635721773927546,0.013031392998773095
"Finau, Tony",1,4,0.010881841971043693,0.3042735308893683,0.5933961367804803,0.09061824241280036,0.000830247946307372
"Finau, Tony",2,4,0.010251247809947128,0.22798027085201217,0.5758444676510295,0.17967985510775475,0.00624415857925642
"Finau, Tony",3,4,0.0056740255538454965,0.267109999236211,0.634292507962624,0.09234714197926175,0.0005763252680577313
"Finau, Tony",4,5,0.013966935830426741,0.3148106191376382,0.5764001786229503,0.09373955801152645,0.0010827083974582763
"Finau, Tony",5,3,0.008926357017598807,0.2452414828489451,0.598004537893512,0.1448752380391709,0.0029523842007731504
"Finau, Tony",6,4,0.002408133000814272,0.12394090139895442,0.5760909876045046,0.28389187412481853,0.01366810387090811
"Finau, Tony",7,5,0.07549485053064453,0.4205155415420103,0.4256081739879636,0.07614047065820828,0.0022409632811732916
"Finau, Tony",8,4,0.007289927518473072,0.23335907127611988,0.6088337500560626,0.1477371687630663,0.0027800823862782487
"Finau, Tony",9,3,0.0024389516799697697,0.15892196458875374,0.6374068851491274,0.19736369436361756,0.0038685042185315766
"Finau, Tony",10,4,0.009289819038211411,0.2683201724826358,0.6021818585864736,0.11855566559223263,0.0016524843004466216
"Finau, Tony",11,3,0.0031425683139918448,0.15433380217594056,0.6076083261659273,0.2277802913262592,0.007135012017881026
"Finau, Tony",12,4,0.005015281086929724,0.1556196146610877,0.5621284117998944,0.2623838346040692,0.01485285784801893
"Finau, Tony",13,4,0.009418102912018167,0.22414478359448847,0.580891097676536,0.17961164284267084,0.00593437297428645
"Finau, Tony",14,5,0.05598264196853053,0.3735369059170017,0.46192118147242134,0.1044873859573594,0.004071884684686999
"Finau, Tony",15,3,0.00934535499291933,0.2587495764673604,0.5993669315878406,0.130335147532738,0.0022029894191416544
"Finau, Tony",16,4,0.0027005438189744435,0.17320975004039252,0.6452922456420417,0.17600305838860564,0.0027944021099857164
"Finau, Tony",17,5,0.055169465820703256,0.45168292608567484,0.44170519958308385,0.050854897375679275,0.0005875111348587758
"Finau, Tony",18,4,0.004361080234477621,0.16602183187051095,0.5930688704943622,0.22806774619298786,0.008480471207661378
"Fishburn, Patrick",1,4,0.010193548701855182,0.29624569969168174,0.5979898277110633,0.09466785367505193,0.0009030702203478569
"Fishburn, Patrick",2,4,0.009671112409562865,0.22184930087505733,0.5766491836071352,0.18519077463694955,0.006639628471294956
"Fishburn, Patrick",3,4,0.005263378136287966,0.2588718594735993,0.6385029634769748,0.09672997751254897,0.0006318214005889278
"Fishburn, Patrick",4,5,0.013138264830482194,0.3070481226577265,0.5808962327999603,0.09774492361008069,0.0011724561017503188
"Fishburn, Patrick",5,3,0.008380793924486596,0.2383957131520557,0.5999652211397807,0.15008950014514455,0.003168771638532464
"Fishburn, Patrick",6,4,0.0022424578723120314,0.1194389522187076,0.5728125227921022,0.29102057209130183,0.01448549502557639
"Fishburn, Patrick",7,5,0.07277174399358138,0.4154967870427693,0.4304695064332664,0.07888073561490616,0.0023812269154767085
"Fishburn, Patrick",8,4,0.006825611363188044,0.22651838599051954,0.6105413829547455,0.1531256535897032,0.0029889661018437375
"Fishburn, Patrick",9,3,0.0022567835437072303,0.1530977278529716,0.6363565806564773,0.20412498685346692,0.004163921093377043
"Fishburn, Patrick",10,4,0.008706527531352148,0.26091272396243337,0.6052960870063948,0.12329960500849124,0.0017850564913284295
"Fishburn, Patrick",11,3,0.0029253131483281125,0.1489557723967142,0.6059177650354027,0.23458646640112346,0.0076146830184314895
"Fishburn, Patrick",12,4,0.004711423208026755,0.15072381588925032,0.5600647629742888,0.268818912989766,0.015681084938668155
"Fishburn, Patrick",13,4,0.008874132724752237,0.21798358519603944,0.5816357311384278,0.18519005622548002,0.006316494715300491
"Fishburn, Patrick",14,5,0.05384777063146956,0.36813878374151326,0.4658322951296412,0.10787198039753787,0.004309170099838111
"Fishburn, Patrick",15,3,0.00876896814022693,0.25161122638135763,0.6019578997646151,0.13529005921889892,0.0023718464949014084
"Fishburn, Patrick",16,4,0.002498093154485015,0.16697280587992702,0.6450722404315312,0.18243854024367812,0.003018320290378629
"Fishburn, Patrick",17,5,0.05276260142542688,0.44532685860239246,0.4481089070599065,0.05316715280407003,0.0006344801082041052
"Fishburn, Patrick",18,4,0.004078654371914181,0.16060597201657395,0.5916993848776203,0.2345966037682612,0.009019384965630373
"Fisk, Steven",1,4,0.009945070987766924,0.29324890588453034,0.59965227487214,0.09622184884101015,0.0009318994145525172
"Fisk, Steven",2,4,0.00946079310297171,0.21956701707339527,0.5768945323506174,0.18728390281186824,0.0067937546611474
"Fisk, Steven",3,4,0.005116139931194141,0.2558078476674491,0.6400080262955293,0.09841408068222601,0.0006539054236014419
"Fisk, Steven",4,5,0.012838250260738426,0.3041464827454397,0.5825271786002357,0.09928020761527834,0.0012078807783078016
"Fisk, Steven",5,3,0.008183619116385932,0.23584738306291037,0.6006377449410115,0.15207760800072634,0.0032536448789658445
"Fisk, Steven",6,4,0.0021829613469238063,0.1177773978673406,0.5715256319541642,0.2937108858449209,0.014803122986650541
"Fisk, Steven",7,5,0.07176883961821418,0.4135935280258035,0.43227361603772035,0.07992809941614432,0.0024359169021176408
"Fisk, Steven",8,4,0.006658122008442957,0.223974884176513,0.6111155268583481,0.15518048017874841,0.003070986777947482
"Fisk, Steven",9,3,0.002191624762794664,0.1509460218282429,0.6358863266651895,0.20669606345810665,0.004279963285666266
"Fisk, Steven",10,4,0.008495935833368995,0.258152754106209,0.6064002644584676,0.12511375807251357,0.0018372875294407898
"Fisk, Steven",11,3,0.002847293477871937,0.14696724000276928,0.6052171016568799,0.237166357605596,0.007802007256882848
"Fisk, Steven",12,4,0.004601632704596514,0.14891008729633176,0.5592375546980886,0.27124855691498784,0.01600216838599533
"Fisk, Steven",13,4,0.008677092342317672,0.21569109042677154,0.5818570607432259,0.18730924070221822,0.0064655157854667245
"Fisk, Steven",14,5,0.053062953256701295,0.36610208562680785,0.46727169636521276,0.10916184746466207,0.004401417286616027
"Fisk, Steven",15,3,0.00856071718177609,0.24895233348438783,0.6028665536600409,0.13718217447351622,0.0024382212002789228
"Fisk, Steven",16,4,0.0024256865919736192,0.16466672198837007,0.6449108023883402,0.18489029522393363,0.003106493807382482
"Fisk, Steven",17,5,0.0518806106387345,0.44291828981398546,0.4504917330528507,0.05405637111908412,0.0006529953753452444
"Fisk, Steven",18,4,0.00397690295660541,0.15860022127149986,0.591123710148955,0.23706979758435276,0.009229368038586871
"Fitzpatrick, Matt",1,4,0.012232662821672902,0.31898095385753544,0.584470432424187,0.08360407144464177,0.0007118794519629379
"Fitzpatrick, Matt",2,4,0.011380214459990434,0.23928040729869987,0.5738280660189766,0.16993097617477804,0.0055803360475550345
"Fitzpatrick, Matt",3,4,0.0064911884821041155,0.2823160712604868,0.6259284388251738,0.08477722497085172,0.0004870764613835732
"Fitzpatrick, Matt",4,5,0.015583822975394124,0.32899328534886263,0.5677012873436336,0.08678566745129279,0.0009359368808168345
"Fitzpatrick, Matt",5,3,0.00999468870655007,0.25785815823455915,0.5938291969800337,0.13572405344848903,0.0025939026303680723
"Fitzpatrick, Matt",6,4,0.0027368401223005767,0.13238584660211683,0.5814717294734059,0.27111767898346595,0.012287904818710782
"Fitzpatrick, Matt",7,5,0.08062667365627724,0.4294156837900705,0.4165981858686526,0.071353749225333,0.0020057074596666613
"Fitzpatrick, Matt",8,4,0.00820271085988239,0.24599601860812975,0.6050832180095174,0.1382832310273885,0.002434821495082007
"Fitzpatrick, Matt",9,3,0.0028032953282167705,0.16982342233773606,0.6385584267877173,0.18543422903215956,0.0033806265141702596
"Fitzpatrick, Matt",10,4,0.01043439873645885,0.2819450812825766,0.5959052311230105,0.11028043102123886,0.0014348578367151532
"Fitzpatrick, Matt",11,3,0.003573591585274094,0.16438369475439468,0.6100170222421256,0.215692399090319,0.006333292327886597
"Fitzpatrick, Matt",12,4,0.005610684305759617,0.16473338680639493,0.56534645600694,0.25086194893990843,0.01344752394099702
"Fitzpatrick, Matt",13,4,0.010478521082672887,0.2355110942426275,0.5789690605546819,0.16974750644130332,0.0052938176787143965
"Fitzpatrick, Matt",14,5,0.060021108392366074,0.38321381974445556,0.454553709342698,0.09853986929686787,0.0036714932236124875
"Fitzpatrick, Matt",15,3,0.010474728870792427,0.2718882496878466,0.594046159970544,0.12166636650268825,0.0019244949681287427
"Fitzpatrick, Matt",16,4,0.0031055227631456295,0.184863534863433,0.6449127889516362,0.16469168987802218,0.002426463543762969
"Fitzpatrick, Matt",17,5,0.05975146999344788,0.4629701632202515,0.42990116589300376,0.04686671536871956,0.000510485524577331
"Fitzpatrick, Matt",18,4,0.004917736893132518,0.17610950091649846,0.5949405731712245,0.2164566844430078,0.00757550457613676
"Ford, David",1,4,0.008574110413515135,0.27565057226671863,0.6088120795604093,0.10584175045276134,0.0011214873065956699
"Ford, David",2,4,0.00829100511184011,0.20623143646936193,0.5777102943822597,0.19999019192006773,0.007777072116470496
"Ford, David",3,4,0.004314031354337333,0.237940006153263,0.6480805566014419,0.10886480928346887,0.0008005966074888793
"Ford, David",4,5,0.011174015952770067,0.2870631383663415,0.5915590831895299,0.10876425018539326,0.0014395123059652848
"Ford, David",5,3,0.007093316818711171,0.22095935108251918,0.6039105070534182,0.16423498514934953,0.003801839896001913
"Ford, David",6,4,0.0018578177944159613,0.10822383014743236,0.563259436206246,0.3098409621999716,0.01681795365193417
"Ford, David",7,5,0.0660234450983972,0.4020811747226338,0.4427455031917241,0.08636467319101138,0.002785203796233482
"Ford, David",8,4,0.005735280192343539,0.2091475106031485,0.6137664822656539,0.16774884588508265,0.0036018810537714607
"Ford, David",9,3,0.0018382004646677608,0.13855325885844233,0.6322414708078661,0.22233552638887188,0.00503154348015189
"Ford, David",10,4,0.007333744529485875,0.2420013841080026,0.6122170867362955,0.1362702124337316,0.0021775721924843783
"Ford, David",11,3,0.002420944489920196,0.13549506267391753,0.6003173515122218,0.252764914031691,0.009001727292249573
"Ford, David",12,4,0.0039947525779902016,0.13840698731305368,0.5537384076097658,0.28582998493831724,0.018029867560873103
"Ford, David",13,4,0.007582907160874064,0.2023074353664514,0.5825138085883061,0.20017839962836614,0.007417449256002184
"Ford, David",14,5,0.0485823184398671,0.35389743679735913,0.4754885220906301,0.11704450216836015,0.004987220503783529
"Ford, David",15,3,0.007409852442809006,0.23340080269364283,0.6075342417608716,0.14878636066985707,0.0028687424328195377
"Ford, David",16,4,0.002033029720035273,0.15136464628975466,0.6430647975674988,0.19985722353563506,0.0036803028870762144
"Ford, David",17,5,0.046876001351368546,0.4283732956723678,0.4643918505014551,0.05958508042713995,0.0007737720476685972
"Ford, David",18,4,0.0034175123256672824,0.14699312467312647,0.5870151778062782,0.25200580613259427,0.010568379062333766
"Fowler, Rickie",1,4,0.012102109291125651,0.3176149847788607,0.5853263536883304,0.08423443273418108,0.000722119507502228
"Fowler, Rickie",2,4,0.011271617638437703,0.23822705641170488,0.5740442641964789,0.17081816776900371,0.005638893984374782
"Fowler, Rickie",3,4,0.00641159181040496,0.280897647681445,0.6267396611744245,0.08545635228298076,0.0004947470507448148
"Fowler, Rickie",4,5,0.015428068200410872,0.32767812717476996,0.5685336215559953,0.08741150165823786,0.0009486814105860164
"Fowler, Rickie",5,3,0.009891562448048563,0.2566821963231391,0.59424802938904,0.13655293660423928,0.002625275235533131
"Fowler, Rickie",6,4,0.002704872071710107,0.13159054986271612,0.5810055713164158,0.27228892077783207,0.012410085971325868
"Fowler, Rickie",7,5,0.08014202291520178,0.428604845774189,0.41744050839015756,0.07178617107558516,0.0020264518448664948
"Fowler, Rickie",8,4,0.00811440503948746,0.24481656297407228,0.6054646742141884,0.13913936270936655,0.0024649950628853334
"Fowler, Rickie",9,3,0.0027677022687014885,0.1687981655376261,0.6384928173591771,0.18651807454105418,0.003423240293441099
"Fowler, Rickie",10,4,0.010323784618179066,0.2806766540043099,0.5965184963087389,0.11102726704497923,0.0014537980237929737
"Fowler, Rickie",11,3,0.0035316750275474207,0.16343937442395523,0.6098301875688489,0.2167949339087868,0.006403829070861677
"Fowler, Rickie",12,4,0.005553185739920974,0.1638788760915907,0.5650777204174819,0.25191791884941683,0.013572298901589619
"Fowler, Rickie",13,4,0.010376418038219204,0.23445101153341386,0.5791773343604087,0.17064495890392695,0.005350277164031247
"Fowler, Rickie",14,5,0.05963888159757591,0.3823264223644515,0.4552487225579552,0.09907904649193089,0.003706926988086501
"Fowler, Rickie",15,3,0.010365673888219407,0.2706645917040189,0.5945708377190262,0.12245009499196746,0.0019488016967680322
"Fowler, Rickie",16,4,0.0030659566372187586,0.18376863820096662,0.6449898386507014,0.165717063387693,0.0024585031234203303
"Fowler, Rickie",17,5,0.05931624423838611,0.46194111067102805,0.4310011850526849,0.04722427450881872,0.0005171855290821981
"Fowler, Rickie",18,4,0.0048638026056937456,0.1751634007385779,0.5948008492351473,0.2175165958729819,0.007655351547599221
"Garnett, Brice",1,4,0.008998382830495644,0.28130210165268715,0.6059857145560071,0.10265721568486597,0.0010565852759440997
"Garnett, Brice",2,4,0.00865480849468181,0.21050189693020177,0.5775669662390537,0.1958303377669769,0.007445990569085792
"Garnett, Brice",3,4,0.004560335612644073,0.2436546115040878,0.6456343396201972,0.10540060560826214,0.0007501076548087626
"Garnett, Brice",4,5,0.01169073692039213,0.2925575506878038,0.5887628680637436,0.10562838109432182,0.001360463233738618
"Garnett, Brice",5,3,0.007431196517266259,0.2257264059215282,0.6029881334409432,0.16023825532239677,0.003616008797865611
"Garnett, Brice",6,4,0.0019578609031714045,0.11125437274611821,0.5660479785528181,0.30459804726370676,0.01614174053418549
"Garnett, Brice",7,5,0.06784219937368147,0.405841752594437,0.43940604319454074,0.08424247952570685,0.002667525311633945
"Garnett, Brice",8,4,0.006020641488232448,0.2138890482121094,0.6130521224592462,0.16361648146318775,0.003421706377224165
"Garnett, Brice",9,3,0.0019464419714284587,0.1424881650117898,0.6335792262989508,0.21720977616084403,0.004776390556986976
"Garnett, Brice",10,4,0.007693464347753365,0.24717786798944108,0.6104762138958062,0.13259077988531054,0.0020616738816887636
"Garnett, Brice",11,3,0.0025521211351176576,0.1391413821591838,0.6020394245720242,0.24767013546729155,0.008596936666382837
"Garnett, Brice",12,4,0.004182787670717614,0.14175282692784247,0.5556257742524647,0.2810876058901748,0.0173510052588004
"Garnett, Brice",13,4,0.00792286904998013,0.206591107131748,0.5824249461633872,0.19596436323529776,0.007096714419586925
"Garnett, Brice",14,5,0.049997824911652666,0.3578631559481054,0.472894754697865,0.1144537842522605,0.0047904801901164085
"Garnett, Brice",15,3,0.007766368850322336,0.2383835381178107,0.6061624605480516,0.14496516820237793,0.00272246428143752
"Garnett, Brice",16,4,0.0021532708159766045,0.15559201381237064,0.6438278200409745,0.19494190276807977,0.003484992562598488
"Garnett, Brice",17,5,0.048451192797333786,0.4331197842253,0.45994616660556104,0.05775024965543318,0.0007326067163719863
"Garnett, Brice",18,4,0.003590257466115687,0.15068905773633867,0.5884723988959677,0.24713061650277313,0.010117669398804763
"Gerard, Ryan",1,4,0.011878884646654542,0.31525311867775074,0.5867934917970447,0.08533433089144171,0.0007401739871083501
"Gerard, Ryan",2,4,0.011085689370345209,0.23640762054900927,0.5744042581045573,0.17236084126625628,0.005741590709831934
"Gerard, Ryan",3,4,0.006275794822380221,0.2784480431675007,0.6281259512692183,0.08664191539184818,0.0005082953490525011
"Gerard, Ryan",4,5,0.015161506872526431,0.3254031230075596,0.5699611723840761,0.08850306893007953,0.0009711288057584477
"Gerard, Ryan",5,3,0.009715174489466016,0.25465090771619747,0.5949573981687,0.13799610452491273,0.0026804151007238097
"Gerard, Ryan",6,4,0.002650309282073493,0.13022077341007776,0.5801834391061536,0.2743213206775611,0.01262415752413415
"Gerard, Ryan",7,5,0.07930796314016775,0.42719528782473803,0.4188943186598201,0.07253959420931433,0.002062836165959814
"Gerard, Ryan",8,4,0.007963460011309043,0.24278001166410984,0.6061084209827906,0.1406300595952742,0.0025180477465163165
"Gerard, Ryan",9,3,0.002707028980354964,0.16703163300809004,0.6383595786699375,0.1884035816197177,0.0034981777218997534
"Gerard, Ryan",10,4,0.010134650411093737,0.27848490698087225,0.5975644218856025,0.11232888332732238,0.0014871373951090838
"Gerard, Ryan",11,3,0.003460130937421202,0.16181189795615747,0.6094894696974675,0.21871087785291743,0.0065276235560363105
"Gerard, Ryan",12,4,0.005454852199391069,0.16240530287448945,0.5645986123183122,0.2537504959272088,0.013790736680598492
"Gerard, Ryan",13,4,0.010201655924571507,0.2326202183649258,0.579523224521497,0.1722055853600809,0.005449315828924828
"Gerard, Ryan",14,5,0.058981491129243724,0.38078661225455374,0.45644531929709753,0.10001756331559519,0.0037690140035098185
"Gerard, Ryan",15,3,0.010179162640090167,0.2685504483012457,0.5954634887299948,0.12381534607783362,0.0019915542508357476
"Gerard, Ryan",16,4,0.0029985122221913296,0.18188157322784942,0.645103060406344,0.1675019616014367,0.002514892542178515
"Gerard, Ryan",17,5,0.05856844414389917,0.46015254192686517,0.4329014623161135,0.047848570832152326,0.0005289807809698566
"Gerard, Ryan",18,4,0.004771650157425755,0.17353200874703634,0.5945429176345683,0.21935804681172433,0.007795376649245234
"Ghim, Doug",1,4,0.0108731751516854,0.30417483148900526,0.5934538342235628,0.0906670531502024,0.0008311059855441449
"Ghim, Doug",2,4,0.010243964492578528,0.22790473792904048,0.5758556496561472,0.17974677583128673,0.006248872090947044
"Ghim, Doug",3,4,0.005668829909287965,0.2670084477076446,0.6343458283244234,0.0923999173901443,0.0005769766684996513
"Ghim, Doug",4,5,0.013956522481352429,0.314715273409989,0.5764565606674124,0.09378787527182486,0.0010837681694213508
"Ghim, Doug",5,3,0.00891949282337634,0.24515714402013344,0.5980300321667326,0.144938379755847,0.002954951233910652
"Ghim, Doug",6,4,0.002406039070672661,0.12388509643062068,0.5760521602023715,0.2839788373865515,0.013677866909783676
"Ghim, Doug",7,5,0.0754610431596357,0.4204545355742522,0.42566819000354095,0.07617359673459423,0.0022426345279769055
"Ghim, Doug",8,4,0.007284077658621768,0.2332747256381521,0.6088562250598715,0.14780241325368915,0.002782558389665457
"Ghim, Doug",9,3,0.0024366428595029577,0.15884982161324762,0.6373958044598367,0.19744572612464162,0.003872004942771179
"Ghim, Doug",10,4,0.009282474820252018,0.2682289754348325,0.6022215091498789,0.11861298870868575,0.0016540518863508158
"Ghim, Doug",11,3,0.0031398224943389175,0.154267225306716,0.6075891730018013,0.22786305870450263,0.00714072049264125
"Ghim, Doug",12,4,0.0050114572292311865,0.15555908999982465,0.5621043732399672,0.262462312167983,0.014862767362993967
"Ghim, Doug",13,4,0.009411269529426003,0.2240688536761855,0.5809015782611961,0.17967937331295192,0.005938925220240421
"Ghim, Doug",14,5,0.05595610277893326,0.37347104313024193,0.46196974867306395,0.104528387382964,0.004074718034796865
"Ghim, Doug",15,3,0.009338101428311374,0.25866167268811013,0.5994001542357761,0.13039508224439134,0.002204989403411073
"Ghim, Doug",16,4,0.0026979777709651986,0.1731325409940101,0.6452913983991959,0.17608103204915082,0.0027970507866779126
"Ghim, Doug",17,5,0.05513947820870663,0.4516056238582435,0.4417841068447562,0.05088272478903899,0.0005880662992546748
"Ghim, Doug",18,4,0.004357518840333974,0.16595486340993582,0.593053544023655,0.22814717833452636,0.008486895391548899
"Goodwin, Noah",1,4,0.008961727568688349,0.2808215069548062,0.6062303978449417,0.10292441879519165,0.0010619488363721175
"Goodwin, Noah",2,4,0.008623443679852905,0.21013830911401526,0.5775835927759922,0.19618109577700693,0.007473558653132706
"Goodwin, Noah",3,4,0.004538985839672993,0.2431677841770436,0.6458478553699372,0.10569110481059019,0.0007542698027560579
"Goodwin, Noah",4,5,0.011646156581495704,0.2920906246442235,0.5890045762221641,0.10589163736485963,0.0013670051872571864
"Goodwin, Noah",5,3,0.007402022461765967,0.22532051286455768,0.603071388907974,0.16057464077798855,0.0036314349877137886
"Goodwin, Noah",6,4,0.001949196694572275,0.11099529517686552,0.5658158357511667,0.30504154345375256,0.01619812892364303
"Goodwin, Noah",7,5,0.06768658256573773,0.4055243289352717,0.43969091012691836,0.08442085732049354,0.002677321051578696
"Goodwin, Noah",8,4,0.005995979303909826,0.21348510219518985,0.613117998974936,0.16396426433981626,0.0034366551861479966
"Goodwin, Noah",9,3,0.0019370493125734911,0.14215190554054935,0.6334717084909622,0.21764177935220086,0.004797557303714117
"Goodwin, Noah",10,4,0.007662388344018889,0.2467372918463726,0.610629024634909,0.13290002101362441,0.0020712741610751095
"Goodwin, Noah",11,3,0.0025407603209210428,0.1388299242845938,0.6018985251431758,0.24810017951244223,0.008630610738867173
"Goodwin, Noah",12,4,0.004166550835595806,0.14146731720952577,0.5554698040626861,0.281488651118329,0.017407676773863345
"Goodwin, Noah",13,4,0.007893547624550357,0.20622631344866488,0.5824370678805197,0.19631965834099552,0.007123412705269505
"Goodwin, Noah",14,5,0.04987660534368776,0.3575276493742406,0.4731170131362113,0.11467185156443516,0.004806880581425199
"Goodwin, Noah",15,3,0.007735580736064673,0.2379593984909259,0.6062838829119664,0.14528654348048642,0.0027345943805565653
"Goodwin, Noah",16,4,0.0021428362809502444,0.155230898350097,0.6437692920503864,0.1953557976097018,0.0035011757088645457
"Goodwin, Noah",17,5,0.0483160811927697,0.4327189580968338,0.4603249187555008,0.057904026546390486,0.0007360154085052084
"Goodwin, Noah",18,4,0.003575319806257804,0.15037361188047277,0.5883536227756883,0.24754224172661698,0.01015520381096413
"Gordon, Will",1,4,0.008360595642295021,0.27273024011590824,0.6102282327796636,0.10752428554047244,0.0011566459216606484
"Gordon, Will",2,4,0.008107267975962729,0.20402908019214444,0.5777391518726396,0.2021702767771203,0.007954223182133013
"Gordon, Will",3,4,0.004190764692039273,0.2349958656477838,0.6492884638062664,0.11069684802344237,0.0008280578304681319
"Gordon, Will",4,5,0.0109133666978396,0.28422087002991236,0.5929638624613286,0.11041966518931057,0.001482235621608874
"Gordon, Will",5,3,0.00692310800532131,0.21850117684817089,0.604338003867446,0.1663359383995454,0.0039017728795164297
"Gordon, Will",6,4,0.0018076744614872187,0.10667152660826934,0.5617678305354934,0.31257406616761163,0.01717890222713847
"Gordon, Will",7,5,0.06509314415584133,0.4001138867436611,0.4444620310666283,0.08748273574164334,0.002848202292225932
"Gordon, Will",8,4,0.005591751451090976,0.2067047723331073,0.6140833425934646,0.1699212784627121,0.003698855159624981
"Gordon, Will",9,3,0.0017841279198576032,0.13653645190821112,0.6314867271111071,0.22502379123081528,0.005168901830008954
"Gordon, Will",10,4,0.007152693175701275,0.23933031461467114,0.6130679673275978,0.13820890724288393,0.0022401176391457778
"Gordon, Will",11,3,0.0023551997584944084,0.1336247424906874,0.5993711557570958,0.25543025401105623,0.00921864798266614
"Gordon, Will",12,4,0.003900037634754383,0.13668793881790314,0.5527171120297579,0.28830333198226143,0.01839157953532311
"Gordon, Will",13,4,0.007411329922867249,0.2000990855085617,0.5825132325422864,0.2023872009146228,0.007589151111661918
"Gordon, Will",14,5,0.04785933230224082,0.35183061402229976,0.47681154545633275,0.11840621100590476,0.005092297213221908
"Gordon, Will",15,3,0.007230303633848134,0.2308302364066646,0.6081944419559249,0.15079747747434913,0.0029475405292131995
"Gordon, Will",16,4,0.0019729688446560867,0.1491965836536674,0.6426058233599303,0.20243897374968833,0.0037856503920579154
"Gordon, Will",17,5,0.04607363099961648,0.42589217950080055,0.46668181262208513,0.060556376605340856,0.0007960002721569825
"Gordon, Will",18,4,0.0033307063378139046,0.14509484136806122,0.5862098821779597,0.2545550884546425,0.010809481661522735
"Gotterup, Chris",1,4,0.012026249567324454,0.31681609266153654,0.5858244303174128,0.08460505094326676,0.0007281765104594218
"Gotterup, Chris",2,4,0.011208467629947927,0.23761137230930734,0.5741679958329154,0.171338739817823,0.005673424410006289
"Gotterup, Chris",3,4,0.006365400465485671,0.28006865847936085,0.627210897406718,0.08585575475445661,0.0004992888939788775
"Gotterup, Chris",4,5,0.01533751626928942,0.3269087569533016,0.5690181376586176,0.08777937373437139,0.0009562153844199228
"Gotterup, Chris",5,3,0.009831627985662172,0.25599483209343965,0.5944900776783189,0.13703966389503974,0.002643798347539583
"Gotterup, Chris",6,4,0.002686315876668177,0.13112647072402367,0.5807297758511637,0.2729753437886635,0.01248209375948095
"Gotterup, Chris",7,5,0.07985934856182703,0.42812914155410225,0.4179326279496133,0.07204019685785779,0.0020386850765996556
"Gotterup, Chris",8,4,0.008063102404683886,0.2441273082947183,0.6056846675428151,0.13964210758527362,0.0024828141725090624
"Gotterup, Chris",9,3,0.002747057043307466,0.16819976253445346,0.6384505619011523,0.1871542102103081,0.003448408310778639
"Gotterup, Chris",10,4,0.010259510434780739,0.2799350970905268,0.5968743319695073,0.11146606993695496,0.00146499056823024
"Gotterup, Chris",11,3,0.0035073438566708415,0.1628881327950379,0.609717450418706,0.21744163226347835,0.006445440666106972
"Gotterup, Chris",12,4,0.005519771460031575,0.163379887993146,0.5649177154653706,0.25253682452509063,0.01364580055636111
"Gotterup, Chris",13,4,0.010317053726242587,0.23383144578626935,0.5792963525586335,0.17117157344100387,0.005383574487850651
"Gotterup, Chris",14,5,0.059416025716927334,0.38180635929178486,0.4556541965445438,0.09939560770084899,0.0037278107458950105
"Gotterup, Chris",15,3,0.010302297194347054,0.26994925655008545,0.5948748427945019,0.1229104443737069,0.001963159087358779
"Gotterup, Chris",16,4,0.0030430071900314215,0.1831294823462581,0.645030977477134,0.16631909790679755,0.0024774350797789335
"Gotterup, Chris",17,5,0.0590626336498592,0.46133744831506995,0.4316441946862355,0.04743457820016628,0.0005211451486690777
"Gotterup, Chris",18,4,0.004832476523779328,0.1746109534605116,0.5947159256838646,0.21813821010011814,0.007702434231726452
"Greyserman, Max",1,4,0.012354751646358575,0.32024829793895193,0.5836714845093234,0.08302295753593136,0.0007025083694347511
"Greyserman, Max",2,4,0.011481675769276,0.24025842696434002,0.5736222590783255,0.16911109241620514,0.005526545771853297
"Greyserman, Max",3,4,0.006565740217957194,0.28363320309891665,0.6251696206858826,0.08415137038118314,0.0004800656160605099
"Greyserman, Max",4,5,0.015729384031662186,0.33021311163739053,0.5669246733942921,0.08620856543321065,0.000924265503444599
"Greyserman, Max",5,3,0.01009110586889328,0.2589499916203809,0.5934350138248713,0.13495876019627107,0.002565128489583457
"Greyserman, Max",6,4,0.002766773148976609,0.1331257608924047,0.5818981432952901,0.27003372691053273,0.01217559575279581
"Greyserman, Max",7,5,0.0810778356972478,0.4301651243534811,0.41581568794412216,0.07095469870493576,0.0019866533002131925
"Greyserman, Max",8,4,0.008285307979800871,0.24709138846782064,0.6047233364492496,0.13749281257245038,0.0024071545306785236
"Greyserman, Max",9,3,0.002836652218071334,0.17077701828236436,0.6386118250434796,0.18443294728732074,0.0033415571687639423
"Greyserman, Max",10,4,0.010537840063190751,0.28312248267771095,0.5953307955691322,0.10959137674908992,0.0014175049408762241
"Greyserman, Max",11,3,0.0036128392797795117,0.16526186130166048,0.6101836951616135,0.2146730724480599,0.006268531808886646
"Greyserman, Max",12,4,0.00566444712297004,0.16552770332975286,0.5655903331913077,0.24988475190504023,0.013332764450929124
"Greyserman, Max",13,4,0.010573933833473048,0.23649546670762772,0.5787704541370746,0.16891818213746834,0.005241963184356213
"Greyserman, Max",14,5,0.06037707777527673,0.38403509611046044,0.45390694012870303,0.09804196216415484,0.00363892382140496
"Greyserman, Max",15,3,0.010576695653130519,0.2730241887009432,0.5935538763143473,0.12094302626806164,0.001902213063517344
"Greyserman, Max",16,4,0.003142603674727462,0.18588169596007642,0.6448337521762517,0.1637448420445453,0.0023971061443990305
"Greyserman, Max",17,5,0.06015708024213351,0.4639214155298721,0.42887991760071187,0.046537239041927525,0.0005043475853550028
"Greyserman, Max",18,4,0.004968199951409957,0.1769890006223338,0.5950640391358557,0.215476604404369,0.007502155886031536
"Griffin, Ben",1,4,0.01398295421559953,0.33628886502312855,0.5731672474375462,0.07596698075557617,0.0005939525681495361
"Griffin, Ben",2,4,0.01282660661819629,0.252699125288355,0.5705899211964275,0.15899612987135137,0.004888217025669883
"Griffin, Ben",3,4,0.007570249375189075,0.3003968292015988,0.6150639386047567,0.0765694794861832,0.000399503332272122
"Griffin, Ben",4,5,0.017662288657990133,0.34562138651088814,0.5567394716091567,0.07918841325098136,0.0007884399709836565
"Griffin, Ben",5,3,0.01137501096123994,0.2728352235996494,0.5879888680755601,0.12557387260930664,0.002227024754243967
"Griffin, Ben",6,4,0.0031693531649787943,0.14266367653868245,0.5867941317322756,0.2565357511919095,0.01083708737215372
"Griffin, Ben",7,5,0.08691674136870042,0.4394162551505052,0.40583038423178486,0.06607600298647631,0.00176061626253321
"Griffin, Ben",8,4,0.009388373142109607,0.2610459495233758,0.5996804753770251,0.12780257673143958,0.002082625226049961
"Griffin, Ben",9,3,0.003287906669364127,0.18304590893292283,0.6386742227145286,0.17210833237477163,0.002883629308412905
"Griffin, Ben",10,4,0.01191731291528969,0.2980717273676377,0.5876158630763475,0.10118009820739171,0.0012149984333333919
"Griffin, Ben",11,3,0.004140633268437166,0.17654817347270457,0.611745105916656,0.202063493439123,0.005502593903079278
"Griffin, Ben",12,4,0.006380841992141284,0.17570905329751352,0.5682287145354394,0.23772148413966365,0.011959906035242107
"Griffin, Ben",13,4,0.01184030727575669,0.2490254609094748,0.5758168193985431,0.15869017835531296,0.004627234060912366
"Griffin, Ben",14,5,0.0649971792194512,0.3942620133486388,0.4455623009364247,0.091927688954762,0.0032508175407233164
"Griffin, Ben",15,3,0.011935065630002017,0.28745515001645183,0.5868750082414409,0.11209350758795233,0.0016412685241529168
"Griffin, Ben",16,4,0.003644281112660297,0.1989635108627778,0.6432144512281582,0.15212345023871776,0.002054306557685903
"Griffin, Ben",17,5,0.06544524131384688,0.47567215517229844,0.4159019711768268,0.042547876705634424,0.0004327556313934444
"Griffin, Ben",18,4,0.005643519227429283,0.1882655322259036,0.5961200543366043,0.20333934465911152,0.006631549550951243
"Griffin, Lanto",1,4,0.008908203146240912,0.28011718124603807,0.6065875444838209,0.10331721055891063,0.0010698605649894777
"Griffin, Lanto",2,4,0.008577622302118448,0.209605608202811,0.5776064779565662,0.19669613704059974,0.0075141544979046015
"Griffin, Lanto",3,4,0.004507834249697529,0.2424546155176333,0.6461589380560302,0.10611819939490919,0.0007604127817297801
"Griffin, Lanto",4,5,0.011581039071495325,0.2914062278386652,0.5893574996865585,0.10627858135408963,0.0013766520491913514
"Griffin, Lanto",5,3,0.007359416426275134,0.22472583739600266,0.6031917945464873,0.16106878473262198,0.003654166898612976
"Griffin, Lanto",6,4,0.001936552177276618,0.11061606979133554,0.5654739556014454,0.3056922853126449,0.016281137117297506
"Griffin, Lanto",7,5,0.06745884357954379,0.4050583437546757,0.44010809627906783,0.08468296948444631,0.0026917469022663676
"Griffin, Lanto",8,4,0.005959970097941247,0.21289335493486566,0.6132128315519012,0.16447515716238692,0.003458686252904908
"Griffin, Lanto",9,3,0.0019233478797752168,0.14165966025551407,0.633312052518515,0.21827618619113587,0.004828753155059928
"Griffin, Lanto",10,4,0.007617010098968702,0.24609174195316952,0.6108513826482307,0.13335443734545416,0.0020854279541769882
"Griffin, Lanto",11,3,0.0025241804771387044,0.1383739390576958,0.6016901809508206,0.24873149087332214,0.008680208641022702
"Griffin, Lanto",12,4,0.0041428387997901606,0.14104922693606192,0.5552397122434646,0.28207714114013205,0.01749108088055129
"Griffin, Lanto",13,4,0.007850715517990492,0.20569187292279817,0.5824533087313146,0.19684137234878418,0.0071627304791125335
"Griffin, Lanto",14,5,0.04969924079861171,0.35703537671732477,0.47344217631851465,0.11499218112345333,0.004831025042095538
"Griffin, Lanto",15,3,0.007690619145062638,0.23733795024421123,0.6064602403969741,0.14575871676390417,0.0027524734498478587
"Griffin, Lanto",16,4,0.0021276152252365232,0.15470222081908946,0.6436813941364502,0.19596373673667777,0.0035250330825460363
"Griffin, Lanto",17,5,0.04811846286217952,0.43213059669219694,0.460879759953744,0.05813013922484367,0.0007410412670358912
"Griffin, Lanto",18,4,0.003553512149192195,0.14991170452591535,0.5881778346080002,0.24814647471139784,0.010210474005494352
"Grillo, Emiliano",1,4,0.011124019790320516,0.3070079847954603,0.5917857609161922,0.08927540484063279,0.0008068296573942035
"Grillo, Emiliano",2,4,0.01045455168912629,0.23007446156023298,0.5755220647927911,0.17783392812204646,0.006114993835803162
"Grillo, Emiliano",3,4,0.005819458333877259,0.26992609978428034,0.6328001291345166,0.09089574224072716,0.0005585705065986879
"Grillo, Emiliano",4,5,0.014257706445245377,0.3174512620199642,0.574827363372643,0.09240990602176158,0.0010537621403858832
"Grillo, Emiliano",5,3,0.009118110646323674,0.2475798054940231,0.5972846528863606,0.14313527571764828,0.002882155255644392
"Grillo, Emiliano",6,4,0.0024667229237001487,0.12549151967032385,0.5771521636801986,0.2814892263066956,0.013400367419081793
"Grillo, Emiliano",7,5,0.07643477149077865,0.4221988601111197,0.4239430239926585,0.07522817377444402,0.002195170630999166
"Grillo, Emiliano",8,4,0.007453424638199313,0.2356982680929296,0.6081966119679401,0.1459393320877812,0.0027123632131498265
"Grillo, Emiliano",9,3,0.0025036190416901083,0.16092601677724694,0.6376959144280911,0.19510168101034386,0.0037727687426278855
"Grillo, Emiliano",10,4,0.009495035320330025,0.27084802290859716,0.6010700497824237,0.11697724452941405,0.0016096474592350862
"Grillo, Emiliano",11,3,0.003219398264097506,0.15618285542880717,0.608122961743234,0.22549611869083275,0.006978665873028644
"Grillo, Emiliano",12,4,0.005122110170000138,0.15729977241319126,0.5627813215650785,0.26021585709945305,0.014580938752277062
"Grillo, Emiliano",13,4,0.009608888503761348,0.22625022325321736,0.5805877623491361,0.17774347749721442,0.005809648396670752
"Grillo, Emiliano",14,5,0.05672083756220414,0.3753566788223427,0.4605709320153055,0.10335736022366226,0.003994191376485379
"Grillo, Emiliano",15,3,0.009548001142039297,0.26118634235674826,0.5984331456573294,0.12868420643287437,0.0021483044110086613
"Grillo, Emiliano",16,4,0.002772417390097981,0.17535407184217155,0.6452975250826405,0.1738539720244371,0.0027220136606529444
"Grillo, Emiliano",17,5,0.056004243108979945,0.4538162770971817,0.43951739796410627,0.050089739521408605,0.0005723423083234813
"Grillo, Emiliano",18,4,0.004460649291440744,0.16788100450633714,0.5934786772847885,0.22587524920909308,0.008304419708340505
"Hadwin, Adam",1,4,0.009528088657729694,0.28809377348688825,0.6024436466681955,0.09895076668707792,0.0009837245001086403
"Hadwin, Adam",2,4,0.009106726087281691,0.21564892165013866,0.5772452363250402,0.19093152873532826,0.007067587202211234
"Hadwin, Adam",3,4,0.00487029982685705,0.2505515312616169,0.6425100669633481,0.10137434288542413,0.0006937590627538182
"Hadwin, Adam",4,5,0.012333706354933416,0.299150013505084,0.5852708329316896,0.1019740259092986,0.0012714212989943796
"Hadwin, Adam",5,3,0.007852445477845194,0.23147271354868282,0.6017175077996368,0.15555217328245852,0.0034051598913766856
"Hadwin, Adam",6,4,0.0020835003792235574,0.11494302932397887,0.5692306201453257,0.2983766544931584,0.015366195658313542
"Hadwin, Adam",7,5,0.07006059868526132,0.41028108113003836,0.43536319239240956,0.08176200748040519,0.0025331203118855727
"Hadwin, Adam",8,4,0.006377208023595704,0.21961225657717387,0.6120210024913848,0.1587720027442019,0.003217530163643678
"Hadwin, Adam",9,3,0.002083021963919518,0.14727296584871313,0.6349763317379475,0.21118033478753173,0.00448734566188802
"Hadwin, Adam",10,4,0.008142502808938246,0.2534115887683275,0.6082237454961068,0.12829132069181948,0.0019308422348079946
"Hadwin, Adam",11,3,0.0027168687245548995,0.143570534580299,0.6039219335653364,0.24165533864222355,0.008135324487586137
"Hadwin, Adam",12,4,0.004417259577807586,0.1458074368010056,0.5577411513963808,0.2754637768428114,0.016570375381994573
"Hadwin, Adam",13,4,0.008345589773631756,0.2117568020348699,0.5821643908516468,0.19100281052447843,0.006730406815373069
"Hadwin, Adam",14,5,0.051727995267191296,0.3625705954072717,0.46972094920621393,0.11141544914530987,0.004565010974013184
"Hadwin, Adam",15,3,0.008211021503975902,0.24438579763560275,0.6043535227149799,0.14049275204683187,0.0025569060986095904
"Hadwin, Adam",16,4,0.0023050128895764077,0.16072774952113777,0.6445304546418194,0.18917242073780838,0.0032643622096580893
"Hadwin, Adam",17,5,0.050383961563955026,0.43872895584560545,0.45458041490163587,0.05562049327852836,0.0006861744102752976
"Hadwin, Adam",18,4,0.003806398266527622,0.15516996995524768,0.5900501360627534,0.24137112376799919,0.009602371947472155
"Hall, Harry",1,4,0.012730683127162967,0.3240911941963198,0.5812207238159697,0.08128256178742976,0.0006748370731177733
"Hall, Harry",2,4,0.01179353128322802,0.24322831895361496,0.5729676656176764,0.16664392900475744,0.00536655514072315
"Hall, Harry",3,4,0.006795990589225587,0.2876336531611657,0.622832704518789,0.08227823777760512,0.00045941395321458245
"Hall, Harry",4,5,0.016177023928485135,0.33390972215194803,0.5645442553286186,0.08447924449937438,0.00088975409157388
"Hall, Harry",5,3,0.010387856107498317,0.2622653059133327,0.592207061905424,0.13265997819812725,0.0024797978756176953
"Hall, Harry",6,4,0.0028591684272393225,0.13538143950089337,0.5831554534383367,0.26676282206368906,0.011841116569841437
"Hall, Harry",7,5,0.08245480219197343,0.4324208950988675,0.4134371572420813,0.06975715895478407,0.001929986512293702
"Hall, Harry",8,4,0.00853973952328535,0.25041916254215957,0.6035971933132481,0.13511875458469413,0.002325150036612822
"Hall, Harry",9,3,0.0029397931241372244,0.17368252982180998,0.6387299748386561,0.1814219204014813,0.003225781813915418
"Hall, Harry",10,4,0.010856348332070664,0.2866959437068722,0.5935571308674239,0.10752442655993844,0.001366150533694821
"Hall, Harry",11,3,0.0037339829051926676,0.16793667469700113,0.6106500053826655,0.21160323295473882,0.006076104060401932
"Hall, Harry",12,4,0.005829947511162725,0.1679451745572817,0.566297869269272,0.24693640390416094,0.012990604758122748
"Hall, Harry",13,4,0.010867308687391941,0.23948525127067533,0.5781368065126938,0.1664228562037735,0.005087777325465392
"Hall, Harry",14,5,0.06146442461980045,0.3865134134023267,0.45193444759838025,0.09654578223607524,0.003541932143417359
"Hall, Harry",15,3,0.010890565410240083,0.2764723713886204,0.5920290733099719,0.11877178810840294,0.0018362017827646682
"Hall, Harry",16,4,0.0032572626607026423,0.18898270110325027,0.6445498999502636,0.16089992705760048,0.0023102092281830355
"Hall, Harry",17,5,0.061397725992259844,0.46678529907728766,0.4257794617227053,0.045551327223095295,0.0004861859846518879
"Hall, Harry",18,4,0.005123739074948563,0.1796659799032369,0.5954022829676633,0.21252402092228329,0.0072839771318679025
"Hardy, Nick",1,4,0.008715922914150354,0.27756153183365406,0.6078689399791112,0.10475451702763261,0.0010990882454517958
"Hardy, Nick",2,4,0.008412794751983255,0.20767416533282773,0.5776746529390318,0.1985749691746942,0.007663417801463068
"Hardy, Nick",3,4,0.004396158836960262,0.2398697909554725,0.6472693070499543,0.1076816017359532,0.0007831414216596944
"Hardy, Nick",4,5,0.011346906005767654,0.2889218595938439,0.5906249481761907,0.10769402812666617,0.001412258097531538
"Hardy, Nick",5,3,0.007206301989857611,0.22256977308757397,0.6036125500922527,0.16287346629065036,0.00373790853966538
"Hardy, Nick",6,4,0.0018911977551917536,0.10924463164422543,0.5642167279323689,0.30806137924255506,0.016586063425658937
"Hardy, Nick",7,5,0.06663569130366592,0.4033595809015896,0.44161889290191514,0.0856410368213576,0.0027447980714717657
"Hardy, Nick",8,4,0.005830638602154159,0.2107486627380023,0.6135397561743828,0.16634106979352847,0.003539872691932233
"Hardy, Nick",9,3,0.0018742635170041488,0.13987905553975033,0.632711831137595,0.22059112729920594,0.004943722506444592
"Hardy, Nick",10,4,0.007453986789748124,0.24375062993666702,0.6116422361246551,0.1350155081045138,0.0021376390444159954
"Hardy, Nick",11,3,0.002464711454183366,0.1367240301944615,0.600915638364045,0.2510329421241966,0.008862677863113566
"Hardy, Nick",12,4,0.004057627718947521,0.13953549291386957,0.5543896566640953,0.2842199721760895,0.0177972505269981
"Hardy, Nick",13,4,0.007696681030845698,0.2037543940181506,0.5824969498659451,0.1987446524925054,0.007307322592553178
"Hardy, Nick",14,5,0.04905851726578808,0.3552433676595051,0.47461637525664757,0.11616200284063005,0.004919736977429201
"Hardy, Nick",15,3,0.007529055684245944,0.23508442378882338,0.6070841851982233,0.14748395427047556,0.0028183810582318447
"Hardy, Nick",16,4,0.0020730889463079216,0.1527893730596529,0.6433411608966768,0.1981833545344973,0.003613022562864998
"Hardy, Nick",17,5,0.04740529744234839,0.42998632382610597,0.4628906634453349,0.058958130415436516,0.0007595848707742103
"Hardy, Nick",18,4,0.003475214714694308,0.14823953253725258,0.5875227592915382,0.2503488191903056,0.010413674266209316
"Higgo, Garrick",1,4,0.009003280107660716,0.2813662036943463,0.6059530182609683,0.10262162592240331,0.0010558720146214284
"Higgo, Garrick",2,4,0.008658998020207698,0.2105503987117533,0.5775646867014137,0.1957835949640605,0.00744232160256475
"Higgo, Garrick",3,4,0.0045631890119073315,0.24371955703203563,0.6456057843086189,0.10536191534416428,0.0007495543032738361
"Higgo, Garrick",4,5,0.01169669214322433,0.292619825294612,0.5887305743107725,0.10559331511358672,0.0013595931378045378
"Higgo, Garrick",5,3,0.0074350940365663365,0.2257805514458871,0.6029769616301146,0.16019343646529904,0.0036139564221329135
"Higgo, Garrick",6,4,0.0019590187700533335,0.11128894796752786,0.5660788722149829,0.30453892624210543,0.016134234805330494
"Higgo, Garrick",7,5,0.06786296914178686,0.40588405770700997,0.4393680351534293,0.0842187163363507,0.0026662216614231626
"Higgo, Garrick",8,4,0.006023936563942289,0.21394293716586532,0.613043264331428,0.16357014431537897,0.003419717623385443
"Higgo, Garrick",9,3,0.0019476974467911856,0.14253303866964667,0.633593479970949,0.21715220928765766,0.004773574624955534
"Higgo, Garrick",10,4,0.007697616185708689,0.24723663766590642,0.6104557654805574,0.1325495837680617,0.002060396899765893
"Higgo, Garrick",11,3,0.0025536393745094754,0.1391829441082036,0.6020581404592162,0.24761282054869627,0.008592455509374375
"Higgo, Garrick",12,4,0.004184956853063693,0.1417909223385166,0.5556465144519798,0.2810341453808535,0.017343460975586478
"Higgo, Garrick",13,4,0.007926785801726344,0.20663977090750968,0.582423265710847,0.19591701625267754,0.007093161327239361
"Higgo, Garrick",14,5,0.05001400525600941,0.35790788189877215,0.47286508620906204,0.11442472939104253,0.0047882972451138706
"Higgo, Garrick",15,3,0.007770482068778006,0.23844011604564141,0.6061461987324652,0.14492235254295216,0.00272085061016325
"Higgo, Garrick",16,4,0.002154665562796587,0.1556402025644461,0.6438355378402894,0.19488675413885914,0.003482839893608758
"Higgo, Garrick",17,5,0.04846923048507906,0.43317320743972076,0.4598956387600937,0.057729769990188196,0.0007321533249182721
"Higgo, Garrick",18,4,0.0035922533808365187,0.15073114835703783,0.588488169549122,0.24707575474575594,0.010112673967247687
"Higgs, Harry",1,4,0.008374376858974464,0.27292033042129993,0.6101369859157105,0.10741398425205917,0.0011543225519559108
"Higgs, Harry",2,4,0.008119140828108828,0.20417234756639646,0.5777382216842428,0.20202772730774998,0.007942562613501902
"Higgs, Harry",3,4,0.004198706737069291,0.23518732279982485,0.6492110198389449,0.11057670982920653,0.0008262407949544137
"Higgs, Harry",4,5,0.01093020283977425,0.2844059442929459,0.5928732673814793,0.1103111710478275,0.001479414437973059
"Higgs, Harry",5,3,0.006934097641258297,0.21866107904135268,0.6043112085995508,0.16619843024291148,0.0038951844749267606
"Higgs, Harry",6,4,0.0018109067729907835,0.10677228738177663,0.5618659819385121,0.31239566194297586,0.01715516196374467
"Higgs, Harry",7,5,0.06515350419505211,0.40024244534973635,0.44435049059959386,0.08740950500755129,0.0028440548480663796
"Higgs, Harry",8,4,0.005601013846355696,0.20686362299553307,0.6140638147077322,0.16977908836192213,0.003692460088456917
"Higgs, Harry",9,3,0.0017876097893657072,0.1366673893332721,0.6315371842968043,0.22484797359177922,0.005159842988778696
"Higgs, Harry",10,4,0.007164379546815147,0.23950410174356657,0.6130136051230903,0.13808192408719078,0.002235989499337121
"Higgs, Harry",11,3,0.0023594376823897756,0.1337461996309977,0.5994339250771195,0.25525607482766277,0.009204362781830344
"Higgs, Harry",12,4,0.003906152810449648,0.13679963240632736,0.5527845538861945,0.28814185825745453,0.018367802639573938
"Higgs, Harry",13,4,0.007422414555734724,0.20024272567523327,0.5825142452283651,0.20224276713891554,0.007577847401751381
"Higgs, Harry",14,5,0.04790621950607299,0.3519655165344046,0.4767257904495343,0.11831708873202762,0.0050853847779605
"Higgs, Harry",15,3,0.007241895301800083,0.23099747378246693,0.6081524901003383,0.1506657981511652,0.002942342664229436
"Higgs, Harry",16,4,0.00197683618787331,0.14933736905462835,0.6426370545539182,0.20227004183498354,0.003778698368596567
"Higgs, Harry",17,5,0.04612562100425288,0.4260542742819833,0.46653290992939633,0.060492661908272516,0.0007945328760949888
"Higgs, Harry",18,4,0.0033363065871507835,0.14521816688872202,0.5862633957455577,0.254388517900065,0.010793612878504444
"Highsmith, Joe",1,4,0.010364040012986908,0.29827085502434897,0.5968501111418327,0.09363088718293278,0.0008841066378986184
"Highsmith, Joe",2,4,0.009815143452627406,0.22339356158381163,0.5764663218899064,0.18378746096539866,0.006537512108255816
"Highsmith, Joe",3,4,0.005364718265232271,0.260945921687943,0.6374651610847168,0.09560686966313525,0.0006173292989726242
"Highsmith, Joe",4,5,0.013343849245119999,0.30900777041153804,0.5797793424879383,0.09671991555807247,0.0011491222973312176
"Highsmith, Joe",5,3,0.008516013748136264,0.24012001096786906,0.5994923257955944,0.14875894571170245,0.0031127037766978116
"Highsmith, Joe",6,4,0.002283378026491867,0.12056761319794107,0.5736626701156864,0.28921157304508693,0.014274765614793794
"Highsmith, Joe",7,5,0.07345364343623917,0.41677374989426175,0.42924703366995554,0.07818057300575076,0.0023449999937927846
"Highsmith, Joe",8,4,0.006940573500358371,0.22824032370923536,0.6101337584468345,0.1517505341816613,0.0029348101619104394
"Highsmith, Joe",9,3,0.0023016795419832925,0.15455869248381143,0.6366501609219629,0.2024021525354387,0.004087314516803664
"Highsmith, Joe",10,4,0.008851016944645351,0.2627794439161814,0.6045317979629026,0.12208711811519135,0.001750623061079315
"Highsmith, Joe",11,3,0.0029789731930484065,0.1503054211456662,0.6063697182334109,0.23285520022584616,0.00749068720202839
"Highsmith, Joe",12,4,0.004786724430988154,0.1519537308462951,0.5606061728081677,0.2671855381990691,0.015467833715479884
"Highsmith, Joe",13,4,0.00900912234613327,0.21953507718361698,0.5814686085055732,0.18376940170060463,0.006217790264071876
"Highsmith, Joe",14,5,0.05438183363356275,0.3695084472664073,0.46485318641891804,0.10700855048584557,0.004247982195266342
"Highsmith, Joe",15,3,0.008911803948648822,0.2534098294561,0.6013256882803055,0.13402463555909838,0.0023280427558471928
"Highsmith, Joe",16,4,0.0025479852947222215,0.16853800258498675,0.645156769257872,0.18079706545945806,0.0029601774029609507
"Highsmith, Joe",17,5,0.05336366702105155,0.44694343106863443,0.4464962460456845,0.052574378755094964,0.0006222771095345525
"Highsmith, Joe",18,4,0.004148533969503321,0.16196630449320254,0.5920684587024747,0.23293645710193633,0.008880245732883152
"Hisatsune, Ryo",1,4,0.011680737916476336,0.3131281241651906,0.5880995014618586,0.08633483249889018,0.0007568039575842622
"Hisatsune, Ryo",2,4,0.010920383712379855,0.2347726812543932,0.5747130920058854,0.1737582615960307,0.00583558143131091
"Hisatsune, Ryo",3,4,0.006155575078392095,0.276247318613124,0.6293553399770202,0.08772096495948478,0.0005208013719788518
"Hisatsune, Ryo",4,5,0.014924626797731488,0.32335519824011144,0.5712328729962177,0.08949552204133249,0.0009917799246068615
"Hisatsune, Ryo",5,3,0.009558538305443343,0.25282553252695944,0.5955794738613784,0.13930544273881917,0.0027310125673996044
"Hisatsune, Ryo",6,4,0.0026019799689770973,0.12899413533669973,0.5794262493483415,0.2761577803295343,0.012819855016447335
"Hisatsune, Ryo",7,5,0.07856178081926585,0.42591887585314464,0.42019946096365923,0.07322374213997085,0.0020961402239594307
"Hisatsune, Ryo",8,4,0.00782951847615554,0.24095074426450824,0.6066703729004775,0.14198261211026209,0.0025667522485965932
"Hisatsune, Ryo",9,3,0.0026533694450919243,0.16544897012018833,0.6382181668794338,0.19011250754511388,0.003566986010172135
"Hisatsune, Ryo",10,4,0.009966761105258903,0.2765145453947076,0.5984896897395775,0.11351121772368855,0.0015177860367674434
"Hisatsune, Ryo",11,3,0.003396759111342018,0.16035338061439103,0.6091637081891479,0.22044513017795797,0.006641021907161093
"Hisatsune, Ryo",12,4,0.0053675428782749,0.16108375446918327,0.5641518462932553,0.2554066260797119,0.013990230279574689
"Hisatsune, Ryo",13,4,0.010046329688115752,0.23097536699795407,0.5798189317524391,0.17361938864286608,0.005539982918624897
"Hisatsune, Ryo",14,5,0.05839379813428569,0.3793953167367724,0.4575163163338579,0.10086879170423357,0.003825777090850413
"Hisatsune, Ryo",15,3,0.010013555427458798,0.26665011444531594,0.596250750600102,0.12505475985505077,0.0020308196720724148
"Hisatsune, Ryo",16,4,0.0029388659771954484,0.18019034049436167,0.645183156505166,0.16912091524929806,0.002566721773978764
"Hisatsune, Ryo",17,5,0.057900732366944485,0.45853329687383015,0.43460924852676586,0.04841689632295132,0.0005398259095081848
"Hisatsune, Ryo",18,4,0.0046899207823193345,0.17206906278911338,0.5942930818436527,0.2210244119491549,0.007923522635759683
"Hodges, Lee",1,4,0.01063009922402336,0.30138238574777454,0.5950737534006489,0.09205800286230625,0.0008557587652469056
"Hodges, Lee",2,4,0.010039470804281914,0.22576933903019702,0.576158799741985,0.1816486529398379,0.0063837374836981375
"Hodges, Lee",3,4,0.005523364501768158,0.26413805255973877,0.6358384787083408,0.09390438601407258,0.0005957182160797325
"Hodges, Lee",4,5,0.013664246419322457,0.31201677137730277,0.5780404398650059,0.09516434925619466,0.0011141930821743085
"Hodges, Lee",5,3,0.008726919706577019,0.24277278235232325,0.5987370929485671,0.14673468009088608,0.003028524901646512
"Hodges, Lee",6,4,0.002347391471072713,0.12231095452219526,0.5749384302981805,0.286446226065013,0.013956997643538527
"Hodges, Lee",7,5,0.07450795493748186,0.4187213620152207,0.42736365348368943,0.07711657125971205,0.002290458303895959
"Hodges, Lee",8,4,0.007120042471457033,0.23089088605325686,0.6094769194774687,0.1496586080727813,0.002853543925036117
"Hodges, Lee",9,3,0.002372042433387511,0.15681426797433895,0.6370634924681593,0.19977781793832494,0.003972379185789299
"Hodges, Lee",10,4,0.009076489221716721,0.2656500844911793,0.6033293633162616,0.12024502941310555,0.0016990335577368176
"Hodges, Lee",11,3,0.003062916233598223,0.15238832489922605,0.6070305279700378,0.23021408716256864,0.007304143734569335
"Hodges, Lee",12,4,0.004904188073464266,0.1538501494418092,0.5614105722249988,0.2646891813411393,0.015145908918588469
"Hodges, Lee",13,4,0.00921945071987429,0.2219224839507276,0.5811845008363359,0.18160436558742055,0.006069198905641726
"Hodges, Lee",14,5,0.055208275042992305,0.37160244033788853,0.4633388991548672,0.1056946523486928,0.004155733115559168
"Hodges, Lee",15,3,0.0091346204211597,0.25617611539613433,0.6003260872810641,0.13210083298028985,0.00226234392135205
"Hodges, Lee",16,4,0.0026261817993346037,0.17095357026821867,0.6452483634796113,0.17829884020957387,0.0028730442432615133
"Hodges, Lee",17,5,0.054295167991118054,0.44940988190711134,0.44401479847847436,0.051676152784387974,0.0006039988389082707
"Hodges, Lee",18,4,0.004257686709331188,0.1640641246491052,0.5926044083989761,0.23040308288479905,0.00867069735778847
"Hoey, Rico",1,4,0.010818424677960792,0.30354995904907667,0.5938184238441968,0.0909766332209283,0.0008365592078374284
"Hoey, Rico",2,4,0.010197941533241106,0.2274266245502392,0.5759257052325757,0.18017093111905258,0.0062787975648913585
"Hoey, Rico",3,4,0.005636022140152963,0.2663656718388354,0.6346825147396602,0.09273467324925977,0.0005811180320915987
"Hoey, Rico",4,5,0.013890726579064094,0.3141115807479983,0.5768128880224954,0.09409430247901207,0.001090502171430141
"Hoey, Rico",5,3,0.008876126896860792,0.2446232897064124,0.5981906429663932,0.1453386845533139,0.0029712558770197406
"Hoey, Rico",6,4,0.002392815728821107,0.12353205612608337,0.5758054910274544,0.28452979779379795,0.013739839323843261
"Hoey, Rico",7,5,0.07524719768142207,0.42006790215244505,0.42604801381341995,0.07638364101156081,0.0022532453411521214
"Hoey, Rico",8,4,0.007247124565952334,0.2327408682350749,0.6089976678984161,0.14821605329394671,0.002798286006609918
"Hoey, Rico",9,3,0.002422066189318617,0.15839339068260955,0.6373246004180768,0.19796570051629092,0.003894242193704045
"Hoey, Rico",10,4,0.009236079314219825,0.2676516735353192,0.6024717600860596,0.11897647564041369,0.0016640114239876436
"Hoey, Rico",11,3,0.0031224823977036853,0.15384598756754875,0.6074669764558307,0.22838758576069873,0.007176967818218083
"Hoey, Rico",12,4,0.004987299706523229,0.155176097976628,0.56195141817007,0.26295952440994796,0.014925659736830799
"Hoey, Rico",13,4,0.009368092058458788,0.2235882415104739,0.580967171713695,0.1801086666317243,0.005967828085647997
"Hoey, Rico",14,5,0.05578825163727885,0.3730537717472062,0.4622769552839249,0.10478831773134789,0.004092703600242165
"Hoey, Rico",15,3,0.009292276464330118,0.2581052296526957,0.5996097061677308,0.13077509348417182,0.002217694231071543
"Hoey, Rico",16,4,0.002681777193942636,0.17264403156900304,0.6452849690594947,0.1765753437716261,0.002813878405933501
"Hoey, Rico",17,5,0.0549498555833694,0.45111573315641884,0.44228357453644607,0.05105924311140142,0.0005915936123642718
"Hoey, Rico",18,4,0.004335023638871116,0.16553110393516224,0.592955644058532,0.2286505472157936,0.008527681151641042
"Hojgaard, Nicolai",1,4,0.010251019753476143,0.2969311427917873,0.5976055352252144,0.09431569662648864,0.0008966056030335068
"Hojgaard, Nicolai",2,4,0.009719688913401248,0.22237180078642776,0.576588825418269,0.18471480103744553,0.006604883844456566
"Hojgaard, Nicolai",3,4,0.0052975106825684515,0.25957354176652125,0.6381535645340314,0.09634850504201953,0.0006268779748593856
"Hojgaard, Nicolai",4,5,0.013207589602840575,0.30771150224809124,0.5805195281680529,0.0973968754170782,0.0011645045639371299
"Hojgaard, Nicolai",5,3,0.008426381581007558,0.23897912705223062,0.599806818456489,0.14963799297854086,0.0031496799317319857
"Hojgaard, Nicolai",6,4,0.0022562429088073266,0.11982043613712856,0.5731020227478733,0.2904074772244096,0.014413820981781233
"Hojgaard, Nicolai",7,5,0.0730021650061099,0.41592982231606085,0.4300560392637089,0.07864307324458752,0.0023689001695328393
"Hojgaard, Nicolai",8,4,0.006864360370642697,0.2271009196154456,0.6104051811880737,0.15265901588572284,0.002970522940115128
"Hojgaard, Nicolai",9,3,0.0022719006156135535,0.153591588357057,0.6364581247085024,0.20354055527432047,0.004137831044506601
"Hojgaard, Nicolai",10,4,0.00875523416266577,0.2615443970815708,0.6050390295597285,0.12288801403892247,0.001773325157112482
"Hojgaard, Nicolai",11,3,0.002943389947634434,0.14941205088360632,0.6060726729731408,0.23399940268204467,0.007572483513573758
"Hojgaard, Nicolai",12,4,0.004736809284854038,0.15113971367869317,0.5602495942454833,0.26826530887871114,0.01560857391225845
"Hojgaard, Nicolai",13,4,0.008919655175185615,0.2185085027873625,0.5815807443700267,0.18470818935773559,0.006282908309689583
"Hojgaard, Nicolai",14,5,0.05402819588056723,0.36860296729422,0.46550147644834716,0.10757900288086475,0.004288357496000872
"Hojgaard, Nicolai",15,3,0.0088171216271819,0.2522198271748067,0.6017455509475572,0.1348605733553364,0.0023569268951177946
"Hojgaard, Nicolai",16,4,0.002514892294498139,0.16750195381593602,0.645103059969804,0.18188158140727784,0.002998512512484064
"Hojgaard, Nicolai",17,5,0.05296558370083415,0.4458750086125004,0.4475632935946272,0.05296579178410321,0.0006303223079350273
"Hojgaard, Nicolai",18,4,0.004102204382176788,0.1610659525835249,0.591826098302259,0.23403369993825207,0.008972044793787326
"Hojgaard, Rasmus",1,4,0.011619408343718163,0.31246486179736405,0.5885044060795829,0.08664925279303759,0.0007620709862973252
"Hojgaard, Rasmus",2,4,0.010869167504705901,0.2342627663751528,0.5748065521654591,0.17419628178258428,0.0058652321720980005
"Hojgaard, Rasmus",3,4,0.006118427094062351,0.275561042267165,0.6297355720409855,0.08806019108253227,0.0005247675152548759
"Hojgaard, Rasmus",4,5,0.014851257330915524,0.3227157808181423,0.5716273247568411,0.08980732150195903,0.0009983155921420295
"Hojgaard, Rasmus",5,3,0.009510044377359528,0.25225621207626214,0.5957704893018094,0.13971625407545984,0.002747000169109004
"Hojgaard, Rasmus",6,4,0.0025870411910448587,0.12861238410680975,0.5791865044972908,0.2767325239960464,0.012881546208808103
"Hojgaard, Rasmus",7,5,0.07832969356392383,0.42551887632630403,0.42060626877074536,0.07343851400815327,0.0021066473308735123
"Hojgaard, Rasmus",8,4,0.007788070181946993,0.24038037241689397,0.6068424113593724,0.1424069999605181,0.0025821460812684993
"Hojgaard, Rasmus",9,3,0.0026367989478153775,0.16495627844132887,0.6381698342943574,0.19064835190215734,0.0035887364143409872
"Hojgaard, Rasmus",10,4,0.009914796016441352,0.27589985190441874,0.5987754125865792,0.113882458264282,0.0015274812282787265
"Hojgaard, Rasmus",11,3,0.0033771704216795095,0.15989925041848124,0.6090582886651534,0.22098847622244888,0.006676814272236986
"Hojgaard, Rasmus",12,4,0.005340514682483644,0.16067208475905365,0.5640093413530012,0.255924979173733,0.014053080031728449
"Hojgaard, Rasmus",13,4,0.009998215388038967,0.23046241776047544,0.5799082095446937,0.17406256737736536,0.005568589929426548
"Hojgaard, Rasmus",14,5,0.05821109024609411,0.37895990729499757,0.4578495099209635,0.10113582049828662,0.003843672039658186
"Hojgaard, Rasmus",15,3,0.00996228773576563,0.26605731791910076,0.5964933792537944,0.12544378164671766,0.0020432334446215394
"Hojgaard, Rasmus",16,4,0.0029204470710484376,0.17966373785821776,0.6452039146680004,0.1696287851395908,0.002583115263142588
"Hojgaard, Rasmus",17,5,0.05769330407844536,0.45802593671354314,0.4351419143544538,0.04859558789376184,0.0005432569597958459
"Hojgaard, Rasmus",18,4,0.004664637704381136,0.17161337491083228,0.5942116409544744,0.2215464000291456,0.007963946401166488
"Homa, Max",1,4,0.00971236123725322,0.29039190527224473,0.6012100578475135,0.09772541168395565,0.0009602639590329254
"Homa, Max",2,4,0.00926337193122656,0.21739436315622424,0.577100120041621,0.1892980162648228,0.006944128606105382
"Homa, Max",3,4,0.00497874591040115,0.2528925083530005,0.6414083879248217,0.10004466403154189,0.0006756937802347984
"Homa, Max",4,5,0.012556843168215315,0.3013782026193917,0.5840574947089566,0.10076478020838242,0.00124267929505395
"Homa, Max",5,3,0.007998842699832143,0.23342151973505765,0.6012482972097974,0.15399460472710025,0.0033367356282125726
"Homa, Max",6,4,0.002127394362347046,0.11620286641965061,0.5702664891900533,0.29629072246242627,0.015112527565522837
"Homa, Max",7,5,0.07081949260099019,0.41176379179460826,0.4339880659717457,0.08093935987034595,0.0024892897623098875
"Homa, Max",8,4,0.006501324889240767,0.22155511019970464,0.611630281826341,0.1571619508202483,0.0031513322644652897
"Homa, Max",9,3,0.002130899506464168,0.1489059811882798,0.6353978873899515,0.20917157509237216,0.004393656822932357
"Homa, Max",10,4,0.008298696495133873,0.2555241526734712,0.6074228125523873,0.12686579422760758,0.0018885440514000429
"Homa, Max",11,3,0.002774427276816316,0.14508103425700541,0.6045134363842031,0.23964613324714945,0.00798496883482569
"Homa, Max",12,4,0.004498758302527162,0.14718788746929934,0.5584197786657026,0.2735790270483679,0.016314548514102967
"Homa, Max",13,4,0.008492219761285114,0.21350924748559924,0.5820389335301197,0.189348639751316,0.006610959471679889
"Homa, Max",14,5,0.05232077230589566,0.3641493079567231,0.4686333123790517,0.11040530682090988,0.00449130053741964
"Homa, Max",15,3,0.008365593630428991,0.24642039663760507,0.6037026273023848,0.13900810470110037,0.0025032777284808017
"Homa, Max",16,4,0.002358210396156024,0.1624793616822809,0.6447161516892155,0.18725327946997405,0.003192996762373612
"Homa, Max",17,5,0.05104796970165176,0.4406037670558705,0.4527593411528339,0.05491775107697594,0.0006711710126678927
"Homa, Max",18,4,0.003881708868532785,0.15669603711579366,0.5905418208123414,0.23944622072859967,0.009434212474732417
"Hooks, Joe",1,4,0.0031499933853154083,0.17601092374204463,0.6353412952934518,0.1821111199552763,0.003386667623911821
"Hooks, Joe",2,4,0.0034244838218441265,0.1324420799833536,0.5576839742013331,0.28906157261917453,0.017387889374294696
"Hooks, Joe",3,4,0.0013649799921809924,0.14111706439883703,0.6621118879291392,0.19273401424680825,0.002672053433034449
"Hooks, Joe",4,5,0.004377924425590651,0.1887245932142098,0.6197353589001141,0.18305731603426367,0.004104807425821755
"Hooks, Joe",5,3,0.00271472306513465,0.1388854461522847,0.5953821388861351,0.25340925566010064,0.009608436236344886
"Hooks, Joe",6,4,0.0006340845906016024,0.06019687638436916,0.48986361115024213,0.41358525747861263,0.03572017039617448
"Hooks, Joe",7,5,0.037541363994370025,0.3241599816432577,0.4964675919696632,0.13558929480157067,0.00624176759113837
"Hooks, Joe",8,4,0.0021055310330934662,0.12851370205207674,0.6000919058104207,0.2599875329415312,0.009301328162877875
"Hooks, Joe",9,3,0.0005661946361887882,0.07589620111655498,0.5777917963064263,0.33263587595294575,0.013109931987884127
"Hooks, Joe",10,4,0.0027241950030663653,0.15224510283631154,0.617967141161301,0.22106884779133706,0.005994713207984059
"Hooks, Joe",11,3,0.0008186706232781171,0.07676229422993858,0.5426570060699101,0.358773346259058,0.020988682817815185
"Hooks, Joe",12,4,0.0015556502952033258,0.08322731263408778,0.49811866108770475,0.3805514498555139,0.03654692612749022
"Hooks, Joe",13,4,0.003073538916826435,0.12865918626110345,0.5609100830979288,0.2905617447494028,0.01679544697473856
"Hooks, Joe",14,5,0.02680922561251825,0.2753911783645597,0.512069504694645,0.17516262938171412,0.010567461946562995
"Hooks, Joe",15,3,0.0028062698496722494,0.14716871051214253,0.606972553363678,0.23549420371690943,0.007558262557597839
"Hooks, Joe",16,4,0.0006222286088944928,0.08356151061111633,0.5979068919682196,0.3078620013182649,0.010047367493504655
"Hooks, Joe",17,5,0.02352342861428558,0.3314120886110039,0.5379129059034901,0.10500425959542403,0.002147317275796423
"Hooks, Joe",18,4,0.0012409903120927934,0.08639987961133255,0.5358556133409834,0.3529190445495387,0.02358447218605253
"Hoshino, Rikuya",1,4,0.00860937244749399,0.276127842988282,0.6085777384205245,0.10556919748001192,0.0011158486636875242
"Hoshino, Rikuya",2,4,0.008321306462147349,0.20659164613963527,0.5777026289165521,0.19963589812789273,0.007748520353772603
"Hoshino, Rikuya",3,4,0.0043344336207211676,0.23842173839311037,0.6478794785717887,0.10856814986431229,0.000796199550067378
"Hoshino, Rikuya",4,5,0.011217022342712435,0.2875274477396069,0.5913268759607342,0.1084959998503775,0.001432654106569009
"Hoshino, Rikuya",5,3,0.007121415593270175,0.22136142127832498,0.6038374343294077,0.1638939629781785,0.0037857658208185763
"Hoshino, Rikuya",6,4,0.0018661121929820501,0.10847840612484821,0.5634999096564128,0.3093958493673069,0.016759722658449938
"Hoshino, Rikuya",7,5,0.06617609651565692,0.40240112063875433,0.4424643755989036,0.08618335488658868,0.0027750523600964527
"Hoshino, Rikuya",8,4,0.0057589891169059215,0.20954720409047684,0.6137112858697968,0.16739623268354142,0.0035862882392789786
"Hoshino, Rikuya",9,3,0.0018471565909730092,0.1388839318818843,0.6323606812366448,0.22189877132974034,0.005009458960757551
"Hoshino, Rikuya",10,4,0.00736364369538145,0.24243816250067612,0.612074846653107,0.13595582114773963,0.0021675260030957766
"Hoshino, Rikuya",11,3,0.0024318198056399454,0.13580162422959718,0.6004683169739178,0.25233145202132634,0.008966786969518692
"Hoshino, Rikuya",12,4,0.004010389029470651,0.13868856729428602,0.5539023186277454,0.28542725343097186,0.017971471617526102
"Hoshino, Rikuya",13,4,0.0076112109032389075,0.20266867866913257,0.5825108694457408,0.19981945963245795,0.0073897813494296916
"Hoshino, Rikuya",14,5,0.04870102028576734,0.35423407045526895,0.47527117158321763,0.116823464906881,0.0049702727688650805
"Hoshino, Rikuya",15,3,0.007439496280886193,0.23382118044948735,0.6074231683918061,0.14846007829857566,0.002856076579244693
"Hoshino, Rikuya",16,4,0.002042978111706839,0.1517200311178265,0.6431355896113982,0.1994380228994188,0.0036633782596496856
"Hoshino, Rikuya",17,5,0.04700787893805203,0.4287769344963491,0.4640171212156863,0.05942786279452461,0.0007702025553879555
"Hoshino, Rikuya",18,4,0.003431856639995734,0.14730410561376484,0.5871433786778637,0.2515911427435522,0.010529516324823573
"Hossler, Beau",1,4,0.009344349508583039,0.2857697590621766,0.6036732492941292,0.10020459035430429,0.0010080517808068734
"Hossler, Beau",2,4,0.00895024741594641,0.21388580068215285,0.5773734513186068,0.19259574190466378,0.007194758678630064
"Hossler, Beau",3,4,0.004762481282800712,0.24818790088774828,0.6436014376270625,0.10273564744775643,0.0007125327546321225
"Hossler, Beau",4,5,0.01211094283987929,0.29689543093909815,0.586481650731792,0.10321078762704394,0.0013011878621865813
"Hossler, Beau",5,3,0.007706398552644933,0.22950423124690228,0.6021719373025536,0.1571415999502107,0.0034758329476884953
"Hossler, Beau",6,4,0.0020398288163498424,0.11367503546681024,0.568162059970674,0.30049591411165655,0.01562716163450939
"Hossler, Beau",7,5,0.06929742087890678,0.40877171747325164,0.4367501725212118,0.08260240961649412,0.0025782795101356726
"Hossler, Beau",8,4,0.006253489175827409,0.21765075128390537,0.6123947508405765,0.1604150732102264,0.00328593548946432
"Hossler, Beau",9,3,0.0020354687658651893,0.14562875266908265,0.6345238335184752,0.21322777300663076,0.0045841720399462105
"Hossler, Beau",10,4,0.00798675313227365,0.2512768976990241,0.6090139053352189,0.1297478304727968,0.0019746133606864946
"Hossler, Beau",11,3,0.0026596025321385386,0.14204910130210407,0.6033004858454308,0.24370047747079804,0.008290332849528514
"Hossler, Beau",12,4,0.004335962498764445,0.1444158149042427,0.5570358601413814,0.2773790585209823,0.016833303934629118
"Hossler, Beau",13,4,0.008199169398913575,0.20998695060913614,0.5822721927125913,0.19268820710013945,0.0068534801792194955
"Hossler, Beau",14,5,0.05113233363067504,0.3609668554436461,0.4708138399866963,0.112446110413849,0.004640860525133572
"Hossler, Beau",15,3,0.008056840146960065,0.24233013502883305,0.604991927990899,0.1420087486746917,0.002612348158616218
"Hossler, Beau",16,4,0.002252178233631552,0.1589635231240576,0.6443160361670606,0.1911300677485085,0.0033381947267417944
"Hossler, Beau",17,5,0.049717648270602655,0.43682114268566313,0.4564192461608236,0.05634025838068957,0.0007017045022210677
"Hossler, Beau",18,4,0.003731367168702704,0.15363179223633827,0.5895313275574618,0.2433299435469921,0.009775569490505065
"Hubbard, Mark",1,4,0.011038875959392236,0.306051752027375,0.5923515052259153,0.08974292483495372,0.0008149419523637569
"Hubbard, Mark",2,4,0.010383121914347482,0.22934178374475866,0.5756375700321088,0.17847767222584654,0.006159852082938566
"Hubbard, Mark",3,4,0.005768272838146571,0.26894073869227736,0.6333253260957054,0.09140094669214283,0.0005647156817278898
"Hubbard, Mark",4,5,0.01415552468405612,0.3165280315784859,0.5753797282737114,0.09287292122808033,0.00106379423566616
"Hubbard, Mark",5,3,0.009050706362554561,0.24676171930402008,0.5975393670445837,0.14374168728360326,0.0029065200052385
"Hubbard, Mark",6,4,0.002446106790389535,0.12494827156151272,0.5767842577780589,0.2823279692566496,0.013493394613389276
"Hubbard, Mark",7,5,0.076105358644797,0.4216117068729001,0.4245258519875128,0.0755460093233703,0.002211073171419775
"Hubbard, Mark",8,4,0.007395935576891943,0.23487972576436933,0.6084225872746922,0.14656589840473555,0.0027358529793108932
"Hubbard, Mark",9,3,0.0024808502830070966,0.16022403041168687,0.6375987767705824,0.19589036821983896,0.003805974314884608
"Hubbard, Mark",10,4,0.009422887112637557,0.2699637645678344,0.6014617580662074,0.11752709208183854,0.001624498171482136
"Hubbard, Mark",11,3,0.003192364074865117,0.15553524531130575,0.6079465010025558,0.22629294393454058,0.007032945676732849
"Hubbard, Mark",12,4,0.005084556297462517,0.15671149240671817,0.5625558657287464,0.2609726298691456,0.014675455697927386
"Hubbard, Mark",13,4,0.009541847978005225,0.22551355680110363,0.5806966797368236,0.17839495549976947,0.005852959984298023
"Hubbard, Mark",14,5,0.0564620471457572,0.3747213918273124,0.4610441409961708,0.1037512349881009,0.004021185042658693
"Hubbard, Mark",15,3,0.009476764625203193,0.26033390188349603,0.5987626135679394,0.12925945019336127,0.002167269730000143
"Hubbard, Mark",16,4,0.0027471110545321253,0.17460305241506746,0.645299664808866,0.1746030603987514,0.002747111322783047
"Hubbard, Mark",17,5,0.05571144880839335,0.4530720679234665,0.4402828357086762,0.05035604693281004,0.0005776006266539069
"Hubbard, Mark",18,4,0.004425631663900809,0.16723001587630992,0.5933386141760326,0.22664017482989463,0.008365563453861968
"Jaeger, Stephan",1,4,0.011355866826940675,0.3095842060284294,0.5902477665510996,0.08802678282516063,0.0007853777683697327
"Jaeger, Stephan",2,4,0.010648802093535692,0.232050251994607,0.5751961781355743,0.17610899415348802,0.005995773622794909
"Jaeger, Stephan",3,4,0.005959134659987209,0.27258387821371777,0.6313675674377656,0.08954707211831081,0.0005423475702186487
"Jaeger, Stephan",4,5,0.014535698220304705,0.3199375213860147,0.5733267121635546,0.0911728599848598,0.0010272082452662534
"Jaeger, Stephan",5,3,0.009301590314833241,0.24978588454508988,0.5965826087399857,0.14151238270203437,0.0028175336980568177
"Jaeger, Stephan",6,4,0.0025229552951794854,0.1269604833510214,0.578126371591346,0.27923729017011567,0.013152899592337342
"Jaeger, Stephan",7,5,0.0773261605126514,0.42377274006518706,0.4223699966869142,0.07437819136118695,0.0021529113740603734
"Jaeger, Stephan",8,4,0.007610008442025029,0.23790638092278232,0.607570941370797,0.14426258464424768,0.00265008462014793
"Jaeger, Stephan",9,3,0.002565799696785054,0.16282356521213037,0.6379366542082453,0.19298923852428063,0.003684742358558646
"Jaeger, Stephan",10,4,0.009691490932070057,0.2732318099253844,0.5999992589214838,0.11550712426293808,0.0015703159581237358
"Jaeger, Stephan",11,3,0.003293135843260797,0.15793298006078227,0.6085796893884734,0.22335969201818073,0.006834502689302857
"Jaeger, Stephan",12,4,0.00522434508857017,0.15888862137214405,0.5633734626020737,0.2581842549280676,0.014329316009144444
"Jaeger, Stephan",13,4,0.009791251144124047,0.22823705311099063,0.5802791980649512,0.17599793472701397,0.005694562952920146
"Jaeger, Stephan",14,5,0.05742153193348137,0.37706245859946963,0.4592905667743545,0.10230305160782183,0.0039223910848726895
"Jaeger, Stephan",15,3,0.00974193046296723,0.26348459341485597,0.5975299600238945,0.12714547746917604,0.0020980386291062914
"Jaeger, Stephan",16,4,0.002841529871179249,0.17738361732889185,0.6452705358852289,0.17184878347411026,0.0026555334405897746
"Jaeger, Stephan",17,5,0.05679778298132776,0.4558115700429233,0.4374532636075701,0.049378965358522375,0.0005584180096565028
"Jaeger, Stephan",18,4,0.004556065721904978,0.1696393726647697,0.5938387366582336,0.22382391760237175,0.008141907352720024
"Johnson, Zach",1,4,0.008797192830125367,0.27864661570363564,0.6073276726138193,0.10414194065835902,0.0010865781940607722
"Johnson, Zach",2,4,0.008482503662455843,0.2084939425666152,0.5776485622772753,0.19777532660745678,0.007599664886196789
"Johnson, Zach",3,4,0.004443315288884642,0.2409667038740113,0.6468014004984861,0.10701517396060944,0.0007734063780084899
"Johnson, Zach",4,5,0.011445905193290196,0.28997687659249866,0.5900893377050311,0.10709085649800265,0.0013970240111773613
"Johnson, Zach",5,3,0.007271028962503978,0.22348487165564151,0.6034370051736195,0.1621049839223906,0.00370211028584444
"Johnson, Zach",6,4,0.0019103541128253076,0.10982604389031941,0.5647537328790819,0.3070539914632613,0.016455877654512063
"Johnson, Zach",7,5,0.06698457612473768,0.40408236886465243,0.44097800575423235,0.08523291218711071,0.002722137069266828
"Johnson, Zach",8,4,0.0058852971301133206,0.21165878973368685,0.6134042496261218,0.16554650185293696,0.003505161657141098
"Johnson, Zach",9,3,0.0018949835522467096,0.1406340148176612,0.6329706893568705,0.219605746454971,0.004894565818250651
"Johnson, Zach",10,4,0.007522892274566317,0.24474438228926326,0.6113095236686034,0.1343078955931979,0.0021153061743691692
"Johnson, Zach",11,3,0.002489829207415417,0.13742366584253246,0.601248059865442,0.25005372339906373,0.008784721685546337
"Johnson, Zach",12,4,0.004093648858085885,0.1401775654365333,0.5547534871976765,0.2833087242591591,0.01766657424854523
"Johnson, Zach",13,4,0.007761817630996759,0.20457668110174004,0.5824813574154379,0.1979345843914011,0.007245559460424156
"Johnson, Zach",14,5,0.04933001390433811,0.356005336151767,0.47411891857250665,0.11566387281553525,0.0048818585558529914
"Johnson, Zach",15,3,0.007597351244759409,0.23604096363146942,0.6068223379451902,0.14674914887847734,0.002790198300103519
"Johnson, Zach",16,4,0.002096105792346925,0.15360048946583982,0.6434897075342005,0.19723830824042798,0.0035753889671846784
"Johnson, Zach",17,5,0.04770735105538626,0.4308985480221827,0.46203732103658696,0.05860512766516912,0.0007516522206749698
"Johnson, Zach",18,4,0.0035082997944782535,0.1489487690597362,0.5878042005430404,0.24941184319972187,0.010326887403023233
"Kanaya, Takumi",1,4,0.009615946962663158,0.2891935031604909,0.6018555156866948,0.09836260919828055,0.0009724249918705574
"Kanaya, Takumi",2,4,0.009181447821373645,0.21648392709785125,0.5771780579977001,0.19014834053879826,0.007008226544276797
"Kanaya, Takumi",3,4,0.004921966262255717,0.2516713090130337,0.6419856497610966,0.10073602174475016,0.000685053218863807
"Kanaya, Takumi",4,5,0.012440128329650857,0.3002164322089876,0.5846921859659368,0.10139367099564633,0.0012575824997784757
"Kanaya, Takumi",5,3,0.007922254475986934,0.23240500000736297,0.6014954259331937,0.1548050820274398,0.0033722375560165663
"Kanaya, Takumi",6,4,0.0021044164689233424,0.11554515956293782,0.5697288881144,0.29737726766236205,0.015244268191376698
"Kanaya, Takumi",7,5,0.07042322837247816,0.410991822694943,0.43470559334234143,0.0813673108724543,0.002512044717783102
"Kanaya, Takumi",8,4,0.006436380174433209,0.22054157716171913,0.6118366404464008,0.1579997269961102,0.0031856752213366146
"Kanaya, Takumi",9,3,0.002105826113594167,0.1480535318207195,0.6351812616719439,0.21021712016320282,0.004442260230539619
"Kanaya, Takumi",10,4,0.008216974518011788,0.2544223134284845,0.6078428895305379,0.1276073419926479,0.0019104805303179484
"Kanaya, Takumi",11,3,0.0027442960932781424,0.14429260958007922,0.6042078331588872,0.2406922456321563,0.008063015535599183
"Kanaya, Takumi",12,4,0.004456121100481769,0.14646748791327036,0.5580682217652853,0.27456072773266327,0.016447441488299352
"Kanaya, Takumi",13,4,0.008415527255350164,0.21259511591714703,0.5821066850970215,0.19020970097440493,0.006672970756076424
"Kanaya, Takumi",14,5,0.052011190796064866,0.3633269456003385,0.46920133391035834,0.11093095036329303,0.004529579329945244
"Kanaya, Takumi",15,3,0.008284726092744221,0.24535919059764028,0.6040444683711137,0.139780518272547,0.0025310966659547462
"Kanaya, Takumi",16,4,0.002330350643687751,0.16156507807290005,0.6446225710909596,0.18825199008421256,0.003230010108240089
"Kanaya, Takumi",17,5,0.05070107344297964,0.4396275679013614,0.45370930647770646,0.05528310067549547,0.0006789515024570036
"Kanaya, Takumi",18,4,0.003842297512942461,0.15589961744256542,0.5902880617458772,0.2404485025615769,0.009521520737038047
"Kim, Chan",1,4,0.009022892569491792,0.2816226652680149,0.6058220641238865,0.1024793546557834,0.0010530233828234259
"Kim, Chan",2,4,0.008675773913413343,0.2107444608572826,0.5775554211084031,0.19559668246011463,0.007427661660786344
"Kim, Chan",3,4,0.004574618553195242,0.24397942190773375,0.6454913595384077,0.10520725534483977,0.0007473446558234897
"Kim, Chan",4,5,0.011720539373942684,0.2928689654877818,0.5886012441189656,0.10545313318323102,0.0013561178360789183
"Kim, Chan",5,3,0.007450702131365894,0.22599719570920235,0.6029321071731517,0.16001423761660638,0.0036057573696736123
"Kim, Chan",6,4,0.0019636564593893957,0.11142732308955744,0.5662023086199562,0.30430247004338395,0.01610424178771297
"Kim, Chan",7,5,0.06794609732409507,0.40605323561324486,0.43921594240998957,0.0841237118402598,0.0026610128124107124
"Kim, Chan",8,4,0.006037132857397487,0.21415856229397,0.6130076563394324,0.16338487551908631,0.0034117729901137483
"Kim, Chan",9,3,0.0019527267072014243,0.1427126252050439,0.6336503015808936,0.2169220208120881,0.004762325694772862
"Kim, Chan",10,4,0.007714243265868614,0.24747177790771496,0.6103737985972505,0.13238488408286253,0.002055296146303398
"Kim, Chan",11,3,0.0025597204989972755,0.13934927244516349,0.602132837583047,0.24738361810758347,0.008574551365208682
"Kim, Chan",12,4,0.004193643648490897,0.1419433685544143,0.555729343832833,0.28082033211095847,0.017313311853303315
"Kim, Chan",13,4,0.007942469842135036,0.206834483883147,0.5824163927916418,0.1957276888338575,0.007078964649218644
"Kim, Chan",14,5,0.05007876839183517,0.3580867661807228,0.4727463322539498,0.11430855884155533,0.0047795743319368755
"Kim, Chan",15,3,0.007786954118278455,0.23866648880029573,0.6060809817213136,0.1447511708041147,0.002714404555997474
"Kim, Chan",16,4,0.0021602527452518894,0.15583305172943523,0.6438662068136245,0.1946662475558878,0.003474241155800639
"Kim, Chan",17,5,0.04854143494233698,0.433386852466797,0.4596934626703826,0.057647907576734436,0.0007303423437490242
"Kim, Chan",18,4,0.0036002470028163036,0.1508995841731709,0.5885510964326253,0.24685635863660382,0.010092713754783711
"Kim, Michael",1,4,0.01147638327267636,0.3109077207133642,0.5894498605038362,0.08739145383062474,0.0007745816794985094
"Kim, Michael",2,4,0.010749631578573338,0.23306636169198602,0.5750204597721288,0.17522810892183716,0.005935438035474694
"Kim, Michael",3,4,0.006031910143270314,0.273951037655895,0.6306216797135942,0.0888611742773957,0.0005341982098447939
"Kim, Michael",4,5,0.01468005893478258,0.32121422595377863,0.5725487207031947,0.09054316410861729,0.0010138302996267612
"Kim, Michael",5,3,0.009396929529763454,0.2509204063981955,0.596213020778076,0.1406847392483841,0.0027849040455809604
"Kim, Michael",6,4,0.002552239680761126,0.12771821751220463,0.5786172663180529,0.27808474451017373,0.013027531978807683
"Kim, Michael",7,5,0.077786335437183,0.42457679529370446,0.42156028175341875,0.07394506018405134,0.0021315273316424577
"Kim, Michael",8,4,0.007691425820486764,0.23904240399206023,0.6072399949644984,0.14340752472938312,0.0026186504935714616
"Kim, Michael",9,3,0.0025982256359440292,0.1638020018201123,0.6380484937291153,0.19191095965357619,0.0036403191612521812
"Kim, Michael",10,4,0.00979360826829545,0.2744573026224193,0.5994404239959966,0.11475817747147676,0.0015504876418118707
"Kim, Michael",11,3,0.003331536078275965,0.15883515389345132,0.6088037766898573,0.22226793507453402,0.006761598263881341
"Kim, Michael",12,4,0.005277474244394731,0.1597071289010326,0.5636690455733346,0.25714461574048464,0.014201735540753324
"Kim, Michael",13,4,0.009885937763714214,0.22925900052278297,0.5801121382852903,0.17510658994340123,0.005636333484811296
"Kim, Michael",14,5,0.05778349457016074,0.37793553339558017,0.45862970017806404,0.10176525106184886,0.00388602079434619
"Kim, Michael",15,3,0.009842709710911834,0.2646662493521986,0.5970571839570465,0.1263611796484495,0.002072677331393491
"Kim, Michael",16,4,0.0028775716146424712,0.17842980530275304,0.6452446874898485,0.170825922581063,0.0026220130116929585
"Kim, Michael",17,5,0.05720814773689836,0.4568311454139948,0.43639174364099653,0.04901756373643695,0.000551399471673375
"Kim, Michael",18,4,0.004605700544546287,0.17054529391599638,0.5940139488761627,0.22277539985999995,0.00805965680329468
"Kim, Si Woo",1,4,0.01287711385595064,0.32556440637476,0.5802700661444516,0.08062389522835489,0.0006645183964828494
"Kim, Si Woo",2,4,0.011914779620063265,0.24436858990369353,0.5727046100061188,0.16570558144556102,0.005306439024563403
"Kim, Si Woo",3,4,0.006885955641770303,0.2891698880918896,0.6219225868680028,0.08156983685354713,0.0004517325447901399
"Kim, Si Woo",4,5,0.016351158935587584,0.3353259805367391,0.563621598546639,0.0838243959617675,0.000876866019266842
"Kim, Si Woo",5,3,0.010503391377978955,0.26353811615456735,0.5917233582219104,0.13178729969097602,0.0024478345545673186
"Kim, Si Woo",6,4,0.0028952494017166486,0.13625102546391304,0.5836232800621235,0.26551517832316684,0.011715266749079967
"Kim, Si Woo",7,5,0.08298627315896673,0.4332790309326356,0.412523020926312,0.06930297840999833,0.001908696572087365
"Kim, Si Woo",8,4,0.00863888556575565,0.2516974420536401,0.6031516450173918,0.13421757794445333,0.0022944494187591147
"Kim, Si Woo",9,3,0.0029801415060826675,0.17480198664131597,0.6387578983960398,0.1802775250444515,0.003182448412110128
"Kim, Si Woo",10,4,0.010980410427324394,0.2880671861136991,0.5928645725907109,0.10674087519706321,0.0013469556712024655
"Kim, Si Woo",11,3,0.0037812887343436907,0.1689669036165336,0.6108132535219077,0.21043467849966124,0.006003875627553779
"Kim, Si Woo",12,4,0.005894395347537551,0.168875516899767,0.5665564204726982,0.24581195334958184,0.012861713930415464
"Kim, Si Woo",13,4,0.010981416120581566,0.24063339906563053,0.5778814284748965,0.16547389546013935,0.005029860878752013
"Kim, Si Woo",14,5,0.061884475987495524,0.387458744785437,0.45117378048792,0.09597755818441611,0.0035054405547313428
"Kim, Si Woo",15,3,0.011012781447698128,0.27779576784249815,0.5914318173326883,0.11794813220662825,0.0018115011704871176
"Kim, Si Woo",16,4,0.0033021181229162533,0.19017698534211952,0.6444235503207731,0.1598196228369908,0.0022777233772002248
"Kim, Si Woo",17,5,0.06187766072637668,0.46787502542481507,0.42458938436974347,0.04517853064169397,0.0004793988373708036
"Kim, Si Woo",18,4,0.005184386780158146,0.18069628895091905,0.595517607890107,0.21139972491872094,0.007201991460094925
"Kim, Tom",1,4,0.011419000132160406,0.3102788531460552,0.5898296400557832,0.08769281400021534,0.0007796926657859249
"Kim, Tom",2,4,0.010701634392988157,0.23258346711746153,0.5751046522032978,0.175646216304564,0.005964029981688546
"Kim, Tom",3,4,0.0059972441357326045,0.2733012847071797,0.6309769237817938,0.08918649244795462,0.000538054927339271
"Kim, Tom",4,5,0.014611334518256469,0.3206076502564448,0.5729189764100376,0.09084187405280009,0.0010201647624610288
"Kim, Tom",5,3,0.009351537344926275,0.25038123976737664,0.5963893824362794,0.14107748007617982,0.002800360375237898
"Kim, Tom",6,4,0.0025382915031577635,0.12735792016890046,0.5783848282777072,0.27863200784298536,0.013086952207249203
"Kim, Tom",7,5,0.07756749383431077,0.42419512975458556,0.421945151049095,0.07415056474406534,0.0021416606179432973
"Kim, Tom",8,4,0.007652657449405187,0.2385024854381898,0.6073980463103306,0.14381327134185096,0.0026335394602234885
"Kim, Tom",9,3,0.002582777426932692,0.1633367939198856,0.6379963523957435,0.1924227163502903,0.0036613599071479985
"Kim, Tom",10,4,0.009744985931489092,0.2738749389136933,0.5997066896200723,0.11511350808289844,0.001559877451846825
"Kim, Tom",11,3,0.0033132460526244523,0.15840622660784648,0.6086981924967163,0.22278619309437708,0.00679614174843568
"Kim, Tom",12,4,0.005252178263898233,0.15931802435619397,0.5635293275150401,0.2576382561358991,0.014262213728968631
"Kim, Tom",13,4,0.009840862381524318,0.22877331809476842,0.5801922369018195,0.17552965638982299,0.005663926232064798
"Kim, Tom",14,5,0.05761133926499257,0.3775209669873657,0.4589439711509206,0.10202046376151075,0.003903258835210366
"Kim, Tom",15,3,0.00979472659859948,0.26410470555476695,0.5972825628638684,0.1267333159230264,0.002084689059738798
"Kim, Tom",16,4,0.002860400698706078,0.1779324106400076,0.6452579804642018,0.1713113209367375,0.0026378872603469716
"Kim, Tom",17,5,0.05701293445385225,0.4563471585162845,0.43689621561666114,0.049188968369970776,0.0005547230432313421
"Kim, Tom",18,4,0.004582064143716813,0.17011462735507116,0.5939315211157352,0.22327315307985507,0.008098634305621744
"Kirk, Chris",1,4,0.011576644167793637,0.31200080763278365,0.5887869226778603,0.08686984754811511,0.0007657779734473458
"Kirk, Chris",2,4,0.010833440663296612,0.23390611191731503,0.5748711093023781,0.1745032709883203,0.005886067128689998
"Kirk, Chris",3,4,0.006092541824801179,0.275081062712975,0.6300006113566923,0.08829822368183615,0.0005275604236953946
"Kirk, Chris",4,5,0.014800083434829303,0.32226835021275135,0.5719026007246334,0.090026051574288,0.0010029140534979497
"Kirk, Chris",5,3,0.009476226746725103,0.2518580041129216,0.5959032400241742,0.14000428741489257,0.002758241701286579
"Kirk, Chris",6,4,0.0025766302072138814,0.1283456039841015,0.5790178000511994,0.2771350831001367,0.01292488265734848
"Kirk, Chris",7,5,0.07816754208812926,0.42523856121127435,0.420890734845605,0.07358913114840215,0.0021140307065892205
"Kirk, Chris",8,4,0.007759171369932483,0.2399814750799092,0.6069618249538837,0.14270455724387698,0.002592971352397555
"Kirk, Chris",9,3,0.002625255279727734,0.16461193050507278,0.6381348284960183,0.19102395326673993,0.0036040324524412304
"Kirk, Chris",10,4,0.00987856135219839,0.2754698649633239,0.5989744463021905,0.11414282595001413,0.0015343014322730664
"Kirk, Chris",11,3,0.0033635188121129422,0.15958182913148777,0.608983470439774,0.22136921134185028,0.006701970274775038
"Kirk, Chris",12,4,0.005321667020665222,0.16038428884089195,0.5639087699065335,0.25628805471769156,0.014097219514217718
"Kirk, Chris",13,4,0.009964655166733616,0.230103657125019,0.5799698162978171,0.17437317857815016,0.00558869283228014
"Kirk, Chris",14,5,0.05808346216803817,0.3786549443821053,0.4580823205846108,0.10132302976330265,0.003856243101943102
"Kirk, Chris",15,3,0.009926536827497057,0.26564266238565154,0.5966622566768909,0.12571658009130404,0.0020519640186564825
"Kirk, Chris",16,4,0.0029076158241708727,0.17929565741112097,0.6452172348252816,0.16998484499965816,0.002594646939768408
"Kirk, Chris",17,5,0.05754845228553579,0.4576704063974812,0.4355144889628827,0.04872098167046146,0.0005456706836388658
"Kirk, Chris",18,4,0.004647011978368865,0.1712948142166822,0.5941536789093974,0.221912144067282,0.007992350828269545
"Kisner, Kevin",1,4,0.006531809704093228,0.24526292461987947,0.6219608048909072,0.12469374940697786,0.0015507113781422222
"Kisner, Kevin",2,4,0.006513083725452895,0.18344976775826577,0.5764200929520789,0.22376688286269086,0.009850172701511672
"Kisner, Kevin",3,4,0.003155484610472159,0.20760327074632634,0.658647429230655,0.1294532922707643,0.001140523141782257
"Kisner, Kevin",4,5,0.008662174154144053,0.25737973302386363,0.6047398694775985,0.127261260841959,0.0019569625024348225
"Kisner, Kevin",5,3,0.005459788663590204,0.1955458437357222,0.6066235186907858,0.18737938610884475,0.004991462801057001
"Kisner, Kevin",6,4,0.001384112435480589,0.09251575395026995,0.5459792811077858,0.33911416256593885,0.021006689940524792
"Kisner, Kevin",7,5,0.05664685810361725,0.3807718716414837,0.4602763366467428,0.09878096440189177,0.003523969206264521
"Kisner, Kevin",8,4,0.00436459797744021,0.18397061623243388,0.6152192529418533,0.19168590495275073,0.004759627895521867
"Kisner, Kevin",9,3,0.0013327632946061874,0.11810924176113574,0.6221713567146614,0.25171429060765826,0.006672347621938468
"Kisner, Kevin",10,4,0.005601130032102775,0.21433106675942554,0.619342398185425,0.15779424102494932,0.0029311639980973414
"Kisner, Kevin",11,3,0.0018000031371226966,0.11648600358607603,0.5885070455620287,0.28165398604237757,0.011552961672395057
"Kisner, Kevin",12,4,0.0030858350480306163,0.12083731336425396,0.5415057960369826,0.31236856999404616,0.02220248555668669
"Kisner, Kevin",13,4,0.005926318068392833,0.17949172045585393,0.5808724526869784,0.2242792925999746,0.009430216188800244
"Kisner, Kevin",14,5,0.041329082809167805,0.33177514572256606,0.4886381857762949,0.13204800817883144,0.006209577513139775
"Kisner, Kevin",15,3,0.005688220468655414,0.20678761817646008,0.6126809982722485,0.17103085487197145,0.0038123082106644723
"Kisner, Kevin",16,4,0.0014718200035055418,0.12934428954905414,0.6360239003414783,0.2282128323734196,0.0049471577325423954
"Kisner, Kevin",17,5,0.03889838616837693,0.40157605290148635,0.48793984071534535,0.07054350510789253,0.0010422151068988361
"Kisner, Kevin",18,4,0.002590820176178621,0.1276155599524344,0.5768092735267882,0.27959711957187494,0.013387226772723748
"Kitayama, Kurt",1,4,0.011382886722014596,0.3098818580852911,0.5900687792697489,0.08788353928459303,0.0007829366383523828
"Kitayama, Kurt",2,4,0.01067141662712301,0.2322787070191779,0.5751571493494467,0.17591057609394034,0.005982150910311956
"Kitayama, Kurt",3,4,0.005975440921871966,0.27289124259026065,0.6312004054073028,0.08939240707845031,0.0005405040021142504
"Kitayama, Kurt",4,5,0.014568072414012256,0.3202246810743464,0.5731521606051451,0.09103090174196526,0.0010241841645310945
"Kitayama, Kurt",5,3,0.00932296753168843,0.25004096389430236,0.596500016109099,0.1413258903625425,0.0028101621023677303
"Kitayama, Kurt",6,4,0.0025295176686979115,0.1271307122879728,0.5782373380853649,0.2789778306127392,0.013124601345225195
"Kitayama, Kurt",7,5,0.07742951914659724,0.4239538346298408,0.42218798907926613,0.0742805740687369,0.0021480830755589153
"Kitayama, Kurt",8,4,0.007628260893972727,0.23816177089213575,0.607497074146733,0.14406991169192307,0.0026429823752354142
"Kitayama, Kurt",9,3,0.0025730634778006745,0.1630433983895535,0.6379625050341788,0.1927463281444698,0.003674704953997132
"Kitayama, Kurt",10,4,0.00971438585987966,0.2735073675188547,0.599874093934328,0.11533831814715745,0.0015658345397802087
"Kitayama, Kurt",11,3,0.003301741025285576,0.15813569313497744,0.608630708414423,0.223113818496949,0.006818038928364967
"Kitayama, Kurt",12,4,0.005236257483216822,0.15907256633758632,0.5634404468784282,0.25795020463112495,0.01430052466964371
"Kitayama, Kurt",13,4,0.009812486289214772,0.22846681117691864,0.5802421307531478,0.17579715681907615,0.00568141496164265
"Kitayama, Kurt",14,5,0.05750281760354187,0.37725900105501803,0.4591421231883993,0.10218187686704971,0.003914181285991081
"Kitayama, Kurt",15,3,0.009764526857974909,0.26375028597132466,0.5974241521274096,0.12696872712523743,0.002092307918053371
"Kitayama, Kurt",16,4,0.002849603575685755,0.17761869114086581,0.6452654297317161,0.17161831777369096,0.0026479577780413877
"Kitayama, Kurt",17,5,0.05688991232142271,0.45604119202065063,0.43721459665216844,0.049297467330829514,0.0005568316749287039
"Kitayama, Kurt",18,4,0.004567191734459741,0.16984295738711974,0.5938787173889496,0.22358779654486238,0.008123336944608539
"Kizzire, Patton",1,4,0.00808020799700443,0.2688133418879686,0.6120791045412229,0.10982171418995312,0.0012056313838508803
"Kizzire, Patton",2,4,0.007865288699477502,0.20107969656386016,0.5777286392523169,0.20512777383909464,0.00819860164525077
"Kizzire, Patton",3,4,0.0040296097679202725,0.23105649150206348,0.6508471668689626,0.11320028904769242,0.0008664428133612345
"Kizzire, Patton",4,5,0.010570437430013846,0.28040529228666,0.5948040850675789,0.11267853510337789,0.001541650112369397
"Kizzire, Patton",5,3,0.006699406344750691,0.2152095622016541,0.6048578259163868,0.1691930181998751,0.004040187337333245
"Kizzire, Patton",6,4,0.0017420373680832046,0.10460399502068674,0.5597122849120671,0.316265826730861,0.0176758559683019
"Kizzire, Patton",7,5,0.06385539558621861,0.3974491344472701,0.4467543348407125,0.08900598865222276,0.002935146473576067
"Kizzire, Patton",8,4,0.005403350282250141,0.20343627792310054,0.6144513622301842,0.17287574606780776,0.0038332634966574686
"Kizzire, Patton",9,3,0.0017135367196460805,0.13384895294489663,0.630405479357822,0.22867271719717486,0.005359313780460395
"Kizzire, Patton",10,4,0.006914910914876615,0.2357517631981907,0.6141560403350194,0.140850292272251,0.0023269932796623483
"Kizzire, Patton",11,3,0.0022691446849647523,0.13113088447058596,0.5980409052109149,0.25904081472593044,0.009518250907603942
"Kizzire, Patton",12,4,0.003775562912215813,0.1343926849805418,0.5512973261753731,0.29164555594251695,0.018888869989352353
"Kizzire, Patton",13,4,0.007185490688209284,0.19714255968962102,0.5824618429706525,0.20538399796743245,0.007826108684084732
"Kizzire, Patton",14,5,0.046898530074997224,0.3490393516619582,0.4785671650217076,0.12025791383470796,0.005237039406629007
"Kizzire, Patton",15,3,0.0069943783237345625,0.22738688163197596,0.6090268527963842,0.1535350546749542,0.003056832572951085
"Kizzire, Patton",16,4,0.0018945666263341931,0.1463060941305943,0.6419198947791502,0.2059475280804337,0.003931916383487555
"Kizzire, Patton",17,5,0.04500967143671997,0.422533623955924,0.46974507034739565,0.06188474367913377,0.0008268905808266336
"Kizzire, Patton",18,4,0.00321684423499341,0.14256099073051026,0.585072975240436,0.25800717621704994,0.01114201357701039
"Knapp, Jake",1,4,0.009846640548550945,0.2920465200456975,0.6003111251488878,0.0968519839467874,0.0009437303100763295
"Knapp, Jake",2,4,0.009377342576082692,0.2186522687069895,0.576984440402557,0.1881293223248891,0.006856625989481668
"Knapp, Jake",3,4,0.005057965993095659,0.2545802252871297,0.6406015073457653,0.09909731515984432,0.0006629862141650511
"Knapp, Jake",4,5,0.012719273560571787,0.30298167358440786,0.5831741618918886,0.09990248911626165,0.0012224018468700582
"Knapp, Jake",5,3,0.008105476978888582,0.23482601828515498,0.6008983595058285,0.1528817939091175,0.003288351321010463
"Knapp, Jake",6,4,0.0021594395943343447,0.11711361897664718,0.5709995683792819,0.29479482959177006,0.014932543457966463
"Knapp, Jake",7,5,0.07136849983109583,0.4128252952037341,0.43299581182541413,0.08035216279643587,0.0024582303433200448
"Knapp, Jake",8,4,0.006591793196188966,0.22295590520665687,0.6113360641516467,0.15601169653232572,0.003104540913181797
"Knapp, Jake",9,3,0.0021659039566798155,0.15008611810497752,0.6356855573781574,0.20773497871651858,0.004327441843666735
"Knapp, Jake",10,4,0.008412509908511112,0.25704618042410754,0.6068342148017281,0.12584841240667943,0.0018586824589739148
"Knapp, Jake",11,3,0.0028164488069424842,0.1461722843718884,0.6049252225376476,0.23820756426156553,0.007878480021956014
"Knapp, Jake",12,4,0.004558125589068429,0.14818446922315848,0.5588968711899005,0.272227654184126,0.01613287981374656
"Knapp, Jake",13,4,0.008598936113851041,0.21477240980792323,0.5819370857435404,0.18816524857102246,0.006526319763662913
"Knapp, Jake",14,5,0.05274988905922562,0.36528157240321524,0.4678460141205302,0.10968351297439183,0.004439011442637142
"Knapp, Jake",15,3,0.008478195325320181,0.2478864061177355,0.6032220327157953,0.1379479799891552,0.002465385851993851
"Knapp, Jake",16,4,0.0023971059072354084,0.16374483436682974,0.6448337515044373,0.185881704243944,0.003142603977553504
"Knapp, Jake",17,5,0.05152921738209881,0.4419463930450942,0.4514465597981434,0.05441724843233231,0.0006605813423312679
"Knapp, Jake",18,4,0.003936626331049131,0.15779788514705195,0.5908827690081078,0.2380677028204249,0.009315016693366207
"Knowles, Philip",1,4,0.006873683612404813,0.250772174347849,0.6198495814921074,0.12104312382514248,0.0014614367224962121
"Knowles, Philip",2,4,0.006814159620915139,0.18755881225335208,0.5769243445118653,0.21926911998296517,0.00943356363090242
"Knowles, Philip",3,4,0.0033460461486183313,0.21305361321802724,0.6570746903667097,0.12545660717435325,0.0010690430922913885
"Knowles, Philip",4,5,0.009085769329739424,0.2627794690181219,0.6025970379579442,0.12368770530416218,0.001850018390032404
"Knowles, Philip",5,3,0.005734167740800267,0.2001267070624722,0.6064273139544831,0.18296278990845072,0.004749021333793735
"Knowles, Philip",6,4,0.0014624506012899663,0.09529169588385888,0.5494086911004668,0.3336663216218956,0.020170840792488764
"Knowles, Philip",7,5,0.05829821838393745,0.3847768696374582,0.45715548920885046,0.0963941934747321,0.0033752292950217644
"Knowles, Philip",8,4,0.004593702730030957,0.18849598982653676,0.6152698579024984,0.18711732006430593,0.004523129476627918
"Knowles, Philip",9,3,0.0014154537425013491,0.1217274157844424,0.6243719947506101,0.2461480881282575,0.006337047594188627
"Knowles, Philip",10,4,0.0058913161858953345,0.21932762791488253,0.6183459922787613,0.15365899061817134,0.0027760730022894364
"Knowles, Philip",11,3,0.0019026597696381597,0.11985884401059621,0.5909802940824134,0.27622000951068215,0.011038192626670051
"Knowles, Philip",12,4,0.003238508932181583,0.12397147876168829,0.543994974814489,0.30742109478926105,0.021373942702380022
"Knowles, Philip",13,4,0.006206237960729055,0.18360222539787918,0.5814479421498168,0.21971843123842438,0.009025163253150614
"Knowles, Philip",14,5,0.042600913267689444,0.33589016852895387,0.4863601808080999,0.12918362808198613,0.005965109313270656
"Knowles, Philip",15,3,0.0059771373799889504,0.21159081595683732,0.6120419304217595,0.16677102720555503,0.0036190890358592798
"Knowles, Philip",16,4,0.0015635990339833428,0.13324846137349833,0.6376841560996511,0.2228169165775189,0.004686866915348364
"Knowles, Philip",17,5,0.040285103379543497,0.40659873269466157,0.4837209665490781,0.0684083401870832,0.0009868571896336498
"Knowles, Philip",18,4,0.0027286309184152424,0.13106795378228792,0.5789685697662812,0.27441361807330167,0.012821227459713924
"Kohles, Ben",1,4,0.00884048640641294,0.2792217120492717,0.6070391274660099,0.1038186658798066,0.0010800081984989607
"Kohles, Ben",2,4,0.00851961319655048,0.2089285928937813,0.5776330237054685,0.1973526674223799,0.0075661027818197946
"Kohles, Ben",3,4,0.004468462950931007,0.2415484037745267,0.6465512898209955,0.10666354568645586,0.0007682977670909752
"Kohles, Ben",4,5,0.011498619661256093,0.2905359189559079,0.5898039494001496,0.10677249217565188,0.0013890198070345416
"Kohles, Ben",5,3,0.0073055032753350235,0.22397007186984608,0.6033421084743888,0.16169903334283164,0.0036832830375983505
"Kohles, Ben",6,4,0.0019205669359516064,0.11013471736608771,0.565036425141036,0.30652097992349836,0.016387310633426355
"Kohles, Ben",7,5,0.06716985097491379,0.40446453552491235,0.44063799240325263,0.08501741252867967,0.0027102085682415566
"Kohles, Ben",8,4,0.005914417588908205,0.21214144069328789,0.6133304539151323,0.16512677855481117,0.003486909247860437
"Kohles, Ben",9,3,0.001906037054362042,0.14103477507675977,0.6331054799666607,0.2190849894703295,0.004868718431888075
"Kohles, Ben",10,4,0.007559598299986536,0.24527121790524375,0.6111313459222872,0.13393426911127504,0.0021035687612074305
"Kohles, Ben",11,3,0.0025032203441582856,0.13779500420197127,0.6014221090194842,0.2495359718097624,0.008743694624623766
"Kohles, Ben",12,4,0.004112834502475349,0.1405182430367049,0.5549445739751492,0.28282662369594935,0.017597724789721214
"Kohles, Ben",13,4,0.007796497712806327,0.2050126933452026,0.582471334058476,0.19750642682048092,0.007213048063034244
"Kohles, Ben",14,5,0.04947423232096382,0.35640851415170494,0.4738546139247686,0.1154007289199126,0.004861910682650072
"Kohles, Ben",15,3,0.007633728098037751,0.23654809159688428,0.6066817197591,0.1463610793559147,0.002775381190063264
"Kohles, Ben",16,4,0.002108384807689989,0.15403100773950384,0.643565987842603,0.19673901151988804,0.0035556080903150766
"Kohles, Ben",17,5,0.04786788465067271,0.43138094850794356,0.46158477677873505,0.058418906514505986,0.0007474835481426911
"Kohles, Ben",18,4,0.003525929698625696,0.1493251071464191,0.5879513836661376,0.24891638225942203,0.010281197229395467
"Kuchar, Matt",1,4,0.00938491037083522,0.2862856352957165,0.603401870145648,0.09992498569473174,0.0010025984930686072
"Kuchar, Matt",2,4,0.008984815414841807,0.2142770012838967,0.5773466084456595,0.1922252496222765,0.007166325233325388
"Kuchar, Matt",3,4,0.004786255290613828,0.24871224805542813,0.6433611649661055,0.10243201088942477,0.0007083207984277529
"Kuchar, Matt",4,5,0.012160142131969032,0.29739600810956646,0.586214293198434,0.10293503802209181,0.0012945185379387159
"Kuchar, Matt",5,3,0.007738645186908755,0.22994099124582618,0.6020728168557119,0.1567875317712757,0.0034600149402774782
"Kuchar, Matt",6,4,0.0020494611750193625,0.11395597807707436,0.5684010876348512,0.300024630261542,0.015568842851513054
"Kuchar, Matt",7,5,0.06946646007153323,0.40910762848533216,0.4364426136885317,0.08241511603248153,0.0025681817221213654
"Kuchar, Matt",8,4,0.006280797078911771,0.21808587934482582,0.612313653647661,0.1600490476560521,0.0032706222725493728
"Kuchar, Matt",9,3,0.0020459501708081085,0.1459931057294524,0.6346265621257807,0.2127718866338324,0.004562495340126427
"Kuchar, Matt",10,4,0.008021135979002836,0.25175060441933,0.6088402378981986,0.1294232124042468,0.0019648092992217148
"Kuchar, Matt",11,3,0.0026722333028829093,0.14238629714949919,0.6034404629308936,0.24324534246198282,0.008255664154741438
"Kuchar, Matt",12,4,0.0043539120517622765,0.14472434362322573,0.5571940768178311,0.2769530984773034,0.016774569029877506
"Kuchar, Matt",13,4,0.008231510784484586,0.2103796145683453,0.5822499275350587,0.19231298705048028,0.006825960061631164
"Kuchar, Matt",14,5,0.051264228953045055,0.3613234800771855,0.47057185541445345,0.11221652700290552,0.004623908552410461
"Kuchar, Matt",15,3,0.008090881009127915,0.242786283395104,0.6048519484025453,0.1416709525146307,0.0025999346785920974
"Kuchar, Matt",16,4,0.002263823529707387,0.15935452303339448,0.6443659553337728,0.1906940391311498,0.0033216589719755607
"Kuchar, Matt",17,5,0.049865107029044564,0.437245667341244,0.45601131153023006,0.05617968847613686,0.0006982256233445394
"Kuchar, Matt",18,4,0.003747925163348098,0.15397279188159751,0.5896483734427354,0.24289406243642875,0.009736847075890287
"La Sasso, Michael",1,4,0.008883966601430815,0.2797972489342947,0.6067492059627457,0.10349610386059505,0.0010734746409337692
"La Sasso, Michael",2,4,0.008556865108557132,0.2093636924533228,0.5776162904217552,0.19693048073797748,0.007532671278387415
"La Sasso, Michael",3,4,0.004493737653146479,0.24213078079079087,0.64629952321499,0.10631273809019137,0.0007632202508813801
"La Sasso, Michael",4,5,0.011551544868544872,0.2910953075496857,0.5895172967636682,0.10645479330742158,0.0013810575106796286
"La Sasso, Michael",5,3,0.007340121606157268,0.22445578026041801,0.6032458548623384,0.16129370154323075,0.0036645417278555747
"La Sasso, Michael",6,4,0.0019308293399612486,0.11044399135165928,0.5653180043263787,0.3059881865857347,0.01631898839626611
"La Sasso, Michael",7,5,0.06735552182445181,0.4048463637728121,0.44029748247092787,0.08480230465316174,0.002698327278646495
"La Sasso, Michael",8,4,0.005943665758112393,0.21262465727352248,0.6132552348066941,0.16470769991148415,0.003468742250186896
"La Sasso, Michael",9,3,0.0019171491121146023,0.14143628011431558,0.6332387102563295,0.21856486774619088,0.004842992771049381
"La Sasso, Michael",10,4,0.007596461963724321,0.24579855790761163,0.6109517603140371,0.13356132935795362,0.002091890456673351
"La Sasso, Michael",11,3,0.002516676569818521,0.1381669953109086,0.6015948144924159,0.2490186779766984,0.008702835650158613
"La Sasso, Michael",12,4,0.004132100571001163,0.1408594443856459,0.5551346004973072,0.2823447500673154,0.01752910447873035
"La Sasso, Michael",13,4,0.007831314059785766,0.20544917782381839,0.5824600864122995,0.197078756315201,0.00718066538889528
"La Sasso, Michael",14,5,0.04961878708179712,0.35681153988644876,0.473589656497164,0.11513798104278694,0.004842035491803176
"La Sasso, Michael",15,3,0.007670258214254599,0.23705571936434044,0.6065397229067986,0.14597366439264425,0.0027606351219621184
"La Sasso, Michael",16,4,0.0021207290331844986,0.15446228977175336,0.6436406321715243,0.19624042350309323,0.0035359255204445716
"La Sasso, Michael",17,5,0.0480288504196853,0.4318629708177551,0.46113169924515635,0.058233143331866355,0.0007433361855369025
"La Sasso, Michael",18,4,0.003543639114352015,0.1497020402421521,0.5880973089042635,0.24842132830287267,0.010235683436359722
"Lashley, Nate",1,4,0.00898126073065586,0.2810777866287226,0.6061000184722596,0.1027818489967055,0.0010590851716564265
"Lashley, Nate",2,4,0.00864015915196692,0.21033218405129162,0.5775748285060512,0.19599398378555555,0.007458844505134676
"Lashley, Nate",3,4,0.004550361254376245,0.24342736738707682,0.6457341228760258,0.10553610113223222,0.0007520473502888869
"Lashley, Nate",4,5,0.011669914361834899,0.2923396225182686,0.5888757739356465,0.10575117660676381,0.0013635125774862367
"Lashley, Nate",5,3,0.007417569373140753,0.22553694557921444,0.603027103077791,0.16039518161693744,0.0036232003529164114
"Lashley, Nate",6,4,0.0019538132622043958,0.11113341792610865,0.5659397419214607,0.3048049927397338,0.016168034150492394
"Lashley, Nate",7,5,0.06776954384508443,0.4056936512464302,0.43953902358535907,0.0843256887012499,0.0026720926218763985
"Lashley, Nate",8,4,0.0060091213013068745,0.21370049149177123,0.6130829876990208,0.1637787243058979,0.003428675202003184
"Lashley, Nate",9,3,0.0019420535943822648,0.14233117958684283,0.6335291864262265,0.2174113224052845,0.004786257987263953
"Lashley, Nate",10,4,0.007678948433642641,0.2469722226292041,0.6105476468980787,0.13273503306303958,0.002066148976034965
"Lashley, Nate",11,3,0.002546813720155694,0.13899597876676667,0.6019737879415531,0.2478707827073351,0.008612636864189449
"Lashley, Nate",12,4,0.004175203450602072,0.1416195438477142,0.5555530800965116,0.28127474027878097,0.017377432326391107
"Lashley, Nate",13,4,0.007909173819015514,0.20642082951919288,0.5824307087460504,0.19613012530307938,0.007109162612661812
"Lashley, Nate",14,5,0.04994122657599254,0.35770659979498504,0.47299853137044207,0.11455551477147807,0.004798127487102288
"Lashley, Nate",15,3,0.007751987670052418,0.23818556348509395,0.6062192431953725,0.14511508671274576,0.002728118936735413
"Lashley, Nate",16,4,0.002148395646395629,0.15542342733756798,0.6438006485076206,0.1951349921902985,0.003492536318117301
"Lashley, Nate",17,5,0.048388103161200235,0.4329327653821024,0.4601229630342187,0.05782197279764212,0.0007341956248365644
"Lashley, Nate",18,4,0.0035832796009820367,0.1505417983222037,0.5884170790009318,0.2473226727076827,0.010135170368199775
"Lawrence, Thriston",1,4,0.009334233287306537,0.2856408413961905,0.6037409271147308,0.10027457885264546,0.0010094193491266834
"Lawrence, Thriston",2,4,0.00894162364305262,0.21378805463607714,0.5773800147409032,0.1926884244117465,0.007201882568220519
"Lawrence, Thriston",3,4,0.004756554259475243,0.24805689513468365,0.6436613041717532,0.1028116570887978,0.0007135893452900888
"Lawrence, Thriston",4,5,0.012098670013058033,0.29677032640770595,0.5865483368122504,0.10327980667245462,0.0013028600945309554
"Lawrence, Thriston",5,3,0.007698355397221579,0.22939510222812348,0.6021965508669592,0.15723019392269233,0.0034797975850033858
"Lawrence, Thriston",6,4,0.0020374271555478884,0.11360487423103927,0.5681021631812111,0.30061376484771374,0.015641770584488013
"Lawrence, Thriston",7,5,0.0692552106324989,0.40868769563733703,0.4368270031229866,0.0826492810503121,0.002580809556865349
"Lawrence, Thriston",8,4,0.006246678648872572,0.2175420375060914,0.6124148502093215,0.16050665978136358,0.003289773854350919
"Lawrence, Thriston",9,3,0.0020328560410863283,0.14553775618557196,0.6344979574519729,0.21334182476345254,0.00458960555791621
"Lawrence, Thriston",10,4,0.007978177694328792,0.25115853103937036,0.6090571502080482,0.12982906975080866,0.001977071307444067
"Lawrence, Thriston",11,3,0.0026564532760783854,0.1419648827622188,0.6032653241132957,0.24381431987295266,0.008299019975454458
"Lawrence, Thriston",12,4,0.0043314854572926165,0.14433874710181138,0.5569961735377609,0.27748557878975677,0.0168480151133783
"Lawrence, Thriston",13,4,0.008191101515779509,0.2098888416030094,0.5822776080156944,0.19278207336364583,0.006860375501870908
"Lawrence, Thriston",14,5,0.05109940202959784,0.36087767830430356,0.4708742573329043,0.1125035551592466,0.004645107173947727
"Lawrence, Thriston",15,3,0.008048349626801066,0.2422161576151301,0.6050267541097532,0.1420932787646687,0.0026154598836469756
"Lawrence, Thriston",16,4,0.0022492754024569517,0.15886586699458893,0.6443033537118374,0.19123916367961413,0.0033423402115024814
"Lawrence, Thriston",17,5,0.049680837993770266,0.43671496138979243,0.45652116738995197,0.05638045651084711,0.0007025767156382257
"Lawrence, Thriston",18,4,0.003727237934241623,0.15354661538165754,0.5895019095251853,0.24343896607158677,0.00978527108732874
"Lee, Min Woo",1,4,0.01106230710596301,0.30631545299019,0.5921957678420915,0.08961377544907922,0.0008126966126762447
"Lee, Min Woo",2,4,0.010402784061670223,0.22954379775769645,0.5756060130452438,0.1782999567659751,0.006147448369414388
"Lee, Min Woo",3,4,0.0057823529180900946,0.26921241049661854,0.6331808471866922,0.0912613751507928,0.0005630142478063593
"Lee, Min Woo",4,5,0.014183649539817766,0.31678265257166804,0.5752276543647902,0.09274502547436314,0.0010610180493608734
"Lee, Min Woo",5,3,0.0090692569233361,0.24698728262462794,0.5974694427790971,0.14357423745823494,0.0028997802147039398
"Lee, Min Woo",6,4,0.0024517783751806244,0.1250979758426598,0.5768860570060467,0.28209651235651134,0.01346767641960156
"Lee, Min Woo",7,5,0.07619612302283352,0.4217737873130869,0.4243651817266997,0.0754582320695043,0.002206675867875596
"Lee, Min Woo",8,4,0.0074117554675298125,0.23510539871952124,0.6083606095255023,0.1463928815160127,0.0027293547714339894
"Lee, Min Woo",9,3,0.0024871125421601636,0.16041749147332007,0.6376259863621747,0.19567262153420983,0.0037967880881352167
"Lee, Min Woo",10,4,0.009442742018885175,0.27020758757815305,0.6013540482396946,0.11737523315911924,0.0016203890041478486
"Lee, Min Woo",11,3,0.0031998013046443674,0.15571372961442892,0.6079955396171333,0.22607299461834207,0.0070179348454513235
"Lee, Min Woo",12,4,0.005094891424417269,0.15687364395253595,0.5626183470472818,0.2607637880204954,0.014649329555269652
"Lee, Min Woo",13,4,0.00956030095040361,0.22571666486931152,0.5806669480645736,0.17821510267319118,0.005840983442520042
"Lee, Min Woo",14,5,0.05653334448706171,0.3748967015138325,0.46091375413996905,0.10364247761171219,0.004013722247424578
"Lee, Min Woo",15,3,0.009496369508584068,0.26056894676496384,0.5986720693355135,0.12910059157670717,0.00216202281423139
"Lee, Min Woo",16,4,0.0027540712059657135,0.17481003741637058,0.6452995019802654,0.17439622234652008,0.002740167050878206
"Lee, Min Woo",17,5,0.05579209873087887,0.4532774941526234,0.44007178972623895,0.050282471776248006,0.000576145614010759
"Lee, Min Woo",18,4,0.004435267087049388,0.16740944909006006,0.5933775874130021,0.22642903954971638,0.008348656860172055
"Lipsky, David",1,4,0.007529458075554163,0.2608302333240884,0.6156741475120732,0.11465377511813446,0.0013123859701498208
"Lipsky, David",2,4,0.007387553427127602,0.19508412415545273,0.5775287763497634,0.21127757874485864,0.008721967322797619
"Lipsky, David",3,4,0.003715526038260142,0.2230613862019577,0.6538001412600396,0.11847237513026465,0.0009505713694779594
"Lipsky, David",4,5,0.009894608938450344,0.27261650692446626,0.5983942357484797,0.11742393715831156,0.0016707112302920546
"Lipsky, David",5,3,0.006259356299781138,0.20851979793189973,0.6057227948013544,0.17515932640455678,0.004338724562408025
"Lipsky, David",6,4,0.0016138258512410908,0.10044099694675807,0.555324772541187,0.3238839399914826,0.01873646466933132
"Lipsky, David",7,5,0.0613676248400406,0.39192371215790917,0.4513896087890714,0.09219755264551355,0.003121501567465268
"Lipsky, David",8,4,0.005033552569447319,0.1968022523434138,0.614994652875598,0.17904603444396028,0.004123507767580636
"Lipsky, David",9,3,0.0015762977310572746,0.12843337436301816,0.6279525667022985,0.23626716500161937,0.005770596202006706
"Lipsky, David",10,4,0.006447753066055106,0.22847238579050988,0.6161801827107194,0.14638437481701017,0.002515303615705511
"Lipsky, David",11,3,0.0021010665882162938,0.12609984752830516,0.5951087500338758,0.26652910411448316,0.010161231735119625
"Lipsky, David",12,4,0.003530720087514372,0.12975114665153942,0.5482230985076513,0.298547485975064,0.019947548778231017
"Lipsky, David",13,4,0.006740055843542314,0.1911356364353175,0.5821736167566931,0.2116167486749252,0.00833394228952189
"Lipsky, David",14,5,0.04497131845334157,0.3432812109463833,0.4820764168974939,0.12412480619045252,0.005546247512328684
"Lipsky, David",15,3,0.00653046422553355,0.22038438517056597,0.6105304317501048,0.15926158852172845,0.00329313033206724
"Lipsky, David",16,4,0.001742165924110639,0.14047646576127337,0.6402674198401614,0.21326523302358147,0.004248715450873131
"Lipsky, David",17,5,0.04288385039766529,0.4155779358764313,0.4759576812727172,0.06468662285762405,0.0008939095955621257
"Lipsky, David",18,4,0.0029936318582859944,0.13743962368644957,0.5825505093041505,0.2651623320043529,0.011853903146761047
"List, Luke",1,4,0.008801994032262894,0.2787104934786122,0.6072956800727184,0.10410598602689647,0.0010858463895100368
"List, Luke",2,4,0.008486619926981243,0.20854221483439755,0.5776468947704102,0.1977283411673083,0.007595929300902693
"List, Luke",3,4,0.004446103216947828,0.24103130370452014,0.6467736922565568,0.10697606360826328,0.0007728372137119077
"List, Luke",4,5,0.011451751970592727,0.29003897524896893,0.5900576903888011,0.10705544981207726,0.00139613257955995
"List, Luke",5,3,0.007274852345236338,0.2235387576582371,0.603426528123516,0.16205984775804438,0.0037000141149661214
"List, Luke",6,4,0.00191148642907929,0.10986031129513979,0.5647851980424111,0.30699475724610603,0.01644824698726377
"List, Luke",7,5,0.06700514267824315,0.40412484848836266,0.44094025106324386,0.08520894842638671,0.0027208093437636194
"List, Luke",8,4,0.005888526444584541,0.2117123896526768,0.6133961204095297,0.16549983411015345,0.0035031293830554144
"List, Luke",9,3,0.0018962088359750773,0.14067850695366446,0.6329857431141066,0.2195478532361611,0.004891687860092753
"List, Luke",10,4,0.007526962954663208,0.2448028946241761,0.6112897957032799,0.1342663476276268,0.002113999090254004
"List, Luke",11,3,0.002491313905791215,0.13746489342303936,0.6012674649790091,0.24999617288717002,0.008780154804990392
"List, Luke",12,4,0.0040957766337461066,0.14021539263359795,0.554774771385472,0.283255146372854,0.017658912974329977
"List, Luke",13,4,0.007765664258042704,0.20462510355850877,0.5824803041698203,0.19788698730062781,0.007241940713000439
"List, Luke",14,5,0.04934602157867585,0.35605014117917155,0.4740895836640737,0.11563461504885286,0.004879638529226016
"List, Luke",15,3,0.007601385565427554,0.23609728645860983,0.6068067818139915,0.14670599772491433,0.0027885484370567815
"List, Luke",16,4,0.0020974669165503834,0.1536482871047185,0.643498263895844,0.19718279585871346,0.0035731862241736856
"List, Luke",17,5,0.04772516680272754,0.4309521666764773,0.4619870647499552,0.058584413791405776,0.0007511879794341869
"List, Luke",18,4,0.0035102547558050756,0.14899055501165853,0.5878206163120834,0.2493567719308062,0.010321801989646828
"Lower, Justin",1,4,0.008604663505183796,0.2760641887497026,0.6086090395860728,0.10560550918026712,0.0011165989787735864
"Lower, Justin",2,4,0.008317260671625026,0.20654359995038085,0.577703698932315,0.19968311852779397,0.007752321917885219
"Lower, Justin",3,4,0.004331708345142682,0.23835747986804945,0.6479063558449891,0.10860767140470384,0.0007967845371148474
"Lower, Justin",4,5,0.011211279856073064,0.28746552546461934,0.5913578880856064,0.1085317397872525,0.0014335668064486828
"Lower, Justin",5,3,0.007117663425045939,0.22130779125893163,0.6038472319418534,0.16393940786960748,0.0037879055045615395
"Lower, Justin",6,4,0.0018650043317115506,0.10844443861853154,0.5634678907834492,0.3094551894540505,0.01676747681225721
"Lower, Justin",7,5,0.06615572721205876,0.4023584743914555,0.44250187955271764,0.08620751489074252,0.0027764039530255857
"Lower, Justin",8,4,0.005755822909657871,0.2094938886878479,0.6137187026100732,0.1674432220180273,0.0035883637743936436
"Lower, Justin",9,3,0.001845960153010251,0.13883981224759956,0.6323448488905712,0.2219569801423198,0.005012398566499154
"Lower, Justin",10,4,0.007359650942418305,0.24237990479624877,0.6120938687598361,0.13599771243870595,0.00216886306279096
"Lower, Justin",11,3,0.00243036721439599,0.13576072314823212,0.6004482418889967,0.25238922894418725,0.008971438804187937
"Lower, Justin",12,4,0.004008301007825621,0.13865100224398408,0.5538805061078269,0.285480942227208,0.017979248413155346
"Lower, Justin",13,4,0.007607431704210965,0.2026204937459508,0.5825113104642221,0.19986729894479782,0.007393465140818289
"Lower, Justin",14,5,0.04868517999124866,0.3541891917285247,0.47530017812524583,0.11685292065637565,0.0049725294986051605
"Lower, Justin",15,3,0.0074355377412506085,0.23376510971559322,0.6074380337022502,0.14850355640026414,0.0028577624406417312
"Lower, Justin",16,4,0.00204164911166832,0.15167261577175062,0.6431262161789508,0.1994938881029561,0.003665630834674194
"Lower, Justin",17,5,0.046990278089768245,0.4287231306080593,0.4640671070618869,0.05944880663039409,0.000770677609891468
"Lower, Justin",18,4,0.003429940944463583,0.1472626175592845,0.587126335480287,0.2516464151975778,0.010534690818387094
"Malnati, Peter",1,4,0.006844762690355277,0.2503135267264629,0.6200302002274598,0.12134285745587403,0.0014686528998479886
"Malnati, Peter",2,4,0.006788749435896579,0.18721639121333927,0.5768871259930712,0.21964023947111655,0.009467493886576417
"Malnati, Peter",3,4,0.0033298693818698544,0.21259901676240628,0.6572117160780275,0.12578459086322624,0.00107480691447015
"Malnati, Peter",4,5,0.009049988044965152,0.2623302541463426,0.6027798295626257,0.12398125332193699,0.0018586749241296108
"Malnati, Peter",5,3,0.0057109727619400474,0.19974490898856173,0.6064488685480102,0.18332654323831865,0.004768706463169403
"Malnati, Peter",6,4,0.0014558079197360962,0.09505940172360133,0.5491283628131733,0.3341174060358103,0.020239021507678978
"Malnati, Peter",7,5,0.05815994409103786,0.3844459275412132,0.45741634127664843,0.09659044925011728,0.0033873378409832178
"Malnati, Peter",8,4,0.004574316196569117,0.18811859602285624,0.6152711840284264,0.18749358147511186,0.004542322277036437
"Malnati, Peter",9,3,0.0014084269718834252,0.12142472078206695,0.6241953553891033,0.24660723997616485,0.00636425688078146
"Malnati, Peter",10,4,0.005866770655430564,0.21891132798450058,0.61843417743654,0.15399908532701478,0.002788638596514126
"Malnati, Peter",11,3,0.0018939543902370959,0.11957682688649268,0.5907802039000756,0.27666893328343467,0.011080081539760034
"Malnati, Peter",12,4,0.0032256029175387613,0.1237097117140416,0.5437924994144717,0.307830587529892,0.021441598424055908
"Malnati, Peter",13,4,0.0061826030179024105,0.18325960182319107,0.5814049252395233,0.2200947275988625,0.009058142320520712
"Malnati, Peter",14,5,0.042494324337334355,0.33554941837004026,0.48655171690790255,0.12941950056186102,0.005985039822861804
"Malnati, Peter",15,3,0.0059527089222361496,0.21119058783751998,0.6121003343711364,0.16712160782207208,0.0036347610470353064
"Malnati, Peter",16,4,0.0015557992996643177,0.13292195672289214,0.6375526705194325,0.22326160938374295,0.00470796407426799
"Malnati, Peter",17,5,0.040168676770571066,0.4061834426404055,0.4840731333876937,0.06858340703592058,0.000991340165409138
"Malnati, Peter",18,4,0.0027169636242476147,0.13077952961846706,0.5787942186368285,0.2748419543636449,0.012867333756811927
"Martin, Ben",1,4,0.008513289631220777,0.27482404924598025,0.6092159856487208,0.1063153526361843,0.0011313228378938556
"Martin, Ben",2,4,0.008238712274330984,0.20560782166664188,0.5777216150261005,0.2006050698439884,0.007826781188938203
"Martin, Ben",3,4,0.004278870699037374,0.23710613554917392,0.6484263480423393,0.10938037454835081,0.000808271161098606
"Martin, Ben",4,5,0.0110998111020848,0.28625892655124396,0.5919594759077855,0.10923031555447038,0.001451470884415329
"Martin, Ben",5,3,0.007044843954523372,0.22026327784681438,0.6040349278723163,0.16482710371265474,0.0038298466136912346
"Martin, Ben",6,4,0.0018435201911238819,0.10778355058589201,0.5628408032934702,0.31061282861086803,0.016919297318645832
"Martin, Ben",7,5,0.06575949578085138,0.40152606218801606,0.4432319579412413,0.08667960506652206,0.002802879023369176
"Martin, Ben",8,4,0.005694389882916928,0.2084556502386366,0.6138598094359098,0.16836109764534735,0.0036290527971893916
"Martin, Ben",9,3,0.0018227699957343302,0.13798131814805215,0.6320322831357235,0.22309359994452715,0.005070028775962854
"Martin, Ben",10,4,0.007282172750343652,0.2412451473405819,0.6124613075745879,0.13681628670755563,0.002195085626930937
"Martin, Ben",11,3,0.002402198137297973,0.13496476387646922,0.6000534801052644,0.25351698480204843,0.00906257307892
"Martin, Ben",12,4,0.0039677786781874835,0.13791977869443406,0.5534525629632248,0.28652840922294587,0.018131470441207886
"Martin, Ben",13,4,0.0075340668571722835,0.20168206646606152,0.5825168886347141,0.20080135479285133,0.007465623249200748
"Martin, Ben",14,5,0.04837711663441169,0.35331370406210305,0.47586417606427023,0.11742828469135647,0.005016718547858567
"Martin, Ben",15,3,0.007358716307975632,0.23267298453942914,0.6077244912307779,0.14935299130021207,0.0028908166216052855
"Martin, Ben",16,4,0.0020158899497950133,0.15074990498950663,0.6429394063271471,0.20058499359283344,0.0037098051407178367
"Martin, Ben",17,5,0.04664811662214896,0.4276730584251264,0.4650404788424187,0.059858350833048246,0.0007799952772576946
"Martin, Ben",18,4,0.003392776419695376,0.14645507240276656,0.5867909037982467,0.2527252101750195,0.010636037204271864
"Matsuyama, Hideki",1,4,0.013533255915563813,0.3320104892301674,0.5760389083350412,0.07779617368508829,0.0006211728341392053
"Matsuyama, Hideki",2,4,0.01245660118682601,0.2493694099634725,0.5714754055000824,0.16164751810491906,0.005051065244700004
"Matsuyama, Hideki",3,4,0.00729095388637091,0.2959087921567667,0.6178488416883955,0.07853182583371088,0.0004195864347560363
"Matsuyama, Hideki",4,5,0.01712992770958549,0.3415172072548534,0.5595195797636736,0.08101067401889339,0.0008226112529940988
"Matsuyama, Hideki",5,3,0.01102074548128662,0.26911956737781284,0.589523352515683,0.1280236594939227,0.00231267513129485
"Matsuyama, Hideki",6,4,0.0030575452349701493,0.14008792312164126,0.5855784597684988,0.26009647629560795,0.011179595579281942
"Matsuyama, Hideki",7,5,0.08533560260547568,0.4369909075314553,0.4085083045387369,0.06734691519386915,0.0018182701304629845
"Matsuyama, Hideki",8,4,0.00908343158327124,0.25730734333674404,0.601112939144129,0.13033155158763254,0.002164734348223174
"Matsuyama, Hideki",9,3,0.0031621092977453524,0.17973702706960243,0.6387677846562272,0.17533365510171595,0.002999423874709084
"Matsuyama, Hideki",10,4,0.011536315164639488,0.2940757986266561,0.5897530911504781,0.10336874809000407,0.0012660469682221898
"Matsuyama, Hideki",11,3,0.003994062896377992,0.1735064058412456,0.6114271805855793,0.2053748231690573,0.005697527507739775
"Matsuyama, Hideki",12,4,0.0061830759979613625,0.17296992809816542,0.5676056156018564,0.24092923771048125,0.012312142591535569
"Matsuyama, Hideki",13,4,0.01149162226219913,0.24567031818886764,0.5766835427064709,0.1613705691020122,0.004783947740450101
"Matsuyama, Hideki",14,5,0.06374369752939174,0.39156436923858373,0.44781645425597144,0.09352535444485233,0.00335012453120076
"Matsuyama, Hideki",15,3,0.011560153316229171,0.2835962422473589,0.5887366233785654,0.1143997664317189,0.0017072146261276622
"Matsuyama, Hideki",16,4,0.0035044200913526558,0.19543862734519069,0.6437574512075352,0.15515874625749648,0.002140755098424929
"Matsuyama, Hideki",17,5,0.06400626270679272,0.4725901266929859,0.41937269902351204,0.04358011484101876,0.0004507967356905951
"Matsuyama, Hideki",18,4,0.005456572086156852,0.18523122965229039,0.5959294509432873,0.206529062955487,0.006853684362778445
"McCarty, Matt",1,4,0.010695401087700895,0.30213721283715683,0.5946382580509876,0.09168010554951189,0.0008490224746428021
"McCarty, Matt",2,4,0.010094449765497837,0.22634625377380863,0.5760793786512123,0.18113292519522606,0.006346992614255198
"McCarty, Matt",3,4,0.0055623948002603285,0.264913427032498,0.6354380406962568,0.0934955452401629,0.000590592230822029
"McCarty, Matt",4,5,0.013742806975064192,0.3127463838517941,0.5776144616751839,0.09479046336197194,0.0011058841359857796
"McCarty, Matt",5,3,0.00877866460508575,0.24341696008572694,0.5985486856578868,0.14624723404769935,0.00300845560360119
"McCarty, Matt",6,4,0.0023631317493048587,0.12273556469852948,0.5752423851486856,0.2857779307019629,0.013880987701517133
"McCarty, Matt",7,5,0.0747649379058648,0.4191912246748125,0.42690583656005876,0.07686057343262576,0.0022774274266381678
"McCarty, Matt",8,4,0.007164103693773238,0.23153478647249276,0.609312038055143,0.14915489513928426,0.0028341766393067402
"McCarty, Matt",9,3,0.002389367796683639,0.15736344399801266,0.6371569108653379,0.19914528568398693,0.003944991655978947
"McCarty, Matt",10,4,0.009131827685030014,0.2663469391984746,0.6030325651450652,0.11980191456475797,0.0016867534066722367
"McCarty, Matt",11,3,0.0030835569543769537,0.1528953132859019,0.6071847335926239,0.22957679507491868,0.0072596010921786025
"McCarty, Matt",12,4,0.0049330100478042205,0.1543114382524331,0.5616007270995718,0.2640859841259904,0.01506884047420054
"McCarty, Matt",13,4,0.009271013963904229,0.22250231444762741,0.5811106204922359,0.18108235030941278,0.00603370078681964
"McCarty, Matt",14,5,0.055409845040276684,0.3721085329477305,0.46296974597052887,0.10537820566516265,0.004133670376301302
"McCarty, Matt",15,3,0.009189293277472033,0.256847710919248,0.6000784753388362,0.13163782790259448,0.002246692561849284
"McCarty, Matt",16,4,0.0026454366391309714,0.17154152950701085,0.6452636359125,0.17769709825907576,0.0028522996822824
"McCarty, Matt",17,5,0.05452261253380136,0.45000506832978876,0.44341216185343857,0.05146050850044259,0.0005996487825287167
"McCarty, Matt",18,4,0.004284496276025784,0.16457445764292206,0.59272877543066,0.22979164928187423,0.008620621368517822
"McCulloch, Ashton",1,4,0.0066453084384544,0.247113482105414,0.6212659460789421,0.12345517986960541,0.0015200835075840358
"McCulloch, Ashton",2,4,0.0066132102164672135,0.18482900561134913,0.5766034630438541,0.2222463132761353,0.009708007852194278
"McCulloch, Ashton",3,4,0.0032185869684479562,0.209431543045157,0.6581370784483886,0.12809683337827926,0.0011159581597270929
"McCulloch, Ashton",4,5,0.00880295656658564,0.2591944309592492,0.6040330443880686,0.12604925910355536,0.0019203089825412523
"McCulloch, Ashton",5,3,0.0055509268190495065,0.19708327646764517,0.6065729620573083,0.1858842830164077,0.004908551639589365
"McCulloch, Ashton",6,4,0.0014100748656329931,0.09344470501837504,0.5471464007065623,0.337277040788182,0.02072177862124769
"McCulloch, Ashton",7,5,0.05719922669967192,0.38212442027511273,0.45923111226014457,0.09797204429674322,0.003473196468327555
"McCulloch, Ashton",8,4,0.004440643150803225,0.18548877970729993,0.6152525342363371,0.1901393229442132,0.0046787199613465
"McCulloch, Ashton",9,3,0.001360124724745393,0.11932026384696087,0.6229298305433177,0.24983214673540388,0.006557634149572111
"McCulloch, Ashton",10,4,0.005697477294746123,0.2160084379044943,0.6190231003141077,0.15639294015694605,0.0028780443297058422
"McCulloch, Ashton",11,3,0.001834023256530648,0.1176153610184732,0.5893548676721266,0.27981855419672363,0.011377193856145884
"McCulloch, Ashton",12,4,0.003136548903826808,0.12188761282734323,0.5423558601649949,0.31069970257390267,0.021920275529932365
"McCulloch, Ashton",13,4,0.0060193790833151795,0.1808712117235574,0.581080139644194,0.22273730458366137,0.00929196496527207
"McCulloch, Ashton",14,5,0.04175422751286301,0.33316274948143315,0.48787857193537787,0.13107823703180388,0.006126214038522093
"McCulloch, Ashton",15,3,0.005784174455380209,0.20839996432990382,0.612481631078631,0.1695880491533881,0.003746180982696856
"McCulloch, Ashton",16,4,0.0015021868791449955,0.130651376371911,0.6366013540407751,0.22638705154160543,0.00485803116656347
"McCulloch, Ashton",17,5,0.039361324078125204,0.40327153197275706,0.4865255168612968,0.06981837897804544,0.0010232481097754986
"McCulloch, Ashton",18,4,0.002636545681745428,0.1287722704482343,0.5775504738637103,0.27784659895641917,0.013194111049890767
"McGreevy, Max",1,4,0.010638597116333026,0.3014808084813478,0.595017069306087,0.09200864775662865,0.0008548773396035436
"McGreevy, Max",2,4,0.010046627120729401,0.2258445507943424,0.5761485502463877,0.18158133781607733,0.006378934022463145
"McGreevy, Max",3,4,0.0055284415733866665,0.26423913249562564,0.6357863933937781,0.09385098525109481,0.0005950472861148137
"McGreevy, Max",4,5,0.013674471423433587,0.31211191389875115,0.5779849872365677,0.09511552136944657,0.00111310607180104
"McGreevy, Max",5,3,0.008733653839814226,0.24285676315351917,0.5987126408742276,0.14667104178691381,0.00302590034552519
"McGreevy, Max",6,4,0.0023494391541006854,0.12236628233448277,0.5749781854603917,0.2863590300529586,0.01394706299806625
"McGreevy, Max",7,5,0.07454143616539971,0.41878268551556214,0.42730397866035175,0.07708314485545464,0.002288754803231763
"McGreevy, Max",8,4,0.007125775995966754,0.23097482497304894,0.6094555425509245,0.14959284547375074,0.0028510110063091343
"McGreevy, Max",9,3,0.002374295796522763,0.15688583138489903,0.6370758246133977,0.19969525093625828,0.003968797268922186
"McGreevy, Max",10,4,0.009083690588540194,0.265740937818013,0.603290775873089,0.1201871685243514,0.001697427196006407
"McGreevy, Max",11,3,0.0030656014261908893,0.15245439403289246,0.6070507696645978,0.23013091468245306,0.007298320193865782
"McGreevy, Max",12,4,0.004907938931622002,0.1539102699392756,0.5614354767559714,0.2646104770272997,0.015135837345831349
"McGreevy, Max",13,4,0.00922616209449767,0.22199807381093456,0.5811749768806784,0.18153622896955313,0.006064558244336271
"McGreevy, Max",14,5,0.05523453388833449,0.371668472003179,0.4632908045865152,0.10565334011699856,0.004152849404972736
"McGreevy, Max",15,3,0.009141735474821056,0.25626367389409566,0.6002939137314034,0.1320403800463006,0.002260296853379362
"McGreevy, Max",16,4,0.0026286860997072337,0.1710301913284829,0.6452505081629956,0.17822028367161236,0.002870330737201887
"McGreevy, Max",17,5,0.05432479202951512,0.4494875585280723,0.443936234529302,0.051647985121328066,0.0006034297917825171
"McGreevy, Max",18,4,0.004261175081700375,0.16413063595888427,0.5926207494350383,0.23032328825105253,0.008664151273324538
"Meissner, Mac",1,4,0.008951974951227626,0.2806933993134505,0.606295486008166,0.10299575639734848,0.001063383329807488
"Meissner, Mac",2,4,0.008615096585542215,0.21004140472527605,0.5775878864366136,0.1962746869403431,0.007480925312224995
"Meissner, Mac",3,4,0.004533307658689145,0.24303804235895704,0.6459045993612202,0.10576866732470003,0.0007553832964335427
"Meissner, Mac",4,5,0.011634293445316635,0.29196615091772893,0.5890688841167877,0.10596191696479651,0.0013687545553702218
"Meissner, Mac",5,3,0.0073942597800064624,0.22521233389524198,0.6030934314468663,0.16066441627813965,0.0036355585997456252
"Meissner, Mac",6,4,0.0019468921282909668,0.110926278329184,0.5657537998461513,0.30515983539805314,0.016213194298320688
"Meissner, Mac",7,5,0.06764513135809908,0.4054396423707123,0.4397668169384214,0.08446847060349738,0.0026799387292698595
"Meissner, Mac",8,4,0.005989417865049307,0.21337744921477542,0.6131353992854542,0.16405708220239323,0.003440651432327746
"Meissner, Mac",9,3,0.0019345515669831337,0.14206232366717836,0.6334428537438392,0.21775705514613286,0.004803215875866407
"Meissner, Mac",10,4,0.007654120095071215,0.24661986348998238,0.6106696094786507,0.13298256585934698,0.002073841076948746
"Meissner, Mac",11,3,0.002537738501192821,0.1387469453755366,0.6018607939708113,0.24821491214497027,0.00863961000748903
"Meissner, Mac",12,4,0.004162230546566503,0.14139124264812314,0.5554280872749346,0.28159562368361557,0.017422815846760198
"Meissner, Mac",13,4,0.007885744714917375,0.2061290902032174,0.5824401567757338,0.1964144611090577,0.007130547197073733
"Meissner, Mac",14,5,0.049844319746582266,0.35743816256253,0.4731762059282159,0.11473004929771125,0.004811262464960553
"Meissner, Mac",15,3,0.007727388735267182,0.23784635272198573,0.6063161008498343,0.14537232039053327,0.00273783730237942
"Meissner, Mac",16,4,0.0021400614930058848,0.15513469037175037,0.6437534925247402,0.19546625301302756,0.0035055025974759513
"Meissner, Mac",17,5,0.048280102378350676,0.43261202593132,0.4604258576179343,0.05794508721420988,0.0007369268581851607
"Meissner, Mac",18,4,0.003571345864094244,0.15028956267923255,0.588321801291546,0.247652056684454,0.01016523348067322
"Mitchell, Keith",1,4,0.011038875959392236,0.306051752027375,0.5923515052259153,0.08974292483495372,0.0008149419523637569
"Mitchell, Keith",2,4,0.010383121914347482,0.22934178374475866,0.5756375700321088,0.17847767222584654,0.006159852082938566
"Mitchell, Keith",3,4,0.005768272838146571,0.26894073869227736,0.6333253260957054,0.09140094669214283,0.0005647156817278898
"Mitchell, Keith",4,5,0.01415552468405612,0.3165280315784859,0.5753797282737114,0.09287292122808033,0.00106379423566616
"Mitchell, Keith",5,3,0.009050706362554561,0.24676171930402008,0.5975393670445837,0.14374168728360326,0.0029065200052385
"Mitchell, Keith",6,4,0.002446106790389535,0.12494827156151272,0.5767842577780589,0.2823279692566496,0.013493394613389276
"Mitchell, Keith",7,5,0.076105358644797,0.4216117068729001,0.4245258519875128,0.0755460093233703,0.002211073171419775
"Mitchell, Keith",8,4,0.007395935576891943,0.23487972576436933,0.6084225872746922,0.14656589840473555,0.0027358529793108932
"Mitchell, Keith",9,3,0.0024808502830070966,0.16022403041168687,0.6375987767705824,0.19589036821983896,0.003805974314884608
"Mitchell, Keith",10,4,0.009422887112637557,0.2699637645678344,0.6014617580662074,0.11752709208183854,0.001624498171482136
"Mitchell, Keith",11,3,0.003192364074865117,0.15553524531130575,0.6079465010025558,0.22629294393454058,0.007032945676732849
"Mitchell, Keith",12,4,0.005084556297462517,0.15671149240671817,0.5625558657287464,0.2609726298691456,0.014675455697927386
"Mitchell, Keith",13,4,0.009541847978005225,0.22551355680110363,0.5806966797368236,0.17839495549976947,0.005852959984298023
"Mitchell, Keith",14,5,0.0564620471457572,0.3747213918273124,0.4610441409961708,0.1037512349881009,0.004021185042658693
"Mitchell, Keith",15,3,0.009476764625203193,0.26033390188349603,0.5987626135679394,0.12925945019336127,0.002167269730000143
"Mitchell, Keith",16,4,0.0027471110545321253,0.17460305241506746,0.645299664808866,0.1746030603987514,0.002747111322783047
"Mitchell, Keith",17,5,0.05571144880839335,0.4530720679234665,0.4402828357086762,0.05035604693281004,0.0005776006266539069
"Mitchell, Keith",18,4,0.004425631663900809,0.16723001587630992,0.5933386141760326,0.22664017482989463,0.008365563453861968
"Molinari, Francesco",1,4,0.008075754172572946,0.26875034984916407,0.6121084099890086,0.10985904918356937,0.0012064368056849961
"Molinari, Francesco",2,4,0.007861438436418788,0.2010323060666675,0.5777280048387298,0.20517565396123483,0.008202596696949116
"Molinari, Francesco",3,4,0.0040270565965726535,0.23099322684931844,0.6508716520675328,0.11324098936564642,0.0008670751209296501
"Molinari, Francesco",4,5,0.010564984127835297,0.28034389781254504,0.5948332629436198,0.11271522915584842,0.0015426259601514225
"Molinari, Francesco",5,3,0.006695851220401838,0.2151566764036688,0.6048656789862694,0.1692393379867816,0.004042455402878398
"Molinari, Francesco",6,4,0.0017409967112763658,0.10457087975014828,0.5596787093240296,0.31632544337444546,0.017683970840100205
"Molinari, Francesco",7,5,0.06383558296272773,0.3974060330115089,0.4467911049152201,0.08903071091651915,0.002936568194024103
"Molinari, Francesco",8,4,0.005400358361147772,0.20338378662286477,0.6144567418374488,0.1729236463886864,0.0038354667898522488
"Molinari, Francesco",9,3,0.0017124192841138641,0.13380589603125775,0.6303874396197304,0.22873180967762452,0.005362435387273434
"Molinari, Francesco",10,4,0.006911133608711206,0.23569424999110739,0.6141730352734738,0.1408931619655337,0.002328419161173989
"Molinari, Francesco",11,3,0.0022677803486024772,0.13109091509891013,0.59801893461412,0.25909921776690115,0.009523152171466265
"Molinari, Francesco",12,4,0.003773584781881445,0.13435586935701177,0.5512740212880306,0.2916995409429245,0.018896983630151687
"Molinari, Francesco",13,4,0.007181898412822019,0.19709506275466943,0.5824605379648311,0.2054325175370133,0.007829983330664092
"Molinari, Francesco",14,5,0.046883160979755145,0.34899428150737166,0.47859522002839044,0.12028793383349778,0.005239403650984964
"Molinari, Francesco",15,3,0.006990629424829253,0.22733154629709573,0.6090397372027807,0.15357946220539898,0.0030586248698953877
"Molinari, Francesco",16,4,0.0018933256088231598,0.146259771697838,0.6419081992327524,0.20600438702461576,0.003934316435970642
"Molinari, Francesco",17,5,0.04499267424146752,0.4224793216043036,0.46979425561442034,0.061906350810234434,0.0008273977295740753
"Molinari, Francesco",18,4,0.0032150368022777487,0.14252035491522203,0.5850541550401562,0.25806300415132855,0.011147449091015504
"Moore, Taylor",1,4,0.010358501730590719,0.2982054585237596,0.5968871184708637,0.09366420866681935,0.0008847126079665202
"Moore, Taylor",2,4,0.009810468207675116,0.22334366935510946,0.5764724406596828,0.1838326373978738,0.006540784379658771
"Moore, Taylor",3,4,0.005361422341538469,0.26087890207148856,0.6374989330188399,0.0956429506140144,0.0006177919541187071
"Moore, Taylor",4,5,0.01333717437469023,0.3089445044114986,0.5798155934887776,0.09675285941240741,0.00114986831262609
"Moore, Taylor",5,3,0.008511622114719342,0.24006430188900324,0.5995078272684586,0.1488017503431962,0.0031144983846225216
"Moore, Taylor",6,4,0.002282047534855447,0.12053109264338174,0.5736354618019605,0.2892698761218293,0.014281521897973048
"Moore, Taylor",7,5,0.07343157067210299,0.4167326296189084,0.4292865511570402,0.07820308777966789,0.002346160772280559
"Moore, Taylor",8,4,0.006936838525599676,0.22818467947501275,0.6101471673917246,0.1517947713783897,0.0029365432292732807
"Moore, Taylor",9,3,0.0023002187499818194,0.15451142771598136,0.6366409841325367,0.20245760352848996,0.004089765873010132
"Moore, Taylor",10,4,0.008846323394751276,0.26271914333598634,0.604556705158668,0.12212610379534339,0.0017517243152509465
"Moore, Taylor",11,3,0.0029772284718135866,0.15026176417695697,0.6063553938513877,0.2329109543653891,0.007494659134452575
"Moore, Taylor",12,4,0.004784278707384293,0.1519139605568176,0.560588910261355,0.26723817674383865,0.015474673730604405
"Moore, Taylor",13,4,0.009004739926315952,0.21948494727724066,0.5814742252023211,0.1838151347614284,0.00622095283269386
"Moore, Taylor",14,5,0.054364540634291636,0.3694643017494707,0.4648848839714201,0.10703632983678868,0.0042499438080289
"Moore, Taylor",15,3,0.00890716471306624,0.2533517261054438,0.6013463311402695,0.1340653337728126,0.0023294442684078653
"Moore, Taylor",16,4,0.0025463619143455962,0.1684873731540481,0.6451543476053894,0.18084988021463078,0.0029620371115861577
"Moore, Taylor",17,5,0.0533441934652793,0.44689136769281623,0.44654835212354915,0.05259341937043949,0.0006226673479158285
"Moore, Taylor",18,4,0.004146263174182541,0.1619223145326752,0.5920567907543055,0.23298992697245557,0.00888470456638113
"Morikawa, Collin",1,4,0.01588880993828229,0.35329372250695495,0.5612684689456934,0.06905220431919279,0.0004967942898765898
"Morikawa, Collin",2,4,0.01438369836437603,0.26602105825617645,0.5665312223432599,0.14877464540820862,0.004289375627978931
"Morikawa, Collin",3,4,0.008768573737175323,0.3183554776954629,0.6033740947105891,0.06917331722064035,0.0003285366361323039
"Morikawa, Collin",4,5,0.019906921093974517,0.3618946950164404,0.5452488098056507,0.07228380138386292,0.0006657727000713987
"Morikawa, Collin",5,3,0.012873920308003273,0.2876944150461679,0.5813163057982171,0.11619946848375506,0.0019158903638566427
"Morikawa, Collin",6,4,0.0036481984521681277,0.15313836059654756,0.5909866998740594,0.24265565820187773,0.009571082875347248
"Morikawa, Collin",7,5,0.09338112578348878,0.44875859704293974,0.39508296974496937,0.06122866179780395,0.001548645630798151
"Morikawa, Collin",8,4,0.01068307918563649,0.2760285854038531,0.593374362664953,0.11812897072186224,0.001785002023695137
"Morikawa, Collin",9,3,0.0038303700957793563,0.19646700977830045,0.6375252845698265,0.15971298167542003,0.0024643538806736753
"Morikawa, Collin",10,4,0.01353207760962627,0.31401805469083305,0.57856658756149,0.09285215616018472,0.0010311239778659775
"Morikawa, Collin",11,3,0.0047682168750528,0.18887159752699434,0.6123127133554082,0.189258647075621,0.004788825166923694
"Morikawa, Collin",12,4,0.0072184345903750224,0.18677239437519566,0.5701354165391528,0.22522196877356282,0.010651785721713658
"Morikawa, Collin",13,4,0.013309926882347722,0.2624600450004912,0.5718170167408142,0.148361328615215,0.004051682761131881
"Morikawa, Collin",14,5,0.07013989289501021,0.4047728169823165,0.4364024097548951,0.08580119154507715,0.0028836888227010693
"Morikawa, Collin",15,3,0.013522072075498826,0.3028663566002046,0.5789150087394765,0.10329386450636979,0.0014026980784502818
"Morikawa, Collin",16,4,0.004247429374355238,0.2132362608243683,0.6402745357880693,0.1404990327082456,0.0017427413049616591
"Morikawa, Collin",17,5,0.07137984484635651,0.4875504301235766,0.40204406957010586,0.038657856114223565,0.0003677993457374962
"Morikawa, Collin",18,4,0.006439334207385905,0.20052382816949343,0.5962347916344288,0.19098748051206593,0.005814565476625955
"Mouw, William",1,4,0.008492324663173623,0.2745381665365897,0.6093551231378906,0.10647963984712105,0.0011347458152249912
"Mouw, William",2,4,0.008220678525752867,0.20539217662259596,0.5777249526930787,0.2008181389721948,0.007844053186377709
"Mouw, William",3,4,0.004266759529173214,0.23681782327202977,0.6485452334723734,0.10955924025196906,0.0008109434744545396
"Mouw, William",4,5,0.011074224845336378,0.28598072111287576,0.5920974520641732,0.10939197050492522,0.001455631472689456
"Mouw, William",5,3,0.007028133125376201,0.22002258065046104,0.604077334870031,0.16503236710845548,0.0038395842456763196
"Mouw, William",6,4,0.0018385943768386426,0.10763143721640878,0.5626953571925759,0.3108801119471555,0.016954499267021195
"Mouw, William",7,5,0.0656683195275286,0.4013337491231517,0.4434000992653703,0.08678881117413328,0.0028090209098161623
"Mouw, William",8,4,0.005680295961302206,0.2082164388428437,0.6138914213889439,0.16857334263705603,0.0036385011698540914
"Mouw, William",9,3,0.0018174561842173032,0.1377837009288035,0.6319591171179292,0.22335631422185465,0.005083411547195382
"Mouw, William",10,4,0.007264395623798436,0.240983623672196,0.6125451569289753,0.13700564612311683,0.0022011776519135218
"Mouw, William",11,3,0.0023957396833378386,0.13478151646339093,0.5999614910641913,0.25377753395152125,0.009083718837558652
"Mouw, William",12,4,0.003958479634441292,0.1377513847429538,0.5533531053940146,0.2867702760428398,0.018166754185750533
"Mouw, William",13,4,0.00751722526843035,0.20146582531146767,0.5825173595289901,0.20101722692166835,0.00748236296944349
"Mouw, William",14,5,0.048306246966973665,0.35311157415123284,0.4759938884034271,0.1175613249240337,0.005026965554332685
"Mouw, William",15,3,0.007341087946892533,0.23242129530925087,0.6077896733631526,0.14954945008469056,0.002898493296013438
"Mouw, William",16,4,0.0020099875832903513,0.1505374820765325,0.642895208533899,0.20083725503120875,0.0037200667750694194
"Mouw, William",17,5,0.046569440871847056,0.42743049339503497,0.4652647363056449,0.059953169239551185,0.0007821601879218765
"Mouw, William",18,4,0.0033842515519691974,0.14626911362945783,0.5867126624549759,0.25297442729390984,0.010659545069687248
"Mullinax, Trey",1,4,0.009474174536708124,0.287415255231089,0.6028045087873615,0.09931529775358583,0.000990763691255614
"Mullinax, Trey",2,4,0.009060840893404587,0.21513395705239513,0.5772846036431569,0.19141612601814995,0.007104472392893468
"Mullinax, Trey",3,4,0.00483863020801345,0.24986106046917178,0.642831075614501,0.10177004665558231,0.0006991870527314203
"Mullinax, Trey",4,5,0.012268369886807295,0.29849190186667446,0.5856260336450023,0.10233365637291847,0.0012800382285974576
"Mullinax, Trey",5,3,0.007809598995464351,0.23089776081889624,0.6018522768642278,0.15601472503885194,0.0034256382825597065
"Mullinax, Trey",6,4,0.0020706760226704146,0.11457220094678205,0.5689208350115362,0.29899436665051915,0.015441921368492206
"Mullinax, Trey",7,5,0.06983734022092547,0.4098414457006634,0.4357685142805413,0.08200648248511122,0.002546217312758614
"Mullinax, Trey",8,4,0.00634090149601485,0.21903924127982566,0.6121323521671111,0.15925015690025657,0.003237348156791775
"Mullinax, Trey",9,3,0.0020690492102684033,0.146792175487314,0.6348469519127184,0.21177642712205913,0.004515396267640082
"Mullinax, Trey",10,4,0.008096802437153605,0.25278817253127794,0.6084565066873636,0.1287150014756111,0.001943516868593731
"Mullinax, Trey",11,3,0.002700052162062594,0.14312570706769706,0.6037429234007508,0.2422510473482823,0.008180270021207248
"Mullinax, Trey",12,4,0.004393408397894705,0.14540068599143802,0.5575372179354172,0.27602199034578345,0.016646697329466553
"Mullinax, Trey",13,4,0.00830264849231327,0.21123983575039168,0.5821978539081532,0.19149356197290457,0.00676609987623733
"Mullinax, Trey",14,5,0.051553693600473294,0.3621031240178944,0.4700407595800402,0.11171540417554637,0.0045870186260457135
"Mullinax, Trey",15,3,0.008165786394685959,0.2437854354110514,0.6045419801591556,0.14093383222213096,0.002572965812976058
"Mullinax, Trey",16,4,0.002289488002502782,0.16021192831931358,0.644470630438926,0.18974220974526246,0.00328574349399513
"Mullinax, Trey",17,5,0.05018888922342285,0.43817318968314806,0.4551175683090275,0.05582968183078618,0.0006906709536154132
"Mullinax, Trey",18,4,0.0037843756948751084,0.15472035780805243,0.5899009157031041,0.24194174210726838,0.009652608686699926
"Noren, Alex",1,4,0.011910107020764171,0.31558549585166373,0.5865880129531458,0.08517877799289619,0.0007376061815301815
"Noren, Alex",2,4,0.01111171399685612,0.23666351951307651,0.5743546602061718,0.17214307961768305,0.005727026666212609
"Noren, Alex",3,4,0.006294765769284116,0.2787925405541031,0.6279321236971211,0.08647420339806777,0.0005063665814238894
"Noren, Alex",4,5,0.015198809651828238,0.32572335273942965,0.5697611723467912,0.08834872729490717,0.0009679379670436417
"Noren, Alex",5,3,0.009739850399038352,0.25493660813123337,0.5948587108914332,0.13779224441058968,0.002672586167705493
"Noren, Alex",6,4,0.0026579335483655764,0.13041312852890086,0.5803003716923036,0.2740347516914724,0.012593814538957582
"Noren, Alex",7,5,0.07942503716985394,0.42739423037269186,0.418689931217884,0.07243312523942325,0.0020576760001469463
"Noren, Alex",8,4,0.00798456937408415,0.24306639306146416,0.6060190449390164,0.14041947902123364,0.002510513604201625
"Noren, Alex",9,3,0.0027155012196911077,0.16727975587087673,0.6383798494997832,0.18813735862955994,0.0034875347800890077
"Noren, Alex",10,4,0.010161104779368046,0.278793232223543,0.5974183443698089,0.11214491874676225,0.001482399880517793
"Noren, Alex",11,3,0.003470128157269825,0.1620405201421094,0.6095387746022957,0.2184405164722778,0.006510060626047309
"Noren, Alex",12,4,0.005468607699976147,0.16261237286703267,0.5646671448117109,0.25349208612638574,0.013759788494894565
"Noren, Alex",13,4,0.010226113919237223,0.2328776939470087,0.5794756422735781,0.1719852810028406,0.0054352688573353625
"Noren, Alex",14,5,0.05907373587733977,0.38100372175479186,0.45627732112628333,0.09988500793068056,0.003760213310904481
"Noren, Alex",15,3,0.010205253427091332,0.26884783792023703,0.5953389884688922,0.12362243850209587,0.001985481681683554
"Noren, Alex",16,4,0.0030079298431995305,0.18214666720728423,0.6450886640602291,0.16724985863544184,0.0025068802538452672
"Noren, Alex",17,5,0.05867331804173459,0.4604049513020827,0.43263417739496624,0.04776024870799722,0.0005273045532192544
"Noren, Alex",18,4,0.00478453446009125,0.17376124608384097,0.5945804704057327,0.21909822961412184,0.007775519436213241
"Norlander, Henrik",1,4,0.009678390134912285,0.2899706517232637,0.6014374844599534,0.09794895293243655,0.0009645207494340946
"Norlander, Henrik",2,4,0.009234515180756964,0.21707427246061906,0.5771280774271428,0.18959654465209663,0.00696659027938451
"Norlander, Henrik",3,4,0.0049587301595864774,0.252463128406415,0.6416119891549017,0.10028718357306454,0.0006789687060322347
"Norlander, Henrik",4,5,0.012515727679097477,0.3009698649701451,0.5842810855962942,0.10098542471062333,0.001247897043839874
"Norlander, Henrik",5,3,0.00797185946529616,0.23306413053726044,0.6013357732585004,0.154279065931898,0.003349170807044999
"Norlander, Henrik",6,4,0.002119295246954589,0.11597148946873198,0.5700781532690088,0.2966723591112943,0.015158702904010335
"Norlander, Henrik",7,5,0.07068006987599357,0.4114927366042202,0.43424039561345773,0.08108953448710432,0.0024972634192241827
"Norlander, Henrik",8,4,0.0064784407218652085,0.22119874171377496,0.6117034663126161,0.15745599070199745,0.003163360549746308
"Norlander, Henrik",9,3,0.0021220592489717416,0.14860611457020123,0.6353225345233253,0.20953861237284332,0.004410679284658325
"Norlander, Henrik",10,4,0.008269902394394568,0.2551367912463433,0.6075710734509135,0.1271260076664218,0.0018962252419267855
"Norlander, Henrik",11,3,0.0027638067930973453,0.14480370706281032,0.6044067187191768,0.24001345279666486,0.008012314628250694
"Norlander, Henrik",12,4,0.004483736328551924,0.14693452380102645,0.5582967785156394,0.2739238258843284,0.016361135470453814
"Norlander, Henrik",13,4,0.008465204139237181,0.21318784705311888,0.5820633264175044,0.1896509334709353,0.0066326889192043215
"Norlander, Henrik",14,5,0.052211834117249056,0.36386045668809947,0.4688331906309639,0.11058980176536792,0.004504716798319652
"Norlander, Henrik",15,3,0.008337102084204462,0.2460473125532336,0.6038233883135515,0.13927917676005808,0.0025130202889522835
"Norlander, Henrik",16,4,0.002348387662305884,0.162157762118733,0.6446840636304456,0.1876038288541897,0.0032059577343257484
"Norlander, Henrik",17,5,0.05092587260535303,0.4402609815763607,0.4530933483799823,0.05504590216230709,0.0006738952759969274
"Norlander, Henrik",18,4,0.0038678205487033823,0.15641593012815236,0.5904532754747461,0.23979816561187306,0.009464808236525069
"Olesen, Thorbjorn",1,4,0.010795443737344979,0.30328697092772383,0.5939715072053701,0.09110721299553715,0.0008388651340239806
"Olesen, Thorbjorn",2,4,0.010178617466443052,0.2272254491454544,0.5759548075576417,0.1803496901521927,0.006291435678268065
"Olesen, Thorbjorn",3,4,0.005622258857502727,0.26609522809571956,0.6348237554919206,0.09287588758614285,0.0005828699687142613
"Olesen, Thorbjorn",4,5,0.013863103159970858,0.3138574793371014,0.5769625280089908,0.0942235404959153,0.0010933489980216038
"Olesen, Thorbjorn",5,3,0.008857922905764759,0.24439865989492154,0.598257827632469,0.1455074443556693,0.0029781452111753426
"Olesen, Thorbjorn",6,4,0.0023872677085053917,0.12338360969728557,0.5757012366822554,0.28476188056317575,0.013766005348777921
"Olesen, Thorbjorn",7,5,0.07515729582044095,0.4199049738894153,0.4262077958747702,0.07647220777199659,0.0022577266433769783
"Olesen, Thorbjorn",8,4,0.0072316148894800425,0.23251625779243318,0.6090567581319305,0.1483904370635145,0.002804932122641768
"Olesen, Thorbjorn",9,3,0.0024159522825847324,0.15820145454053414,0.6372940895001732,0.1981848642468509,0.003903639429857053
"Olesen, Thorbjorn",10,4,0.00921660516035322,0.267408743768452,0.6025766793964519,0.11912975044557372,0.001668221229169209
"Olesen, Thorbjorn",11,3,0.0031152071317733787,0.15366883921040536,0.6074150638782296,0.22860861144027567,0.007192278339315905
"Olesen, Thorbjorn",12,4,0.004977159188391755,0.1550150091956668,0.5618866488606429,0.2631689736474885,0.014952209107810033
"Olesen, Thorbjorn",13,4,0.009349963975019249,0.2233860219993135,0.5809943850247525,0.1802895940242215,0.005980034976693194
"Olesen, Thorbjorn",14,5,0.055717696437076025,0.3728780062698348,0.46240610589882725,0.10489789369241342,0.004100297701848499
"Olesen, Thorbjorn",15,3,0.009273040686168688,0.25787108330718517,0.5996974948581515,0.13093531769771072,0.0022230634507839353
"Olesen, Thorbjorn",16,4,0.0026749822179281124,0.1724385921547718,0.6452817124340828,0.1767837221909987,0.0028209910022185536
"Olesen, Thorbjorn",17,5,0.05487016880784973,0.4509093036779724,0.44249373246576995,0.05113371041149284,0.0005930846369150977
"Olesen, Thorbjorn",18,4,0.004325583067441241,0.1653528722969902,0.5929139930336598,0.22886264611158025,0.008544905490328492
"Onishi, Kaito",1,4,0.007245417300578594,0.2565517577251042,0.6174997631423446,0.11732936399732286,0.0013736978346498008
"Onishi, Kaito",2,4,0.007139832192287143,0.19187921673698916,0.577320660182866,0.2146430517493918,0.009017239138465971
"Onishi, Kaito",3,4,0.0035548709570726866,0.21879532334939067,0.6552552992417562,0.1213953388716813,0.000999167580099214
"Onishi, Kaito",4,5,0.00954484408010492,0.26843533661077745,0.6002268114821048,0.12004841912450837,0.0017445887025044904
"Onishi, Kaito",5,3,0.0060320493421260335,0.20494478410601152,0.6060760842513316,0.17843870616599422,0.004508376134536585
"Onishi, Kaito",6,4,0.0015480841210093188,0.0982376585080984,0.5528618883959484,0.3280196713299387,0.019332697645005226
"Onishi, Kaito",7,5,0.06005323806099094,0.38890925477658966,0.4538527269226954,0.09395804591791435,0.0032267343218096434
"Onishi, Kaito",8,4,0.004842974614159112,0.19326189915074665,0.6151686395585416,0.18243783893443788,0.004288647742114682
"Onishi, Kaito",9,3,0.0015062787576040626,0.12556490083743788,0.6264973837404728,0.2404267811613915,0.006004655503093703
"Onishi, Kaito",10,4,0.006206767650361766,0.22457880124845592,0.6171550477209982,0.14943652260690576,0.002622860773278446
"Onishi, Kaito",11,3,0.0020148934463078416,0.12343183377580064,0.5934127341908058,0.27061578452023816,0.010524754066847608
"Onishi, Kaito",12,4,0.003404249719348551,0.12728339888328088,0.5464737054857276,0.30229745853684775,0.020541187374795267
"Onishi, Kaito",13,4,0.006509320744193359,0.1879264322793247,0.5819152982389746,0.2150282898204201,0.008620658917087187
"Onishi, Kaito",14,5,0.04395524725830091,0.3401561159095506,0.48391787054777263,0.12625050772061908,0.005720258563756797
"Onishi, Kaito",15,3,0.006290930676702611,0.21663988516940785,0.6112267085590646,0.16241472934436307,0.0034277462504619383
"Onishi, Kaito",16,4,0.001664425073496234,0.13738595761219163,0.6392380810014286,0.21728202405850516,0.004429512254378265
"Onishi, Kaito",17,5,0.041767689408340414,0.4117881196475503,0.4792691928447758,0.06624277112806187,0.0009322269712715991
"Onishi, Kaito",18,4,0.0028787451130105057,0.13471832614514517,0.5810827966103742,0.26906475982536215,0.012255372306107959
"Pak, John",1,4,0.008307951934092339,0.2720020382464195,0.6105765721467081,0.1079478457684464,0.0011655919043336294
"Pak, John",2,4,0.008061896608907881,0.20348036175133316,0.5777414871849273,0.20271719285714795,0.007999061597683599
"Pak, John",3,4,0.004160444524268947,0.23426266371186505,0.6495836058996637,0.1111582286176247,0.0008350572465776196
"Pak, John",4,5,0.010849037039993792,0.28351179929587095,0.5933098198680828,0.11083624810354209,0.0014930956925103267
"Pak, John",5,3,0.0068811234036562086,0.21788875545989123,0.6044393154231282,0.1668636846933984,0.003927121019925872
"Pak, John",6,4,0.0017953324857469255,0.10628589225281337,0.561390459312764,0.31325814914995287,0.01727016679872284
"Pak, John",7,5,0.06486216595955668,0.39962074981494816,0.44488907341963346,0.0877638593955038,0.0028641514103578958
"Pak, John",8,4,0.00555637150400734,0.2060964395049753,0.6141567289790695,0.17046699827574496,0.003723461736202971
"Pak, John",9,3,0.0017708378321671936,0.1360352922877348,0.6312917141516092,0.22569839708250228,0.005203758645986434
"Pak, John",10,4,0.007108051051959996,0.23866466777156925,0.6132748926203198,0.1386963823308348,0.0022560062253161872
"Pak, John",11,3,0.0023390181428945,0.1331598293781025,0.5991291713977578,0.2560983932459423,0.009273587835302965
"Pak, John",12,4,0.003876675509841998,0.13626032103997338,0.5524575073308466,0.28892252879885394,0.018482967320484045
"Pak, John",13,4,0.0073689738505691715,0.1995489613514035,0.5825080901334214,0.20294135499692223,0.007632619667683693
"Pak, John",14,5,0.04767993827160294,0.3513133492166578,0.4771395863521994,0.11874825372178632,0.005118872437753552
"Pak, John",15,3,0.007186020342875077,0.23018969041236492,0.6083538275835477,0.1513029192260824,0.0029675424351298663
"Pak, John",16,4,0.001958207595846806,0.14865769521941496,0.6424844273031902,0.20308726371443542,0.0038124061671125364
"Pak, John",17,5,0.04587477190042477,0.4252704558259687,0.4672520288797227,0.06080109496134822,0.0008016484325356066
"Pak, John",18,4,0.0033093169248560317,0.1446227087250858,0.5860034638066669,0.2551940102591438,0.01087050028424752
"Palmer, Ryan",1,4,0.005484603484913753,0.22705748892705407,0.6279819684241317,0.13758530031498817,0.0018906388489123849
"Palmer, Ryan",2,4,0.005580394938693833,0.16993187120933118,0.5738282875265426,0.23927934204480028,0.011380104280632075
"Palmer, Ryan",3,4,0.00258135599798881,0.1897540998957029,0.6626499526671847,0.14359872608898183,0.0014158653501417096
"Palmer, Ryan",4,5,0.007355466537762034,0.2394756738649555,0.6109552921997325,0.1398521150578197,0.0023614523397302856
"Palmer, Ryan",5,3,0.004616451938753152,0.18048847544240088,0.6062544567008021,0.20274572027504556,0.005894895642998277
"Palmer, Ryan",6,4,0.0011467756823406727,0.08356248675248612,0.5336510565483593,0.35758657788881265,0.02405310312800124
"Palmer, Ryan",7,5,0.05133487493695371,0.36705963261897645,0.47038089517813214,0.10715313153639605,0.004071465729541646
"Palmer, Ryan",8,4,0.003663677193488757,0.16913725921471123,0.6139735666269008,0.20758244581032725,0.005643051154571976
"Palmer, Ryan",9,3,0.0010848016312202668,0.10642722367989782,0.6136307282304436,0.2709321680253436,0.007925078433094646
"Palmer, Ryan",10,4,0.004711713887273039,0.1978813165460951,0.6216115976574368,0.1722802826790033,0.003515089230191837
"Palmer, Ryan",11,3,0.0014891107392808745,0.10556678039368345,0.579212459571777,0.3002807232543909,0.013450926040867728
"Palmer, Ryan",12,4,0.002616434923435773,0.11063515268866442,0.5323626048990889,0.3291784543551084,0.02520735313370248
"Palmer, Ryan",13,4,0.005060965886607649,0.165984355276309,0.5780197958389077,0.24001502364067007,0.010919859357505501
"Palmer, Ryan",14,5,0.037255014055545155,0.31782363376930506,0.49579299678018485,0.14202518144932974,0.0071031739456351994
"Palmer, Ryan",15,3,0.004800998598813222,0.19098111518698152,0.6137773157644746,0.18590461031559458,0.004535960134136152
"Palmer, Ryan",16,4,0.0011967196919505652,0.1167178599518065,0.6292344320289567,0.24692575882785572,0.005925229499430529
"Palmer, Ryan",17,5,0.03449493110524221,0.3844328194661698,0.5016859334862052,0.07813515429008533,0.00125116165229755
"Palmer, Ryan",18,4,0.0021701864299033535,0.11639307113765096,0.5686277001335192,0.29734539474486077,0.015463647554065707
"Paul, Jeremy",1,4,0.009168693618655743,0.28351669204060564,0.6048479448473222,0.10143443807200947,0.0010322314214069594
"Paul, Jeremy",2,4,0.008800378768383577,0.21217838044900722,0.5774798028906534,0.1942211097025609,0.007320328189394987
"Paul, Jeremy",3,4,0.004659703591731679,0.2459000010491803,0.644637435518228,0.10407162691135752,0.00073123292950239
"Paul, Jeremy",4,5,0.011897719533413453,0.29470842192001406,0.587639781294679,0.10442334014621069,0.0013307371056827666
"Paul, Jeremy",5,3,0.007566706066187812,0.22759800937120545,0.6025930483525792,0.15869643306777592,0.0035458031422516134
"Paul, Jeremy",6,4,0.0019981685287803197,0.11245150937829174,0.567105807664996,0.30255999910693465,0.015884515320997328
"Paul, Jeremy",7,5,0.0685615979384081,0.4072988078739112,0.4380912770775504,0.08342543660085378,0.002622880509276504
"Paul, Jeremy",8,4,0.006135249374317808,0.21575221389740007,0.6127363807435973,0.16202246431346712,0.0033536916712177955
"Paul, Jeremy",9,3,0.001990183289737102,0.1440416162494237,0.6340598133867813,0.21522829478974792,0.004680092284309989
"Paul, Jeremy",10,4,0.00783784723487091,0.24920896559888828,0.6097607433747771,0.13117441321251588,0.0020180305789477826
"Paul, Jeremy",11,3,0.0026049745230035115,0.14057992279865034,0.602675496726014,0.24569608986856273,0.008443516083769476
"Paul, Jeremy",12,4,0.004258208429730959,0.1430708486035534,0.5563337084070998,0.27924489299245137,0.017092341567164437
"Paul, Jeremy",13,4,0.008058984794965529,0.20827334455111174,0.5823582391257898,0.19433439530778973,0.006975036220343234
"Paul, Jeremy",14,5,0.050558463762204575,0.35940506127268196,0.47186657861786174,0.11345421710662462,0.004715679240627102
"Paul, Jeremy",15,3,0.007909387219939445,0.24033899314974955,0.6055916262778542,0.1434927042486468,0.0026672891038099777
"Paul, Jeremy",16,4,0.002201865566511363,0.15725996447225876,0.6440823942308348,0.19304436361032928,0.003411412120065793
"Paul, Jeremy",17,5,0.0490766023593836,0.43496010229598236,0.45819923524606265,0.057046946779601315,0.000717113318970064
"Paul, Jeremy",18,4,0.003659694706226957,0.15214541974613954,0.5890074802491174,0.24524083934510832,0.009946565953407704
"Perez, Victor",1,4,0.011041802489881014,0.3060847109932688,0.592332051816955,0.08972677372687232,0.0008146609730228516
"Perez, Victor",2,4,0.01038557790978245,0.22936703115644652,0.5756336381831475,0.17845545234335536,0.006158300407268169
"Perez, Victor",3,4,0.0057700311826546224,0.26897469132461915,0.6333072830378973,0.09138349171198823,0.0005645027428407001
"Perez, Victor",4,5,0.014159037661172769,0.31655985655348995,0.5753607316566892,0.09285692728016759,0.001063446848480476
"Perez, Victor",5,3,0.009053023363928547,0.24678990989300503,0.5975306407550776,0.14372074922821443,0.0029056767597743782
"Perez, Victor",6,4,0.0024468150888607987,0.12496697804413393,0.5767969955044948,0.2822990338401965,0.013490177522313962
"Perez, Victor",7,5,0.07611669968902396,0.4216319713828834,0.424505772791952,0.07553503306162379,0.002210523074516857
"Perez, Victor",8,4,0.007397911434501858,0.2349079293833536,0.6084148550724262,0.14654426416940258,0.0027350399403157644
"Perez, Victor",9,3,0.00248163228481163,0.16024820511105176,0.6376021951752604,0.19586314248090098,0.0038048249479751828
"Perez, Victor",10,4,0.009425366977452054,0.2699942378369115,0.6014483088317408,0.11750810234702747,0.00162398400686814
"Perez, Victor",11,3,0.003193292877156806,0.15555754889888634,0.6079526458164851,0.2262654446330017,0.007031067774470046
"Perez, Victor",12,4,0.005085847166744484,0.15673175582322096,0.5625636878308127,0.260946521439821,0.014672187739400933
"Perez, Victor",13,4,0.009544152895398006,0.22553894070905,0.5806929763844283,0.17837246828490594,0.005851461726217755
"Perez, Victor",14,5,0.056470955436193904,0.3747433079503132,0.4610278490447323,0.10373763605441133,0.00402025151434926
"Perez, Victor",15,3,0.009479213298573042,0.2603632778546784,0.5987513098576259,0.12923958575432826,0.00216661323479439
"Perez, Victor",16,4,0.0027479802043687274,0.17462891750471632,0.645299662265356,0.17457719760456192,0.0027462424209970804
"Perez, Victor",17,5,0.055721525014466866,0.45309775148645076,0.4402564595267814,0.0503468454077699,0.0005774185645310848
"Perez, Victor",18,4,0.004426835068276347,0.16725243878133123,0.5933434997916059,0.22661377787167358,0.008363448487112901
"Peterson, Paul",1,4,0.007477285328522376,0.26005292867990243,0.616011161423647,0.11513532037043905,0.0013233041974891613
"Peterson, Paul",2,4,0.007342122369120407,0.19450143651755197,0.5774962778282281,0.21188534202381026,0.008774821261289256
"Peterson, Paul",3,4,0.0036859475209085057,0.22228535421703172,0.6540712357632718,0.11899825173750678,0.0009592107612812484
"Peterson, Paul",4,5,0.009830427814207177,0.27185723867861167,0.5987320084455575,0.11789644526942156,0.001683879792202081
"Peterson, Paul",5,3,0.006217623404775718,0.20786976642729177,0.6057927848710878,0.17575079657426396,0.0043690287225808255
"Peterson, Paul",6,4,0.0016017306143890075,0.10003926620237613,0.5548831619069439,0.32463253888397825,0.0188433023923128
"Peterson, Paul",7,5,0.061127858734842444,0.39137884026380076,0.4518382233853531,0.09251474439933716,0.003140333216666513
"Peterson, Paul",8,4,0.0049985399878672565,0.19615826864256924,0.6150324290293572,0.17965776670386058,0.0041529956363457465
"Peterson, Paul",9,3,0.0015633971272341896,0.12791047991862653,0.6276955701946199,0.2370181647650148,0.005812387994504564
"Peterson, Paul",10,4,0.006403491797698835,0.22776460828585837,0.6163630891053122,0.1469343230243101,0.0025344877868205273
"Peterson, Paul",11,3,0.0020852117592068953,0.12561366559301962,0.5948071569439358,0.26726770255676957,0.010226263147068093
"Peterson, Paul",12,4,0.003507500510393169,0.12930178997752573,0.5479106139392744,0.2992260960906624,0.020053999482144258
"Peterson, Paul",13,4,0.006697727554294652,0.1905520750069995,0.5821321467591611,0.212232796592702,0.008385254086842653
"Peterson, Paul",14,5,0.0447858581881837,0.34271550167760084,0.48241304374920907,0.12450817830301275,0.005577418081993635
"Peterson, Paul",15,3,0.006486481262781674,0.2197036583411755,0.6106627003184987,0.15983000117671065,0.0033171589008335056
"Peterson, Paul",16,4,0.001727841876406233,0.13991323766175645,0.6400879596405211,0.21398999007390263,0.004280970747413626
"Peterson, Paul",17,5,0.042679878440337604,0.414892652220332,0.47656028172689513,0.06496644567002674,0.0009007419424085228
"Peterson, Paul",18,4,0.002972517495722915,0.13694401409836643,0.5822899378444557,0.2658677552858384,0.011925775275616557
"Phillips, Chandler",1,4,0.008937363458933922,0.28050127816004494,0.6063929912860473,0.1031028286931398,0.0010655384018339875
"Phillips, Chandler",2,4,0.008602589232305669,0.20989608952094607,0.5775942163309846,0.19641511762056174,0.007491987295201952
"Phillips, Chandler",3,4,0.0045248022781548825,0.2428434919198918,0.6459895624687948,0.10588508695669585,0.000757056376462728
"Phillips, Chandler",4,5,0.011616518412489174,0.2917794719051148,0.5891652293383622,0.10606739790149211,0.0013713824425416465
"Phillips, Chandler",5,3,0.007382629209250813,0.2250501122137309,0.6031263697647509,0.16079913691582415,0.003641751896443335
"Phillips, Chandler",6,4,0.0019434399192008178,0.11082280870994227,0.5656606425175573,0.3053372939868324,0.01623581486646719
"Phillips, Chandler",7,5,0.06758299132228135,0.4053125808125159,0.43988063153411094,0.08453992675174149,0.0026838695793502954
"Phillips, Chandler",8,4,0.005979587641922135,0.21321602186284777,0.6131613680755637,0.16419636878986033,0.003446653629806118
"Phillips, Chandler",9,3,0.0019308104342444787,0.14192801979735992,0.6333994269276002,0.2179300279493348,0.0048117148914605945
"Phillips, Chandler",10,4,0.007641732449043814,0.2464437672972118,0.6107303566748548,0.13310644671593175,0.0020776968629578896
"Phillips, Chandler",11,3,0.0025332118628785816,0.13862253743007424,0.6018040725306902,0.2483870538344155,0.008653124341941432
"Phillips, Chandler",12,4,0.004155757627151202,0.14127717925890632,0.5553654136636217,0.2817561039145704,0.017445545535750395
"Phillips, Chandler",13,4,0.007874053071209808,0.20598329885035166,0.5824446767758802,0.19655671054785873,0.007141260754699674
"Phillips, Chandler",14,5,0.04979592260944865,0.3573039178904348,0.47326493496406774,0.1148173825683988,0.004817841967650005
"Phillips, Chandler",15,3,0.007715115050197341,0.23767683002199386,0.6063643003260781,0.14550104640764194,0.0027427081940887277
"Phillips, Chandler",16,4,0.0021359054201069982,0.154990449057405,0.6437296416310692,0.19563200195656727,0.003512001934851572
"Phillips, Chandler",17,5,0.048226174346050144,0.432451592103945,0.46057721709019017,0.05800672047679889,0.0007382959830157798
"Phillips, Chandler",18,4,0.00356539238524628,0.15016354391014147,0.5882739523790854,0.24781681713784787,0.010180294187678962
"Piot, James",1,4,0.005464078142421502,0.22667812766270912,0.6280909231051841,0.13786832811246874,0.0018985429772164775
"Piot, James",2,4,0.005561940726032111,0.1696511246594336,0.5737584692007143,0.2396137389916253,0.011414726422194654
"Piot, James",3,4,0.002570257181618296,0.18938484944679795,0.6627127793151986,0.14390979137718451,0.001422322679200727
"Piot, James",4,5,0.007329704738002485,0.23910157426239675,0.6110698396247691,0.14012807030571184,0.002370811069119738
"Piot, James",5,3,0.004599874301094542,0.18017599562725817,0.6062293412987682,0.20307922252123234,0.005915566251646798
"Piot, James",6,4,0.0011421652682261918,0.08337946453593881,0.5333773258166021,0.35797940124427263,0.024121643134960236
"Piot, James",7,5,0.05122649202397517,0.3667658058222299,0.47058777769340654,0.1073360453150165,0.004083879145371894
"Piot, James",8,4,0.0036499519390384982,0.168830120745235,0.6139291579516506,0.20792746895134684,0.005663300412729111
"Piot, James",9,3,0.0010800263455191805,0.10618825298047224,0.6134312263242143,0.2713466997158638,0.007953794633930533
"Piot, James",10,4,0.0046942717668994605,0.19753953245809913,0.6216412953968703,0.17259634714933514,0.003528553228795972
"Piot, James",11,3,0.001483073686617875,0.10534291100105447,0.5789997537398922,0.3006802588843914,0.013494002688044016
"Piot, James",12,4,0.0026072045839447555,0.11042504100534362,0.5321565057483804,0.3295365403960162,0.02527470826631506
"Piot, James",13,4,0.005043873340227989,0.16570408393799851,0.5779441120003121,0.2403543243552475,0.010953606366213897
"Piot, James",14,5,0.037172167757231755,0.3175269145636224,0.49593561902432276,0.14224197141804318,0.007123327236779886
"Piot, James",15,3,0.004783571607472004,0.1906527956491998,0.6137827369628848,0.18622831561819553,0.00455258016224791
"Piot, James",16,4,0.0011914237359920699,0.11645923163276889,0.6290707933906067,0.24733080495334803,0.005947746287284339
"Piot, James",17,5,0.03440603125082542,0.38406641840445904,0.5019688203543564,0.07830274082538824,0.0012559891649708277
"Piot, James",18,4,0.002161965000358701,0.11616221961978562,0.5684394463799187,0.2977257713890529,0.015510597610884025
"Potgieter, Aldrich",1,4,0.008951974951227626,0.2806933993134505,0.606295486008166,0.10299575639734848,0.001063383329807488
"Potgieter, Aldrich",2,4,0.008615096585542215,0.21004140472527605,0.5775878864366136,0.1962746869403431,0.007480925312224995
"Potgieter, Aldrich",3,4,0.004533307658689145,0.24303804235895704,0.6459045993612202,0.10576866732470003,0.0007553832964335427
"Potgieter, Aldrich",4,5,0.011634293445316635,0.29196615091772893,0.5890688841167877,0.10596191696479651,0.0013687545553702218
"Potgieter, Aldrich",5,3,0.0073942597800064624,0.22521233389524198,0.6030934314468663,0.16066441627813965,0.0036355585997456252
"Potgieter, Aldrich",6,4,0.0019468921282909668,0.110926278329184,0.5657537998461513,0.30515983539805314,0.016213194298320688
"Potgieter, Aldrich",7,5,0.06764513135809908,0.4054396423707123,0.4397668169384214,0.08446847060349738,0.0026799387292698595
"Potgieter, Aldrich",8,4,0.005989417865049307,0.21337744921477542,0.6131353992854542,0.16405708220239323,0.003440651432327746
"Potgieter, Aldrich",9,3,0.0019345515669831337,0.14206232366717836,0.6334428537438392,0.21775705514613286,0.004803215875866407
"Potgieter, Aldrich",10,4,0.007654120095071215,0.24661986348998238,0.6106696094786507,0.13298256585934698,0.002073841076948746
"Potgieter, Aldrich",11,3,0.002537738501192821,0.1387469453755366,0.6018607939708113,0.24821491214497027,0.00863961000748903
"Potgieter, Aldrich",12,4,0.004162230546566503,0.14139124264812314,0.5554280872749346,0.28159562368361557,0.017422815846760198
"Potgieter, Aldrich",13,4,0.007885744714917375,0.2061290902032174,0.5824401567757338,0.1964144611090577,0.007130547197073733
"Potgieter, Aldrich",14,5,0.049844319746582266,0.35743816256253,0.4731762059282159,0.11473004929771125,0.004811262464960553
"Potgieter, Aldrich",15,3,0.007727388735267182,0.23784635272198573,0.6063161008498343,0.14537232039053327,0.00273783730237942
"Potgieter, Aldrich",16,4,0.0021400614930058848,0.15513469037175037,0.6437534925247402,0.19546625301302756,0.0035055025974759513
"Potgieter, Aldrich",17,5,0.048280102378350676,0.43261202593132,0.4604258576179343,0.05794508721420988,0.0007369268581851607
"Potgieter, Aldrich",18,4,0.003571345864094244,0.15028956267923255,0.588321801291546,0.247652056684454,0.01016523348067322
"Power, Seamus",1,4,0.00910419004421903,0.28268146903156544,0.6052790242464549,0.10189396955348595,0.0010413471242747274
"Power, Seamus",2,4,0.008745276119333623,0.21154589615183295,0.5775147071323098,0.1948266625718068,0.007367458024716833
"Power, Seamus",3,4,0.0046220359897401475,0.2450527613077908,0.6450159185163518,0.10457099103552048,0.0007382931505968138
"Power, Seamus",4,5,0.011819355803298903,0.2938973716881525,0.5880651358280223,0.10487626883390144,0.0013418678466248224
"Power, Seamus",5,3,0.007515391084937484,0.22689190264204345,0.6027442556505591,0.15927633815567033,0.0035721124667895676
"Power, Seamus",6,4,0.0019828925111506357,0.11199937632538137,0.5667091428659174,0.3033275631892779,0.015981025108272595
"Power, Seamus",7,5,0.06828983242120312,0.4067503722645512,0.4385875378619892,0.08373263413193599,0.0026396233203205277
"Power, Seamus",8,4,0.0060918388011161895,0.21504918636385484,0.612857806463259,0.1626219919735059,0.0033791763982640166
"Power, Seamus",9,3,0.001973597325399701,0.14345497380987055,0.6338814237686403,0.21597383176967,0.004716173326419382
"Power, Seamus",10,4,0.007783164570325851,0.24844276952570782,0.6100327576850506,0.13170693177519321,0.0020343764437225076
"Power, Seamus",11,3,0.0025849437256003083,0.14003673880274903,0.60243814670184,0.24643912850034966,0.008501042269460912
"Power, Seamus",12,4,0.004229647406696235,0.14257330096801585,0.5560687906279019,0.2799388415224764,0.017189419474909595
"Power, Seamus",13,4,0.008007455330564406,0.2076386521541977,0.5823854865319603,0.19494773795046583,0.007020668032811761
"Power, Seamus",14,5,0.050346623388806966,0.3588243311576252,0.47225512127489644,0.1138301822745249,0.004743741904146503
"Power, Seamus",15,3,0.007855226530104564,0.23960130646184308,0.6058090923162771,0.14404641462520584,0.0026879600665694614
"Power, Seamus",16,4,0.002183438986394448,0.15663014645937456,0.6439892953835247,0.19375814659596247,0.0034389725747437927
"Power, Seamus",17,5,0.04884018786969441,0.4342673252550199,0.4588583958986024,0.0573111753781661,0.0007229155985172264
"Power, Seamus",18,4,0.0036333897141900273,0.15159562170801583,0.5888080345638911,0.24595221319832872,0.010010740815574293
"Putnam, Andrew",1,4,0.010369580876639584,0.2983362560854979,0.5968130876944957,0.09359757429395321,0.0008835010494135931
"Putnam, Andrew",2,4,0.009819820643435895,0.2234434589546374,0.576460188457949,0.18374229065920744,0.006534241284770204
"Putnam, Andrew",3,4,0.0053680159902728675,0.2610129489002054,0.6374313695547725,0.09557079859093343,0.0006168669638157986
"Putnam, Andrew",4,5,0.01335052700046313,0.309071039815817,0.5797430766998095,0.09668697975851992,0.0011483767253903654
"Putnam, Andrew",5,3,0.008520407369691063,0.2401757257977017,0.5994768078837596,0.1487161488490335,0.0031109100998142347
"Putnam, Andrew",6,4,0.002284709220693293,0.12060414122967256,0.5736898640205483,0.2891532734443083,0.01426801208477746
"Putnam, Andrew",7,5,0.07347572127410651,0.4168148653411878,0.42920751068042967,0.07815806296902439,0.0023438397352516516
"Putnam, Andrew",8,4,0.006944310250528163,0.22829597444845362,0.6101203321959396,0.15170630508852523,0.002933078016553292
"Putnam, Andrew",9,3,0.0023031411740802588,0.15460596637263302,0.6366593181330928,0.20234670984448722,0.004084864475706662
"Putnam, Andrew",10,4,0.00885571267682339,0.26283975005793786,0.6045068739419728,0.12204814088632143,0.001749522436944595
"Putnam, Andrew",11,3,0.0029807188355756575,0.150349086104902,0.6063840256191488,0.23279945231628818,0.007486717124085329
"Putnam, Andrew",12,4,0.0047891712693188815,0.15199350750566187,0.5606234218557732,0.2671329030733801,0.015460996295865947
"Putnam, Andrew",13,4,0.00901350663397138,0.2195852125264916,0.5814629767703503,0.18372367494976605,0.006214629119420723
"Putnam, Andrew",14,5,0.05439913098400739,0.36955259028218745,0.46482148132569356,0.10698077601595746,0.004246021392154131
"Putnam, Andrew",15,3,0.008916445301272169,0.25346793837670306,0.6013050288423112,0.13398394547290393,0.002326642006809654
"Putnam, Andrew",16,4,0.0025496096105315225,0.168588641289673,0.645159170568947,0.1807442597841521,0.0029583187466963867
"Putnam, Andrew",17,5,0.05338314621039858,0.4469954888010032,0.44644413435273633,0.05255534353885827,0.000621887097003615
"Putnam, Andrew",18,4,0.004150805877441044,0.16201030166564434,0.5920801107967819,0.23288299279973668,0.008875788860396083
"Ramey, Chad",1,4,0.009059766810309011,0.28210376052185065,0.6055757969968786,0.1022129744834378,0.0010477011875239528
"Ramey, Chad",2,4,0.008707305549084832,0.21110856441850584,0.5775374123074448,0.1952464748846936,0.007400242840270854
"Ramey, Chad",3,4,0.004596117839176017,0.2444670250312519,0.6452759358789619,0.10491770351571983,0.000743217734890278
"Ramey, Chad",4,5,0.011765366688736678,0.29333628295258446,0.5883580812743806,0.10519064557017244,0.0013496235141258195
"Ramey, Chad",5,3,0.007480045134446001,0.22640367149213303,0.6028472841219735,0.15967857011983277,0.0035904291316146697
"Ramey, Chad",6,4,0.0019723790113091444,0.11168709663760706,0.5664331552762936,0.3038592354281807,0.016048133646609508
"Ramey, Chad",7,5,0.06810217456711248,0.40637026031803936,0.4389305076487016,0.08394578648058648,0.0026512709855600614
"Ramey, Chad",8,4,0.006061944984479317,0.21456315804928566,0.612940134727924,0.16303784074691174,0.003396921491399252
"Ramey, Chad",9,3,0.0019621883742014234,0.14304974626853734,0.6337560092243146,0.21649075848506005,0.004741297647886555
"Ramey, Chad",10,4,0.00774550425938042,0.24791293084892568,0.6102193639811399,0.13207643780174316,0.002045763108810883
"Ramey, Chad",11,3,0.002571157896140819,0.13966148538312717,0.6022721767071038,0.2469541107206672,0.008541069292961057
"Ramey, Chad",12,4,0.00420997487159569,0.14222948363375543,0.5558840819169064,0.28041955667813456,0.017256902899607907
"Ramey, Chad",13,4,0.007971950984770215,0.20719982006243165,0.582402854434189,0.19537296107546376,0.007052413443145333
"Ramey, Chad",14,5,0.050200379476591006,0.35842208964948996,0.47252332389735213,0.11409094992368918,0.004763257052877723
"Ramey, Chad",15,3,0.007817922039393965,0.2390912006171224,0.6059579680266394,0.1444305539637183,0.002702355353126018
"Ramey, Chad",16,4,0.002170764129971303,0.15619504989070998,0.6439228389237249,0.19425317715252077,0.003458169903073016
"Ramey, Chad",17,5,0.04867705009093609,0.4337872300281049,0.4593141040380422,0.0574946579664265,0.0007269578764903528
"Ramey, Chad",18,4,0.003615278086889051,0.15121571751100726,0.5886684125353374,0.24644521086786586,0.010055380998900465
"Riedel, Matthew",1,4,0.00657625874702128,0.24599026008289604,0.6216894445405847,0.12420544208213302,0.0015385945473649354
"Riedel, Matthew",2,4,0.006552316636756039,0.18399173936565888,0.5764938663992389,0.22316805410813378,0.0097940234902123
"Riedel, Matthew",3,4,0.0031801776822592553,0.20832154490882604,0.6584490285941853,0.12891844909491712,0.0011307997198123365
"Riedel, Matthew",4,5,0.008717326603210007,0.25809308677255693,0.6044636415391185,0.12678347879856267,0.0019424662865519249
"Riedel, Matthew",5,3,0.005495486410181993,0.1961499561797307,0.6066055165527472,0.18679034654174453,0.004958694315595591
"Riedel, Matthew",6,4,0.0013942746120066407,0.09288044535985418,0.5464398444435232,0.3383912350254943,0.020894200559121723
"Riedel, Matthew",7,5,0.056863679902969644,0.3813043549156667,0.45986590149336787,0.09846214963500954,0.0035039140529862234
"Riedel, Matthew",8,4,0.0043943774218278,0.18456707893018343,0.6152343155047288,0.19107658058213417,0.0047276475611257585
"Riedel, Matthew",9,3,0.0013434678542205147,0.11858469594089721,0.6224718071206543,0.25097302459142645,0.006627004492801514
"Riedel, Matthew",10,4,0.0056388631362908614,0.21499021652538142,0.6192187780027811,0.15724198244302756,0.002910159892518971
"Riedel, Matthew",11,3,0.0018133190184483894,0.11692945050410891,0.5888423427386007,0.280931360027716,0.01148352771112604
"Riedel, Matthew",12,4,0.00310569927204174,0.12124982224182523,0.5418415967900867,0.3117117933110194,0.022091088385026936
"Riedel, Matthew",13,4,0.005962778906575372,0.1800337629503065,0.5809558306585849,0.2236720184311316,0.009375609053401623
"Riedel, Matthew",14,5,0.041495932295511184,0.3323211761260895,0.4883403096450016,0.13166592230144247,0.006176659631955239
"Riedel, Matthew",15,3,0.005725802940531655,0.2074212020386207,0.612604502485723,0.17046232544127715,0.0037861670938474923
"Riedel, Matthew",16,4,0.0014837001501923908,0.12985750013280556,0.6362532642825591,0.22749361626604847,0.004911919168394396
"Riedel, Matthew",17,5,0.03907999381744187,0.40224345111841425,0.48738430518151316,0.0702575353527447,0.001034714529886016
"Riedel, Matthew",18,4,0.002608724342449298,0.12806983380164982,0.5771025233866001,0.27890796097499637,0.013310957494304443
"Riley, Davis",1,4,0.008891231490467943,0.2798932144340051,0.6067007520418028,0.10344241278916944,0.0010723892445546612
"Riley, Davis",2,4,0.00856308763443292,0.2094362526569719,0.5776133853956138,0.1968601622841939,0.007527112028787419
"Riley, Davis",3,4,0.0044979624930540085,0.2422279093353475,0.6462574012548419,0.10625434990746518,0.0007623770092914928
"Riley, Davis",4,5,0.01156038627261613,0.29118857249876506,0.5894693985373166,0.10640190816935191,0.0013797345219502821
"Riley, Davis",5,3,0.0073459053648224915,0.2245367809806908,0.6032296807160502,0.16122620643081365,0.0036614265076229113
"Riley, Davis",6,4,0.0019325445758514026,0.11049559541396203,0.5653648258514214,0.3058994090515489,0.016307625107216173
"Riley, Davis",7,5,0.06738650549884995,0.40490996879942937,0.4402406826445599,0.0847664914148838,0.002696351642276995
"Riley, Davis",8,4,0.005948552902343918,0.21270524828518234,0.6132425599383771,0.16463791617719215,0.003465722696904594
"Riley, Davis",9,3,0.0019190068337989752,0.14150327002374768,0.6332607635394019,0.21847824264199422,0.00483871696105731
"Riley, Davis",10,4,0.007602621273055277,0.24588649683742553,0.6109216925900145,0.13349923949862452,0.0020899498008801753
"Riley, Davis",11,3,0.002518925621551038,0.13822905728462614,0.6016234680213733,0.24893250694947477,0.008696042122974701
"Riley, Davis",12,4,0.004135319421691708,0.14091636218463782,0.5551661684259093,0.2822644599707981,0.017517689996963126
"Riley, Davis",13,4,0.007837130063411024,0.20552197108570502,0.5824580927812398,0.19700752530819032,0.007175280761453795
"Riley, Davis",14,5,0.0496429122768699,0.3568786959315743,0.4735454335484651,0.11509422823258653,0.004838730010504166
"Riley, Davis",15,3,0.007676361505105478,0.23714037248680514,0.6065159227945189,0.14590915888360645,0.0027581843299639974
"Riley, Davis",16,4,0.002122792765290149,0.15453424434557955,0.6436529138008384,0.19615739446814862,0.003532654620143294
"Riley, Davis",17,5,0.04805572011692488,0.43194327093282914,0.4610561346439794,0.05820222728293234,0.0007426470233342641
"Riley, Davis",18,4,0.003546598435613779,0.14976492025491506,0.5881215074175311,0.2483388589785871,0.01022811491335296
"Rodgers, Patrick",1,4,0.009720215501303142,0.29048914725530567,0.6011574758062351,0.09767387736125055,0.0009592840759055088
"Rodgers, Patrick",2,4,0.009270042376816723,0.21746826214687098,0.5770935800762937,0.18922916116781896,0.00693895423219959
"Rodgers, Patrick",3,4,0.0049833751377936775,0.2529916436062811,0.6413612832185738,0.09998875793693707,0.0006749401004143563
"Rodgers, Patrick",4,5,0.012566347946323275,0.30147245704189063,0.5840058059619393,0.10071391101257365,0.001241478037273147
"Rodgers, Patrick",5,3,0.00800508099166608,0.23350403003476983,0.6012280109286817,0.15392900617215122,0.0033338718727311534
"Rodgers, Patrick",6,4,0.002129267370813759,0.1162563058408203,0.5703098664753341,0.2962026714145547,0.015101888898477078
"Rodgers, Patrick",7,5,0.07085169706299349,0.4118263156431465,0.4339298014583235,0.08090473287524247,0.0024874529602940676
"Rodgers, Patrick",8,4,0.00650661599410618,0.2216373893666596,0.6116132885044436,0.15709414377570097,0.0031485623590896683
"Rodgers, Patrick",9,3,0.002132944303012474,0.1489752361479611,0.6354151597220448,0.20908692291879505,0.00438973690818667
"Rodgers, Patrick",10,4,0.008305353777344981,0.2556135788684283,0.6073884960702364,0.12680579579444395,0.0018867754895464106
"Rodgers, Patrick",11,3,0.0027768833817301553,0.1451450810025054,0.6045379624924434,0.23956140319057417,0.007978669932746874
"Rodgers, Patrick",12,4,0.004502231287849046,0.1472463945039671,0.5584480832851297,0.27349947709668443,0.016303813826369695
"Rodgers, Patrick",13,4,0.008498464869642397,0.2135834504652861,0.5820332139085062,0.18927891682569653,0.006605953930868824
"Rodgers, Patrick",14,5,0.052345937500531126,0.36421595249473104,0.4685871400655947,0.11036276038998938,0.004488209549153743
"Rodgers, Patrick",15,3,0.008372180729897927,0.24650652794522593,0.6036746587164818,0.13894559830750253,0.002501034300891769
"Rodgers, Patrick",16,4,0.002360482455998403,0.1625536330645212,0.6447234348214768,0.18717243718517473,0.003190012472828907
"Rodgers, Patrick",17,5,0.05107617901464684,0.4406828399706459,0.45268222644341893,0.05488821079020112,0.0006705437810872183
"Rodgers, Patrick",18,4,0.0038849202043691466,0.15676072084175652,0.5905621599620359,0.23936503478153015,0.009427164210308314
"Rosenmueller, Thomas",1,4,0.00921608350677533,0.28412760846490265,0.6045311290645422,0.10109956266070474,0.001025616303075072
"Rosenmueller, Thomas",2,4,0.008840838321245548,0.21264116416721207,0.5774527207901559,0.19377922129206004,0.007286055429326477
"Rosenmueller, Thomas",3,4,0.0046874028775907295,0.24652001410034846,0.6443586856830601,0.10370778439529493,0.0007261129437057257
"Rosenmueller, Thomas",4,5,0.01195526998971691,0.2953015492458593,0.5873272957741926,0.10409322845156654,0.0013226565386645905
"Rosenmueller, Thomas",5,3,0.007604400366188424,0.22811466918776058,0.6024807667417578,0.15827347644521672,0.0035266872590764553
"Rosenmueller, Thomas",6,4,0.0020093992584004905,0.11278270860683198,0.5673941927004393,0.3019993940749274,0.01581430535940087
"Rosenmueller, Thomas",7,5,0.06876072281348478,0.4076991256347259,0.4377279846108312,0.08320146082733149,0.002610706113626682
"Rosenmueller, Thomas",8,4,0.006167145580533107,0.21626670044854002,0.6126457736780266,0.16158520267673115,0.0033351776161690827
"Rosenmueller, Thomas",9,3,0.002002383729647117,0.14447129818658566,0.6341881073707659,0.2146843293972378,0.004653881315763497
"Rosenmueller, Thomas",10,4,0.007878021104406885,0.24976952854100165,0.609560118238546,0.13078617109661583,0.002006161019429742
"Rosenmueller, Thomas",11,3,0.0026197009876708366,0.14097772520478463,0.6028471610783015,0.2451537186649222,0.008401694064320897
"Rosenmueller, Thomas",12,4,0.004279188872291395,0.1434351303241166,0.5565258926878404,0.2787380914302803,0.017021696685471377
"Rosenmueller, Thomas",13,4,0.008096825048015954,0.20873777250219083,0.5823367130770158,0.19388683370331505,0.00694185566946226
"Rosenmueller, Thomas",14,5,0.05071371875384084,0.35982922531644423,0.4715817943728297,0.11317999590571926,0.0046952656511659585
"Rosenmueller, Thomas",15,3,0.007949173616974003,0.24087871776457948,0.6054308991877025,0.14308893512626464,0.0026522743044793406
"Rosenmueller, Thomas",16,4,0.002215420153162395,0.1577212209746532,0.6441482645022995,0.19252369689578874,0.003391397474096225
"Rosenmueller, Thomas",17,5,0.04924994418705941,0.4354658401630956,0.4577168603312785,0.056854454945452604,0.0007129003731138894
"Rosenmueller, Thomas",18,4,0.0036790255072596256,0.15254797769718142,0.5891515605799056,0.2447215398681114,0.009899896347541959
"Roy, Kevin",1,4,0.00938491037083522,0.2862856352957165,0.603401870145648,0.09992498569473174,0.0010025984930686072
"Roy, Kevin",2,4,0.008984815414841807,0.2142770012838967,0.5773466084456595,0.1922252496222765,0.007166325233325388
"Roy, Kevin",3,4,0.004786255290613828,0.24871224805542813,0.6433611649661055,0.10243201088942477,0.0007083207984277529
"Roy, Kevin",4,5,0.012160142131969032,0.29739600810956646,0.586214293198434,0.10293503802209181,0.0012945185379387159
"Roy, Kevin",5,3,0.007738645186908755,0.22994099124582618,0.6020728168557119,0.1567875317712757,0.0034600149402774782
"Roy, Kevin",6,4,0.0020494611750193625,0.11395597807707436,0.5684010876348512,0.300024630261542,0.015568842851513054
"Roy, Kevin",7,5,0.06946646007153323,0.40910762848533216,0.4364426136885317,0.08241511603248153,0.0025681817221213654
"Roy, Kevin",8,4,0.006280797078911771,0.21808587934482582,0.612313653647661,0.1600490476560521,0.0032706222725493728
"Roy, Kevin",9,3,0.0020459501708081085,0.1459931057294524,0.6346265621257807,0.2127718866338324,0.004562495340126427
"Roy, Kevin",10,4,0.008021135979002836,0.25175060441933,0.6088402378981986,0.1294232124042468,0.0019648092992217148
"Roy, Kevin",11,3,0.0026722333028829093,0.14238629714949919,0.6034404629308936,0.24324534246198282,0.008255664154741438
"Roy, Kevin",12,4,0.0043539120517622765,0.14472434362322573,0.5571940768178311,0.2769530984773034,0.016774569029877506
"Roy, Kevin",13,4,0.008231510784484586,0.2103796145683453,0.5822499275350587,0.19231298705048028,0.006825960061631164
"Roy, Kevin",14,5,0.051264228953045055,0.3613234800771855,0.47057185541445345,0.11221652700290552,0.004623908552410461
"Roy, Kevin",15,3,0.008090881009127915,0.242786283395104,0.6048519484025453,0.1416709525146307,0.0025999346785920974
"Roy, Kevin",16,4,0.002263823529707387,0.15935452303339448,0.6443659553337728,0.1906940391311498,0.0033216589719755607
"Roy, Kevin",17,5,0.049865107029044564,0.437245667341244,0.45601131153023006,0.05617968847613686,0.0006982256233445394
"Roy, Kevin",18,4,0.003747925163348098,0.15397279188159751,0.5896483734427354,0.24289406243642875,0.009736847075890287
"Rozner, Antoine",1,4,0.009777983192202244,0.2912025932793985,0.6007707413688232,0.09729655588413588,0.0009521262754401683
"Rozner, Antoine",2,4,0.009319087539332582,0.21801055307393863,0.5770446091495609,0.1887246375083047,0.006901112728863179
"Rozner, Antoine",3,4,0.005017440119522876,0.25371917942784933,0.6410144771935533,0.09957946649203298,0.0006694367670415646
"Rozner, Antoine",4,5,0.012636240148179045,0.30216391445704466,0.5836257153911446,0.1003414287783001,0.0012327012253315894
"Rozner, Antoine",5,3,0.008050959306383887,0.23410951578607148,0.6010781052350118,0.15344848124588517,0.0033129384266477047
"Rozner, Antoine",6,4,0.0021430485266025756,0.11664870766457419,0.570626993349525,0.2955571819904096,0.015024068468888596
"Rozner, Antoine",7,5,0.07108820699090296,0.41228450952781376,0.43350213287750217,0.0806511301179127,0.0024740204858684223
"Rozner, Antoine",8,4,0.006545533949784743,0.2222412308115262,0.6114874727466071,0.15659744590325564,0.0031283165888263964
"Rozner, Antoine",9,3,0.002147993932518355,0.14948373560662204,0.6355404848157998,0.20846669942577178,0.004361086219287991
"Rozner, Antoine",10,4,0.00835431731020192,0.25626977211457597,0.6071356690455927,0.1263663895702184,0.0018738519594110326
"Rozner, Antoine",11,3,0.0027949548525770807,0.14561530888509577,0.6047166622234095,0.23894046270978264,0.00793261132913503
"Rozner, Antoine",12,4,0.004527773086199005,0.1476758870406375,0.5586547328826765,0.27291632951798295,0.01622527747250402
"Rozner, Antoine",13,4,0.008544385601640503,0.2141279906215493,0.5819902332358182,0.18876804163315974,0.006569348907832229
"Rozner, Antoine",14,5,0.0525307760328772,0.3647045241056471,0.4682480103367619,0.11005108923545937,0.004465600289254468
"Rozner, Antoine",15,3,0.008420625419238215,0.24713855745272212,0.6034684030257829,0.13848777613264862,0.0024846379696081833
"Rozner, Antoine",16,4,0.0023772048670547274,0.1630989324186649,0.6447754485922079,0.18658020985860602,0.003168204263466423
"Rozner, Antoine",17,5,0.051283426562697576,0.4412623464741602,0.452116306150144,0.05467196023210574,0.0006659605808925217
"Rozner, Antoine",18,4,0.003908542829783257,0.15723556813679168,0.5907102317123678,0.23877003980960354,0.00937561751145366
"Ryder, Sam",1,4,0.00971236123725322,0.29039190527224473,0.6012100578475135,0.09772541168395565,0.0009602639590329254
"Ryder, Sam",2,4,0.00926337193122656,0.21739436315622424,0.577100120041621,0.1892980162648228,0.006944128606105382
"Ryder, Sam",3,4,0.00497874591040115,0.2528925083530005,0.6414083879248217,0.10004466403154189,0.0006756937802347984
"Ryder, Sam",4,5,0.012556843168215315,0.3013782026193917,0.5840574947089566,0.10076478020838242,0.00124267929505395
"Ryder, Sam",5,3,0.007998842699832143,0.23342151973505765,0.6012482972097974,0.15399460472710025,0.0033367356282125726
"Ryder, Sam",6,4,0.002127394362347046,0.11620286641965061,0.5702664891900533,0.29629072246242627,0.015112527565522837
"Ryder, Sam",7,5,0.07081949260099019,0.41176379179460826,0.4339880659717457,0.08093935987034595,0.0024892897623098875
"Ryder, Sam",8,4,0.006501324889240767,0.22155511019970464,0.611630281826341,0.1571619508202483,0.0031513322644652897
"Ryder, Sam",9,3,0.002130899506464168,0.1489059811882798,0.6353978873899515,0.20917157509237216,0.004393656822932357
"Ryder, Sam",10,4,0.008298696495133873,0.2555241526734712,0.6074228125523873,0.12686579422760758,0.0018885440514000429
"Ryder, Sam",11,3,0.002774427276816316,0.14508103425700541,0.6045134363842031,0.23964613324714945,0.00798496883482569
"Ryder, Sam",12,4,0.004498758302527162,0.14718788746929934,0.5584197786657026,0.2735790270483679,0.016314548514102967
"Ryder, Sam",13,4,0.008492219761285114,0.21350924748559924,0.5820389335301197,0.189348639751316,0.006610959471679889
"Ryder, Sam",14,5,0.05232077230589566,0.3641493079567231,0.4686333123790517,0.11040530682090988,0.00449130053741964
"Ryder, Sam",15,3,0.008365593630428991,0.24642039663760507,0.6037026273023848,0.13900810470110037,0.0025032777284808017
"Ryder, Sam",16,4,0.002358210396156024,0.1624793616822809,0.6447161516892155,0.18725327946997405,0.003192996762373612
"Ryder, Sam",17,5,0.05104796970165176,0.4406037670558705,0.4527593411528339,0.05491775107697594,0.0006711710126678927
"Ryder, Sam",18,4,0.003881708868532785,0.15669603711579366,0.5905418208123414,0.23944622072859967,0.009434212474732417
"Salinda, Isaiah",1,4,0.00947929769630007,0.28747985198909354,0.6027702198952987,0.09928053911373635,0.0009900913055713723
"Salinda, Isaiah",2,4,0.009065202171777698,0.21518297577559747,0.5772809243060363,0.19136994553186848,0.007100952214720069
"Salinda, Isaiah",3,4,0.0048416384332483076,0.24992678143002195,0.6428005987647611,0.1017323129528318,0.0006986684191367942
"Salinda, Isaiah",4,5,0.012274579460345214,0.2985545606592343,0.585592277466497,0.1022993671403496,0.001279215273573886
"Salinda, Isaiah",5,3,0.007813670731938005,0.23095248948281094,0.6018395206922557,0.15597063588988846,0.003423683203106931
"Salinda, Isaiah",6,4,0.0020718942968379617,0.1146074825568873,0.5689504050956387,0.2989355224311171,0.015434695619519045
"Salinda, Isaiah",7,5,0.06985857931281442,0.409883336968046,0.43572993999517523,0.08198317637650498,0.002544967347459348
"Salinda, Isaiah",8,4,0.006344351360515754,0.21909378195951962,0.612121830415476,0.15920458025542117,0.0032354560090674944
"Salinda, Isaiah",9,3,0.002070376275141228,0.14683792147807095,0.6348593660558619,0.21171961813890539,0.004512718052020581
"Salinda, Isaiah",10,4,0.008101145120231246,0.2528475172860349,0.6084344204086386,0.12867461067241948,0.0019423065126757955
"Salinda, Isaiah",11,3,0.00270164968073372,0.14316803341926954,0.6037600517167279,0.24219428506833407,0.008175980114934811
"Salinda, Isaiah",12,4,0.004395674970894936,0.14543939362470176,0.5575567032604238,0.27596881250794447,0.016639415636034993
"Salinda, Isaiah",13,4,0.008306729761825449,0.21128904373805846,0.5821947386420356,0.19144679451185798,0.006762693346222481
"Salinda, Isaiah",14,5,0.05157027361239014,0.3621476553421076,0.4700103386505687,0.1116868138082252,0.0045849185867083975
"Salinda, Isaiah",15,3,0.008170085046660225,0.24384258467986236,0.60452411181085,0.14089178606429043,0.0025714323983370146
"Salinda, Isaiah",16,4,0.0022909624723283506,0.16026100963463819,0.6444764243178553,0.18968790180645745,0.003283701768720615
"Salinda, Isaiah",17,5,0.05020744156382251,0.4382261440364399,0.4550664400685229,0.0558097327877034,0.0006902415435112719
"Salinda, Isaiah",18,4,0.003786468149986233,0.1547631433668365,0.5899152016801508,0.2418873724432995,0.009647814359726947
"Sargent, Gordon",1,4,0.004642236924342569,0.21064172480596782,0.6320243879524559,0.1504227505805853,0.0022688997366484553
"Sargent, Gordon",2,4,0.0048167129409382725,0.15781554292915678,0.5701741422328959,0.25419798632003665,0.012995615576972375
"Sargent, Gordon",3,4,0.002131219299159326,0.17387907825102938,0.6645352773072806,0.15772705927930286,0.0017273658632278588
"Sargent, Gordon",4,5,0.006292831371809249,0.22324777382506944,0.6153020643942753,0.1523500776202008,0.0028072527886452425
"Sargent, Gordon",5,3,0.0039343260741151465,0.1670133183261313,0.6044676010559481,0.2177154797687212,0.006869274775084255
"Sargent, Gordon",6,4,0.0009589645703382832,0.07577285442312442,0.5211423158272479,0.3748921303906062,0.027233734788683184
"Sargent, Gordon",7,5,0.04672804628828453,0.35402510076649046,0.47917859448878247,0.11541642654147632,0.004651831914966209
"Sargent, Gordon",8,4,0.003100787720633935,0.15591898724785636,0.6113117975624331,0.22306927624989026,0.0065991512191863055
"Sargent, Gordon",9,3,0.0008917259354135898,0.09625201546820517,0.6041442509077986,0.289431112295804,0.009280895392778765
"Sargent, Gordon",10,4,0.003995510116938883,0.18312809192814844,0.6221866312412307,0.18653541033920362,0.004154356374478363
"Sargent, Gordon",11,3,0.0012432750110773494,0.09601473915040215,0.569254678172109,0.31802115614076,0.015466151525651561
"Sargent, Gordon",12,4,0.002236465011125899,0.10163332098117911,0.5228267713999075,0.34498085279937696,0.028322589808410514
"Sargent, Gordon",13,4,0.0043546839294211215,0.15389844710728617,0.5740949295327287,0.2551558382784943,0.012496101152069672
"Sargent, Gordon",14,5,0.03374388388084543,0.3047460445624833,0.5016993267803294,0.15176997957278482,0.008040765203557121
"Sargent, Gordon",15,3,0.004084412071411858,0.17681229427023792,0.6133100353524792,0.2004710860740061,0.00532217223186493
"Sargent, Gordon",16,4,0.0009826656993883742,0.1056934280389461,0.6212726136700744,0.2650586701425117,0.0069926224490795
"Sargent, Gordon",17,5,0.030751607641882228,0.36821937095909085,0.5137713685849825,0.08577680654527853,0.0014808462687658785
"Sargent, Gordon",18,4,0.0018335229461215463,0.10651390821994233,0.5597765177160225,0.31422351701285867,0.01765253410505485
"Schenk, Adam",1,4,0.008833257868554822,0.2791258320097381,0.6070873139587278,0.10387249550052846,0.001081100662450818
"Schenk, Adam",2,4,0.00851341839898273,0.20885611995094439,0.5776356964361772,0.19742307782894541,0.0075716873849502875
"Schenk, Adam",3,4,0.004464262866446356,0.24145140672227022,0.646593089980338,0.10672209339267313,0.0007691470382722443
"Schenk, Adam",4,5,0.011489819300232074,0.2904427211293743,0.5898516019699759,0.10682550667490054,0.001390350925517203
"Schenk, Adam",5,3,0.007299747568774051,0.22388916984512486,0.6033580188380068,0.1617666488128806,0.003686414935213711
"Schenk, Adam",6,4,0.0019188613613549954,0.11008323009057941,0.5649893870135115,0.30660980008161975,0.016398721452934306
"Schenk, Adam",7,5,0.06713894434591006,0.40440086453873886,0.4406946958213323,0.08505330192524752,0.002712193368771265
"Schenk, Adam",8,4,0.005909555323039939,0.2120609595583256,0.6133428520609556,0.16519668768230078,0.0034899453753780563
"Schenk, Adam",9,3,0.0019041907450016438,0.1409679299773237,0.6330831231945635,0.2191717382198547,0.004873017863256446
"Schenk, Adam",10,4,0.0075534696971292226,0.24518337690088,0.6111611400145803,0.13399649250251833,0.0021055208848921314
"Schenk, Adam",11,3,0.0025009839754109864,0.13773306914323274,0.6013931941071504,0.24962223199410272,0.008750520780103188
"Schenk, Adam",12,4,0.004109631317851303,0.14046142706045245,0.5549127997776736,0.28290695807352206,0.01760918377050058
"Schenk, Adam",13,4,0.007790708248274714,0.2049399918196761,0.5824730896398146,0.19757775261357147,0.007218457678663137
"Schenk, Adam",14,5,0.04945017257434353,0.3563413283511678,0.4738987100648717,0.11544455873491266,0.004865230274704313
"Schenk, Adam",15,3,0.0076276546603420425,0.2364635355234695,0.6067052518897535,0.14642571215952271,0.0027778457669122014
"Schenk, Adam",16,4,0.002106333784837322,0.15395920164778326,0.643553388052597,0.19682217844993377,0.003558898064848659
"Schenk, Adam",17,5,0.047841099059465875,0.4313005746240286,0.4616602379190974,0.05844991155302348,0.0007481768443846626
"Schenk, Adam",18,4,0.0035229858679609594,0.14926234280503248,0.587926940473527,0.24899893085878855,0.010288799994691011
"Sigg, Greyson",1,4,0.009191114804034839,0.2838060146265763,0.6046980631015924,0.10127571438736782,0.0010290930804286447
"Sigg, Greyson",2,4,0.008819523543626251,0.2123975324381539,0.577467140319327,0.19401172765037122,0.007304076048521679
"Sigg, Greyson",3,4,0.0046728060492085,0.246193599360634,0.6445056239542711,0.1038991670960232,0.0007288035398631543
"Sigg, Greyson",4,5,0.01192495025035295,0.29498933118229415,0.5874919352937151,0.1042668794127235,0.0013269038609142747
"Sigg, Greyson",5,3,0.007584540700300568,0.2278426737386825,0.6025400500499738,0.15849599882702303,0.003536736684020103
"Sigg, Greyson",6,4,0.0020034812247525235,0.11260830959519957,0.567242567614192,0.302294416841814,0.01585122472404188
"Sigg, Greyson",7,5,0.06865586473253737,0.4074884808646169,0.43791925843902807,0.08331928865237226,0.002617107311445377
"Sigg, Greyson",8,4,0.006150339839809504,0.21599584071661837,0.6126936587012918,0.16181525037195899,0.0033449103703213634
"Sigg, Greyson",9,3,0.0019959540068258397,0.1442450464739427,0.6341208019489526,0.21497053738038308,0.004667660189895839
"Sigg, Greyson",10,4,0.00785685444151496,0.24947442709053136,0.6096659045566771,0.13099041367920583,0.0020124002320707213
"Sigg, Greyson",11,3,0.00261194086774047,0.14076826497528355,0.6027569992795396,0.2454391119470759,0.008423682930360443
"Sigg, Greyson",12,4,0.004268135041744114,0.1432433305719591,0.5564248915289994,0.2790047958304671,0.01705884702683025
"Sigg, Greyson",13,4,0.00807688970521403,0.2084932721616276,0.5823482125109531,0.194122323917153,0.006959301705052212
"Sigg, Greyson",14,5,0.05063195833849776,0.359606003921353,0.4717317700962911,0.11332426784581984,0.004705999798038318
"Sigg, Greyson",15,3,0.007928211524079964,0.24059458431912234,0.6055156827858474,0.14330135408330136,0.0026601672876489513
"Sigg, Greyson",16,4,0.0022082767627504274,0.15747834864687443,0.6441138237171332,0.1927976325680375,0.003401918305204421
"Sigg, Greyson",17,5,0.04915865080125842,0.43519971753226144,0.45797081329140654,0.05695570351465118,0.0007151148604224167
"Sigg, Greyson",18,4,0.0036688400128057075,0.1523360227530171,0.5890759045307459,0.24499479729402118,0.009924435409410126
"Silverman, Ben",1,4,0.008723067214040758,0.27765721065399546,0.6078213792617508,0.10470036373990221,0.0010979791303107334
"Silverman, Ben",2,4,0.008418925246132913,0.2077464338543647,0.5776725223135363,0.19850434491948277,0.007657773666483347
"Silverman, Ben",3,4,0.00440030163996169,0.2399664796645926,0.6472282594319234,0.1076226813333121,0.0007822779302102401
"Silverman, Ben",4,5,0.011355611197182758,0.28901489899036603,0.5905778704846684,0.107640711490956,0.0014109078368268468
"Silverman, Ben",5,3,0.0072119926816839874,0.2226504437695479,0.6035972557732019,0.16280557034652243,0.003734737429043733
"Silverman, Ben",6,4,0.0018928809728634421,0.10929584661025016,0.5642642699102434,0.3079724614083168,0.016574541098326234
"Silverman, Ben",7,5,0.06666641857355154,0.4034234043672009,0.44156241578933036,0.08560496952607155,0.0027427917438456184
"Silverman, Ben",8,4,0.005835443233043303,0.21082888654484105,0.6135280041543292,0.16627086848205175,0.0035367975857347744
"Silverman, Ben",9,3,0.001876083437382825,0.1399455626805225,0.6327348951949736,0.22050409116044334,0.004939367526677674
"Silverman, Ben",10,4,0.007460044238411179,0.24383824109482777,0.6116130815813791,0.13495297315470056,0.002135659930681433
"Silverman, Ben",11,3,0.002466918471876911,0.1367856690442506,0.6009451621480004,0.25094647526259495,0.008855775073277172
"Silverman, Ben",12,4,0.004060794603286566,0.13959207114933186,0.5544219111703359,0.28413953588429697,0.017785687192748756
"Silverman, Ben",13,4,0.007702408961091978,0.20382688070483235,0.5824957497877462,0.19867310625095458,0.007301854295374888
"Silverman, Ben",14,5,0.04908242473676239,0.35531062154437343,0.47457257609778414,0.11611799336012807,0.004916384260951978
"Silverman, Ben",15,3,0.0075350599357494885,0.23516875219678635,0.607061279189657,0.1474190246236574,0.0028158840541496755
"Silverman, Ben",16,4,0.002075110581116646,0.15286083245737697,0.6433545025670768,0.19809986668584678,0.0036096877085828316
"Silverman, Ben",17,5,0.04743188744194826,0.43006686770840946,0.4628154458150891,0.05892691719311682,0.0007588818414363541
"Silverman, Ben",18,4,0.003478122672299022,0.1483020267567315,0.587547772574958,0.2502660868840245,0.010405991111986923
"Simpson, Webb",1,4,0.009131431366615872,0.2830347239823451,0.6050969914739083,0.10169937167060172,0.0010374815065290477
"Simpson, Webb",2,4,0.008768551754251674,0.21181337287357294,0.5775002439543551,0.19457034547932484,0.007347485938495435
"Simpson, Webb",3,4,0.004637938994090041,0.24541103948760773,0.6448562094334922,0.10435951358208673,0.0007352985027233583
"Simpson, Webb",4,5,0.011852454866307538,0.2942404236988279,0.5878854967833316,0.10468447630720246,0.0013371483443305188
"Simpson, Webb",5,3,0.007537063740380545,0.2271905127793724,0.6026806277183605,0.15903083547550767,0.003560960286378867
"Simpson, Webb",6,4,0.0019893424528296677,0.11219051012991282,0.5668772489690568,0.30300276557588113,0.015940132872319546
"Simpson, Webb",7,5,0.06840470851318714,0.4069824916345034,0.4383777052010761,0.08360256657439713,0.002632528076836227
"Simpson, Webb",8,4,0.006110171485488258,0.2153464789395491,0.6128067955693531,0.16236818077355053,0.0033683732320589632
"Simpson, Webb",9,3,0.001980599084437762,0.14370297921861486,0.6339572951798089,0.21565824841863523,0.0047008780985032805
"Simpson, Webb",10,4,0.0078062584411809355,0.24876680362754128,0.6099180310537099,0.13148146060224797,0.002027446275319922
"Simpson, Webb",11,3,0.002593401245722826,0.14026638138267272,0.6025389080757433,0.24612464686873958,0.00847666242712164
"Simpson, Webb",12,4,0.004241709942824079,0.14278366885121624,0.556181143060276,0.2796451874385816,0.01714829070710211
"Simpson, Webb",13,4,0.008029220800776837,0.20790705716696078,0.5823742703691678,0.19468812145553482,0.007001330207559775
"Simpson, Webb",14,5,0.05043616167625281,0.35907006604011665,0.47209090193096515,0.11367101923989664,0.004731851112768748
"Simpson, Webb",15,3,0.007878100724770187,0.23991327980312166,0.6057174368374346,0.1438119855648312,0.0026791970698423206
"Simpson, Webb",16,4,0.00219121772001285,0.15689641395130577,0.6440291008002277,0.19345597946738335,0.0034272880610703993
"Simpson, Webb",17,5,0.04894009807670102,0.4345605236374032,0.4585796519634089,0.05719927079542919,0.000720455527057684
"Simpson, Webb",18,4,0.0036444979727332516,0.15182807752281902,0.5888927372696077,0.24565114129604793,0.009983545938792138
"Skinns, David",1,4,0.00837207860548378,0.2728886451311702,0.6101522045154024,0.10743236226478514,0.0011547094831584337
"Skinns, David",2,4,0.008117160958948044,0.2041484661272418,0.5777383859390468,0.20205148197766465,0.007944504997098756
"Skinns, David",3,4,0.004197382128723226,0.23515540790509115,0.6492239401016714,0.1105967264853075,0.0008265433792067345
"Skinns, David",4,5,0.010927395247606386,0.28437509573725384,0.5928883764772193,0.11032924824318868,0.0014798842947318924
"Skinns, David",5,3,0.006932264966339308,0.21863442465471128,0.6043156849974443,0.16622134353181806,0.0038962818496870444
"Skinns, David",6,4,0.001810367689639214,0.10675548930623296,0.5618496318057908,0.3124253944719828,0.017159116726354173
"Skinns, David",7,5,0.06514344117346765,0.4002210213876745,0.4443690846401567,0.08742170708844499,0.002844745710256169
"Skinns, David",8,4,0.005599469168198534,0.20683714343105442,0.6140670803770901,0.16980278177925423,0.0036935252444026956
"Skinns, David",9,3,0.0017870290488618545,0.13664556067820582,0.6315287867173507,0.22487727174184946,0.005161351813732118
"Skinns, David",10,4,0.007162430649458373,0.2394751332013107,0.6130226764542478,0.1381030826513885,0.002236677043594648
"Skinns, David",11,3,0.0023587308827251463,0.13372595173248636,0.5994234737884141,0.2552851012941014,0.00920674230227303
"Skinns, David",12,4,0.0039051330183169086,0.13678101275349458,0.552773321659344,0.28816876893263255,0.018371763636211957
"Skinns, David",13,4,0.0074205661030512515,0.20021878192906406,0.5825140858960542,0.202266835748673,0.0075797303231573965
"Skinns, David",14,5,0.04789840241950494,0.35194303382674536,0.47674008809297214,0.11833193939072562,0.005086536270051956
"Skinns, David",15,3,0.0072399622198585645,0.23096959691414015,0.60815949279118,0.15068773967391458,0.0029432084009066717
"Skinns, David",16,4,0.001976191152996687,0.14931389890784824,0.6426318619249975,0.20229819177046826,0.0037798562436892613
"Skinns, David",17,5,0.046116952732741134,0.42602726119601336,0.4665577313636865,0.06050327743852091,0.0007947772690380939
"Skinns, David",18,4,0.003335372624791888,0.1451976080244955,0.5862544864396262,0.2544162766445911,0.010796256266495274
"Smalley, Alex",1,4,0.011021330941117458,0.305854020198708,0.592468143055076,0.08983987610291488,0.0008166297021836577
"Smalley, Alex",2,4,0.010368396571303395,0.22919032533331923,0.5756610844722916,0.17861102421088115,0.006169169412204578
"Smalley, Alex",3,4,0.005757732753377487,0.2687370609938148,0.6334334835666893,0.0915057278108864,0.0005659948752321231
"Smalley, Alex",4,5,0.014134462588013597,0.3163370976623952,0.5754936322085028,0.09296892679619306,0.0010658807448953311
"Smalley, Alex",5,3,0.009036815257285169,0.24659260475133982,0.5975916393022184,0.14386735657633865,0.0029115841128179998
"Smalley, Alex",6,4,0.002441860893168002,0.12483607198018981,0.5767077545061456,0.2825016015489158,0.013512711071580696
"Smalley, Alex",7,5,0.07603733939027868,0.4214900931100052,0.42464629961197753,0.07561189152873826,0.0022143763590003473
"Smalley, Alex",8,4,0.007384090194627324,0.23471053707595962,0.6084688903742285,0.14669574655884787,0.002740735796336713
"Smalley, Alex",9,3,0.002476162950280192,0.16007902982180566,0.6375781631156001,0.1960537670574809,0.0038128770548331303
"Smalley, Alex",10,4,0.009408019904010967,0.2697809526276023,0.6015423664823341,0.11764107471099605,0.0016275862750565473
"Smalley, Alex",11,3,0.003186796364300748,0.15540146549309652,0.6079095422087866,0.22645797354486286,0.007044222388953303
"Smalley, Alex",12,4,0.005076817205811546,0.15658994507395374,0.5625088615067908,0.26112929961091125,0.014695076602532664
"Smalley, Alex",13,4,0.009528028690352519,0.22536128097567837,0.5807188212044918,0.17852991244816918,0.005861956681308178
"Smalley, Alex",14,5,0.05640862065837138,0.37458988064234483,0.46114185424857707,0.10383285416136934,0.00402679028933739
"Smalley, Alex",15,3,0.009462084197277731,0.26015767391847117,0.5988303498946105,0.12937867949974124,0.0021712124898993768
"Smalley, Alex",16,4,0.0027419013640252454,0.17444791010028116,0.645299573209527,0.1747582853798385,0.0027523299463281248
"Smalley, Alex",17,5,0.055651021765201314,0.45291793487985743,0.44044106536403516,0.05041128387689031,0.0005786941140157875
"Smalley, Alex",18,4,0.004418417372813843,0.16709551593434618,0.5933092167263424,0.22679858684848353,0.00837826311801404
"Snedeker, Brandt",1,4,0.008160746820871811,0.26994820271098763,0.6115486288651926,0.1091512039053103,0.0011912176976377475
"Snedeker, Brandt",2,4,0.007934877640182247,0.20193370670147204,0.5777375352603182,0.20426689794347364,0.008126982454553788
"Snedeker, Brandt",3,4,0.004075815336392563,0.23219674618659303,0.6504028707714887,0.11246943416450517,0.0008551335410205141
"Snedeker, Brandt",4,5,0.010669017038612727,0.28151119811074293,0.5942761458784444,0.11201945813536485,0.0015241808368351428
"Snedeker, Brandt",5,3,0.006763684466963571,0.21616262191728047,0.6047135855598192,0.16836055155800256,0.003999556497934154
"Snedeker, Brandt",6,4,0.0017608662504527972,0.10520132845544117,0.5603143630653565,0.31519311146128737,0.017530330767462132
"Snedeker, Brandt",7,5,0.06421284122298077,0.39822430596437636,0.4460913686532723,0.08856182278077684,0.0029096613785937198
"Snedeker, Brandt",8,4,0.005457457410698696,0.20438235346112488,0.6143515087602979,0.17201488263540032,0.0037937977324782324
"Snedeker, Brandt",9,3,0.0017337643963198923,0.1346255507824063,0.6307269400204478,0.22761034432717286,0.005303400473653186
"Snedeker, Brandt",10,4,0.0069832148422112605,0.2367881206820644,0.613847116928953,0.14008008530254246,0.0023014622442288912
"Snedeker, Brandt",11,3,0.0022938302214686734,0.13185171283838265,0.5984335849972044,0.25799046741110454,0.009430404531839631
"Snedeker, Brandt",12,4,0.003811328596892649,0.13505647729967868,0.5517146191027285,0.29067424454727053,0.018743330453429685
"Snedeker, Brandt",13,4,0.007250423195844458,0.19799853314696303,0.5824827484963895,0.20451164223732454,0.007756652923478491
"Snedeker, Brandt",14,5,0.04717586538451418,0.349850349328069,0.47806075154066024,0.1197183887428721,0.005194645003884446
"Snedeker, Brandt",15,3,0.00706216262604048,0.2283840221501235,0.6087919907485231,0.15273709190678153,0.0030247325685314186
"Snedeker, Brandt",16,4,0.0019170317191144481,0.14714151818717142,0.6421269853284561,0.20492552563735067,0.0038889391279073315
"Snedeker, Brandt",17,5,0.045316505644462934,0.42351035745051724,0.46885852164344816,0.061496804585687403,0.0008178106758842674
"Snedeker, Brandt",18,4,0.0032495347291195964,0.143293699494492,0.5854091205320453,0.25700307756761165,0.011044567676731454
"Springer, Hayden",1,4,0.008799593144163342,0.2786785539082831,0.6073116784702114,0.10412396224205256,0.0010862122352895964
"Springer, Hayden",2,4,0.008484561575654026,0.20851807800590222,0.5776477303676726,0.19775183315938305,0.0075977968913880645
"Springer, Hayden",3,4,0.0044447090576620885,0.2409990027418069,0.6467875489357342,0.10699561751717179,0.0007731217476250052
"Springer, Hayden",4,5,0.011448828257714039,0.29000792538343423,0.5900735160008228,0.10707315212761814,0.0013965782304108387
"Springer, Hayden",5,3,0.007272940432347719,0.2235118138709748,0.6034317687434831,0.1620824148859039,0.0037010620672903727
"Springer, Hayden",6,4,0.0019109201947462573,0.10984317666633481,0.5647694671758896,0.3070243740208909,0.01645206194213844
"Springer, Hayden",7,5,0.06699485879106315,0.40410360919639277,0.44095912917730273,0.08522092970182116,0.0027214731334201936
"Springer, Hayden",8,4,0.005886911590950228,0.21168558881874028,0.6134001872151567,0.1655231669873669,0.003504145387785873
"Springer, Hayden",9,3,0.0018955961041437486,0.1406562597361979,0.6329782186419797,0.21957679886706805,0.004893126650610702
"Springer, Hayden",10,4,0.007524927372162704,0.24477363767610738,0.611299661860347,0.1342871205506707,0.002114652540712192
"Springer, Hayden",11,3,0.00249057145655851,0.13744427862533254,0.6012577644941204,0.2500249474389412,0.008782437985047409
"Springer, Hayden",12,4,0.0040947126222243835,0.14019647822655512,0.5547641309261448,0.28328193496812404,0.017662743256951607
"Springer, Hayden",13,4,0.0077637407348790655,0.20460089160006412,0.5824808326820555,0.19791078509555649,0.007243749887444806
"Springer, Hayden",14,5,0.04933801722317982,0.3560277388982242,0.47410425212747564,0.11564924332107396,0.004880748430046378
"Springer, Hayden",15,3,0.007599368169355414,0.23606912427172638,0.6068145620085391,0.14672757229186506,0.0027893732585140274
"Springer, Hayden",16,4,0.002096786254256966,0.15362438710624776,0.6434939882388687,0.1972105509572718,0.003574287443354751
"Springer, Hayden",17,5,0.047716258263205524,0.4309253579294176,0.4620121937196998,0.05859477002065172,0.0007514200670253324
"Springer, Hayden",18,4,0.0035092771528877353,0.14896966111710525,0.5878124103673776,0.24938430693929625,0.010324344423333187
"Suber, Jackson",1,4,0.007993746738362506,0.26758606226441994,0.6126474141904291,0.11055135058533816,0.0012214262214502725
"Suber, Jackson",2,4,0.007790507022577053,0.20015661944671898,0.5777136065119863,0.20606245276749924,0.0082768142512184
"Suber, Jackson",3,4,0.003980083444423188,0.22982440829271172,0.6513208652169185,0.11399579343306376,0.0008788496128828704
"Suber, Jackson",4,5,0.010464539225064518,0.2792089554914964,0.5953701607051363,0.1133955635383791,0.001560781039923742
"Suber, Jackson",5,3,0.006630381501751603,0.21417946901018797,0.6050079160619304,0.1700976127087479,0.004084620717382137
"Suber, Jackson",6,4,0.0017218463288906083,0.10395957394681615,0.5590551591746502,0.31742875017490246,0.017834670374740513
"Suber, Jackson",7,5,0.063469911230432,0.39660797125866487,0.44747018121371784,0.08948895406703194,0.0029629822301533437
"Suber, Jackson",8,4,0.005345272831653647,0.20241400023781375,0.6145530774184466,0.17381121654312748,0.0038764329689585653
"Suber, Jackson",9,3,0.0016918660202548397,0.13301100269967103,0.6300502750104906,0.22982637883305435,0.005420477436529181
"Suber, Jackson",10,4,0.00684158133375995,0.23463144118483487,0.6144842586053321,0.14168777781751773,0.002354941058555382
"Suber, Jackson",11,3,0.002242673797327621,0.13035293703900153,0.5976095386628313,0.26018062610808035,0.009614224392759274
"Suber, Jackson",12,4,0.003737156598297209,0.13367595267812926,0.5508405692595176,0.2926986998637392,0.0190476216003167
"Suber, Jackson",13,4,0.007115726443805814,0.19621745697884774,0.5824336693037522,0.2063311779475977,0.007901969325996516
"Suber, Jackson",14,5,0.04659956068740739,0.34816020865780734,0.47911273256584996,0.12084418431204158,0.005283313776893728
"Suber, Jackson",15,3,0.006921594010837584,0.22630901157091,0.6092749922428766,0.15440244864958685,0.0030919535257889486
"Suber, Jackson",16,4,0.0018704996391999962,0.14540451625213113,0.6416882167140521,0.20705781264689815,0.003978954747718699
"Suber, Jackson",17,5,0.044679157015743376,0.421473987847583,0.470702895309675,0.062307128071962814,0.000836831755035794
"Suber, Jackson",18,4,0.003181763691977313,0.1417699262546443,0.5847032228008724,0.25909666445300394,0.011248422799502
"Svensson, Adam",1,4,0.009392532653877628,0.2863823986263392,0.6033508676712315,0.09987262202783798,0.0010015790207137387
"Svensson, Adam",2,4,0.00899130991852548,0.21435038990941707,0.5773414704654845,0.19215582469576997,0.007161005010803079
"Svensson, Adam",3,4,0.0047907246793818525,0.24881062082033573,0.6433159702641574,0.10237515061939406,0.0007075336167309265
"Svensson, Adam",4,5,0.012169386260054316,0.2974898945792045,0.586164054507565,0.10288339312835859,0.0012932715248175075
"Svensson, Adam",5,3,0.007744704633594002,0.23002292714708483,0.6020541131345062,0.1567211988116327,0.0034570562731822685
"Svensson, Adam",6,4,0.0020512718310896627,0.11400870784500289,0.5684458055990267,0.2999362858266671,0.015557928898213724
"Svensson, Adam",7,5,0.06949819024303733,0.40917058033061576,0.4363849043521648,0.08238003270341787,0.0025662923707642227
"Svensson, Adam",8,4,0.00628592904872638,0.21816751443217203,0.6122983233098498,0.15998047500912138,0.0032677582001304772
"Svensson, Adam",9,3,0.002047920878761378,0.14606148731690022,0.6346456855442719,0.21268646509941158,0.004558441160654958
"Svensson, Adam",10,4,0.008027597229453842,0.2518394671333651,0.6088075527634148,0.12936240690685386,0.001962975966912417
"Svensson, Adam",11,3,0.002674607594239764,0.14244957866610286,0.6034665892792628,0.24316004649065326,0.00824917796974134
"Svensson, Adam",12,4,0.0043572849761848165,0.14478223861860884,0.5572236480460218,0.2768732525857992,0.016763575773385386
"Svensson, Adam",13,4,0.008237587253899059,0.21045327962589871,0.5822456452387598,0.1922426769609078,0.006820810920534659
"Svensson, Adam",14,5,0.05128898943300014,0.3613903321895329,0.4705264272120606,0.11217351494896177,0.004620736216444543
"Svensson, Adam",15,3,0.008097277724371799,0.2428718536796443,0.6048255820147543,0.14160767348788006,0.0025976130933494934
"Svensson, Adam",16,4,0.0022660130857519722,0.15942790236981108,0.6443751707643095,0.19061234705079066,0.003318566729336836
"Svensson, Adam",17,5,0.04989279434307359,0.43732522990469375,0.4559347793963902,0.056149621249043435,0.0006975751067990199
"Svensson, Adam",18,4,0.0037510371125660247,0.15403678135634657,0.5896702079650635,0.24281237200552153,0.009729601560502399
"Svensson, Jesper",1,4,0.011059375848927466,0.30628248671823477,0.5922152487761931,0.08962991168820955,0.0008129769684350752
"Svensson, Jesper",2,4,0.010400324519680204,0.22951854166751595,0.5756099704424825,0.17832216574774185,0.006148997622579477
"Svensson, Jesper",3,4,0.005780591241852484,0.26917844518047573,0.6331989238532099,0.09127881305689844,0.0005632266675634767
"Svensson, Jesper",4,5,0.014180131302103383,0.31675082230116847,0.5752466762222979,0.09276100546548394,0.0010613647089463552
"Svensson, Jesper",5,3,0.009066936283845306,0.24695908238522518,0.5974781975547236,0.1435951618589818,0.0029006219172240666
"Svensson, Jesper",6,4,0.002451068777156784,0.12507925625494298,0.5768733449272216,0.28212544116294647,0.013470888877732068
"Svensson, Jesper",7,5,0.07618477297202847,0.42175353171493496,0.42438527009443816,0.07546920012156821,0.0022072250970301965
"Svensson, Jesper",8,4,0.007409776351842534,0.23507718410136436,0.6083683717594055,0.14641450150262325,0.0027301662847643016
"Svensson, Jesper",9,3,0.0024863289787878107,0.1603933009077259,0.637622602369485,0.19569983246558142,0.0037979352784198728
"Svensson, Jesper",10,4,0.009440258156384662,0.27017710509686294,0.601367526459884,0.11739420815523638,0.0016209021316320182
"Svensson, Jesper",11,3,0.0031988707991054133,0.1556914121266167,0.6079894247783055,0.22610048264435478,0.007019809651617637
"Svensson, Jesper",12,4,0.005093598511568653,0.15685336948300693,0.5626105488207083,0.2607898900516461,0.014652593133070102
"Svensson, Jesper",13,4,0.00955799262410817,0.22569127176154796,0.580670677629747,0.17823757866425693,0.005842479320339877
"Svensson, Jesper",14,5,0.056524428441592056,0.3748747902170712,0.46093005890095884,0.10365606802221228,0.00401465441816562
"Svensson, Jesper",15,3,0.009493916960392479,0.26053956151778485,0.5986834016816784,0.12912044179187254,0.002162678048271749
"Svensson, Jesper",16,4,0.002753200317511917,0.17478415625641114,0.6452995401439023,0.17442206906467483,0.002741034217499716
"Svensson, Jesper",17,5,0.055782012455461494,0.45325182116119916,0.44009817503705717,0.0502916640411355,0.0005763273051466733
"Svensson, Jesper",18,4,0.004434061635213149,0.16738701369221465,0.5933727297200069,0.22645542641011795,0.008350768542447318
"Thompson, Davis",1,4,0.012870426448404249,0.3254974084938043,0.580313432657044,0.08065374814963522,0.0006649842511121662
"Thompson, Davis",2,4,0.01190924496471163,0.24431671228566765,0.5727167181547566,0.16574816606704634,0.005309158527817881
"Thompson, Davis",3,4,0.006881843616804273,0.289099992575269,0.6219641468433977,0.08160193786312586,0.00045207910140310226
"Thompson, Davis",4,5,0.01634320902482811,0.3352615832423692,0.5636636793099777,0.08385408032569974,0.0008774480971251997
"Thompson, Davis",5,3,0.010498115584159029,0.26348020962667357,0.5917455109097398,0.13182688457055214,0.002449279308875507
"Thompson, Davis",6,4,0.0028936004926637393,0.13621142029009708,0.5836021745436213,0.26557184276514356,0.01172096190847427
"Thompson, Davis",7,5,0.0829620596221024,0.43324008468196124,0.41256462107689784,0.06932357497090691,0.001909659648131612
"Thompson, Davis",8,4,0.008634357119982228,0.2516392784618479,0.6031720729717319,0.13425845454881902,0.002295836897618919
"Thompson, Davis",9,3,0.0029782967177366393,0.17475100900996854,0.6387568366791626,0.18032945090251928,0.0031844066906129287
"Thompson, Davis",10,4,0.010974744596780939,0.28800480959014463,0.5928962191596334,0.10677640386290799,0.0013478227905330264
"Thompson, Davis",11,3,0.003779126867023086,0.16891999330075919,0.6108060154253008,0.21048772225461299,0.006007142152304024
"Thompson, Davis",12,4,0.005891452248605766,0.16883316398984122,0.5665448143675984,0.24586302087474665,0.012867548519207905
"Thompson, Davis",13,4,0.01097620689401324,0.24058116021289833,0.5778931916867,0.1655169605537058,0.0050324806526826915
"Thompson, Davis",14,5,0.06186533426210167,0.3874158105192652,0.45120842746698936,0.09600333584131726,0.0035070919103264986
"Thompson, Davis",15,3,0.011007200397903205,0.27773556502620106,0.5914591310597891,0.11798548617911897,0.0018126173369876764
"Thompson, Davis",16,4,0.003300067249696559,0.19012260619763366,0.6444295064155047,0.1598686291541076,0.0022791909830575108
"Thompson, Davis",17,5,0.06185578217504906,0.46782556558799326,0.4246435237043832,0.04519542310213831,0.00047970543043618363
"Thompson, Davis",18,4,0.0051816162685671685,0.18064938403341996,0.595512535145384,0.21145076420211528,0.007205700350513489
"Thorbjornsen, Michael",1,4,0.010355733557058211,0.29817276198465614,0.5969056160900273,0.09368087263209679,0.0008850157361615096
"Thorbjornsen, Michael",2,4,0.009808131314688495,0.2233187251695165,0.5764754945461099,0.18385522791118802,0.0065424210584970055
"Thorbjornsen, Michael",3,4,0.0053597750549364,0.26084539511256555,0.637515811636487,0.09566099479426093,0.0006180234017502118
"Thorbjornsen, Michael",4,5,0.013333838021007682,0.3089128726890334,0.57983371344304,0.09676933436031421,0.0011502414866046973
"Thorbjornsen, Michael",5,3,0.008509427043330853,0.24003644950677955,0.5995155718398835,0.14882315557214987,0.003115396037856266
"Thorbjornsen, Michael",6,4,0.0022813825523976816,0.12051283517000072,0.5736218522424343,0.28929902896289117,0.01428490107227609
"Thorbjornsen, Michael",7,5,0.07342053619249295,0.41671206767125835,0.42930630783649243,0.0782143469431883,0.002346741356567983
"Thorbjornsen, Michael",8,4,0.006934971703779436,0.22815685979782702,0.6101538653740683,0.15181689301548518,0.0029374101088399662
"Thorbjornsen, Michael",9,3,0.0022994886688847416,0.1544877987525613,0.6366363883962178,0.20248533213786768,0.004090992044468389
"Thorbjornsen, Michael",10,4,0.008843977437900163,0.2626889951322274,0.6045691524464605,0.12214559980471196,0.0017522751787000246
"Thorbjornsen, Michael",11,3,0.0029763564565489786,0.15023993868915836,0.606348225287139,0.23293883377083358,0.007496645796320034
"Thorbjornsen, Michael",12,4,0.004783056263469865,0.15189407780091602,0.5605802739261376,0.2672644972977515,0.01547809471172501
"Thorbjornsen, Michael",13,4,0.009002549416710859,0.21945988436319142,0.5814770279111335,0.183838003657802,0.0062225346511621815
"Thorbjornsen, Michael",14,5,0.054355895766137086,0.36944222805373306,0.4649007299193335,0.10705022134267794,0.004250924918118404
"Thorbjornsen, Michael",15,3,0.008904845888917268,0.2533226765195271,0.601356646352958,0.1340856859274745,0.0023301453111230774
"Thorbjornsen, Michael",16,4,0.002545550574797606,0.1684620619164487,0.6451531291511887,0.1808762909968693,0.0029629673606956786
"Thorbjornsen, Michael",17,5,0.0533344587996703,0.44686533388964617,0.4465744030557921,0.05260294170305402,0.0006228625518374109
"Thorbjornsen, Michael",18,4,0.004145128193607572,0.16190032225705525,0.5920509508353107,0.23301666399529541,0.008886934718731032
"Thornberry, Braden",1,4,0.006978694474549241,0.25242637630538,0.6191909291973328,0.1199682744131102,0.0014357256096277915
"Thornberry, Braden",2,4,0.006906333308808854,0.18879434278202184,0.5770514852146968,0.21793554497651546,0.009312293717957054
"Thornberry, Braden",3,4,0.003404869090194107,0.21469448461036222,0.6565714205870182,0.12428069850301127,0.001048527209414174
"Thornberry, Braden",4,5,0.009215609687242388,0.2643991775468517,0.6019312304380475,0.1226348248251029,0.0018191575027555196
"Thornberry, Braden",5,3,0.005818363492574585,0.2015044028194109,0.6063417986848405,0.18165668145186853,0.004678753551305537
"Thornberry, Braden",6,4,0.0014865939367163516,0.09613132199582192,0.55041201972359,0.33204306366006886,0.01992700068380282
"Thornberry, Braden",7,5,0.05879814492749552,0.3859667785330725,0.45621313850920625,0.09568997804288593,0.0033319599873398165
"Thornberry, Braden",8,4,0.0046641028716886135,0.18985812437112692,0.6152568238306527,0.18576631539277322,0.004454633533758523
"Thornberry, Braden",9,3,0.0014410159805566258,0.1228213823575624,0.6249992780046698,0.2444983788287387,0.006239944828472455
"Thornberry, Braden",10,4,0.00598043593950176,0.22082960036934846,0.6180201487198819,0.1524385561616849,0.002731258809583026
"Thornberry, Braden",11,3,0.0019343010300824637,0.12087785039868615,0.5916932837164997,0.2746060338026576,0.010888531052074102
"Thornberry, Braden",12,4,0.0032853560945626525,0.1249168772769384,0.544718149542405,0.3059477423705588,0.021131874715535126
"Thornberry, Braden",13,4,0.006291987684866274,0.18483860793661727,0.581595798307917,0.21836629829279974,0.008907307777799689
"Thornberry, Braden",14,5,0.04298642458020674,0.33711642266218744,0.48566656141276465,0.12833674549333685,0.00589384585150432
"Thornberry, Braden",15,3,0.006065817349719005,0.2130348625036393,0.6118235435448944,0.1655126059151132,0.003563170686634143
"Thornberry, Braden",16,4,0.001591974152434894,0.13442830078940893,0.6381483399855463,0.22121977132077353,0.004611613751836385
"Thornberry, Braden",17,5,0.0407065103861568,0.40809228963961186,0.4824494279735364,0.06778089987944091,0.0009708721212540183
"Thornberry, Braden",18,4,0.0027710085966508036,0.13210974305884854,0.5795893230171207,0.2728734992441175,0.012656426083262451
"Tosti, Alejandro",1,4,0.008893654276722618,0.27992520563891,0.6066845922529086,0.10342452016203152,0.0010720276694272668
"Tosti, Alejandro",2,4,0.008565162691738182,0.20946044215810183,0.5776124096795096,0.19683672572182986,0.0075252597488205675
"Tosti, Alejandro",3,4,0.004499371561038745,0.24226028968444635,0.6462433503929929,0.10623489224200688,0.0007620961195151654
"Tosti, Alejandro",4,5,0.011563334712900053,0.29121966293799095,0.589453424670687,0.10638428389538479,0.0013792937830372498
"Tosti, Alejandro",5,3,0.007347834176866186,0.22456378434930385,0.6032242809623773,0.16120371188244564,0.003660388629006972
"Tosti, Alejandro",6,4,0.0019331166286795654,0.11051280047641271,0.565380426143347,0.3058698179011107,0.01630383885045006
"Tosti, Alejandro",7,5,0.06739683583801998,0.40493116837473275,0.44022174631449024,0.0847545560856432,0.00269569338711384
"Tosti, Alejandro",8,4,0.005950182742043342,0.2127321154396708,0.613238326199418,0.16461465891489802,0.003464716703969861
"Tosti, Alejandro",9,3,0.0019196264377182026,0.14152560459036762,0.633268104995474,0.2184493715373902,0.004837292439049956
"Tosti, Alejandro",10,4,0.007604675353159007,0.2459158129167775,0.6109116613334031,0.1334785471180001,0.002089303278660193
"Tosti, Alejandro",11,3,0.0025196757091698885,0.13824974863789458,0.601633010895346,0.24890378611006048,0.00869377864752896
"Tosti, Alejandro",12,4,0.0041363928703799235,0.140935338016071,0.5551766845162487,0.28223769801722365,0.0175138865800768
"Tosti, Alejandro",13,4,0.007839069575521662,0.20554623841510594,0.5824574206806952,0.19698378465141175,0.007173486677265473
"Tosti, Alejandro",14,5,0.049650956088215625,0.3569010803294035,0.47353068854473107,0.11507964640716017,0.004837628630489643
"Tosti, Alejandro",15,3,0.007678396885190952,0.23716859326981887,0.6065079809201166,0.14588766108911289,0.002757367835760638
"Tosti, Alejandro",16,4,0.0021234810806421422,0.1545582339161659,0.64365699757482,0.1961297225044346,0.003531564923937358
"Tosti, Alejandro",17,5,0.04806467935559211,0.4319700352866063,0.4610309431683807,0.0581919247559628,0.0007424174334580425
"Tosti, Alejandro",18,4,0.0035475853690010717,0.14978588393027487,0.5881295658174165,0.2483113717260539,0.010225593157253687
"Valimaki, Sami",1,4,0.008934930242711914,0.2804692626750514,0.6064092273483922,0.1031206817642264,0.0010658979696180904
"Valimaki, Sami",2,4,0.008600506222732063,0.20987187514980665,0.5775952584101933,0.19643852785797167,0.0074938323592963485
"Valimaki, Sami",3,4,0.004523386100796722,0.24281107411752817,0.6460037051465461,0.10590449908034627,0.0007573355547826344
"Valimaki, Sami",4,5,0.011613558200519625,0.29174836242490104,0.5891812732653402,0.10608498523765952,0.0013718208715796099
"Valimaki, Sami",5,3,0.007380692349071738,0.2250230807262658,0.60313184484241,0.16082159704977794,0.003642785032474505
"Valimaki, Sami",6,4,0.0019428650919219859,0.11080557026571008,0.565645104228337,0.30536687282565955,0.016239587588371407
"Valimaki, Sami",7,5,0.06757263893910914,0.40529140019004706,0.43989959530749323,0.08455184033638385,0.0026845252269667164
"Valimaki, Sami",8,4,0.005977950662794107,0.21318912338711682,0.6131656808439259,0.16421959019606502,0.00344765491009813
"Valimaki, Sami",9,3,0.0019301875515083666,0.1419056438622961,0.633392172245806,0.21795886364356987,0.0048131326968196
"Valimaki, Sami",10,4,0.007639669558326234,0.24641442334171554,0.6107404660300471,0.13312710094395708,0.0020783401259540923
"Valimaki, Sami",11,3,0.0025324581331972462,0.13860180982149528,0.6017946044136462,0.24841574909905795,0.008655378532603342
"Valimaki, Sami",12,4,0.004154679683258444,0.1412581743472831,0.5553549565806906,0.28178285311092965,0.01744933627783829
"Valimaki, Sami",13,4,0.007872105947031471,0.2059590053703222,0.5824454168857413,0.19658042406934662,0.007143047727558471
"Valimaki, Sami",14,5,0.04978786006566449,0.35728154209541774,0.473279716116211,0.1148319423917531,0.0048189393309536754
"Valimaki, Sami",15,3,0.007713071105049596,0.23764858160297297,0.6063723187030852,0.14552250781948983,0.00274352076940243
"Valimaki, Sami",16,4,0.002135213453335838,0.154966417081851,0.6437256487960041,0.19565963445961976,0.00351308620918922
"Valimaki, Sami",17,5,0.04821719102778754,0.43242484898713146,0.4606024379678208,0.058016997619021904,0.0007385243982382939
"Valimaki, Sami",18,4,0.003564401005434037,0.150142547203034,0.5882659639489582,0.24784428164556038,0.010182806197013283
"Van Rooyen, Erik",1,4,0.010812675454133891,0.3034842055538264,0.5938567184826082,0.09100926536739096,0.0008371351420405349
"Van Rooyen, Erik",2,4,0.010193107518890854,0.227376323163683,0.5759330027478137,0.1802156115854563,0.0062819549841561795
"Van Rooyen, Erik",3,4,0.005632578517606623,0.2662980498472977,0.6347178539421066,0.09276996213355715,0.0005815555594319566
"Van Rooyen, Erik",4,5,0.013883816278552619,0.3140480506579697,0.5768503198453319,0.09412659997777584,0.0010912132403699815
"Van Rooyen, Erik",5,3,0.008871572828264729,0.24456712385690543,0.5982074636364026,0.14538086281562834,0.0029729768627988484
"Van Rooyen, Erik",6,4,0.0023914276309132676,0.12349493329040023,0.5757794492994044,0.28458781297473346,0.01374637680454871
"Van Rooyen, Erik",7,5,0.0752247145337629,0.4200271775887131,0.42608796732645027,0.07640577564048623,0.002254364910587503
"Van Rooyen, Erik",8,4,0.007243244399483484,0.23268470608018665,0.6090124662769343,0.1482596370411433,0.0027999462022523236
"Van Rooyen, Erik",9,3,0.0024205364016745,0.15834539301669004,0.6373170021444371,0.19802047883660212,0.0038965896005962453
"Van Rooyen, Erik",10,4,0.00923120740266875,0.26759093304069065,0.6024980148977106,0.11901478169168633,0.001665062967243669
"Van Rooyen, Erik",11,3,0.0031206621486488673,0.15380168853713216,0.6074540239391737,0.2284428326240947,0.007180792750950515
"Van Rooyen, Erik",12,4,0.004984762853183,0.15513581627795864,0.5619352462351467,0.26301188135655473,0.01493229327715695
"Van Rooyen, Erik",13,4,0.009363557157524516,0.22353767865222796,0.5809739975433417,0.18015388891145512,0.005970877735450686
"Van Rooyen, Erik",14,5,0.055770606231569986,0.37300983438130714,0.4623092540327073,0.10481570440979249,0.004094600944623106
"Van Rooyen, Erik",15,3,0.009287464249405464,0.2580466849734277,0.599631677999948,0.13081513734410355,0.0022190354331153017
"Van Rooyen, Erik",16,4,0.0026800769902919352,0.17259265789110678,0.6452841854325073,0.1766274246494347,0.002815655036659259
"Van Rooyen, Erik",17,5,0.05492992532084118,0.4510641346422377,0.44233612205040607,0.051077851943060026,0.0005919660434550167
"Van Rooyen, Erik",18,4,0.004332661771177526,0.16548653527769036,0.5929452551861769,0.22870356338712683,0.008531984377828428
"Velo, Kevin",1,4,0.00800920526723109,0.26780617751095676,0.6125458986986899,0.11042014114325183,0.0012185773798704114
"Velo, Kevin",2,4,0.007803883128054689,0.20032213872903187,0.5777167178657643,0.2058945322527419,0.008262728024407195
"Velo, Kevin",3,4,0.003988932442178406,0.230045306252056,0.6512364268986746,0.11385272361372756,0.0008766107933634304
"Velo, Kevin",4,5,0.01048347823370488,0.27942354944315057,0.5952690068004196,0.11326663409697646,0.0015573314257484316
"Velo, Kevin",5,3,0.006642724085192286,0.21436417416998638,0.6049814495310877,0.1699350387809817,0.004076613432751897
"Velo, Kevin",6,4,0.0017254546017234085,0.1040750333752467,0.5591734772910035,0.3172199588086123,0.01780607592341399
"Velo, Kevin",7,5,0.06353896704280859,0.396759055319592,0.44734187789042,0.08940213112974205,0.0029579686174373565
"Velo, Kevin",8,4,0.0053556559369213885,0.2025972835758605,0.6145353156561246,0.1736430921616552,0.003868652669438255
"Velo, Kevin",9,3,0.0016957371633231633,0.1331611464131195,0.6301145617729383,0.22961910078360004,0.005409453867018965
"Velo, Kevin",10,4,0.006854692257044326,0.23483234032092543,0.6144258419420913,0.14153722295539417,0.0023499025245448113
"Velo, Kevin",11,3,0.0022474042816755246,0.130492342718388,0.5976874195429889,0.2599758971010806,0.009596936355867003
"Velo, Kevin",12,4,0.0037440241325903956,0.13380441492930817,0.550922909871262,0.2925096066067585,0.019019044460080847
"Velo, Kevin",13,4,0.007128204051917664,0.19638333208267367,0.5824391492716208,0.2061610087169069,0.007888305876881052
"Velo, Kevin",14,5,0.04665310895100999,0.34831804595397475,0.4790150440525392,0.12073881960576993,0.005274981436706128
"Velo, Kevin",15,3,0.006934608407164922,0.2265022937238192,0.6092309367668682,0.1542465379678537,0.0030856231342939466
"Velo, Kevin",16,4,0.001874798785630627,0.1455660725163373,0.6417303609566181,0.20685829270640033,0.0039704750350136875
"Velo, Kevin",17,5,0.0447383357568743,0.42166429339268063,0.4705311783608816,0.062231153105171355,0.0008350393843921111
"Velo, Kevin",18,4,0.0031880347361347705,0.14191170508646178,0.5847700166285652,0.25890098463657196,0.011229258912266227
"Ventura, Kris",1,4,0.008976373947003513,0.2810137086684736,0.6061326386891958,0.10281747827214771,0.0010598004231794356
"Ventura, Kris",2,4,0.008635977621950675,0.21028370705021326,0.5775770416917154,0.1960407529888193,0.007462520647301352
"Ventura, Kris",3,4,0.004547515017216175,0.24336245914388815,0.6457625865567727,0.10557483688500036,0.0007526023971227147
"Ventura, Kris",4,5,0.011663970975912874,0.29227736675423766,0.58890799781281,0.10578627949225494,0.0013643849647845263
"Ventura, Kris",5,3,0.007413679950089014,0.22548282805771258,0.6030381996271347,0.16044003492595615,0.0036252574391075765
"Ventura, Kris",6,4,0.0019526581901802564,0.11109887610635522,0.5659087860898233,0.30486412626455406,0.016175553349087157
"Ventura, Kris",7,5,0.06774879616563934,0.4056513270264264,0.4395770043302926,0.0843494736134951,0.0026733988641465256
"Ventura, Kris",8,4,0.0060058334103711974,0.21364663375442278,0.6130917668480333,0.16382509735148598,0.00343066863568664
"Ventura, Kris",9,3,0.0019408014241568128,0.14228634728816564,0.6335148458904757,0.21746892480764646,0.004789080589555406
"Ventura, Kris",10,4,0.0076748054603322236,0.24691348068008218,0.6105680173341622,0.1327762673330779,0.0020674291923454824
"Ventura, Kris",11,3,0.002545299149420366,0.13895445306356297,0.6019549971891234,0.24792812334592107,0.008617127251972168
"Ventura, Kris",12,4,0.004173038791235484,0.14158147749938854,0.5555322807845231,0.2813282136968631,0.01738498922798981
"Ventura, Kris",13,4,0.007905264721969951,0.20637219180722555,0.5824323211973729,0.19617749949754437,0.007112722775887259
"Ventura, Kris",14,5,0.049925065011456604,0.35766186509537257,0.4730281638303185,0.11458459163549428,0.004800314427358066
"Ventura, Kris",15,3,0.007747883068158767,0.23812901305932532,0.6062354286012855,0.14515793877250904,0.0027297364987213246
"Ventura, Kris",16,4,0.00214700458028827,0.15537528096285153,0.6437928397193473,0.1951901803685846,0.0034946943689282417
"Ventura, Kris",17,5,0.048370089624097445,0.4328793206997827,0.46017346170590845,0.057842477788585644,0.0007346501816257733
"Ventura, Kris",18,4,0.0035812881624339155,0.1504997407077836,0.5884012382906234,0.2473775573454583,0.010140175493700831
"Vilips, Karl",1,4,0.009067157474360654,0.2822000154579332,0.6055264296875037,0.10215975766662555,0.0010466397135768801
"Vilips, Karl",2,4,0.008713623920921343,0.21118142219449093,0.5775337110337717,0.19517647305869468,0.007394769792121281
"Vilips, Karl",3,4,0.004600428502361031,0.2445646013816669,0.6452327139223784,0.10485986131895308,0.0007423948746405618
"Vilips, Karl",4,5,0.011774349984633448,0.29342977447365665,0.5883093441119145,0.10513820336482271,0.0013483280649726481
"Vilips, Karl",5,3,0.007485925936693394,0.22648500851443987,0.6028302066951847,0.15961148834189098,0.0035873705117910326
"Vilips, Karl",6,4,0.0019741277383059086,0.11173910147262905,0.5664792311568014,0.30377060748627494,0.01603693214598867
"Vilips, Karl",7,5,0.06813342320153665,0.40643363641463365,0.4388733799268433,0.08391023396698694,0.002649326489999493
"Vilips, Karl",8,4,0.006066918241043218,0.21464412389955584,0.6129265119991023,0.16296848768756078,0.0033939581727377988
"Vilips, Karl",9,3,0.001964085696698259,0.14311723250793984,0.6337770203532819,0.21640455945290848,0.004737101989171544
"Vilips, Karl",10,4,0.007751769819356824,0.24800120285059163,0.6101883602324055,0.13201480577402602,0.00204386132362
"Vilips, Karl",11,3,0.002573450910250741,0.13972398232731292,0.6022999321072249,0.24686824799432983,0.008534386660881688
"Vilips, Karl",12,4,0.004213247933756159,0.1422867502213429,0.5559149407415238,0.28033942113366017,0.017245639969716953
"Vilips, Karl",13,4,0.007977858746070932,0.20727292629018257,0.5824000447718144,0.19530205643146015,0.007047113760471957
"Vilips, Karl",14,5,0.05022472991940946,0.3584891410464321,0.47247866832474383,0.11404746114481235,0.004759999564602269
"Vilips, Karl",15,3,0.007824128609749181,0.23917618407367475,0.605933250784981,0.14436648521620377,0.002699951315391358
"Vilips, Karl",16,4,0.002172871962919043,0.15626751305505931,0.6439340288051165,0.1941706224988684,0.003454963678036771
"Vilips, Karl",17,5,0.048704209430796175,0.43386727306472944,0.4592381888216869,0.05746404596272303,0.000726282720064475
"Vilips, Karl",18,4,0.003618291053397227,0.15127899365697423,0.5886917705679489,0.24636301579545117,0.010047928926228522
"Villegas, Camilo",1,4,0.006745333896909345,0.2487264397172631,0.6206484490671949,0.12238585586899231,0.0014939214496403341
"Villegas, Camilo",2,4,0.006701307729263972,0.18603197189923376,0.5767517037287253,0.22092907025353536,0.009585946389241595
"Villegas, Camilo",3,4,0.0032743328828984675,0.21102714090687358,0.6576773941782206,0.12692612257372693,0.0010950094582804493
"Villegas, Camilo",4,5,0.008926899938153265,0.26077536718643807,0.6034062353767512,0.12500252741671103,0.0018889700819464394
"Villegas, Camilo",5,3,0.005631206993234106,0.19842436653356,0.6065161846543274,0.18459072902784157,0.004837512791036946
"Villegas, Camilo",6,4,0.0014329926032093931,0.0942572591496702,0.5481511098612913,0.3356817423442262,0.020476896041602854
"Villegas, Camilo",7,5,0.0576825874137839,0.38329729471583596,0.4583175409770121,0.09727295992529617,0.003429616968071869
"Villegas, Camilo",8,4,0.004507673734607309,0.18681359514081092,0.6152680575931668,0.18880125205135845,0.004609421480056497
"Villegas, Camilo",9,3,0.0013843134141002245,0.12037936321009374,0.6235749651268617,0.2482019735912625,0.00645938465768181
"Villegas, Camilo",10,4,0.005782380331840975,0.21747124815900032,0.6187320442827094,0.1551817295830863,0.0028325976433629663
"Villegas, Camilo",11,3,0.0018640552565089008,0.1186026672820164,0.5900797183707034,0.2782271904280327,0.011226368662738628
"Villegas, Camilo",12,4,0.0031812195381306085,0.12280509251189853,0.5430852374613149,0.3092509089582588,0.02167754153039725
"Villegas, Camilo",13,4,0.0061012846364728035,0.18207459485013106,0.5812492540051412,0.22140157828677998,0.009173288221475007
"Villegas, Camilo",14,5,0.04212648483957876,0.3343677513961806,0.48721187165978036,0.13023930201081124,0.006054590093649059
"Villegas, Camilo",15,3,0.005868707577760202,0.20980615902726774,0.612295191247032,0.16834037887866293,0.003689563269277052
"Villegas, Camilo",16,4,0.0015290340765699018,0.13179420870157837,0.6370882987105091,0.22480670025057625,0.004781758260766322
"Villegas, Camilo",17,5,0.03976717921545503,0.40474240846973164,0.48529045554688033,0.06919293050807662,0.0010070262598563806
"Villegas, Camilo",18,4,0.0026768648762918734,0.12978289697376383,0.5781833553261655,0.2763286019410668,0.013028280882712018
"Walker, Danny",1,4,0.00904992079828204,0.28197543919585655,0.605641561043244,0.10228396094059367,0.0010491180220237872
"Walker, Danny",2,4,0.008698887302701408,0.21101143992709992,0.5775422957405928,0.1953398312390634,0.00740754579054248
"Walker, Danny",3,4,0.0045903758962547725,0.24433695210982564,0.6453334940181257,0.10499486178666673,0.000744316189127181
"Walker, Danny",4,5,0.011753398213611044,0.29321164210589673,0.588423009941107,0.10526059719054603,0.0013513525488392242
"Walker, Danny",5,3,0.00747221039600543,0.22629524382642097,0.6028699955328114,0.15976803931227912,0.003594510932483086
"Walker, Danny",6,4,0.0019700495635975313,0.11161778285029061,0.5663716722977863,0.30397741587699145,0.016063079411334114
"Walker, Danny",7,5,0.06806052693277237,0.4062857438853608,0.43900665681828155,0.08399320671212562,0.0026538656514596415
"Walker, Danny",8,4,0.006055319596075082,0.21445522778689363,0.6129582369752233,0.1631303394420356,0.0034008761997723624
"Walker, Danny",9,3,0.0019596612002536484,0.14295979677702303,0.6337279267630122,0.2166057182448402,0.0047468970148709655
"Walker, Danny",10,4,0.0077371571124786875,0.24779525630651078,0.6102606417477648,0.13215864351265738,0.0020483013205883083
"Walker, Danny",11,3,0.002568103416294265,0.1395781843081425,0.6022351112028679,0.24706861446215678,0.008549986610538518
"Walker, Danny",12,4,0.0042056143263066725,0.1421531507746689,0.5558428907674708,0.2805264142175655,0.01727192991398807
"Walker, Danny",13,4,0.007964079953601544,0.20710236530203296,0.5824065477674201,0.19546752181913796,0.00705948515780741
"Walker, Danny",14,5,0.05016792685948995,0.3583326808787975,0.47258283672305534,0.11414895207576436,0.004767603462892844
"Walker, Danny",15,3,0.007809653350567658,0.23897791063685192,0.6059908649857964,0.14451600728370484,0.0027055637430792867
"Walker, Danny",16,4,0.0021679565696497427,0.1560984652781377,0.643907848278658,0.1943632808460476,0.0034624490275070308
"Walker, Danny",17,5,0.048640856471800276,0.43368048911880663,0.45941530179722245,0.05753549362728194,0.0007278589848886963
"Walker, Danny",18,4,0.003611264300808048,0.1511313749694171,0.5886372139420815,0.24655482218936053,0.01006532459833287
"Wallace, Matt",1,4,0.011121074316580049,0.30697499672536777,0.5918053243039847,0.08929149650420021,0.0008071081498672861
"Wallace, Matt",2,4,0.010452081482487108,0.23004917949205173,0.5755260988130241,0.17785610437192023,0.006116535840516857
"Wallace, Matt",3,4,0.005817686630497032,0.2698920965261695,0.6328183065039568,0.0909131289635412,0.0005587813758354265
"Wallace, Matt",4,5,0.014254172388300845,0.3174194159803623,0.5748464608380364,0.09242584416796151,0.001054106625339002
"Wallace, Matt",5,3,0.009115779064337748,0.24755157637759556,0.5972934930681154,0.1431561591459133,0.0028829923440379934
"Wallace, Matt",6,4,0.002466009414511805,0.12547276076525826,0.5771395286169557,0.281518135193049,0.013403566010225187
"Wallace, Matt",7,5,0.07642339439829388,0.4221786313287262,0.42396313979694256,0.07523911721193288,0.002195717264104502
"Wallace, Matt",8,4,0.007451435721464339,0.23567002054656194,0.6082044642491672,0.14596090931837735,0.0027131701644291795
"Wallace, Matt",9,3,0.002502830777264986,0.16090177863198502,0.6376926336933764,0.19512884747308623,0.0037739094242874582
"Wallace, Matt",10,4,0.00949253943310946,0.27081751288373157,0.6010836148767443,0.11699617531998929,0.0016101574864253454
"Wallace, Matt",11,3,0.003218462632587127,0.1561604962567129,0.6081169368667638,0.2255235728274897,0.0069805314164465004
"Wallace, Matt",12,4,0.005120811109973811,0.15727946480242078,0.562773595006591,0.26024193986530186,0.014584189215712584
"Wallace, Matt",13,4,0.009606569926010222,0.2262248026024763,0.5805915705317394,0.1777659197869519,0.005811137152822221
"Wallace, Matt",14,5,0.05671189822727368,0.3753347820827631,0.46058727513677,0.10337092506851664,0.003995119484676568
"Wallace, Matt",15,3,0.00954553693926996,0.261156929365953,0.598444563842471,0.12870401397801068,0.0021489558742953108
"Wallace, Matt",16,4,0.002771541267621469,0.17532814250157724,0.6452976701062456,0.17387977048469228,0.002722875639863398
"Wallace, Matt",17,5,0.055994126589024085,0.4537906359414076,0.43954381054004554,0.050098904038921255,0.0005725228906015012
"Wallace, Matt",18,4,0.00445943767936402,0.16785853165410836,0.5934739033876486,0.22590160571643225,0.008306521562446711
"Waring, Paul",1,4,0.007392411302164337,0.258780264076064,0.6165578519781014,0.1159280826893948,0.0013413899542753516
"Waring, Paul",2,4,0.007268148427391208,0.1935478250507946,0.5774379948789405,0.2128839219864891,0.008862109656384565
"Waring, Paul",3,4,0.0036378958031123565,0.22101571388403668,0.6545086749774827,0.11986417974531016,0.0009735355900581943
"Waring, Paul",4,5,0.009725957737047153,0.2706137621594074,0.5992804239852186,0.11867417515267709,0.001705680965649714
"Waring, Paul",5,3,0.006149714753807767,0.20680599290695012,0.6059018342109155,0.1767233209664888,0.004419137161837838
"Waring, Paul",6,4,0.0015820731507374952,0.09938289639764913,0.5541545376932889,0.3258608545287418,0.019019638229582636
"Waring, Paul",7,5,0.060736227982372104,0.3904840675079515,0.4525716630017733,0.09303660291497906,0.003171438592924014
"Waring, Paul",8,4,0.0049415887753545,0.1951046357970509,0.6150883895486315,0.18066362155702087,0.004201764321942192
"Waring, Paul",9,3,0.0015424483640610331,0.12705604053561442,0.6272677438198215,0.23825225922161375,0.005881508058889207
"Waring, Paul",10,4,0.006331485190059272,0.2266061620735207,0.6166570254821093,0.14783909093364056,0.002566236320670101
"Waring, Paul",11,3,0.0020594446784530374,0.1248190538831841,0.5943071182659033,0.26848068256585755,0.010333700606601992
"Waring, Paul",12,4,0.0034697171468520693,0.128567048737604,0.5473938842476214,0.3003397281836897,0.020229621684232812
"Waring, Paul",13,4,0.0066288176184224334,0.18959712209353907,0.582059032387086,0.2132450219382267,0.008470005962725846
"Waring, Paul",14,5,0.04448303700821871,0.3417873172186225,0.4829622156223857,0.12513855540393792,0.005628874746835155
"Waring, Paul",15,3,0.0064149163065506665,0.21858953519666935,0.6108737510274055,0.16076489029839736,0.0033569071709771414
"Waring, Paul",16,4,0.0017045823344348787,0.13899275553468493,0.6397869207297011,0.21518139783027457,0.004334343570904564
"Waring, Paul",17,5,0.042347062963834725,0.41376755023663375,0.47754598377620233,0.0654273520557419,0.0009120509675872857
"Waring, Paul",18,4,0.002938180321854722,0.13613372434065762,0.5818574994467451,0.26702613198544733,0.012044463905295233
"Whaley, Vince",1,4,0.010701095985080122,0.30220287738028,0.5946002892584953,0.09164729835484964,0.0008484390212949444
"Whaley, Vince",2,4,0.010099242937073927,0.22639645189274032,0.5760723810003334,0.181088117896943,0.006343806272909314
"Whaley, Vince",3,4,0.005565800289443201,0.26498089738782094,0.6354030986315653,0.09346005526665802,0.0005901484245125488
"Whaley, Vince",4,5,0.013749656704828361,0.3128098486121916,0.5775773287091078,0.09475800166455373,0.001105164309318507
"Whaley, Vince",5,3,0.00878317684650759,0.2434730108138209,0.5985322001209668,0.14620489609620235,0.003006716122502473
"Whaley, Vince",6,4,0.0023645049740311785,0.12277253409462391,0.5752687252269972,0.28571984066213907,0.013874395042208665
"Whaley, Vince",7,5,0.07478731617290224,0.41923205135841624,0.42686599275280024,0.07683834222941055,0.0022762974864707353
"Whaley, Vince",8,4,0.007167946447004858,0.23159081784782126,0.6092975927792648,0.14911114478212106,0.0028324981437880536
"Whaley, Vince",9,3,0.002390879748970065,0.15741125529520833,0.6371649115735766,0.19909033523888398,0.003942618143361054
"Whaley, Vince",10,4,0.009136653656045268,0.26640756917474073,0.6030066521899153,0.11976343558323255,0.001685689396066059
"Whaley, Vince",11,3,0.0030853577056388914,0.1529394490455943,0.6071980361537369,0.22952141793332848,0.007255739161701413
"Whaley, Vince",12,4,0.004935523424674126,0.15435158998632037,0.5616171775108358,0.2640335542529181,0.015062154825251639
"Whaley, Vince",13,4,0.00927550962768331,0.22255276796065226,0.5811041022832147,0.1810369974201521,0.006030622708297573
"Whaley, Vince",14,5,0.05542740029259707,0.37215252463049664,0.46293759919644495,0.10535071904136073,0.004131756839100609
"Whaley, Vince",15,3,0.009194060947723681,0.2569061445772738,0.6000568408560761,0.13159761739778164,0.002245336221144756
"Whaley, Vince",16,4,0.0026471169844315967,0.17159271410961213,0.6452648367583093,0.17764482994036623,0.0028505022072807806
"Whaley, Vince",17,5,0.054542425877256384,0.450056787254198,0.44335972472110885,0.05144179025960016,0.0005992718878365944
"Whaley, Vince",18,4,0.004286834659942951,0.16461887929729735,0.5927394905611578,0.22973851653489208,0.008616278946709799
"White, Brett",1,4,0.006581833641310764,0.24608124580476815,0.6216553395127207,0.12414449501171587,0.0015370860294845468
"White, Brett",2,4,0.006557235416386864,0.18405954783593703,0.5765029396208682,0.22309325259303758,0.009787024533770339
"White, Brett",3,4,0.003183276511950661,0.20841142469273766,0.658424010133223,0.12885169901520988,0.0011295896468787037
"White, Brett",4,5,0.008724242262947324,0.25818231320374974,0.6044289426188011,0.12672384077997334,0.0019406611345285096
"White, Brett",5,3,0.005499963179223077,0.19622554137084514,0.6066030939707118,0.18671678971987804,0.004954611759341976
"White, Brett",6,4,0.0013955496640687959,0.09292610450233135,0.5464972901748645,0.33830088035451245,0.020880175304222925
"White, Brett",7,5,0.056890828520670844,0.3813708850775894,0.4598145239522681,0.09842234807005401,0.0035014143794176444
"White, Brett",8,4,0.004398112588461012,0.1846417141313869,0.6152360187911026,0.19100049096407534,0.004723663524974109
"White, Brett",9,3,0.0013448114343050377,0.11864422014385917,0.6225091779700047,0.25088043465277976,0.0066213557990513205
"White, Brett",10,4,0.0056435956096505535,0.2150726832668008,0.619203142521322,0.1571730346596023,0.002907543942624269
"White, Brett",11,3,0.0018149897875877619,0.11698496257650953,0.5888840974098684,0.2808410762224206,0.011474874003613689
"White, Brett",12,4,0.0031081903780345588,0.12130145186253094,0.5418834489205229,0.31162971187319,0.022077196965721635
"White, Brett",13,4,0.005967350467461052,0.18010158290706846,0.5809661010533598,0.22359616292406315,0.009368802648047625
"White, Brett",14,5,0.04151682680385754,0.3323894220195524,0.4883029848923517,0.1316182104998861,0.006172555784352274
"White, Brett",15,3,0.005730516212575754,0.20750047141752886,0.6125947631783757,0.17039133841212672,0.0037829107793929673
"White, Brett",16,4,0.0014851913045874077,0.12992174750604302,0.6362817370211693,0.22740379405676847,0.004907530111431857
"White, Brett",17,5,0.03910274322868207,0.4023268464838735,0.4873147791638575,0.07022185067600828,0.001033780447578625
"White, Brett",18,4,0.0026109702056290596,0.12812669331904986,0.5771390310401225,0.27882185516082536,0.013301450274373128
"Willett, Danny",1,4,0.008520288039099766,0.2749193688342577,0.609169529164431,0.10626063001287211,0.0011301839493393917
"Willett, Danny",2,4,0.008244731241194958,0.20567972869686824,0.5777204360674002,0.20053407269809265,0.007821031296443959
"Willett, Danny",3,4,0.004282914580321595,0.23720227799413374,0.6483866267676549,0.10932079846519482,0.0008073821926949387
"Willett, Danny",4,5,0.011108351271416683,0.28635168181061355,0.5919134128035379,0.10917646767883227,0.001450086435599518
"Willett, Danny",5,3,0.0070504220180671595,0.22034353898505465,0.6040207165647856,0.16475871677337306,0.0038266056587195063
"Willett, Danny",6,4,0.0018451647936129634,0.10783428830455039,0.5628892242603518,0.3105237454094626,0.016907577232022297
"Willett, Danny",7,5,0.06578990966189369,0.40159014844114965,0.443175882584755,0.08664322489025267,0.0028008344219490056
"Willett, Danny",8,4,0.005699094750591549,0.20853541924991692,0.6138491928387309,0.1682903849248486,0.003625908235912023
"Willett, Danny",9,3,0.0018245444033642144,0.1380472319561991,0.6320565855587073,0.2230060632533355,0.005065574828393871
"Willett, Danny",10,4,0.007288106976810038,0.24133235057162528,0.6124332790621273,0.13675320503887112,0.002193058350566268
"Willett, Danny",11,3,0.002404354453854951,0.13502588264073423,0.6000840689833711,0.2534301598435993,0.009055534078440397
"Willett, Danny",12,4,0.003970882704231182,0.13797593917923856,0.5534856570741967,0.28644779886182103,0.0181197221805125
"Willett, Danny",13,4,0.007539688100665687,0.20175417346505004,0.5825166636382227,0.20072942411682804,0.007460050679233499
"Willett, Danny",14,5,0.048400758328189075,0.3533810728973356,0.4758209018199625,0.11738395993918205,0.005013307015330759
"Willett, Danny",15,3,0.007364600714045044,0.23275690930379345,0.6077026868663864,0.14928754130882715,0.0028882618069479005
"Willett, Danny",16,4,0.0020178608989952496,0.1508207551641219,0.6429540482962925,0.2005009453983253,0.003706390242264934
"Willett, Danny",17,5,0.046674365560359865,0.42775389346779213,0.46496569570059043,0.05982677040382678,0.0007792748674307903
"Willett, Danny",18,4,0.003395622327850678,0.14651709181884237,0.5868169147799989,0.25264215978348303,0.010628211289825051
"Wise, Aaron",1,4,0.006662200911422778,0.24738704785651988,0.6211619892535427,0.12327315033381847,0.0015156116446961576
"Wise, Aaron",2,4,0.006628097609209849,0.18503298114872097,0.5766293624940991,0.22202237354688215,0.009687185201087911
"Wise, Aaron",3,4,0.0032279926502211675,0.2097020293050103,0.6580600839346502,0.12789751896617285,0.0011123751439454654
"Wise, Aaron",4,5,0.008823896627346672,0.2594626158361074,0.6039274352043,0.12587109812606523,0.0019149542061807079
"Wise, Aaron",5,3,0.0055644872215730445,0.19731066285325666,0.6065641628007304,0.1856642638249627,0.004896423299477148
"Wise, Aaron",6,4,0.0014139428118505326,0.09358232952553652,0.547317625874859,0.33700608097124185,0.0206800208165121
"Wise, Aaron",7,5,0.057281081365532394,0.38232373905065037,0.45907633197012954,0.09785308632006573,0.0034657612936219717
"Wise, Aaron",8,4,0.004451962561844158,0.18571337172719948,0.6152560481227418,0.18991173041507703,0.004666887173137457
"Wise, Aaron",9,3,0.0013642048243236449,0.11949965849532818,0.6230402918253798,0.24955498716578606,0.006540857689182333
"Wise, Aaron",10,4,0.005711816319027896,0.2162564851825604,0.6189745687191979,0.1561868488602789,0.002870280918934931
"Wise, Aaron",11,3,0.0018390918158732172,0.1177826193982619,0.5894787290012107,0.27954810118911755,0.011351458595536656
"Wise, Aaron",12,4,0.003144094455252544,0.12204308849700385,0.5424803210001926,0.3104536005461339,0.021878895501417084
"Wise, Aaron",13,4,0.006033218498022019,0.1810752451258008,0.5811096003728623,0.22251021789653935,0.009271718106775517
"Wise, Aaron",14,5,0.0418172525665339,0.33336741430693884,0.48776579747177207,0.13093553683581427,0.0061139988189409245
"Wise, Aaron",15,3,0.005798452529866327,0.20863840530576783,0.6124508375566544,0.16937579253435409,0.0037365120733573454
"Wise, Aaron",16,4,0.0015067153089960983,0.13084497245025023,0.6366850122552293,0.22611829677016448,0.0048450032153598555
"Wise, Aaron",17,5,0.03943000434226657,0.4035214524507941,0.4863161954916604,0.06971187105000021,0.0010204766652787134
"Wise, Aaron",18,4,0.002643353433025686,0.12894351821339012,0.5776586736941947,0.2775886313463397,0.01316582331304983
"Woodland, Gary",1,4,0.010801184984823187,0.3033527114899301,0.5939332601664515,0.0910745552538691,0.0008382881049261437
"Woodland, Gary",2,4,0.010183445486164622,0.22727573545975882,0.5759475539108909,0.18030499110286646,0.006288274040319175
"Woodland, Gary",3,4,0.005625696877137432,0.26616282797282625,0.634788474321512,0.09284056930097284,0.0005824315275515524
"Woodland, Gary",4,5,0.013870004570015082,0.3139209999493663,0.5769251398416214,0.09419121898555849,0.0010926366534387277
"Woodland, Gary",5,3,0.008862470833473635,0.2444548089491811,0.5982410559708021,0.14546524271707328,0.0029764215294698637
"Woodland, Gary",6,4,0.00238865362108992,0.1234207100760853,0.5757273221247751,0.28470385436190826,0.013759459816141462
"Woodland, Gary",7,5,0.07517976360387502,0.41994571345500864,0.42616785835929594,0.0764500590203192,0.0022566055615012015
"Woodland, Gary",8,4,0.007235489561967567,0.23257240085702413,0.6090420113949213,0.1483468289262324,0.002803269259854524
"Woodland, Gary",9,3,0.002417479448744153,0.15824942494518102,0.6373017466848058,0.19813006070318429,0.003901288218084775
"Woodland, Gary",10,4,0.009221470326586823,0.26746946815477,0.602550474555105,0.11909141909401155,0.0016671678695265868
"Woodland, Gary",11,3,0.0031170245161180055,0.15371311435815105,0.6074280676493002,0.22855334546563533,0.007188448010795323
"Woodland, Gary",12,4,0.004979692594559659,0.15505527188702,0.5619028615792561,0.2631166059772807,0.01494556796188351
"Woodland, Gary",13,4,0.009354493116470852,0.22343656889514468,0.5809876041993871,0.18024435260855087,0.005976981180446428
"Woodland, Gary",14,5,0.05573532863213376,0.3729219516404895,0.46237382934199867,0.10487049239023172,0.00409839799514633
"Woodland, Gary",15,3,0.009277846361134656,0.2579296117984194,0.5996755723469641,0.1308952494508635,0.002221720042618336
"Woodland, Gary",16,4,0.002676679502770063,0.172489938183218,0.6452825571197276,0.1767316138599837,0.002819211334300631
"Woodland, Gary",17,5,0.054890081934078516,0.45096091989971765,0.4424412010183767,0.051115085592210785,0.0005927115556163542
"Woodland, Gary",18,4,0.0043279414859414,0.16539741945798342,0.5929244296729177,0.22880961283668055,0.008540596546476875
"Xiong, Norman",1,4,0.007500201971316622,0.2603948227715621,0.6158632170746453,0.11492326819345045,0.0013184899890255064
"Xiong, Norman",2,4,0.007362081606427484,0.1947577056457973,0.5775108609319316,0.21161782078107017,0.008751531034773441
"Xiong, Norman",3,4,0.0036989359460678495,0.22262663491763152,0.6539523610822711,0.11876666747024456,0.000955400583785071
"Xiong, Norman",4,5,0.00985862257792458,0.27219121904918897,0.5985837028969323,0.117688381451442,0.001678074024512144
"Xiong, Norman",5,3,0.0062359554235048575,0.20815565086698457,0.6057623155122291,0.17549040653089354,0.004355671666387839
"Xiong, Norman",6,4,0.0016070423044330373,0.10021588716415097,0.5550777204619393,0.3243031199629228,0.018796230106553846
"Xiong, Norman",7,5,0.06123326546894764,0.39161865158434866,0.45164096285378574,0.09237508536504069,0.0031320347278772642
"Xiong, Norman",8,4,0.005013918710800147,0.1964414793691081,0.6150161485105436,0.1793884556001183,0.004139997809429863
"Xiong, Norman",9,3,0.0015690614880062848,0.1281403765980907,0.6278090104646277,0.23668758481470253,0.005793966634572767
"Xiong, Norman",10,4,0.006422933523568486,0.22807589928741545,0.6162829532631741,0.14669218341113943,0.002526030514702571
"Xiong, Norman",11,3,0.002092174463161789,0.12582743045210854,0.5949401670310556,0.2669426233161134,0.010197604737560706
"Xiong, Norman",12,4,0.003517700176607852,0.12949938151320728,0.5480483496032547,0.29892746675338944,0.02000710195354083
"Xiong, Norman",13,4,0.006716322971347888,0.1908087233839158,0.5821506840488883,0.2119616267709905,0.008362642824857547
"Xiong, Norman",14,5,0.04486738469134488,0.3429644380708261,0.48226509249382454,0.12433940083173067,0.005563683912273798
"Xiong, Norman",15,3,0.006505801380016718,0.22000304929238762,0.6106048360536959,0.15957974629757254,0.003306566976327252
"Xiong, Norman",16,4,0.0017341311992403186,0.1401608752427595,0.6401673050237419,0.2136709369926919,0.004266751541566416
"Xiong, Norman",17,5,0.042769529265832884,0.4151942479637634,0.47629528283755956,0.06484321011467309,0.0008977298181710447
"Xiong, Norman",18,4,0.0029817912260095003,0.13716193949711736,0.5824048798723696,0.26555728430170156,0.011894105102802088
"Xu, Andi",1,4,0.005323842186961858,0.2240604400939727,0.6288233910989904,0.13983823405288642,0.0019540925671885923
"Xu, Andi",2,4,0.005435660807501186,0.16771489463693062,0.5732583683692891,0.24193413864066482,0.011656937545614254
"Xu, Andi",3,4,0.002494594621799795,0.1868399698528851,0.6631222658699527,0.14607539983489504,0.0014677698204673684
"Xu, Andi",4,5,0.007153525030116292,0.23651902867627256,0.6118426999748269,0.14204821796009515,0.0024365283586891273
"Xu, Andi",5,3,0.004486555934666514,0.17802120841402025,0.6060357860982062,0.2053960077428404,0.006060441810266659
"Xu, Andi",6,4,0.001110709833040735,0.08212046720264471,0.5314691647493213,0.3606989938170573,0.024600664397935956
"Xu, Andi",7,5,0.05048113378882341,0.3647290092401485,0.47201093198027594,0.10860817379881749,0.004170751191934663
"Xu, Andi",8,4,0.003556189560042722,0.16671295007636944,0.6136013015875246,0.2103242931696634,0.005805265606399934
"Xu, Andi",9,3,0.0010474916551266866,0.10454423698794518,0.6120297838981009,0.27422336697217486,0.008155120486652345
"Xu, Andi",10,4,0.004575090227494083,0.1951822305948585,0.6218257154336577,0.1747939212252989,0.0036230425186907222
"Xu, Andi",11,3,0.0014418874412054916,0.10380220293284115,0.57751010401606,0.30345030102615855,0.013795504583734797
"Xu, Andi",12,4,0.0025441049808490046,0.10897793120094351,0.5307164110688167,0.33201639233441993,0.02574516041497077
"Xu, Andi",13,4,0.004926943606108458,0.16377142293612518,0.5774030441664799,0.24270885135571318,0.011189737935573207
"Xu, Andi",14,5,0.036602736818763526,0.31547255758799214,0.4969121402699467,0.143748326530601,0.0072642387926966645
"Xu, Andi",15,3,0.0046644623665477725,0.18838846102182105,0.6137998611044087,0.18847807496776037,0.004669140539462102
"Xu, Andi",16,4,0.0011553439096165796,0.11467960812288347,0.6279160520924512,0.2501432724829412,0.006105723392107576
"Xu, Andi",17,5,0.03379572128638647,0.38152767211690825,0.5039164616454925,0.07947026447964778,0.0012898804715649748
"Xu, Andi",18,4,0.0021058175538491986,0.11457259162844113,0.5671199498439301,0.3003626367607938,0.015839004212985786
"Young, Cameron",1,4,0.011671520604622121,0.313028610332202,0.5881603352525477,0.08638194194239512,0.0007575918682330984
"Young, Cameron",2,4,0.010912687918660458,0.23469616343788513,0.5747272036827731,0.17382392441282635,0.00584002054785504
"Young, Cameron",3,4,0.006149990174068198,0.276144332918492,0.6294124950063412,0.08777178738122737,0.00052139451987121
"Young, Cameron",4,5,0.01491360155094923,0.3232592684214036,0.5712921306837041,0.08954224157941693,0.0009927577645261199
"Young, Cameron",5,3,0.009551250463369965,0.2527401006337706,0.5956082289930094,0.1393670145692092,0.0027334053406409264
"Young, Cameron",6,4,0.0025997341948907904,0.12893682489462266,0.5793903822950202,0.27624396624364844,0.012829092371817952
"Young, Cameron",7,5,0.07852693453994358,0.425858909793471,0.4202605141401655,0.07325592827311922,0.0020977132533006593
"Young, Cameron",8,4,0.007823288886579405,0.24086514966429207,0.6066962871930552,0.14204621823267927,0.0025690560233940785
"Young, Cameron",9,3,0.002650877889569747,0.16537500893439783,0.6382110426833557,0.19019282948439253,0.0035702410082841807
"Young, Cameron",10,4,0.009958951216670564,0.2764223094752524,0.5985326522607175,0.1135668503190923,0.0015192367282672592
"Young, Cameron",11,3,0.003393814313578769,0.16028521076117686,0.609148005063532,0.22052658993611218,0.006646379925600243
"Young, Cameron",12,4,0.005363480911386387,0.16102196407920383,0.5641305582280849,0.2554843545132761,0.01399964226804884
"Young, Cameron",13,4,0.010039099685928476,0.23089839211192742,0.5798324185099244,0.17368582406193833,0.00554426563028132
"Young, Cameron",14,5,0.05836636327471717,0.37933002428069423,0.4575663408291941,0.10090881505172677,0.0038284565636677037
"Young, Cameron",15,3,0.010005850623661439,0.2665611626840052,0.5962872479721121,0.12511306135696987,0.0020326773632514117
"Young, Cameron",16,4,0.00293609648285853,0.18011129212263588,0.6451863999260257,0.16919703668061625,0.0025691747878636706
"Young, Cameron",17,5,0.05786958080455379,0.4584572334796448,0.43468917952088126,0.04844366690884516,0.0005403392860749978
"Young, Cameron",18,4,0.004686120543938577,0.17200066454339102,0.5942809678840181,0.22110267235506154,0.007929574673590789
"Young, Carson",1,4,0.009507518398014891,0.2878352246509587,0.602581333897115,0.09908952238842539,0.0009864006654860535
"Young, Carson",2,4,0.009089222078005832,0.21545267483724545,0.5772604247827843,0.1911160595719833,0.007081618729981143
"Young, Carson",3,4,0.004858213491150398,0.25028839038651884,0.6426326170075884,0.10152495684490215,0.0006958222698401073
"Young, Carson",4,5,0.012308780814454523,0.29889925373068993,0.5854063457369538,0.10211092205425087,0.0012746976636508478
"Young, Carson",5,3,0.00783609868582108,0.2312536053254271,0.6017690645184905,0.15572828329417987,0.0034129481760813984
"Young, Carson",6,4,0.0020786064373957136,0.11480166454085888,0.5691127894668545,0.2986119336894748,0.01539500586541609
"Young, Carson",7,5,0.0699754831852275,0.41011365911270153,0.43551767676202796,0.08185507849242468,0.002538102447618318
"Young, Carson",8,4,0.0063633553283237165,0.2193938769315546,0.6120636484958732,0.1589540522755154,0.003225066968733037
"Young, Carson",9,3,0.002077688946747147,0.1470896883841155,0.6349272966990549,0.21140731276506908,0.004498013205013307
"Young, Carson",10,4,0.008125066486008914,0.2531740196877561,0.6083126393077367,0.12845261273275055,0.0019356617857477776
"Young, Carson",11,3,0.0027104512975180683,0.14340097201080682,0.6038539574557598,0.2418821982919096,0.008152420944005812
"Young, Carson",12,4,0.004408159807740453,0.14565240053858158,0.5576636351614641,0.2756763894689057,0.016599415023308084
"Young, Carson",13,4,0.00832920825061223,0.21155978891784444,0.5821773348856555,0.19118968344088783,0.0067439845050000224
"Young, Carson",14,5,0.051661539477485696,0.36239253914264097,0.4698428835020264,0.11152965417499705,0.004573383702849876
"Young, Carson",15,3,0.00819376319005427,0.2441570113982805,0.6044255348835521,0.14066067715687625,0.0025630133712368774
"Young, Carson",16,4,0.002299087440396863,0.16053112439212197,0.6445079281374895,0.18938936736913548,0.0032724926608562743
"Young, Carson",17,5,0.050309577170227604,0.43851730182979237,0.4547851246820672,0.05570011213202042,0.0006878841858923845
"Young, Carson",18,4,0.0037979952049508325,0.1549985943279893,0.5899934941718306,0.2415884335527565,0.009621482742472764
