player,hole,par,p_eagle_or_better,p_birdie,p_par,p_bogey,p_double_or_worse
"Aberg, Ludvig",1,4,0.006835034521967098,0.17095203059498099,0.5539765203084935,0.25285559018684944,0.015380824387708936
"Aberg, Ludvig",2,5,0.05526240873429422,0.4194303892101342,0.4543747980445363,0.06958800131523246,0.0013444026958028266
"Aberg, Ludvig",3,3,0.003806255382667545,0.20640273348046057,0.6446257993382823,0.14341780687826766,0.0017474049203218822
"Aberg, Ludvig",4,4,0.006279593074218048,0.15929280006992674,0.5440935760450984,0.2714161188499661,0.018917911960790734
"Aberg, Ludvig",5,4,0.02581258788683599,0.30444817817712844,0.5269473367207707,0.13777862723550882,0.005013269979756041
"Aberg, Ludvig",6,3,0.002169325191781646,0.12831540675909975,0.5966677768177818,0.2630116012741974,0.009835889957139354
"Aberg, Ludvig",7,5,0.011528189991990567,0.21585921052709917,0.5541931321217273,0.20776774308767998,0.010651724271503071
"Aberg, Ludvig",8,4,0.006404880430731674,0.20636194343474362,0.6019196341838007,0.18047917137742797,0.004834370573296054
"Aberg, Ludvig",9,4,0.007656705866897762,0.16639102934694655,0.5342096905415445,0.2708117100660148,0.020930864178596353
"Aberg, Ludvig",10,4,0.011373190520652887,0.2509501926038925,0.5802931571135551,0.15331985322863162,0.004063606533267872
"Aberg, Ludvig",11,4,0.0073000551586374085,0.13086679300700382,0.46631476420832235,0.34274325134615036,0.05277513627988606
"Aberg, Ludvig",12,5,0.04755158482448413,0.34789659734018635,0.4771539538909917,0.12189792925610377,0.005499934688234065
"Aberg, Ludvig",13,3,0.006186883907577934,0.244181733894145,0.6255127260556739,0.12268966043494622,0.001428995707656977
"Aberg, Ludvig",14,4,0.005253149004719571,0.17027115421043731,0.5805060299566389,0.23379212238805958,0.010177544440144626
"Aberg, Ludvig",15,4,0.008284692437006858,0.15999078319444876,0.5140178365664906,0.2895914484862644,0.02811523931578941
"Aberg, Ludvig",16,3,0.0009885915530122857,0.10903317084156788,0.6291563434712155,0.2547517413714634,0.006070152762740921
"Aberg, Ludvig",17,4,0.009956859971076426,0.18159669347346163,0.5287011321387636,0.25903936448583353,0.02070594993086483
"Aberg, Ludvig",18,4,0.006072365744783592,0.13117579118335831,0.48916856534116077,0.3324357405609717,0.041147537169725634
"Adam, Cameron",1,4,0.002915982631115255,0.10924884541389784,0.5159601330145485,0.3410551578578743,0.03081988108256406
"Adam, Cameron",2,5,0.029695718423647377,0.33237691890625254,0.5188150838590266,0.11576629509084635,0.003345983720227097
"Adam, Cameron",3,3,0.0012609251190182635,0.12224988344862703,0.6362332190916564,0.23515005860349658,0.005105913737201706
"Adam, Cameron",4,4,0.002685160738235104,0.10120025624120627,0.5004176275687973,0.35886705337209734,0.03682990207966397
"Adam, Cameron",5,4,0.012843488252512969,0.22173272967750313,0.5486672311690506,0.205753052971966,0.011003497928967265
"Adam, Cameron",6,3,0.0007391993084845394,0.07271140812988808,0.5359518530827969,0.36817412475075695,0.02242341472807352
"Adam, Cameron",7,5,0.005225201874020591,0.1449836815017851,0.5375411378647312,0.2902716266700478,0.021978352089415343
"Adam, Cameron",8,4,0.0024875271597179505,0.12961924624401933,0.5854739901887018,0.27074935355411056,0.011669882853450386
"Adam, Cameron",9,4,0.00340822070208735,0.1079967249249531,0.4940531835421283,0.3548344649709555,0.039707405859875755
"Adam, Cameron",10,4,0.0048306324118529975,0.16717885269878563,0.5845301187006919,0.23373257149628013,0.009727824692389309
"Adam, Cameron",11,4,0.0034897470931426477,0.08594173752892581,0.4142757084073648,0.40982784494400715,0.08646496202655962
"Adam, Cameron",12,5,0.02654073669547624,0.2713999274871106,0.5108891655244381,0.17979248963228822,0.011377680660686784
"Adam, Cameron",13,3,0.002209544178175926,0.1519836458890486,0.6366521430361402,0.2049765853396761,0.004178081556959201
"Adam, Cameron",14,4,0.0020793528616085966,0.10546042684506918,0.5428706925050109,0.3275099119473507,0.02207961584096063
"Adam, Cameron",15,4,0.0038242487437432637,0.10513509926269449,0.4714897117412486,0.36885742428623103,0.050693515966082625
"Adam, Cameron",16,3,0.00028412100158514697,0.05687122002503836,0.5562154437299185,0.3710616499193613,0.015567565324096755
"Adam, Cameron",17,4,0.0046212585445269405,0.12103503372002727,0.4955372097717592,0.3399742336974938,0.038832264266192795
"Adam, Cameron",18,4,0.0027582541066966115,0.0841453835537811,0.4350560888295608,0.40728877351925574,0.07075149999070574
"Akutsu, Mikiya",1,4,0.0028916279741403317,0.10875136175374966,0.5154447812265714,0.34190112096072,0.03101110808481855
"Akutsu, Mikiya",2,5,0.029512391099064506,0.33153955998566415,0.5192927963189303,0.11628167027935876,0.00337358231698226
"Akutsu, Mikiya",3,3,0.0012472019903787546,0.1215887732430217,0.6358765876103638,0.2361325199519423,0.005154917204293508
"Akutsu, Mikiya",4,4,0.0026628127563977366,0.10073450907561571,0.4998614872332039,0.35969245214408396,0.0370487387906987
"Akutsu, Mikiya",5,4,0.012755000413842088,0.22099951333590806,0.548701573008116,0.20646256488318904,0.01108134835894492
"Akutsu, Mikiya",6,3,0.0007314019871323962,0.07229209753454308,0.5351990624973397,0.36918963661302706,0.022587801367957794
"Akutsu, Mikiya",7,5,0.00518457261601557,0.14439248426377083,0.5372128479356595,0.2910891767269729,0.02212091845758124
"Akutsu, Mikiya",8,4,0.0024643835248792656,0.12899997615846415,0.5850986517417713,0.271675079147801,0.011761909427084327
"Akutsu, Mikiya",9,4,0.003381196407350018,0.1075230707414192,0.4935362230265721,0.35562519125732295,0.03993431856733576
"Akutsu, Mikiya",10,4,0.004789866650818098,0.16647662137780633,0.5843579330368809,0.23457157130697515,0.00980400762751954
"Akutsu, Mikiya",11,4,0.003464604776827085,0.08557858081545877,0.4137040549545996,0.41040790942408767,0.08684485002902687
"Akutsu, Mikiya",12,5,0.0263877481989907,0.27068840538364697,0.5110730859526709,0.1803984340982706,0.011452326366420795
"Akutsu, Mikiya",13,3,0.002187095307903786,0.15123566811662398,0.6364869852644939,0.20587196757933346,0.004218283731644901
"Akutsu, Mikiya",14,4,0.0020604434412365147,0.10494546710740876,0.5423336259078275,0.32842820924245786,0.022232254301069343
"Akutsu, Mikiya",15,4,0.003795314124105109,0.10468830536069523,0.47096811514285986,0.36958815533786193,0.05096011003447787
"Akutsu, Mikiya",16,3,0.00028065049623854366,0.05649505260587784,0.5553240222983769,0.3722024581627922,0.01569781643671453
"Akutsu, Mikiya",17,4,0.004586491114647595,0.12053588218594635,0.49508626676000467,0.34074088667358904,0.03905047326581235
"Akutsu, Mikiya",18,4,0.0027369902046499583,0.08376930297126756,0.43445122205494646,0.4079497767603484,0.07109270800878764
"An, Byeong Hun",1,4,0.0052122412945409535,0.1487861174608131,0.5453587311501163,0.28115959943043045,0.01948331066409914
"An, Byeong Hun",2,5,0.045433204230958646,0.3916042364769904,0.47822240983572606,0.08291112191340155,0.001829027542923356
"An, Byeong Hun",3,3,0.0026821576867187003,0.175788738061453,0.6484034076441378,0.17060970054103197,0.0025159960666584213
"An, Byeong Hun",4,4,0.0047913861920470535,0.1383498787239713,0.5333492959871973,0.2997769400597715,0.02373249903701291
"An, Byeong Hun",5,4,0.02069093181200571,0.2764537571341221,0.5379318944038731,0.15838142930892352,0.0065419873410755836
"An, Byeong Hun",6,3,0.0015402673985623894,0.10757275273459493,0.581316212962049,0.2965433565297496,0.013027410375044068
"An, Byeong Hun",7,5,0.008965244937211014,0.19092040826071305,0.5528080626965408,0.23368455247744735,0.013621731628087774
"An, Byeong Hun",8,4,0.004744309366572053,0.17884482271017144,0.6017595679665901,0.20812887885799303,0.006522421098673292
"An, Byeong Hun",9,4,0.005917110219401056,0.14548030186015531,0.5244552350298949,0.2981225643736085,0.026024788516940234
"An, Byeong Hun",10,4,0.008669510778149259,0.2215968282777161,0.5866030494180663,0.17766621776166136,0.005464393764406994
"An, Byeong Hun",11,4,0.005767328881104372,0.11472827584740897,0.45133788240807354,0.3657255673665465,0.06244094549686663
"An, Byeong Hun",12,5,0.03953438289361205,0.32281344572652865,0.49119153613348976,0.139429321117986,0.007031314128383537
"An, Byeong Hun",13,3,0.004466128951229775,0.21127303042564882,0.6353943297615948,0.14680946556538843,0.002057045296138149
"An, Byeong Hun",14,4,0.003912537781134595,0.14680088769163502,0.5726186690406634,0.2634216936767513,0.013246211809815778
"An, Byeong Hun",15,4,0.006475682108047498,0.1403879505322272,0.5030708817848069,0.3157063421815235,0.034359143393394964
"An, Byeong Hun",16,3,0.0006650467032615071,0.08910370746801738,0.6104554997393987,0.2914035230367581,0.008372223052564243
"An, Byeong Hun",17,4,0.00779814693408637,0.1601150999825678,0.521200448484755,0.2852459700644667,0.025640334534124176
"An, Byeong Hun",18,4,0.004720612411176772,0.11417900169816764,0.4738558329696014,0.3577508950057623,0.04949365791529192
"Axelsen, John",1,4,0.0029536341990947235,0.110013633671603,0.5167440877220779,0.33975968712757154,0.03052895727965277
"Axelsen, John",2,5,0.029978268987263135,0.3336591945821245,0.5180783112171613,0.11498010862056973,0.003304116592881323
"Axelsen, John",3,3,0.001282206505993977,0.12326696553745814,0.6367696187168856,0.23364952857022503,0.005031680669437266
"Axelsen, John",4,4,0.0027197094218313622,0.10191633838583836,0.5012645299530127,0.35760256445662064,0.036496857782696845
"Axelsen, John",5,4,0.012980014192919942,0.22285752863942926,0.548608355613466,0.204668889977351,0.010885211576833864
"Axelsen, John",6,3,0.0007512875079530024,0.07335702786022902,0.5370989105311614,0.3666191203795882,0.022173653721068387
"Axelsen, John",7,5,0.005287964509616994,0.14589184583017795,0.5380379197254992,0.2890207188060515,0.02176155112865441
"Axelsen, John",8,4,0.0025233469178670975,0.13057131156676433,0.5860411232274418,0.26933403972072645,0.011530178567200289
"Axelsen, John",9,4,0.00344997790642132,0.1087247634492135,0.4948402515108375,0.35362302860680406,0.03936197852672363
"Axelsen, John",10,4,0.004893654511816836,0.1682575262298271,0.5847862007016716,0.23245044665372971,0.009612171902954714
"Axelsen, John",11,4,0.0035285639267903512,0.08649994234622999,0.41514857048816173,0.4089372549223518,0.08588566831646616
"Axelsen, John",12,5,0.026776436038856488,0.2724902277758833,0.5106024465308998,0.17886669091282503,0.011264198741535392
"Axelsen, John",13,3,0.0022443239141993754,0.15313353264398688,0.6368953263523456,0.2036096310814931,0.00411718600797506
"Axelsen, John",14,4,0.002108613180820007,0.10625236920162301,0.5436870403159424,0.32610437433670225,0.021847602964912394
"Axelsen, John",15,4,0.0038689381641383025,0.10582177237003748,0.4722845001815428,0.3677373416269305,0.05028744765735094
"Axelsen, John",16,3,0.0002895127429292099,0.0574510177532927,0.5575742047223393,0.3693153486856531,0.01536991609578564
"Axelsen, John",17,4,0.0046749520716016235,0.12180198060053449,0.4962231133527112,0.3387998966418553,0.03850005733329742
"Axelsen, John",18,4,0.0027911034938678525,0.08472360801810142,0.4359793797106541,0.40627444309256666,0.07023146568480998
"Berger, Daniel",1,4,0.005872709752242744,0.1582348852436823,0.5496077664678256,0.26869368692731554,0.017590951608933758
"Berger, Daniel",2,5,0.049534275290833596,0.40388551573112946,0.4680949842291521,0.07688445988166015,0.0016007648672247132
"Berger, Daniel",3,3,0.003129505542227129,0.18880188441934304,0.6475411245789655,0.15837825532300398,0.0021492301364602895
"Berger, Daniel",4,4,0.005397073154026433,0.1472671568327799,0.5384975526394451,0.2873204978779521,0.021517719495796506
"Berger, Daniel",5,4,0.02280908402229964,0.28860136296828526,0.5335834906372847,0.14917571458516976,0.005830347786960566
"Berger, Daniel",6,3,0.0017908797735284865,0.11631709549900032,0.588612178445196,0.2817412566826849,0.01153858959959031
"Berger, Daniel",7,5,0.010014874487882519,0.20161768691995308,0.5539116795893156,0.22220815777791847,0.012247601224930293
"Berger, Daniel",8,4,0.005414851280818145,0.19058701272789502,0.6024678995991786,0.1957998257612461,0.005730410630862215
"Berger, Daniel",9,4,0.006627770660150356,0.15440114198644267,0.5291484113284589,0.286135835185405,0.02368684083954309
"Berger, Daniel",10,4,0.009770980131314444,0.234208378879178,0.5844329160387634,0.16678025706706123,0.004807467883682914
"Berger, Daniel",11,4,0.0063970723420071485,0.12160388787674448,0.4581540697540356,0.3557794399313631,0.05806553009584969
"Berger, Daniel",12,5,0.0428863542666712,0.3337958664010233,0.4853992416154549,0.13159656617694004,0.0063219715399105425
"Berger, Daniel",13,3,0.0051561256166440805,0.2253419108495781,0.631813578069589,0.13593111416302162,0.001757271301167207
"Berger, Daniel",14,4,0.004454462570663564,0.15678365671766697,0.5766229946575456,0.25031834595633495,0.011820540097788879
"Berger, Daniel",15,4,0.0072170270972756745,0.1487548102510997,0.5082349531777841,0.3042864089644395,0.03150680050940102
"Berger, Daniel",16,3,0.0007918628643734382,0.09744532327838751,0.6193080012932215,0.2751677139304898,0.007287098633527833
"Berger, Daniel",17,4,0.008683579766618321,0.16930511640400947,0.5248999145998763,0.27373376620309764,0.02337762302639823
"Berger, Daniel",18,4,0.005273466074632804,0.12140824689764701,0.4808633511444972,0.3467560942574093,0.045698841625813724
"Bezuidenhout, Christiaan",1,4,0.005557496775135395,0.15380638047426975,0.5477288060403911,0.27445863920644775,0.018448677503756006
"Bezuidenhout, Christiaan",2,5,0.047595782862062785,0.39820992783056114,0.472851321596442,0.07963971290427674,0.0017032548066573394
"Bezuidenhout, Christiaan",3,3,0.0029141622125009037,0.18269509100428116,0.6480932295623758,0.16398457739692973,0.002312939823912341
"Bezuidenhout, Christiaan",4,4,0.005108005787616943,0.1430858770924192,0.5361955188255059,0.2930878015060969,0.022522796788361
"Bezuidenhout, Christiaan",5,4,0.021804422699198522,0.28294875039746237,0.5356884816672918,0.1534067659478997,0.0061515792881476905
"Bezuidenhout, Christiaan",6,3,0.0016702959163781839,0.1122002448405699,0.5853388933123362,0.28858050909242605,0.012210056838289685
"Bezuidenhout, Christiaan",7,5,0.009515131586684433,0.19661659766075618,0.553495430737854,0.22750324793752608,0.012869592077179304
"Bezuidenhout, Christiaan",8,4,0.005093852235350804,0.18508559308356798,0.6022620447590192,0.20147183500049892,0.006086674921563118
"Bezuidenhout, Christiaan",9,4,0.0062890954973409685,0.15022149944462038,0.5270532840125393,0.2916872514009692,0.02474886964453027
"Bezuidenhout, Christiaan",10,4,0.009245475883917331,0.22831595709396063,0.5855531960784977,0.17178234629154887,0.005103024652075572
"Bezuidenhout, Christiaan",11,4,0.006097632908636796,0.11838089678230129,0.455043392448256,0.36041299505763935,0.06006508280316658
"Bezuidenhout, Christiaan",12,5,0.04130330431497092,0.32870428448571537,0.48815297552063763,0.13519656445689476,0.00664287122178131
"Bezuidenhout, Christiaan",13,3,0.004824921269514948,0.21875489401160492,0.6336176881155029,0.1409114354468789,0.001891061156498286
"Bezuidenhout, Christiaan",14,4,0.004195146938373306,0.15210058962981965,0.5748718489669287,0.2563677274772538,0.012464686987624596
"Bezuidenhout, Christiaan",15,4,0.006864161778405153,0.14483554911334917,0.5059117107044508,0.3095834213839741,0.032805157019820674
"Bezuidenhout, Christiaan",16,3,0.0007304721511067203,0.09350673056263964,0.6153298561622041,0.2826587278348488,0.007774213289200693
"Bezuidenhout, Christiaan",17,4,0.008262271314918634,0.1650042359509022,0.5232642734308256,0.27906335069713484,0.02440586860621874
"Bezuidenhout, Christiaan",18,4,0.0050101183933993765,0.11801715542850688,0.4776723363187473,0.35187063993810597,0.047429749921240494
"Bhatia, Akshay",1,4,0.005287271138047833,0.14989297263264373,0.5459038222933845,0.27966670493121626,0.019249229004707713
"Bhatia, Akshay",2,5,0.04590681793021456,0.3930766120786012,0.47704039636691614,0.08217580381036127,0.0018003698139068547
"Bhatia, Akshay",3,3,0.0027322226806001937,0.17730984082878914,0.6483648390989782,0.1691235691437456,0.002469528247886821
"Bhatia, Akshay",4,4,0.00486019329442039,0.13939369444461253,0.5339990218802799,0.2982880331508294,0.02345905722985775
"Bhatia, Akshay",5,4,0.020934121636384695,0.2778938245190447,0.537450857750637,0.1572678113389001,0.006453384755033542
"Bhatia, Akshay",6,3,0.001568337816930776,0.10858936396168617,0.58223234448925,0.29476815518157773,0.012841798550555339
"Bhatia, Akshay",7,5,0.009084976171144787,0.1921787679889796,0.552979918728804,0.23230494850338723,0.013451388607684356
"Bhatia, Akshay",8,4,0.004820081785902874,0.18022112798039075,0.6018957249873247,0.20663979253285902,0.00642327271352261
"Bhatia, Akshay",9,4,0.005998044317072737,0.14652591919145708,0.5250489751445545,0.29669046662389265,0.025736594723023032
"Bhatia, Akshay",10,4,0.008794710406551054,0.2230818504055211,0.5863924130505196,0.17634884606826018,0.005382180069148146
"Bhatia, Akshay",11,4,0.005839325576323662,0.11553352343200757,0.4521716452478234,0.3645487633137249,0.06190674243012051
"Bhatia, Akshay",12,5,0.03992205546830796,0.3241233110045503,0.490529566409435,0.13848176515435362,0.006943301963353132
"Bhatia, Akshay",13,3,0.004543734462883975,0.21292388529379735,0.6350280794705245,0.14548524348780822,0.002019057284985859
"Bhatia, Akshay",14,4,0.003973822730368781,0.14796849709118437,0.5731406251825113,0.2618480814046157,0.013068973591319866
"Bhatia, Akshay",15,4,0.006560289051606771,0.14136898814734317,0.5037166548580032,0.31434538329124895,0.03400868465179796
"Bhatia, Akshay",16,3,0.0006791000633037947,0.09006877209437852,0.6115642949070098,0.2894518836864284,0.008235949248879493
"Bhatia, Akshay",17,4,0.007899255238580372,0.16119430779765154,0.5216751715758554,0.2838696820083818,0.025361583379530872
"Bhatia, Akshay",18,4,0.004783625405506808,0.1150246860750413,0.47471592992464245,0.3564468345352926,0.049028924059516865
"Bloor, George",1,4,0.002804872289907223,0.10696101921279944,0.5135543872532572,0.34496716750766876,0.03171255373636739
"Bloor, George",2,5,0.02885568797526361,0.3285046095659199,0.5210015445071943,0.11816280740253715,0.003475350549084988
"Bloor, George",3,3,0.0011985932398571042,0.11921280239994186,0.634542017135532,0.239710505098349,0.005336082126319974
"Bloor, George",4,4,0.00258320252594757,0.09905873149415795,0.49782536206147127,0.36268175657505464,0.03785094734336858
"Bloor, George",5,4,0.012438639239428229,0.21835061219748303,0.5487988465021463,0.20904431642823706,0.011367585632705457
"Bloor, George",6,3,0.0007037677619193272,0.07078738834015047,0.5324459981390867,0.3728706012824481,0.02319224447639545
"Bloor, George",7,5,0.005039638118187029,0.1422619327108932,0.535997322982888,0.2940568248817864,0.022644281306245295
"Bloor, George",8,4,0.0023821113926552617,0.12677159317976694,0.5837052906651288,0.2750401996818651,0.012100805080583976
"Bloor, George",9,4,0.003284840336078565,0.1058179844458626,0.49164279929562366,0.3584886495839542,0.04076572633848097
"Bloor, George",10,4,0.0046446500660691226,0.1639457057109862,0.5837010433787693,0.23762404467968135,0.010084556164493996
"Bloor, George",11,4,0.003374822230607144,0.08427129688056334,0.41162120110952266,0.41250027988063603,0.08823239989867082
"Bloor, George",12,5,0.025839330097806035,0.268112631887123,0.5117177283015247,0.18260381518763502,0.011726494525911235
"Bloor, George",13,3,0.0021074406669867596,0.1485439343226122,0.6358463337771987,0.2091353587742948,0.004366932458907513
"Bloor, George",14,4,0.0019931976709329224,0.10309346708615919,0.5403608262560213,0.3317594561265075,0.022793052860379137
"Bloor, George",15,4,0.0036920642484238875,0.1030795694373331,0.4690605655709957,0.37223192053523946,0.05193588020800788
"Bloor, George",16,3,0.0002683981438977301,0.055147744531934606,0.5520660093953735,0.3763400048562795,0.016177843072514575
"Bloor, George",17,4,0.00446240807803211,0.11873779880369162,0.4934318110464472,0.34351811894567297,0.039849863126156126
"Bloor, George",18,4,0.0026611433042289523,0.08241615896887938,0.43224613263533135,0.4103363787482508,0.07234018634330952
"Bradley, Keegan",1,4,0.006001130875251115,0.15999944751075268,0.5503031744929588,0.2664336068688291,0.01726264025220825
"Bradley, Keegan",2,5,0.050314747082197575,0.4061083736851717,0.4661959227964409,0.07581898623245087,0.0015619702037389382
"Bradley, Keegan",3,3,0.0032181678332012797,0.19123866495300534,0.6472516205594421,0.1562038492313359,0.0020876974230154
"Bradley, Keegan",4,4,0.005514842480852933,0.14893413413909523,0.5393622386591392,0.2850563316225774,0.021132453098335224
"Bradley, Keegan",5,4,0.023215292143625332,0.2908340085920847,0.5327135774818282,0.14752913481632435,0.0057079869661373905
"Bradley, Keegan",6,3,0.0018405011321686038,0.1179664317591464,0.5898469373969428,0.27906303103604835,0.01128309867569377
"Bradley, Keegan",7,5,0.010217875590617986,0.20360430856430844,0.5540299275974054,0.22013798471232038,0.01200990353534781
"Bradley, Keegan",8,4,0.005546117521778027,0.19277801097468605,0.6024905150894695,0.19359008452182458,0.005595271892241849
"Bradley, Keegan",9,4,0.006765505953790718,0.15606587776649128,0.529933708578717,0.28395565027783687,0.023279257423164168
"Bradley, Keegan",10,4,0.009984979846536457,0.23654722876541057,0.5839381927184372,0.16483426898109954,0.00469532968851627
"Bradley, Keegan",11,4,0.006518518952839836,0.1228884190460604,0.4593536245777814,0.3539468362595273,0.05729260116379109
"Bradley, Keegan",12,5,0.04352307244895781,0.3357979312456459,0.4842840443646586,0.1301955370658454,0.006199414874892284
"Bradley, Keegan",13,3,0.005292011726620194,0.22796294775621395,0.6310358915766019,0.13400215752007305,0.001706991420490911
"Bradley, Keegan",14,4,0.004560449999256588,0.15865168636041982,0.5772612881744181,0.2479516623519692,0.011574913113936214
"Bradley, Keegan",15,4,0.007360318911384223,0.1503154601422792,0.509114624755018,0.30220230053099073,0.031007295660327894
"Bradley, Keegan",16,3,0.0008173163602969158,0.09902875161971447,0.6208117644588863,0.27223938523835,0.007102782322752299
"Bradley, Keegan",17,4,0.00885459427303037,0.1710157886667083,0.5255051513861676,0.2716416436669181,0.022982822007175607
"Bradley, Keegan",18,4,0.005380507318527461,0.12276088561223364,0.4820904696732885,0.34473684530418114,0.04503129209176926
"Brown, Daniel",1,4,0.0049361846212002125,0.14463343153858677,0.5431963267449034,0.28684074950366534,0.02039330759164426
"Brown, Daniel",2,5,0.04367235173004941,0.38599797804972774,0.48264427082235695,0.08574386012089275,0.0019415392769731588
"Brown, Daniel",3,3,0.0024996987689522854,0.1700904301793062,0.6483919256334829,0.17631841961005068,0.00269952580820787
"Brown, Daniel",4,4,0.004538222270695114,0.134435545894747,0.5307962389083984,0.30543581985231527,0.024794173073844128
"Brown, Daniel",5,4,0.019790123873236143,0.27100956013801314,0.5396649316640978,0.16264746152797627,0.006887922796676715
"Brown, Daniel",6,3,0.0014379086095386295,0.10377727669169778,0.5777274624135209,0.3033046610956701,0.013752691189572563
"Brown, Daniel",7,5,0.008523567159983925,0.18618665091872594,0.5520571937196272,0.23894769898897272,0.014284889212690222
"Brown, Daniel",8,4,0.004466462616673439,0.1736795963773321,0.601116102378016,0.21382692382817348,0.00691091479980499
"Brown, Daniel",9,4,0.005618853349898978,0.1415558412080014,0.5221187701018761,0.303563948384298,0.02714258695592553
"Brown, Daniel",10,4,0.008208712896288828,0.2160070807158982,0.5872839426260309,0.1827137888005046,0.005786474961277488
"Brown, Daniel",11,4,0.005501347358442432,0.11170740142420632,0.4481226922134607,0.37016859809299385,0.06449996091089671
"Brown, Daniel",12,5,0.03809164662182418,0.3178420671663363,0.49363272132480446,0.14305939663331724,0.007374168253717839
"Brown, Daniel",13,3,0.004182413756075809,0.20507333970498276,0.636634519105278,0.15190262165213286,0.002207105781530494
"Brown, Daniel",14,4,0.0036877020945590977,0.14242470245949607,0.5705292890200034,0.26942080655534106,0.013937499870600334
"Brown, Daniel",15,4,0.006163468804997352,0.13670496316516462,0.5005470312088675,0.3208689902584936,0.035715546562476996
"Brown, Daniel",16,3,0.0006141449168866053,0.0855120569664024,0.6061187986260658,0.29884771652479203,0.008907282965853192
"Brown, Daniel",17,4,0.007424909559492321,0.15605962157738645,0.519316807658112,0.2904775741074348,0.02672108709757448
"Brown, Daniel",18,4,0.004488274597482744,0.1110088384528437,0.47053219678048114,0.36268220660816897,0.051288483561023446
"Burmester, Dean",1,4,0.005095170529559323,0.14704072151307307,0.5444726599415899,0.28353187731151264,0.019859570704265028
"Burmester, Dean",2,5,0.04469002287967083,0.38926381693234363,0.4800835141774184,0.0840873096977619,0.0018753363128052314
"Burmester, Dean",3,3,0.002604441617255593,0.17339203335837067,0.6484289862785793,0.1729832118862984,0.002591326859496146
"Burmester, Dean",4,4,0.004684024387346719,0.13670430942503986,0.5322986522574741,0.3021412851713119,0.02417172875882745
"Burmester, Dean",5,4,0.020310091484192494,0.27417353309276715,0.5386742929026734,0.16015734559855055,0.00668473692181637
"Burmester, Dean",6,3,0.0014966804285090896,0.10597389435278703,0.5798372726433785,0.29936556658577074,0.013326585989554718
"Burmester, Dean",7,5,0.008778161118150885,0.18893323011958552,0.5525131084126255,0.23587975141077422,0.013895748938863917
"Burmester, Dean",8,4,0.004626296194197854,0.17667415194428182,0.6015149207683039,0.21050216249165643,0.0066824686015599655
"Burmester, Dean",9,4,0.005790717574097826,0.14383112774781992,0.523494358020685,0.3003963391734449,0.026487457483952426
"Burmester, Dean",10,4,0.008474123426661984,0.21925094531976813,0.5869105393374718,0.17976729987568152,0.005597092040416585
"Burmester, Dean",11,4,0.005654742347924513,0.11345854702770836,0.45000342685537226,0.36758761780346116,0.06329566596553371
"Burmester, Dean",12,5,0.038925739341311605,0.3207349981604063,0.49222587105429194,0.14094045156377122,0.007172939880218943
"Burmester, Dean",13,3,0.004345456984808593,0.20866840493537597,0.6359416888110182,0.1489258152158287,0.0021186340529685266
"Burmester, Dean",14,4,0.00381706269426646,0.14496069262151862,0.5717659690220988,0.26592466824419225,0.013531607417923919
"Burmester, Dean",15,4,0.006343457141592956,0.13884042887608705,0.5020297209624021,0.31786526628430667,0.03492112673561132
"Burmester, Dean",16,3,0.0006433045677840532,0.0875885069325974,0.6086670522312332,0.29450869308197036,0.008592443186414944
"Burmester, Dean",17,4,0.0076401031602990055,0.15841182424029787,0.5204286794312394,0.2874316431585453,0.026087750009618382
"Burmester, Dean",18,4,0.0046221785267508975,0.11284605670759579,0.47247766822987625,0.3598160698425247,0.05023802669325239
"Burns, Sam",1,4,0.006276065899524175,0.16370432211186697,0.5516675801646531,0.261755116795123,0.01659691502883276
"Burns, Sam",2,5,0.05196842273990748,0.4107053504703381,0.4622028462282529,0.0736393218181981,0.0014840587433033736
"Burns, Sam",3,3,0.0034097333759001702,0.19636094008128324,0.6465198195417323,0.1517446293646676,0.0019648776364167286
"Burns, Sam",4,4,0.005766974574136885,0.15243583295333102,0.5410832180407019,0.2803637094914748,0.0203502649403553
"Burns, Sam",5,4,0.02407916638610702,0.295485794634874,0.5308319668603805,0.14414216115738376,0.0054609109612547835
"Burns, Sam",6,3,0.001947668217057219,0.12144576415246888,0.5923142377459103,0.27352461798584304,0.010767711898720611
"Burns, Sam",7,5,0.010651357223330993,0.2077642667267438,0.5541930429589728,0.21586274990827448,0.01152858318267802
"Burns, Sam",8,4,0.005828053642810416,0.19737608325903494,0.6024318139951748,0.18904066108716,0.005323388015819885
"Burns, Sam",9,4,0.0070599266251201165,0.15955997975669073,0.5314935363300684,0.2794356580949273,0.02245089919319354
"Burns, Sam",10,4,0.010442937883562875,0.24144122013052738,0.5828134589078271,0.16083271250507436,0.004469670573008289
"Burns, Sam",11,4,0.006777507757763701,0.1255861146445732,0.4618002989935672,0.3501242067509649,0.05571187185313098
"Burns, Sam",12,5,0.044871000623641744,0.33995300893015284,0.48191108948541095,0.1273135257065764,0.005951375254218072
"Burns, Sam",13,3,0.005584705739494877,0.2334590603978653,0.6292986287327611,0.13005096161749408,0.001606643512384709
"Burns, Sam",14,4,0.004787992435803856,0.1625774660440874,0.5784947149209044,0.24306134088747022,0.011078485711734087
"Burns, Sam",15,4,0.007666219069928759,0.15359044460471888,0.5108788032883629,0.2978745800022189,0.02998995303477059
"Burns, Sam",16,3,0.0008726512255610719,0.10237913595895892,0.6238223246559488,0.26619312323500743,0.006732764924523793
"Burns, Sam",17,4,0.009219543135637775,0.17460201512692397,0.526692454142439,0.2673058718235378,0.022180115771461395
"Burns, Sam",18,4,0.0056092093076897664,0.12560362019866622,0.48458699040734227,0.34053137690939195,0.0436688031769098
"Campbell, Brian",1,4,0.004167639866432926,0.13232991178207648,0.5356300168807642,0.30445455751378914,0.023417873956937285
"Campbell, Brian",2,5,0.03860385760366358,0.3685928024375176,0.49559060758768525,0.0948850298666204,0.002327702504513196
"Campbell, Brian",3,3,0.002007110239903631,0.15329649506503967,0.6467959774713778,0.19455888722633197,0.003341529997346937
"Campbell, Brian",4,4,0.003833372355580955,0.1228552992403315,0.5220937215955993,0.32290904196527725,0.02830856484321098
"Campbell, Brian",5,4,0.01722771084727498,0.25448268312053224,0.5440710352278513,0.17616453477243388,0.008054036031907685
"Campbell, Brian",6,3,0.0011610152577659627,0.0927095075725824,0.5656060936711186,0.3243201801469615,0.01620320335157155
"Campbell, Brian",7,5,0.00728362419572548,0.17204102270167382,0.5487760432746605,0.255399975057929,0.01649933477001131
"Campbell, Brian",8,4,0.003701387583822935,0.15836435494967288,0.5978880072238572,0.2318108111386321,0.008235439104014919
"Campbell, Brian",9,4,0.004784197662083101,0.12991312486307566,0.514121429900922,0.32035065611957647,0.03083059145434275
"Campbell, Brian",10,4,0.006924671215273737,0.19927498462297477,0.5882021692402474,0.19871415277670879,0.006884022144795332
"Campbell, Brian",11,4,0.004750961861811176,0.1027570944406404,0.43774104283129306,0.38359331511047234,0.07115758575578301
"Campbell, Brian",12,5,0.033925182764161566,0.30256016655478274,0.5004278913777218,0.1545651803800009,0.00852157892333294
"Campbell, Brian",13,3,0.0034087642051277567,0.18665622893850692,0.6389588415554945,0.16824384368424816,0.002732321616622624
"Campbell, Brian",14,4,0.0030675530901094206,0.1295024685157748,0.5630425041852032,0.2881278947757765,0.01625957943313605
"Campbell, Brian",15,4,0.0052859285610719065,0.12576919535897546,0.4920728574833828,0.33671182868777094,0.04016018990879888
"Campbell, Brian",16,3,0.00047938702946931366,0.07514610173088099,0.5915398670807643,0.3220914054203041,0.010743238738581296
"Campbell, Brian",17,4,0.006374696200926788,0.14398078977799733,0.5127209581459037,0.3066410567746819,0.0302824991004903
"Campbell, Brian",18,4,0.003836928780813542,0.10163975469302472,0.45973490934137545,0.3776593977526934,0.05712900943209287
"Canter, Laurie",1,4,0.0054362139644104635,0.15206382115978828,0.5469356459675431,0.27676428520172935,0.01880003370652883
"Canter, Laurie",2,5,0.04684093772672543,0.3959380130238079,0.4747184393919368,0.08075690327123641,0.0017457065862934718
"Canter, Laurie",3,3,0.002832192600165151,0.18029579107591265,0.6482398639024713,0.16625093344278496,0.0023812189786659443
"Canter, Laurie",4,4,0.004996782677963885,0.14144150553945417,0.535236640572476,0.29539114475525985,0.022933926454846043
"Canter, Laurie",5,4,0.021414874690046437,0.2807049005723176,0.5364849043997282,0.15511151367459886,0.006283806663308855
"Canter, Laurie",6,3,0.0016243701635786367,0.1105892245382859,0.5839808738620069,0.29131879431003704,0.012486737126091496
"Canter, Laurie",7,5,0.009322272483963001,0.1946426784150629,0.553283396490167,0.22962686247362618,0.01312479013718093
"Canter, Laurie",8,4,0.004970812348947973,0.1829198687837189,0.602120806862269,0.2037545845717007,0.006233927433363373
"Canter, Laurie",9,4,0.006158549452663142,0.14857618341693013,0.5261788837304043,0.2939036007920284,0.02518278260797402
"Canter, Laurie",10,4,0.009043192478763229,0.22598846169110964,0.5859448171324455,0.17379837137922904,0.005225157318452522
"Canter, Laurie",11,4,0.005981888466900787,0.11711294891850527,0.4537791701699867,0.36224977400612546,0.06087621843848179
"Canter, Laurie",12,5,0.0406862209547203,0.3266740635336268,0.4892180456110614,0.1366470505198345,0.006774619380756963
"Canter, Laurie",13,3,0.004698397036585145,0.2161596008800385,0.6342676094629842,0.14292752292683308,0.0019468696935590613
"Canter, Laurie",14,4,0.004095697121701214,0.15025991461087584,0.5741227133748531,0.25879212963043974,0.012729545262130104
"Canter, Laurie",15,4,0.00672793854490783,0.14329234067427216,0.5049510872055756,0.31169429685613403,0.03333433671911035
"Canter, Laurie",16,3,0.0007072696915534915,0.09197091728823009,0.6136826324809413,0.28566314438093854,0.00797603615833653
"Canter, Laurie",17,4,0.008099558236585092,0.16330884813551688,0.5225736847795397,0.2811921213662931,0.02482578748206521
"Canter, Laurie",18,4,0.004908549885910829,0.11668419312644507,0.47637202839813886,0.35390171864151254,0.0481335099479927
"Cantlay, Patrick",1,4,0.006399913250715983,0.1653420800817465,0.5522303298133673,0.25971525263522643,0.016312424218943855
"Cantlay, Patrick",2,5,0.05270592643579558,0.412707615238619,0.4604355752169144,0.07269980720408575,0.001451075904585264
"Cantlay, Patrick",3,3,0.003496787181324623,0.1986277209029383,0.6461442572835314,0.14981803648034664,0.0019131981518590857
"Cantlay, Patrick",4,4,0.005880550994206313,0.15398451663319673,0.5418040504397187,0.27831528479603795,0.020015597136840313
"Cantlay, Patrick",5,4,0.02446581807875675,0.2975268245965113,0.5299771593793587,0.1426744411906099,0.005355756754763297
"Cantlay, Patrick",6,3,0.001996349650385032,0.12299083074424888,0.5933519469856796,0.2711122864339066,0.010548586185779918
"Cantlay, Patrick",7,5,0.010846138542488115,0.20959842258044703,0.5542292974456609,0.214002968726563,0.011323172704841067
"Cantlay, Patrick",8,4,0.005955447944219705,0.1994077087297208,0.6023611875513735,0.18706756450055861,0.005208091274127469
"Cantlay, Patrick",9,4,0.007192355298405173,0.1611040738498063,0.5321454809782524,0.2774619747867596,0.022096115086776447
"Cantlay, Patrick",10,4,0.010649143789598081,0.24359745893639045,0.5822801917310817,0.15909925078816045,0.004373954754769316
"Cantlay, Patrick",11,4,0.006893735994641492,0.12677897867148852,0.46285143142528135,0.3484451605544241,0.05503069335416455
"Cantlay, Patrick",12,5,0.045471658920909874,0.34176917131920365,0.48084904508385556,0.12606455217018875,0.005845572505842167
"Cantlay, Patrick",13,3,0.005717322377443768,0.23588550949225573,0.6284869401708324,0.1283458040030634,0.0015644239564047702
"Cantlay, Patrick",14,4,0.004890766526949142,0.16431442585981731,0.5789949099939087,0.2409328711322939,0.010867026487030973
"Cantlay, Patrick",15,4,0.007803639707885668,0.1550374397807987,0.5116236860238408,0.2959819178387566,0.029553316648718297
"Cantlay, Patrick",16,3,0.0008979464023391448,0.10387125457757423,0.6250910142218221,0.2635635930303526,0.00657619176791191
"Cantlay, Patrick",17,4,0.009383431982025403,0.17618498809289979,0.5271820863744081,0.2654133132623464,0.02183618028832024
"Cantlay, Patrick",18,4,0.0057120324937554035,0.1268614657439095,0.4856567571496853,0.3386869259361369,0.04308281867651287
"Catlin, John",1,4,0.004102817106921508,0.1312361907248572,0.5348678248350889,0.3060799052323967,0.023713262100735655
"Catlin, John",2,5,0.038164038688179525,0.3669854632125833,0.4967273239940547,0.09575678360797635,0.0023663904972061056
"Catlin, John",3,3,0.001966666660824179,0.15181077409714944,0.6465320661686346,0.19628370116299598,0.0034067919103958344
"Catlin, John",4,4,0.0037739179094002373,0.1218271110295609,0.5212323383874096,0.32451594784139604,0.02865068483223321
"Catlin, John",5,4,0.017007570185769316,0.2529837584466051,0.5444048977737563,0.1774345612439746,0.00816921234989465
"Catlin, John",6,3,0.001138237550204868,0.09173883847034814,0.5644143118751745,0.3262629896801117,0.01644562242416081
"Catlin, John",7,5,0.007178289766709978,0.17077457751539804,0.5484021327056072,0.2569285857383028,0.01671641427398196
"Catlin, John",8,4,0.0036374753068496024,0.15700230165549162,0.5974981211621924,0.23349468577115196,0.008367416104314462
"Catlin, John",9,4,0.00471348196529825,0.12887693807572803,0.5133275399311549,0.32189335886776893,0.031188681160049914
"Catlin, John",10,4,0.006816296746619155,0.19777509185548459,0.5881974865078032,0.20021777886780268,0.006993346022290292
"Catlin, John",11,4,0.004686935884603616,0.10196126938393002,0.4367524184088036,0.3848056872974852,0.07179368902517758
"Catlin, John",12,5,0.033562583319006245,0.30115979888316574,0.5009966880542586,0.15564665872596728,0.008634271017602169
"Catlin, John",13,3,0.003344688743323998,0.18501605983181058,0.6390591373576071,0.16979437693011856,0.00278573713713981
"Catlin, John",14,4,0.0030156680739547026,0.12835707162595206,0.5622767645929267,0.28986223644116815,0.016488259265998284
"Catlin, John",15,4,0.005211297034439177,0.12479516783680439,0.4912427025468453,0.33816143176352875,0.04058940081838236
"Catlin, John",16,3,0.00046850994018338143,0.07424499660661293,0.5901114862005141,0.3242479440488637,0.01092706320382586
"Catlin, John",17,4,0.006285297722683769,0.14290223652580808,0.5120560960942195,0.308128400454438,0.030627969202850602
"Catlin, John",18,4,0.003781655393074679,0.10080849014468551,0.4587021259431498,0.37901784266606964,0.05768988585302037
"Cauley, Bud",1,4,0.005230264685547603,0.14905282989687657,0.5454912638767775,0.28079905360690505,0.01942658793389329
"Cauley, Bud",2,5,0.04554716345151483,0.3919598611940518,0.47793770934305163,0.08273319357592479,0.0018220724354569562
"Cauley, Bud",3,3,0.0026941659005833007,0.17615518421602877,0.6483956869330009,0.1702502550628665,0.002504707887520552
"Cauley, Bud",4,4,0.004807914800817048,0.13860138200739075,0.5335070231776691,0.2994174283480293,0.023666251666093818
"Cauley, Bud",5,4,0.020749412669987644,0.2768011827162584,0.5378167012663893,0.15811220077212884,0.0065205025752358425
"Cauley, Bud",6,3,0.001547000750096006,0.1078175296756117,0.5815385017909596,0.2961145713199994,0.012982396463333323
"Cauley, Bud",7,5,0.008994018308363771,0.19122375690903226,0.5528505436448262,0.23335123632446897,0.013580444813308779
"Cauley, Bud",8,4,0.004762501345456638,0.17917648045631823,0.6017937139412732,0.20776893865975987,0.0064983655971919685
"Cauley, Bud",9,4,0.005936556855478892,0.14573227350303197,0.5245994052376749,0.29777678590208345,0.025954978501730785
"Cauley, Bud",10,4,0.008699587402654918,0.22195485232029427,0.5865533938073961,0.1773477189181687,0.005444447551485987
"Cauley, Bud",11,4,0.005784634889927087,0.11492230853291374,0.4515396703718967,0.36544171421240246,0.06231167199286003
"Cauley, Bud",12,5,0.03962767755000568,0.3231296553133208,0.491032448705616,0.1392002382891403,0.007009980141917227
"Cauley, Bud",13,3,0.004484752136861392,0.2116708911003129,0.6353074223956987,0.14648911750760474,0.0020478168595222668
"Cauley, Bud",14,4,0.003927252664678471,0.1470821948067383,0.572745765983897,0.2630415454195516,0.013203241125134602
"Cauley, Bud",15,4,0.006496015610035544,0.1406243689078711,0.5032275112178427,0.31537782493208044,0.0342742793321702
"Cauley, Bud",16,3,0.0006684141086027995,0.08933595680911477,0.6107244689472686,0.29093201075363306,0.008339149381380695
"Cauley, Bud",17,4,0.00782244756382583,0.16037521652821035,0.5213158756549577,0.28491364424410626,0.025572816008899824
"Cauley, Bud",18,4,0.004735754278392068,0.11438275364331107,0.4740640641932539,0.3574362677784393,0.04938116010660365
"Cave, Seb",1,4,0.002346907708915269,0.096989561177166,0.5019372159879709,0.36268786942064246,0.036038445705305344
"Cave, Seb",2,5,0.025286104311907864,0.3109594019581802,0.5301749426132119,0.12945851344016923,0.004121037676530825
"Cave, Seb",3,3,0.0009495262661299853,0.106078720523759,0.625542028606614,0.2609284323492367,0.006501292254260327
"Cave, Seb",4,4,0.002162875860659108,0.08973547033185503,0.48543034925886885,0.3798899725889455,0.04278133195967149
"Cave, Seb",5,4,0.010736399728896562,0.20329428575753344,0.5485225034618024,0.22429138166072016,0.013155429391047413
"Cave, Seb",6,3,0.0005617428408618563,0.06253340214417474,0.515784087755627,0.39415296710180103,0.026967800157535304
"Cave, Seb",7,5,0.004268844525961324,0.1303085485122707,0.5281833848045935,0.3113535548130153,0.025885667344159202
"Cave, Seb",8,4,0.0019525244930396757,0.11436968485455629,0.5746410306719083,0.2948014404219157,0.01423531955858004
"Cave, Seb",9,4,0.0027736615334610915,0.09630610070056189,0.480093186683144,0.37496468912930114,0.04586236195353188
"Cave, Seb",10,4,0.003878117133949699,0.1497414795166117,0.5788952210540494,0.2556335589755475,0.011851623319841686
"Cave, Seb",11,4,0.0028946439330007068,0.07697837161212151,0.3992441834340202,0.42428566592305605,0.09659713509780155
"Cave, Seb",12,5,0.022846726856380173,0.25331262143984284,0.5147658557727803,0.195645285065164,0.013429510865832661
"Cave, Seb",13,3,0.0016955759565207562,0.1335596074512292,0.6308510550247097,0.22856994275363707,0.005323818813903314
"Cave, Seb",14,4,0.0016413483771748894,0.09281566787213508,0.5281552736275288,0.351106351099982,0.026281359023179185
"Cave, Seb",15,4,0.003141991975782632,0.09409462291555354,0.4575106179450792,0.38736884691117424,0.057883920252410404
"Cave, Seb",16,3,0.0002066837205786376,0.0478322317428711,0.5324142218015108,0.4003337433587636,0.0192131193762759
"Cave, Seb",17,4,0.0038008156413377736,0.10867119707704431,0.483253283024151,0.3595285351927783,0.044746169064688646
"Cave, Seb",18,4,0.0022579154888648922,0.07488729912787984,0.41910678354623354,0.4238487088975922,0.07989929293942954
"Choi, K.J.",1,4,0.002550379526199964,0.10153454477417073,0.5074696275162616,0.3544720801405544,0.03397336804281337
"Choi, K.J.",2,5,0.026894548668870588,0.31909496528079756,0.5260718563804377,0.12412965575717105,0.003808973912723057
"Choi, K.J.",3,3,0.001058570556556504,0.112043548821812,0.6299871095446683,0.25097587917516784,0.005934891901795414
"Choi, K.J.",4,4,0.0023496438052523216,0.09398287253238874,0.4913097298646597,0.37192654115435075,0.04043121264334848
"Choi, K.J.",5,4,0.01149971514060133,0.2102220783222689,0.5488289372375295,0.2171520761578115,0.012297193141788787
"Choi, K.J.",6,3,0.0006240190019523584,0.06626850712341442,0.523667097359575,0.3842849235115333,0.025155453003524952
"Choi, K.J.",7,5,0.004612543509593059,0.13577553837974332,0.5319733828045206,0.3033031199654962,0.02433541534064687
"Choi, K.J.",8,4,0.002142368159774699,0.1200202307349072,0.579057625864188,0.2855727792775373,0.013206995963592871
"Choi, K.J.",9,4,0.003001327931369091,0.10064493895717785,0.48557634913299896,0.3673416447087946,0.04343573926965949
"Choi, K.J.",10,4,0.004218667289395683,0.15623865750437316,0.5813375327728493,0.24720484359010086,0.01100029884328102
"Choi, K.J.",11,4,0.003109348490442976,0.08030520111816564,0.4050545547964615,0.4188871291452922,0.09264376644963768
"Choi, K.J.",12,5,0.02419772881155191,0.260156547793451,0.5134968868427026,0.18953489395720036,0.012613942595094185
"Choi, K.J.",13,3,0.001876706933371386,0.1403872297793603,0.6334412536463276,0.21943630026487815,0.004858509376062581
"Choi, K.J.",14,4,0.0017969977055306563,0.09749227012340894,0.5339840484521716,0.3421167835976755,0.024609900121213224
"Choi, K.J.",15,4,0.0033874851584971277,0.09819541138699678,0.4629768005515318,0.3803813933856398,0.0550589095173345
"Choi, K.J.",16,3,0.00023347359629211084,0.05112650614375558,0.5416979004012572,0.38919367405904404,0.01774844579965107
"Choi, K.J.",17,4,0.004096191973441465,0.11327077830819643,0.48810300930354567,0.3521142604229551,0.04241575999186131
"Choi, K.J.",18,4,0.0024376904848476544,0.0783174579365522,0.42528228610488295,0.4176440074106522,0.07631855806306498
"Cink, Stewart",1,4,0.004143486575953648,0.1319234937439822,0.5353485848392665,0.305057344666509,0.023527090174288667
"Cink, Stewart",2,5,0.03844021949920867,0.3679967118886029,0.4960133176908521,0.09520776374263074,0.0023419871787055957
"Cink, Stewart",3,3,0.001992019697056091,0.15274426547219888,0.646700371128501,0.1951977359290924,0.0033656077731516465
"Cink, Stewart",4,4,0.0038112194201515015,0.1224732090693168,0.5217753921814581,0.3235050978201435,0.02843508150893015
"Cink, Stewart",5,4,0.01714576336172563,0.2539262776029851,0.544196275100924,0.17663508881585177,0.008096595118513461
"Cink, Stewart",6,3,0.0011525171979648308,0.09234855775754819,0.5651655119081009,0.32504063969845576,0.01629277343793034
"Cink, Stewart",7,5,0.0072443905681650045,0.17157059642020528,0.5486387552912855,0.25596667666178474,0.0165795810585595
"Cink, Stewart",8,4,0.0036775615954838803,0.15785823474004723,0.5977451996028642,0.23243482062840393,0.008284183433200698
"Cink, Stewart",9,4,0.004757854792246552,0.12952811051397367,0.5138280856913369,0.32092291693819563,0.03096303206424722
"Cink, Stewart",10,4,0.006884291541362553,0.19871787649070854,0.5882021761200472,0.1992712554240197,0.006924400423861998
"Cink, Stewart",11,4,0.00472711984359081,0.10246137838442443,0.4373749882885444,0.3840434607374962,0.07139305274594421
"Cink, Stewart",12,5,0.03379029590502053,0.302040627416532,0.5006399785758472,0.15496586552426916,0.008563232578331137
"Cink, Stewart",13,3,0.003384866689221333,0.1860468040170168,0.6389982668241451,0.16881803424396402,0.0027520282256527917
"Cink, Stewart",14,4,0.0030482123515887527,0.12907678215343538,0.5627599668721509,0.2887709453130156,0.01634409330980935
"Cink, Stewart",15,4,0.005258132472329535,0.12540729299139874,0.4917659140217838,0.337249679401491,0.04031898111299692
"Cink, Stewart",16,3,0.0004753249773210011,0.07481086326384218,0.5910117219960754,0.3228909746440498,0.010811115118711578
"Cink, Stewart",17,4,0.0063414017894588,0.14358010288169404,0.5124754734658206,0.3071927431885033,0.030410278674523283
"Cink, Stewart",18,4,0.003816340211422853,0.10133083427920486,0.45935258881500807,0.37816366310628646,0.057336573588077755
"Clark, Wyndham",1,4,0.005597085632168597,0.15437042698782966,0.5479789482230957,0.27371687844281545,0.01833666071409057
"Clark, Wyndham",2,5,0.0478410758819261,0.3989406060425409,0.47224638142589115,0.07928215920662751,0.0016897774430143508
"Clark, Wyndham",3,3,0.002941026663766444,0.18347217010688976,0.6480370893355165,0.16325839445779589,0.002291319436031447
"Clark, Wyndham",4,4,0.005144310931040119,0.14361825116846655,0.536499397448757,0.29234638776426203,0.02239165268747434
"Clark, Wyndham",5,4,0.021931211816154206,0.28367266919072665,0.5354267612780592,0.15285985679071146,0.006109500924348477
"Clark, Wyndham",6,3,0.0016853442070979274,0.1127227970875026,0.5857698981476238,0.28769991710179466,0.012122043455981002
"Clark, Wyndham",7,5,0.009578013820425557,0.1972547963463867,0.553558142241283,0.2268207665620432,0.012788281029861626
"Clark, Wyndham",8,4,0.005134072045592519,0.18578649797403046,0.6023003666811095,0.2007391753877653,0.006039887911502229
"Clark, Wyndham",9,4,0.0063316791482185275,0.15075398552817987,0.5273301921049697,0.2909737469354481,0.024610396283183844
"Clark, Wyndham",10,4,0.009311494286299182,0.22906826169339733,0.5854203826439182,0.17113564562091765,0.0050642157554676714
"Clark, Wyndham",11,4,0.006135348793966822,0.11879134515437312,0.45544768516905004,0.3598200934777859,0.059805527404824144
"Clark, Wyndham",12,5,0.04150375079793145,0.32935817901705333,0.4878059379339642,0.1347312280425632,0.006600904208487801
"Clark, Wyndham",13,3,0.004866332420458308,0.21959455995077548,0.6333999342004933,0.1402657828632794,0.0018733905649934712
"Clark, Wyndham",14,4,0.004227648919329696,0.15269664613850248,0.5751069715250074,0.2555883668786264,0.012380366538534027
"Clark, Wyndham",15,4,0.0069085719005277935,0.14533494076095738,0.5062169629795251,0.3089033982467636,0.032636126112226105
"Clark, Wyndham",16,3,0.0007380966487916529,0.09400555352405321,0.6158530280072179,0.2816931760748468,0.007710145745090546
"Clark, Wyndham",17,4,0.008315309197077236,0.1655526414459335,0.5234820499521569,0.27837816122859127,0.024271838176241123
"Clark, Wyndham",18,4,0.005043242481817256,0.11844878636714562,0.4780877623884883,0.3512154615563796,0.047204747206169184
"Clarke, Darren",1,4,0.0031183860470152536,0.11330075514887161,0.5200014729917448,0.33426016100714595,0.02931922480522242
"Clarke, Darren",2,5,0.031202596891228007,0.3391024652525938,0.5148803868325547,0.11168296080618068,0.0031315902174429144
"Clarke, Darren",3,3,0.0013762494446878382,0.1276485374934091,0.6389154152385925,0.2273326399305542,0.004727157892756351
"Clarke, Darren",4,4,0.002870875582294874,0.1049952581212853,0.5047956910656151,0.3522277309383448,0.03511044429245991
"Clarke, Darren",5,4,0.013573611347581005,0.22765952374525228,0.5482737828154177,0.20009774910994327,0.010395332981805727
"Clarke, Darren",6,3,0.0008046552217358949,0.07614572966590333,0.5418907632738241,0.36001942949271837,0.021139422345818337
"Clarke, Darren",7,5,0.005561912858503992,0.14978577235918905,0.5400666425169255,0.2837244155754707,0.02086125668991079
"Clarke, Darren",8,4,0.002680645812286886,0.13466401104754894,0.5883455488182381,0.2633565986894002,0.010953195632525947
"Clarke, Darren",9,4,0.0036323955669134156,0.11185236140738125,0.4981196455582267,0.3484728027973165,0.03792279467016213
"Clarke, Darren",10,4,0.0051694091838703216,0.17288171704176453,0.585770937656757,0.22704342350571127,0.009134512611896906
"Clarke, Darren",11,4,0.0036976885528360315,0.08889810121062142,0.41881977084365235,0.4051255070623183,0.08345893233057189
"Clarke, Darren",12,5,0.02779649871141765,0.2771284604886793,0.5093170205729995,0.17496465735104316,0.010793362875860413
"Clarke, Darren",13,3,0.002397548576314912,0.15807578928996086,0.6377965035118727,0.19786272001568572,0.003867438606165896
"Clarke, Darren",14,4,0.0022370228371418333,0.10966010783347263,0.5470702885107195,0.3201470572797095,0.020885523538956563
"Clarke, Darren",15,4,0.004063894094419485,0.10877060132706146,0.4756050727472839,0.3629679231809584,0.048592508650276756
"Clarke, Darren",16,3,0.0003134778770422231,0.059963720287080136,0.563256632080692,0.3619114479914939,0.01455472176369177
"Clarke, Darren",17,4,0.004909122890163264,0.12509287259298973,0.4990721583003554,0.33381028071756347,0.03711556549892814
"Clarke, Darren",18,4,0.0029345105238385294,0.08720987166140332,0.4398587809397672,0.4019401924000521,0.06805664447493887
"Conners, Corey",1,4,0.006364528713617146,0.1648760742605765,0.5520726880583354,0.260293931152732,0.016392777814738912
"Conners, Corey",2,5,0.05249567249380155,0.4121397378396546,0.46093854807752,0.07296566887069322,0.0014603727183306603
"Conners, Corey",3,3,0.0034718674861528576,0.19798258645567451,0.6462543077215256,0.15036349277288452,0.0019277455637625174
"Conners, Corey",4,4,0.005848100906003628,0.15354380966625142,0.5416014011942363,0.278896539986935,0.020110148246573756
"Conners, Corey",5,4,0.02435550188127633,0.2969470205628104,0.5302217904070828,0.14309025636238626,0.005385430786444156
"Conners, Corey",6,3,0.001982415416193428,0.12255076445009233,0.5930599387011304,0.27179647284056396,0.010610408592019893
"Conners, Corey",7,5,0.010790517547091594,0.20907683011627437,0.5542211806608754,0.2145302983953774,0.01138117328038124
"Conners, Corey",8,4,0.005919025587760918,0.19882969514604343,0.6023840227405015,0.18762665469850937,0.0052406018271847765
"Conners, Corey",9,4,0.007154531149953902,0.16066474894088228,0.5319622879569281,0.2780220600590737,0.022196371893161926
"Conners, Corey",10,4,0.010590234011473687,0.24298437208955853,0.5824341337290095,0.15959031480006303,0.004400945369895215
"Conners, Corey",11,4,0.0068605552899707045,0.12643954013630493,0.4625542166904344,0.34892224590201704,0.055223441981272936
"Conners, Corey",12,5,0.04530044794333804,0.34125367557348824,0.481152031678296,0.1264184004948612,0.00587544431001652
"Conners, Corey",13,3,0.00567938450891603,0.2351952904133911,0.6287205686094468,0.12882844825760997,0.001576308210636146
"Conners, Corey",14,4,0.0048613857317485465,0.16382009793181096,0.5788553528410982,0.2415364531233295,0.01092671037201276
"Conners, Corey",15,4,0.007764400385914916,0.15462575752870222,0.5114138891150157,0.29651919293753815,0.02967676003282893
"Conners, Corey",16,3,0.000890696157033799,0.10344600183362201,0.6247338497867383,0.26430913207020257,0.006620320152403325
"Conners, Corey",17,4,0.009336638541815045,0.17573471487181114,0.5270449310222944,0.2659503355578463,0.021933380006233016
"Conners, Corey",18,4,0.005682667031835953,0.12650348399409406,0.4853544497061818,0.3392108393639981,0.043248559903890094
"Couvra, Martin",1,4,0.00456702562198158,0.13886894497841812,0.5398751544489132,0.2949434420760516,0.021745432874635484
"Couvra, Martin",2,5,0.04127000396477387,0.37799487460621795,0.48874280191702935,0.08988042575058486,0.0021118937613939792
"Couvra, Martin",3,3,0.0022601623762538714,0.16220447130868776,0.6479475891759052,0.18460723027351245,0.002980546865640754
"Couvra, Martin",4,4,0.004199667350068603,0.1290067479872301,0.526938391902156,0.3134872947221232,0.0263678980384221
"Couvra, Martin",5,4,0.018569841756942707,0.2633416928775944,0.5418720240893515,0.16881024172271353,0.00740619955339783
"Couvra, Martin",6,3,0.0013033733403741699,0.0985582283904044,0.572334624980529,0.312962919110615,0.014840854178077345
"Couvra, Martin",7,5,0.007929959503323869,0.1795818796358381,0.5507246652513142,0.2464905515248248,0.015272944084698925
"Couvra, Martin",8,4,0.004097343879939486,0.16650588966021557,0.5998599095540729,0.22203998398496094,0.007496872920811137
"Couvra, Martin",9,4,0.005218770380243765,0.13610395393433605,0.518579197223813,0.3113017995636661,0.02879627889794112
"Couvra, Martin",10,4,0.007592148519537878,0.20819969230107788,0.5879282341870717,0.19000781197419514,0.0062721130181173645
"Couvra, Martin",11,4,0.00514283111347319,0.10751424866949622,0.44342331119949535,0.37640962444184956,0.06750998457568569
"Couvra, Martin",12,5,0.03611950899788574,0.3107876914913412,0.496902868154514,0.1483042904206996,0.007885640935559435
"Couvra, Martin",13,3,0.0038076935077128726,0.19645279130634546,0.6379869240201217,0.1593156414251904,0.0024369497406295793
"Couvra, Martin",14,4,0.00338871108181954,0.13636198793865256,0.5672718557905003,0.2780063607481368,0.014971084440890792
"Couvra, Martin",15,4,0.005743568281931399,0.13158597775462905,0.496768828679941,0.32818750667061836,0.03771411861288021
"Couvra, Martin",16,3,0.000548106744023058,0.08060346583206385,0.5996204401119132,0.3095105971579948,0.009717390154005079
"Couvra, Martin",17,4,0.0069226025431730065,0.1504125099228797,0.516422561362846,0.2979235198731004,0.028318806298000876
"Couvra, Martin",18,4,0.004176287406798651,0.10661497845915335,0.4656561825502148,0.3696303276501345,0.05392222393369872
"Day, Jason",1,4,0.00583423543967676,0.1577018628691968,0.5493918098116319,0.2693804924880151,0.017691599391479462
"Day, Jason",2,5,0.04929942273733057,0.4032097642117174,0.4686682347811567,0.077209871809641,0.0016127064601543228
"Day, Jason",3,3,0.003103046136137877,0.18806618500915334,0.6476209054758153,0.1590416435227151,0.0021682198561783217
"Day, Jason",4,4,0.005361790110596287,0.14676371550278489,0.5382305372276099,0.28800819184940774,0.021635765309601096
"Day, Jason",5,4,0.022687042740766883,0.28792475662360845,0.5338428378978495,0.14967743698316782,0.005867925754607373
"Day, Jason",6,3,0.0017760685109798335,0.11581987771833152,0.5882314949038548,0.2825554740375418,0.011617084829292024
"Day, Jason",7,5,0.00995398989882268,0.2010169078647408,0.553870701227655,0.22283788797206894,0.012320513036712555
"Day, Jason",8,4,0.0053755786520073845,0.18992505254556308,0.6024545074136027,0.1964728847902406,0.005771976598586193
"Day, Jason",9,4,0.0065864787941165015,0.15389820102836999,0.5289057160512852,0.2867979342906828,0.0238116698355455
"Day, Jason",10,4,0.00970685596913945,0.23350087206232345,0.5845770285248704,0.16737328721728728,0.004841956226379507
"Day, Jason",11,4,0.006360626990443818,0.12121590656779302,0.45778729788838124,0.35633454139519816,0.058301627158183766
"Day, Jason",12,5,0.04269468771236795,0.3331881346429823,0.4857341419845716,0.13202346237168672,0.006359573288391429
"Day, Jason",13,3,0.005115520240686011,0.22454976125968984,0.6320420151595088,0.13651991430986188,0.0017727890302534632
"Day, Jason",14,4,0.0044227469532280295,0.15621960536367102,0.5764236073220924,0.25103809560965296,0.01189594475135558
"Day, Jason",15,4,0.0071740456879945125,0.14828327402978025,0.5079641341189948,0.30491890195819527,0.0316596442050352
"Day, Jason",16,3,0.0007842865367119201,0.09696858663554259,0.618844741826351,0.2760585426604829,0.007343842340911677
"Day, Jason",17,4,0.008632274836079756,0.16878803541652554,0.5247119473475308,0.27436922584031165,0.023498516559552263
"Day, Jason",18,4,0.005241369519547234,0.12099981740353277,0.4804877600584771,0.347368131071601,0.04590292194684187
"DeChambeau, Bryson",1,4,0.007467518927375405,0.1787386969472643,0.5559551810198483,0.24364921488905322,0.014189388216458765
"DeChambeau, Bryson",2,5,0.058888838273214505,0.42842311764751817,0.4459521440849263,0.06552486511226807,0.00121103488207297
"DeChambeau, Bryson",3,3,0.0042656565667360535,0.21721791458652084,0.6419553705580036,0.13501783429534686,0.001543223993392684
"DeChambeau, Bryson",4,4,0.006859657899177862,0.16666961534780222,0.5468301911773447,0.2621306381299022,0.017509897445773026
"DeChambeau, Bryson",5,4,0.027739849547075535,0.3138795640618569,0.5224977488111525,0.1313032957710477,0.004579541808867327
"DeChambeau, Bryson",6,3,0.0024259137244661555,0.13578690869200366,0.6006821405878779,0.25216926056353284,0.008935776432119402
"DeChambeau, Bryson",7,5,0.012513619059482561,0.2244939837283802,0.5537518827744501,0.19944474763406805,0.009795766803619155
"DeChambeau, Bryson",8,4,0.007062992237964638,0.21600087920018574,0.6008206316322175,0.17175020765204474,0.004365289277587392
"DeChambeau, Bryson",9,4,0.008329286168633432,0.17372423781260565,0.5366599914711845,0.2618540614287035,0.019432423118872943
"DeChambeau, Bryson",10,4,0.012424436947786999,0.26107103016396194,0.5771471699341286,0.14568353245637666,0.0036738304977457226
"DeChambeau, Bryson",11,4,0.00788542732717551,0.13654615329896802,0.4707836685699652,0.3349538000647563,0.049830950739135016
"DeChambeau, Bryson",12,5,0.050496631015750804,0.3561683482577535,0.4718897886672717,0.11638545941870992,0.005059772640514049
"DeChambeau, Bryson",13,3,0.006878939396931627,0.25565524896258784,0.6209174055259236,0.11528616358928656,0.0012622425252704073
"DeChambeau, Bryson",14,4,0.005783309044511353,0.17855627890577142,0.5821077999997086,0.22424991601013033,0.009302696039878211
"DeChambeau, Bryson",15,4,0.008979388494661733,0.16685864388624688,0.5169541772713144,0.28095129673660124,0.02625649361117577
"DeChambeau, Bryson",16,3,0.0011251185498462046,0.1163264460112024,0.6341071445200046,0.24300284010565398,0.00543845081329275
"DeChambeau, Bryson",17,4,0.010784214251786994,0.18908193065632334,0.5304219268520807,0.2504608503349355,0.01925107790487357
"DeChambeau, Bryson",18,4,0.006593764204115171,0.13717928375402505,0.493666835905974,0.32392659752406605,0.03863351861181974
"Detry, Thomas",1,4,0.0053277659475216566,0.15048662404685503,0.5461908632246069,0.27886964720276186,0.01912509957825459
"Detry, Thomas",2,5,0.046161578411739845,0.3938625575170095,0.476405895656245,0.0817847476180601,0.0017852207969455414
"Detry, Thomas",3,3,0.002759326075759405,0.1781260497834825,0.6483371087592817,0.16833250378933762,0.002445011592138724
"Detry, Thomas",4,4,0.0048973294999541395,0.13995362040750836,0.5343422659542145,0.29749278662443646,0.02331399751388652
"Detry, Thomas",5,4,0.021065091558049975,0.2786642997309056,0.5371896399728646,0.15667450380479964,0.0064064649333801515
"Detry, Thomas",6,3,0.0015835314739825468,0.10913546782134387,0.5827168230421871,0.2938206441566268,0.012743533505859772
"Detry, Thomas",7,5,0.00914954283654379,0.1928530972683692,0.5530672990769007,0.23156896111536318,0.013361099702823176
"Detry, Thomas",8,4,0.004861021670065191,0.18095921638947665,0.6019627617987396,0.20584617172498598,0.006370828416732532
"Detry, Thomas",9,4,0.0060417033774822215,0.14708665765499862,0.525362489932706,0.29592549038709615,0.025583658647717056
"Detry, Thomas",10,4,0.008862275182663415,0.22387748659437118,0.5862745146283941,0.17564703282362415,0.005338690770947174
"Detry, Thomas",11,4,0.005878132607354147,0.11596542544047622,0.45261487486477364,0.3639188806413355,0.061622686446060504
"Detry, Thomas",12,5,0.04013052341689599,0.32482324540755636,0.4901726329052308,0.13797693726854443,0.006896661001772442
"Detry, Thomas",13,3,0.004585705048975708,0.21380901566059757,0.6348256210566123,0.14478064268895752,0.001999015544856819
"Detry, Thomas",14,4,0.004006929796147085,0.14859493492601739,0.5734146353991021,0.2610084137242079,0.012975086154525473
"Detry, Thomas",15,4,0.0066059096692294705,0.14189505360345728,0.5040584301663527,0.3136180272757203,0.03382257928524024
"Detry, Thomas",16,3,0.0006867231884541414,0.09058770972197405,0.6121509598058017,0.28841069198112945,0.008163915302640712
"Detry, Thomas",17,4,0.007953767280119817,0.1617728339527461,0.5219251413354118,0.28313461777766713,0.02521363965405521
"Detry, Thomas",18,4,0.004817611400484034,0.11547838621253259,0.47517284535136256,0.355749191911248,0.04878196512437283
"Echavarria, Nico",1,4,0.0049595012005684835,0.14498920987925457,0.5433889725457628,0.28634899558202087,0.02031332079239323
"Echavarria, Nico",2,5,0.04382221964072369,0.38648343329209883,0.4822662844375156,0.08549648268291155,0.0019315799467503059
"Echavarria, Nico",3,3,0.0025150018583937617,0.17057808247787754,0.6484027694408587,0.17582093480996175,0.002683211412908282
"Echavarria, Nico",4,4,0.004559605447307935,0.13477078956063726,0.5310222291433231,0.30494643794524123,0.024700937903490483
"Echavarria, Nico",5,4,0.019866585046422247,0.27147857008018483,0.5395210010997772,0.16227642196547243,0.006857421808143305
"Echavarria, Nico",6,3,0.0014464972747509353,0.10410129050838463,0.5780444501497977,0.30271905432648216,0.013688707740584616
"Echavarria, Nico",7,5,0.008560944137899762,0.1865930006491301,0.5521282138373724,0.23849130184658085,0.014226539529016868
"Echavarria, Nico",8,4,0.004489871823766756,0.1741222177881252,0.6011795956746346,0.21333173989764154,0.006876574815831926
"Echavarria, Nico",9,4,0.005644074712720826,0.14189216310526642,0.5223257941564734,0.3030934730289624,0.027044494996576907
"Echavarria, Nico",10,4,0.008247642360023844,0.21648711038636415,0.587232521070758,0.18227471735698286,0.005758008825871186
"Echavarria, Nico",11,4,0.005523880685486704,0.11196620180837513,0.44840362265141676,0.3697862132375147,0.0643200816172067
"Echavarria, Nico",12,5,0.038214527946374754,0.3182715566995162,0.4934262732358473,0.14274365468597983,0.007343987432281929
"Echavarria, Nico",13,3,0.004206264350293809,0.20560485394875855,0.6365367390901382,0.15145837753790214,0.002193765072907361
"Echavarria, Nico",14,4,0.003706652078492745,0.14279935031145724,0.5707165465569168,0.2689008564385311,0.013876594614602
"Echavarria, Nico",15,4,0.006189896610468093,0.13702064913338485,0.5007696149280655,0.32042314216783785,0.03559669716024372
"Echavarria, Nico",16,3,0.0006183947303830539,0.08581796067461739,0.6065014357750291,0.2982022895749914,0.008859919244978975
"Echavarria, Nico",17,4,0.007456510946206918,0.15640748007695843,0.5194846441016701,0.29002509257712406,0.0266262722980406
"Echavarria, Nico",18,4,0.004507929444096115,0.11128027735500684,0.4708230235420028,0.36225730864405004,0.051131461014844226
"English, Harris",1,4,0.006092057923941296,0.1612355330425676,0.5507726618987021,0.2648627123546319,0.017037034780157168
"English, Harris",2,5,0.05086421519660167,0.407652595413409,0.46486449706360017,0.07508323896907054,0.001535453357318639
"English, Harris",3,3,0.003281261396165913,0.19294676440609743,0.6470259133571834,0.1547002796701369,0.0020457811704164275
"English, Harris",4,4,0.005598227853964133,0.15010217443903096,0.5399505244753444,0.2834815456910178,0.020867527540642694
"English, Harris",5,4,0.023501853351804103,0.2923913958302238,0.5320939886858074,0.14638866283010554,0.0056240993020592045
"English, Harris",6,3,0.0018758040816493904,0.1191248098977219,0.5906888133934955,0.27720253757355784,0.011108035053575382
"English, Harris",7,5,0.010361404524604101,0.20499390036604587,0.5540970356583614,0.21870096962337726,0.01184668982761139
"English, Harris",8,4,0.0056392244294134475,0.19431243130549047,0.6024867454629417,0.1920587883611211,0.00550281044103329
"English, Harris",9,4,0.006862945042812929,0.15723181627985217,0.530467400717015,0.2824390131314781,0.022998824828841746
"English, Harris",10,4,0.010136465592645916,0.2381825541092204,0.5835757324055129,0.1634866520071303,0.004618595885490517
"English, Harris",11,4,0.006604323009887503,0.12378836207724259,0.4601806639607612,0.3526676933430648,0.056758957609043925
"English, Harris",12,5,0.043971121578395556,0.33719147200046323,0.4834969997597877,0.12922512017523724,0.006115286486116256
"English, Harris",13,3,0.00538854708443498,0.22979772984393815,0.6304717970060688,0.1326691832880298,0.0016727427775282688
"English, Harris",14,4,0.004635608533221203,0.159960927098237,0.5776887237063513,0.2463083081896209,0.011406432472569561
"English, Harris",15,4,0.007461616421168549,0.15140837803925666,0.5097155730688332,0.3007512195981027,0.030663212872638845
"English, Harris",16,3,0.0008354906542551999,0.10014269015298205,0.6218381169344134,0.27020687731900916,0.006976824939340265
"English, Harris",17,4,0.008975465565959684,0.17221311125077476,0.5259137259058742,0.2701865739777195,0.022711123299671843
"English, Harris",18,4,0.005456212595642107,0.12370891402684847,0.4829353386512282,0.34332862222171334,0.044570912504567906
"Fang, Ethan",1,4,0.0033705916529774838,0.11815795944830904,0.5244951617801985,0.3263315296412538,0.02764475747726114
"Fang, Ethan",2,5,0.0330410421795152,0.3469493003464256,0.5100709529101031,0.10704167986897584,0.0028970246949802103
"Fang, Ethan",3,3,0.0015230111840162652,0.13415142560845594,0.6416331626238079,0.21837551606602545,0.004316884517694408
"Fang, Ethan",4,4,0.003102260415386582,0.10954819397426335,0.5097027831609059,0.344459566289422,0.03318719616002219
"Fang, Ethan",5,4,0.01447095668828191,0.23466100653321176,0.5475503232769074,0.19359505393640497,0.009722659565193914
"Fang, Ethan",6,3,0.0008877913881901178,0.08030663116228454,0.548575512924047,0.35051024951982646,0.019719815005651786
"Fang, Ethan",7,5,0.00597923139871559,0.15551213525565005,0.5427621124749853,0.27612809877321276,0.01961842209743625
"Fang, Ethan",8,4,0.002923131287362213,0.14071300445488943,0.5913725531247914,0.25482600113208176,0.010165310000875172
"Fang, Ethan",9,4,0.003910750392806084,0.11646937912273475,0.502670351234525,0.34102656861401637,0.03592295063591777
"Fang, Ethan",10,4,0.005591487642726156,0.17967918133452698,0.5868983390515143,0.21934877824070553,0.008482213730526933
"Fang, Ethan",11,4,0.003954430962804956,0.09243897572700893,0.4240146543021547,0.3995418382761795,0.08005010073185193
"Fang, Ethan",12,5,0.029324599233540194,0.28384391503325485,0.507269582029265,0.16941742476400456,0.01014447893993542
"Fang, Ethan",13,3,0.00263524117217373,0.16537746230648587,0.6387212186335116,0.18973495768551207,0.0035311202023167176
"Fang, Ethan",14,4,0.0024347249090351797,0.11470677938613633,0.5517118439643938,0.31158541735456924,0.019561234385865434
"Fang, Ethan",15,4,0.0043605735371129994,0.11312070763888754,0.48023931655607865,0.3560507330688555,0.04622866919906532
"Fang, Ethan",16,3,0.00035130792493248686,0.06373716882147257,0.5712009496834787,0.3512659433625186,0.013444630207597674
"Fang, Ethan",17,4,0.005265279977919368,0.12993977034311455,0.5030000776642369,0.3266042488804025,0.03519062313432664
"Fang, Ethan",18,4,0.0031530546762845724,0.0908868649065589,0.44533677592825144,0.3956113768686581,0.06501192762024699
"Farrell, OJ",1,4,0.0019233663034218251,0.08682907589678324,0.48796756161282717,0.38195353106938135,0.04132646511758642
"Farrell, OJ",2,5,0.02180429331371908,0.2918660100411283,0.5387538376149148,0.14262506496164673,0.004950794068591113
"Farrell, OJ",3,3,0.000731650392464922,0.09289110433291475,0.6132672315104069,0.2850770668137913,0.008032946950422115
"Farrell, OJ",4,4,0.0017739829471228319,0.08025328497483497,0.4707399994580146,0.39846042987337904,0.048772302746648566
"Farrell, OJ",5,4,0.00910618818022535,0.18738567832512787,0.5465765095209045,0.2415409159745152,0.015390707999227038
"Farrell, OJ",6,3,0.00043674611535815533,0.05435538579822813,0.49623695266868123,0.4172860234558683,0.03168489196186419
"Farrell, OJ",7,5,0.0035462150844344786,0.11796768364700877,0.5181529626809872,0.3304551046467644,0.029878033940805127
"Farrell, OJ",8,4,0.0015632634954843572,0.10175666083478663,0.5628269223609854,0.31691139631589293,0.01694175699285072
"Farrell, OJ",9,4,0.0022965146452580965,0.08658406871408597,0.46635897703891566,0.39273256580279703,0.05202787379894325
"Farrell, OJ",10,4,0.0031695029369575023,0.1350748159336268,0.571701895700845,0.27596109401869806,0.014092691409872682
"Farrell, OJ",11,4,0.0024395922357741684,0.06952054496452781,0.3851210077458915,0.4364938631073131,0.10642499194649346
"Farrell, OJ",12,5,0.019905864523420136,0.23736822672495517,0.5167463097023226,0.21044079797596593,0.015538801073336161
"Farrell, OJ",13,3,0.0013291932705609688,0.11832179683851868,0.6229026802150632,0.25086264027030736,0.006583689405549764
"Farrell, OJ",14,4,0.001321250807832186,0.08241356059297966,0.5133339445616212,0.3723220252254056,0.030609218812161387
"Farrell, OJ",15,4,0.0026244881142138965,0.08489017213016375,0.44393093195201244,0.4035450358452166,0.06500937195839329
"Farrell, OJ",16,3,0.00015437143962410138,0.04072023454220958,0.5094970209923396,0.4265428540114701,0.023085519014356626
"Farrell, OJ",17,4,0.0031775271051227016,0.09831510705770302,0.47098734234731743,0.376858749150935,0.05066127433892187
"Farrell, OJ",18,4,0.0018799943967479638,0.06722610969625231,0.4040504947996011,0.43798316665659326,0.08886023445080538
"Fichardt, Darren",1,4,0.0032113175226436974,0.11511418168057486,0.5217227364388515,0.33127288647963915,0.02867887787829082
"Fichardt, Darren",2,5,0.0318848919160421,0.34205902311480213,0.5130958577084138,0.10991892615938836,0.0030413011013535884
"Fichardt, Darren",3,3,0.0014299418750918225,0.1300725161132149,0.6399916387223271,0.2239371966686312,0.004568706620734941
"Fichardt, Darren",4,4,0.0029561382070393827,0.10669461572625483,0.5066701161052785,0.34930357951515834,0.034375550446269054
"Fichardt, Darren",5,4,0.013905809560825988,0.23028647282761422,0.5480346416047901,0.19763573557735747,0.010137340429412278
"Fichardt, Darren",6,3,0.0008350902471782051,0.07769364298099418,0.5444405946243631,0.35643580370352523,0.020594868443939207
"Fichardt, Darren",7,5,0.005715964671881346,0.15192749015457135,0.5411140856065146,0.2808569475463807,0.020385512020651975
"Fichardt, Darren",8,4,0.0027697643871409383,0.13692222815531063,0.589527093323561,0.2601305167588006,0.010650397375186804
"Fichardt, Darren",9,4,0.0037350844462210042,0.11357672282972364,0.49985886560986886,0.3456702182011502,0.03715910891303631
"Fichardt, Darren",10,4,0.005324943327365994,0.1754244602099505,0.5862362934207596,0.2241304731044379,0.008883829937486043
"Fichardt, Darren",11,4,0.003792585320948838,0.09022043537461782,0.42079064317211895,0.4030339842500176,0.08216235188229681
"Fichardt, Darren",12,5,0.028364108410412814,0.27965461693814925,0.5085725305202924,0.17286391738863172,0.01054482674251378
"Fichardt, Darren",13,3,0.002484702354153101,0.16080211037130543,0.6381969066839521,0.1947787527894439,0.003737527801145446
"Fichardt, Darren",14,4,0.0023097161917020603,0.11154273200108211,0.5488519530952664,0.316917539933687,0.020378058778262487
"Fichardt, Darren",15,4,0.004173453526154058,0.11039568471278227,0.47737239713371415,0.3603674353795385,0.04769102924781099
"Fichardt, Darren",16,3,0.00032725870834215964,0.06136414712677435,0.5662845033994679,0.35789643469123955,0.014127656074176098
"Fichardt, Darren",17,4,0.005040674104418719,0.12690462943002562,0.5005770434863411,0.33109701531881,0.03638063766040456
"Fichardt, Darren",18,4,0.0030151728523285515,0.08858221214537021,0.44193871013163355,0.3995667776801982,0.06689712719046947
"Finau, Tony",1,4,0.005032531966983278,0.14609744947913755,0.5439801063524954,0.2848232783855431,0.020066633815840618
"Finau, Tony",2,5,0.044290244941381174,0.38798939669038424,0.4810878009787422,0.08473160867577223,0.001900948713720152
"Finau, Tony",3,3,0.002563063382149955,0.17209777325862652,0.6484245706941858,0.17428147582622044,0.0026331168388172843
"Finau, Tony",4,4,0.0046265802797064715,0.13581520107998718,0.5317173834501372,0.30342754417418316,0.024413291015985994
"Finau, Tony",5,4,0.020105616901039514,0.2729364055573582,0.5390671266617884,0.161127383672645,0.006763467207168916
"Finau, Tony",6,3,0.0014734666687951647,0.10511198431281044,0.5790203207742959,0.300902571544306,0.013491656699792465
"Finau, Tony",7,5,0.008677927588648604,0.1878578178952383,0.5523413187775696,0.23707628047820994,0.01404665526033344
"Finau, Tony",8,4,0.004563263505941717,0.1755008616164873,0.6013672204269194,0.2117977557269103,0.00677089872374137
"Finau, Tony",9,4,0.0057230356066055865,0.1429396789478456,0.5229623648676411,0.3016331429747938,0.026741777603113803
"Finau, Tony",10,4,0.00836956410786488,0.21798102776902162,0.5870639407987799,0.18091506280699732,0.005670404517336358
"Finau, Tony",11,4,0.005594376139488488,0.11277236796489543,0.4492720846687089,0.3685971778879459,0.06376399333896132
"Finau, Tony",12,5,0.038598168604652594,0.31960508809825583,0.492779899961298,0.1417658824279172,0.007250960907876358
"Finau, Tony",13,3,0.004281104006277903,0.20726008186144446,0.636221853516471,0.1500841573842251,0.0021528032315816237
"Finau, Tony",14,4,0.0037660547518310605,0.14396670534171296,0.5712898426621074,0.26728846883462687,0.01368892840972169
"Finau, Tony",15,4,0.006272602772494917,0.1380038209397122,0.50145525422791,0.31903861866105,0.0352297033988328
"Finau, Tony",16,3,0.0006317652337998747,0.08677302115193686,0.6076799071585006,0.29620106006145697,0.008714246394305625
"Finau, Tony",17,4,0.0075553981595731234,0.15749055572662807,0.5199996194186811,0.28862078969373894,0.026333637001378807
"Finau, Tony",18,4,0.0045694537163429305,0.11212599562528974,0.4717215795154742,0.36093666918093814,0.050646301961954965
"Fitzpatrick, Matt",1,4,0.006684503445535617,0.16903588793124935,0.5534111633975285,0.2551766760861377,0.01569176913954884
"Fitzpatrick, Matt",2,5,0.0543839383955767,0.41715753780070824,0.4564459684106552,0.07063277718485428,0.001379778208205562
"Fitzpatrick, Matt",3,3,0.003698568168960359,0.20374535772164515,0.645184023192692,0.14556989890114658,0.0018021520155558912
"Fitzpatrick, Matt",4,4,0.006141542385136367,0.15747909476109073,0.5433423395481025,0.2737524234862415,0.01928459981942887
"Fitzpatrick, Matt",5,4,0.025348680105184762,0.3020961901856831,0.5279994983532843,0.13942836755942434,0.005127263796423476
"Fitzpatrick, Matt",6,3,0.002109147569720693,0.12649118100558682,0.5955761648598081,0.2657505781048787,0.010072928460005626
"Fitzpatrick, Matt",7,5,0.01129262743299414,0.21372455618788289,0.5542328890628601,0.20987429642752253,0.010875630888740329
"Fitzpatrick, Matt",8,4,0.006249079726462492,0.20398751949661043,0.6021045517303171,0.18270040146146194,0.004958447585148074
"Fitzpatrick, Matt",9,4,0.007496221146581883,0.1645855753968361,0.5335335814621815,0.2730642234480498,0.021320398546350594
"Fitzpatrick, Matt",10,4,0.01112278141094647,0.24844455424233375,0.580999182175516,0.15526682139712622,0.0041666607740775685
"Fitzpatrick, Matt",11,4,0.007159837134906588,0.12947022041136802,0.4651553627379547,0.34468224060380315,0.05353233911196753
"Fitzpatrick, Matt",12,5,0.046837244085975616,0.3458198281324074,0.4784257216964654,0.12330204782441867,0.005615158260732889
"Fitzpatrick, Matt",13,3,0.006023811760847375,0.2413507872826111,0.6265615923935596,0.12459009539285237,0.0014737131701295647
"Fitzpatrick, Matt",14,4,0.005127557796040905,0.16823537053797055,0.5800245160621359,0.23620539333821022,0.010407162265642422
"Fitzpatrick, Matt",15,4,0.008118573196542245,0.1582994467918552,0.5132270559043653,0.2917582529753371,0.02859667113190012
"Fitzpatrick, Matt",16,3,0.0009569238236712962,0.10726125782056067,0.627815913774805,0.2577280019871546,0.006237902593808409
"Fitzpatrick, Matt",17,4,0.009758889816788408,0.17975008419629063,0.528209360635264,0.2611977815730847,0.021083883778572288
"Fitzpatrick, Matt",18,4,0.005947865911204719,0.1297011763073469,0.4879952426838026,0.3345593714949818,0.04179634360266393
"Fleetwood, Tommy",1,4,0.007538506851606064,0.17958747870982766,0.5561408700364081,0.24266700273542896,0.014066141666729148
"Fleetwood, Tommy",2,5,0.059289646227488946,0.42938018975090636,0.445033814125796,0.06509890995221257,0.0011974399435961125
"Fleetwood, Tommy",3,3,0.0043178944610332,0.21839824619016734,0.6416267677842291,0.1341344742852817,0.0015226172792885961
"Fleetwood, Tommy",4,4,0.006924764659548832,0.16747434623272534,0.5470987104108525,0.26113821199506015,0.01736396670181317
"Fleetwood, Tommy",5,4,0.027954043597478107,0.3148955436557223,0.5219966179226523,0.1306188357952187,0.004534959028928531
"Fleetwood, Tommy",6,3,0.0024550784841329,0.1366069284343669,0.6010799408044775,0.25101462557225085,0.008843426704771895
"Fleetwood, Tommy",7,5,0.012623800658812245,0.2254313879500519,0.553677576554338,0.19855982750276557,0.009707407334032192
"Fleetwood, Tommy",8,4,0.007137193319383284,0.21705053702277421,0.6006683064125222,0.1708266084952399,0.004317354750080327
"Fleetwood, Tommy",9,4,0.008404607938456765,0.17452325554883724,0.5368991007961106,0.26089617011427557,0.019276865602319893
"Fleetwood, Tommy",10,4,0.012542334381195785,0.26216830921966744,0.576778448678958,0.14487692446375233,0.0036339832564263874
"Fleetwood, Tommy",11,4,0.007950765052874786,0.13716566444003575,0.4712478939645686,0.33411334581220076,0.049522330730320085
"Fleetwood, Tommy",12,5,0.05082177241509345,0.35705406397653106,0.47130715997354755,0.11580264045249122,0.005014363182336723
"Fleetwood, Tommy",13,3,0.006957279670522842,0.2569028216160859,0.6203855657766305,0.11450891799093088,0.0012454149458298591
"Fleetwood, Tommy",14,4,0.005843051503235552,0.17946054947866258,0.5822490232629353,0.2232347123154157,0.009212663439750912
"Fleetwood, Tommy",15,4,0.00905704278446584,0.16760679506696252,0.5172481357672617,0.2800251355770358,0.026062890804274153
"Fleetwood, Tommy",16,3,0.0011407840066795516,0.11713034993463928,0.6345999216946566,0.24175481139760102,0.005374132966423528
"Fleetwood, Tommy",17,4,0.010876644331643814,0.18989606665341463,0.5305833900409331,0.24954395584138644,0.019099943132621977
"Fleetwood, Tommy",18,4,0.006652120389506133,0.13783478935291582,0.4941316909701857,0.3230105884770137,0.03837081081037863
"Fowler, Rickie",1,4,0.005272967953551311,0.14968266630606109,0.5458012482801444,0.27994967824412376,0.01929343921611948
"Fowler, Rickie",2,5,0.04581669107396902,0.3927975571724638,0.47726508498653697,0.08231489345234944,0.001805773314680792
"Fowler, Rickie",3,3,0.002722663263552638,0.17702075471059253,0.6483734873523251,0.16940481366380122,0.002478281009728467
"Fowler, Rickie",4,4,0.004847076389053462,0.139195349925818,0.5338765512172041,0.2985703102360283,0.023510712231896047
"Fowler, Rickie",5,4,0.020887814409588867,0.2776205605087704,0.5375428598792709,0.1574786585464183,0.006470106655951602
"Fowler, Rickie",6,3,0.0015629785448126876,0.10839604461943109,0.5820595645390411,0.29510458830855113,0.012876823988164032
"Fowler, Rickie",7,5,0.009062161512692124,0.19193978375712745,0.5529481634806226,0.23256633826148543,0.013483552988072356
"Fowler, Rickie",8,4,0.004805628788000005,0.17995964001955078,0.6018709769329453,0.20692178066302558,0.0064419735964783564
"Fowler, Rickie",9,4,0.005982619754730689,0.1463272611301636,0.5249370861745062,0.2969619869665828,0.025791045974016713
"Fowler, Rickie",10,4,0.008770844575565095,0.22279984828105237,0.5864333579055914,0.1765982619429669,0.0053976872948242605
"Fowler, Rickie",11,4,0.00582561007207022,0.11538052088710105,0.45201396726516724,0.3647721200012892,0.06200778177437227
"Fowler, Rickie",12,5,0.03984829487519137,0.3238749185144434,0.49065569804292053,0.13866116976883536,0.006959918798609355
"Fowler, Rickie",13,3,0.004528924315173488,0.21261027104950198,0.6350987974795195,0.14573579455672125,0.0020262125990837543
"Fowler, Rickie",14,4,0.003962134080297219,0.14774660953079438,0.573042563517075,0.2621462635199534,0.013102429351879885
"Fowler, Rickie",15,4,0.0065441681889268355,0.14118260726911047,0.5035948132682608,0.3146034871423724,0.0340749241313294
"Fowler, Rickie",16,3,0.00067641390035178,0.08988515702741717,0.6113551227788299,0.2898216627389997,0.00826164355440151
"Fowler, Rickie",17,4,0.007879991392325314,0.16098931012298612,0.521585842281446,0.28413060216900066,0.025414254034241912
"Fowler, Rickie",18,4,0.004771617345199652,0.11486397976788237,0.47455333041268954,0.35669427812629395,0.04911679434793448
"Fox, Ryan",1,4,0.005859860048822163,0.1580570922820287,0.5495360386626349,0.26892256257641034,0.017624446430103857
"Fox, Ryan",2,5,0.049455892094401155,0.40366033678280827,0.46828621703239454,0.07699281767557997,0.0016047364148160659
"Fox, Ryan",3,3,0.0031206632586448513,0.18855646735666098,0.6475681345789761,0.15859919158495728,0.002155543220760725
"Fox, Ryan",4,4,0.005385289273265537,0.1470992254778749,0.5384087899011664,0.28754968787782886,0.02155700746986433
"Fox, Ryan",5,4,0.02276834227483282,0.28837578996596464,0.5336701759624511,0.14934284181020718,0.005842849986544163
"Fox, Ryan",6,3,0.0017859302484765083,0.11615119377232108,0.5884855983734847,0.2820125742621188,0.011564703343598937
"Fox, Ryan",7,5,0.009994543606802742,0.20141732839874343,0.5538982841406239,0.22241798034438287,0.012271863509446979
"Fox, Ryan",8,4,0.005401732158889838,0.1903662180503108,0.6024637733429841,0.19602404010934305,0.005744236338472319
"Fox, Ryan",9,4,0.006613981347242948,0.15423338668235592,0.5290677431548151,0.28635649959401976,0.02372838922156628
"Fox, Ryan",10,4,0.00974956441500402,0.23397243761294484,0.5844812627140876,0.16697779567250515,0.004818939585458315
"Fox, Ryan",11,4,0.006384903410555642,0.12147447239545178,0.45803196001349916,0.35596451868708634,0.05814414549340707
"Fox, Ryan",12,5,0.042822388303770664,0.33359330731055736,0.4855110523421911,0.1317387685126863,0.006334483530794577
"Fox, Ryan",13,3,0.005142558730263591,0.22507770538110694,0.6318901116981778,0.13612719409980556,0.0017624300906461388
"Fox, Ryan",14,4,0.0044438681985762285,0.15659550214977447,0.576556829143389,0.2505581717356349,0.011845628772625405
"Fox, Ryan",15,4,0.007202674794464681,0.14859753210573168,0.50814488418569,0.30449722842138416,0.031557680492729445
"Fox, Ryan",16,3,0.000789329967252006,0.09728622361231831,0.6191539457224515,0.2754645305938779,0.007305970104100279
"Fox, Ryan",17,4,0.008666448490321221,0.1691326582626963,0.524837483872673,0.2739455467889168,0.02341786258539269
"Fox, Ryan",18,4,0.005262747850197591,0.12127200431371649,0.4807383252593388,0.34696013536899684,0.04576678720775029
"Garcia, Sergio",1,4,0.0049545843090155195,0.14491426411500025,0.5433485077599876,0.2864525058335341,0.020330137982462526
"Garcia, Sergio",2,5,0.04379063407273642,0.3863812515655335,0.482345922469098,0.08554851910986083,0.0019336727827712341
"Garcia, Sergio",3,3,0.0025117731341436356,0.1704753483470075,0.6484006413071535,0.17592559860651313,0.0026866386051822566
"Garcia, Sergio",4,4,0.004555096266036562,0.13470016771125531,0.5309747382384242,0.3050494559050716,0.024720541879212243
"Garcia, Sergio",5,4,0.01985046715708466,0.2713798122741024,0.5395513927324733,0.16235449469894925,0.006863833137390363
"Garcia, Sergio",6,3,0.001444685252888711,0.10403301784461799,0.5779778259754774,0.3028423143711322,0.013702156555883693
"Garcia, Sergio",7,5,0.008553063372244485,0.18650741422742223,0.5521133590802666,0.2385873567382807,0.014238806581786001
"Garcia, Sergio",8,4,0.004484934484160263,0.17402897967141118,0.6011663529863533,0.21343594112075026,0.006883791737325007
"Garcia, Sergio",9,4,0.0056387566138406675,0.14182131743105203,0.5222822920865356,0.3031925125558248,0.027065121312746854
"Garcia, Sergio",10,4,0.008239433233702909,0.21638600838487015,0.5872434627683198,0.1823671042655557,0.005763991347551345
"Garcia, Sergio",11,4,0.0055191300244235575,0.11191168462290191,0.4483445301367193,0.36986673670725845,0.06435791850869677
"Garcia, Sergio",12,5,0.03818863136547129,0.31818113961255085,0.49346980516257355,0.1428100916335362,0.007350332225868117
"Garcia, Sergio",13,3,0.0042012330871532555,0.2054928943468049,0.6365574711430639,0.15155183386911908,0.002196567553858886
"Garcia, Sergio",14,4,0.003702655365031504,0.14272042523535694,0.5706772305527318,0.2690102911798746,0.013889397667005143
"Garcia, Sergio",15,4,0.006184324535753127,0.13695415131149136,0.5007228273372099,0.3205170057068131,0.03562169110873259
"Garcia, Sergio",16,3,0.0006174977823391048,0.08575349284326439,0.6064210070039061,0.2983381301983635,0.00886987217212687
"Garcia, Sergio",17,4,0.007449848192258968,0.1563342090770789,0.5194493908731656,0.2901203419377436,0.026646209919752972
"Garcia, Sergio",18,4,0.004503785206195987,0.11122309544053471,0.47076185587729685,0.36234677691339523,0.051164486562577216
"Glover, Lucas",1,4,0.005150865622811807,0.14787389721502958,0.5448997087810837,0.2823966705641341,0.019678857816940787
"Glover, Lucas",2,5,0.04504422677815162,0.3903838891740136,0.47919554687035637,0.08352327988745056,0.0018530572900278264
"Glover, Lucas",3,3,0.0026413527018414595,0.17453581875793706,0.6484222015713726,0.1718455785302644,0.0025550484385844507
"Glover, Lucas",4,4,0.004735100640038903,0.13748976813666142,0.5328041944812762,0.3010101189766582,0.023960817765365294
"Glover, Lucas",5,4,0.020491484656894376,0.27526345081637105,0.5383223944152908,0.159306544657688,0.006616125453755783
"Glover, Lucas",6,3,0.001517384011822609,0.10673647139414538,0.5805485232629071,0.2980148517247987,0.01318276960632625
"Glover, Lucas",7,5,0.008867204681573704,0.189882262297127,0.5526575927812671,0.23482883045472813,0.013764109785304068
"Glover, Lucas",8,4,0.004682406457439725,0.17771039191784122,0.6016363123960629,0.20936539312501612,0.0066054961036401405
"Glover, Lucas",9,4,0.005850864229110908,0.14461842435731936,0.5239568220006667,0.2993085588592397,0.026265330553663313
"Glover, Lucas",10,4,0.008567082117011182,0.22037140252597015,0.5867675558883394,0.17876068477607843,0.005533274692600787
"Glover, Lucas",11,4,0.005708342295541735,0.11406465136332672,0.4506434641008947,0.36669778526206154,0.06288575697817533
"Glover, Lucas",12,5,0.03921587095137535,0.3217291411048624,0.49173359600091426,0.14021649705010575,0.007104894892742242
"Glover, Lucas",13,3,0.004402801286207791,0.20991194979348615,0.6356850541217334,0.14791122192471962,0.0020889728738531232
"Glover, Lucas",14,4,0.0038624610161489548,0.14583896704908195,0.5721775664390305,0.2647265471404865,0.013394458355252103
"Glover, Lucas",15,4,0.006406394048932729,0.13957922937116013,0.5025302368980118,0.31683272192361833,0.03465141775827696
"Glover, Lucas",16,3,0.0006536197894510543,0.08831078640285583,0.6095269213703804,0.29302217803909447,0.008486494398218136
"Glover, Lucas",17,4,0.007715334015347186,0.15922512022640634,0.5208006525251894,0.2863859326138972,0.02587296061915989
"Glover, Lucas",18,4,0.00466902474354669,0.11348225350681423,0.47313890558496036,0.35882889775981464,0.04988091840486408
"Gotterup, Chris",1,4,0.005995306141875378,0.15991989269047402,0.5502724627865377,0.2665350557046632,0.01727728267644968
"Gotterup, Chris",2,5,0.05027946060319349,0.40600862430435825,0.46628158323424945,0.0758666366372005,0.0015636952209983068
"Gotterup, Chris",3,3,0.0032141350115710843,0.1911287624150959,0.6472655049768286,0.15630116932893245,0.0020904282675719976
"Gotterup, Chris",4,4,0.005509500869301465,0.14885896757961076,0.5393238870871,0.28515800212142317,0.021149642342564667
"Gotterup, Chris",5,4,0.023196905768260112,0.2907335891637705,0.5327531685741852,0.14760289947516636,0.005713437018617817
"Gotterup, Chris",6,3,0.001838244400724609,0.11789196293231324,0.5897921059223878,0.27918321174578364,0.01129447499879066
"Gotterup, Chris",7,5,0.010208675498155573,0.2035148163786742,0.5540251674521617,0.2202308405811737,0.012020500089834796
"Gotterup, Chris",8,4,0.005540157788116451,0.19267924421253368,0.6024902077175827,0.19368910602630762,0.005601284255459582
"Gotterup, Chris",9,4,0.006759261742735112,0.15599083152667942,0.5298988993015503,0.28405355917298625,0.023297448256048847
"Gotterup, Chris",10,4,0.009975274789062516,0.2364418926930269,0.583961075112318,0.16492143831820116,0.004700319087391436
"Gotterup, Chris",11,4,0.00651301721884584,0.12283050199408052,0.45930002384903107,0.3540292920370216,0.057327164901020966
"Gotterup, Chris",12,5,0.04349429305773567,0.3357079918625228,0.48433453546388866,0.1302583020691639,0.006204877546688969
"Gotterup, Chris",13,3,0.00528583678868938,0.22784482455170812,0.6310716556743022,0.13408846020504128,0.0017092227802589788
"Gotterup, Chris",14,4,0.004555638626732861,0.15856744222341912,0.5772332256467119,0.24805783684586846,0.011585856657267635
"Gotterup, Chris",15,4,0.007353825407915349,0.1502451105236864,0.5090755189845937,0.30229594125650106,0.031029603827303465
"Gotterup, Chris",16,3,0.0008161564113699504,0.0989571916824557,0.6207449485878473,0.2723707262431665,0.007110977075160507
"Gotterup, Chris",17,4,0.008846845342701248,0.17093870017763374,0.5254784233092522,0.2717355865985769,0.02300044457183592
"Gotterup, Chris",18,4,0.005375655329927509,0.12269988432939027,0.48203567988360835,0.3448276555147526,0.045061124942321285
"Graham, Connor",1,4,0.0030058260946690396,0.11106527489577483,0.5178058354958524,0.3379882149519533,0.030134848561750527
"Graham, Connor",2,5,0.030368218675062786,0.3354125876902533,0.5170606054384113,0.11391095603596002,0.0032476321603126523
"Graham, Connor",3,3,0.0013118372839768244,0.12466699205077786,0.6374840365328671,0.23160539987494966,0.004931734257428544
"Graham, Connor",4,4,0.0027675989399338907,0.10290116881456596,0.5024133065496786,0.35587246251193305,0.03604546318388846
"Graham, Connor",5,4,0.013168722228864616,0.22439952423267284,0.5485155401482478,0.2031909484142581,0.010725264975956716
"Graham, Connor",6,3,0.0007681111317186518,0.07424678832718878,0.5386561802360144,0.36449297358720034,0.021835946717877808
"Graham, Connor",7,5,0.005374867797801441,0.14713927966722568,0.5387055829317484,0.28731223457965716,0.02146803502356731
"Graham, Connor",8,4,0.002573079680839585,0.13188057157434707,0.5868016570360877,0.2674031852703328,0.011341506438392823
"Graham, Connor",9,4,0.003507818302109056,0.10972564337744922,0.4959075318558933,0.35196538567095437,0.03889362079359404
"Graham, Connor",10,4,0.004981013241454668,0.16973905360641373,0.5851214967714269,0.23070245603176598,0.009455980348938686
"Graham, Connor",11,4,0.0035822674326137505,0.08726736067150398,0.41633717196921755,0.4077149193568378,0.08509828056982693
"Graham, Connor",12,5,0.027101545525877513,0.27398253984389376,0.5102004504726178,0.17760484152594858,0.011110622631662403
"Graham, Connor",13,3,0.0022926827181843357,0.1547147197388254,0.6372087985611654,0.20174859266964174,0.004035206312183126
"Graham, Connor",14,4,0.002149226698305473,0.10734191420238876,0.5447913943474283,0.3241837687223381,0.021533696029539362
"Graham, Connor",15,4,0.0039308014361561505,0.10676562975597537,0.4733635567440055,0.3662036001023907,0.04973641196147227
"Graham, Connor",16,3,0.00029703941286080005,0.05825126067696096,0.5594197952937192,0.3669287536023742,0.015103151014084881
"Graham, Connor",17,4,0.004749270415251583,0.12285579421344706,0.49715192689286875,0.33719344064183543,0.03804956783659719
"Graham, Connor",18,4,0.0028365913109026364,0.08551885242424162,0.4372360882567695,0.40488330545553575,0.06952516255255048
"Greyserman, Max",1,4,0.005503299656088756,0.15303042758183372,0.547379434797824,0.27548269862913144,0.01860413933512206
"Greyserman, Max",2,5,0.047259101809456694,0.39720098154277905,0.4736830794599691,0.08013483231799434,0.0017220048698007862
"Greyserman, Max",3,3,0.002877470802053028,0.18162643109145699,0.6481635542213311,0.16498947968835231,0.0023430641968065213
"Greyserman, Max",4,4,0.005058304036111183,0.1423535834114631,0.5357722983301064,0.294111066775247,0.022704747447072293
"Greyserman, Max",5,4,0.021630557494690728,0.2819509562852162,0.53604540370076,0.15416304288314553,0.006210039636187492
"Greyserman, Max",6,3,0.0016497404191726517,0.11148223985912964,0.5847391350589494,0.2897965216271634,0.012332363035584937
"Greyserman, Max",7,5,0.009428989897364404,0.19573804665133093,0.5534044439843828,0.2284460407319423,0.012982478734979597
"Greyserman, Max",8,4,0.005038836969236793,0.18412127258388966,0.6022034374580296,0.20248471734199158,0.006151735646852341
"Greyserman, Max",9,4,0.0062307755550692345,0.1494888971704863,0.52666746481067,0.2926719231092687,0.02494093935450581
"Greyserman, Max",10,4,0.009155088348105911,0.22728015753478592,0.5857310909806523,0.1726766745714935,0.005156988564962273
"Greyserman, Max",11,4,0.006045948152053726,0.11781627035378878,0.4544832894521817,0.36122995543826397,0.06042453660371183
"Greyserman, Max",12,5,0.04102811478637247,0.3278021252389228,0.4886285742932024,0.1358400419444692,0.006701143737033122
"Greyserman, Max",13,3,0.004768317991459603,0.21759945224185934,0.6339113761631789,0.14180517064010478,0.0019156829633972805
"Greyserman, Max",14,4,0.004150683388016718,0.15128080098475044,0.5745425273922886,0.2574441814096251,0.012581806825319175
"Greyserman, Max",15,4,0.006803320222354858,0.14414844007257632,0.5054872447457536,0.310521508204768,0.033039486754547265
"Greyserman, Max",16,3,0.0007200746751703235,0.09282186039067553,0.6146021520885033,0.2839925620114818,0.007863350834169003
"Greyserman, Max",17,4,0.008189603262941658,0.1642495035400705,0.5229600931346678,0.2800090427936738,0.024591757268646264
"Greyserman, Max",18,4,0.004964747978979889,0.11742349849505412,0.4770964812022487,0.3527737646924929,0.04774150763122442
"Griffin, Ben",1,4,0.00625941182666373,0.16348264227294595,0.5515895267316588,0.26203254402327625,0.01663587514545517
"Griffin, Ben",2,5,0.05186890338239486,0.41043293611655374,0.4624419657409434,0.07376760449106856,0.0014885902690394692
"Griffin, Ben",3,3,0.0033980626770505618,0.19605423080171847,0.6465682342369428,0.15200747950914972,0.001971992775138487
"Griffin, Ben",4,4,0.005751701708237078,0.1522262447279461,0.5409837878143855,0.2806421883546186,0.02039607739481264
"Griffin, Ben",5,4,0.02402705620049772,0.2952088121771115,0.530946602397505,0.14434219746134258,0.005475331763543201
"Griffin, Ben",6,3,0.001941140978877376,0.121236959404523,0.592171307050606,0.27385281931324823,0.010797773252745335
"Griffin, Ben",7,5,0.010625141814558592,0.20751577936007676,0.5541864675586136,0.21611588474633314,0.011556726520417948
"Griffin, Ben",8,4,0.0058109409620057395,0.1971010442008263,0.6024392954968889,0.18930949994303026,0.005339219397248796
"Griffin, Ben",9,4,0.007042109448596012,0.1593509551296714,0.5314035402751182,0.2797039468945114,0.022499448252103038
"Griffin, Ben",10,4,0.010415204743828677,0.2411490234231396,0.5828839643719743,0.16106899519001094,0.004482812271046521
"Griffin, Ben",11,4,0.006761857946999239,0.12542467027583665,0.46165660262954594,0.3503519806004761,0.05580488854714205
"Griffin, Ben",12,5,0.04478992466050036,0.339706217229436,0.48205423946788,0.12748374493167258,0.005965873710511049
"Griffin, Ben",13,3,0.005566908403712767,0.23313047668398085,0.6294064665994474,0.13028369188976063,0.001612456423098374
"Griffin, Ben",14,4,0.004774185003802278,0.1623424309267893,0.5784249120826671,0.24335099536174853,0.011107476624992785
"Griffin, Ben",15,4,0.0076477222684552815,0.15339455200125585,0.5107763485157959,0.2981317173693828,0.03004965984511021
"Griffin, Ben",16,3,0.0008692670672034164,0.10217768857715748,0.6236477004563108,0.2665510638650894,0.006754280034238835
"Griffin, Ben",17,4,0.0091974809694505,0.17438764159248454,0.5266245388194608,0.26756316486599785,0.0222271737526063
"Griffin, Ben",18,4,0.005595373192124886,0.1254334206897521,0.48444061307043823,0.3407817180490287,0.043748874998656095
"Guerrier, Julien",1,4,0.004182403463168505,0.13257769086596422,0.5358005616367653,0.30408774041507547,0.02335160361902655
"Guerrier, Julien",2,5,0.038703741012839354,0.3689555337522137,0.49533271583397753,0.09468896324480247,0.0023190461561669595
"Guerrier, Julien",3,3,0.002016346525511803,0.15363325535160277,0.6468528459774956,0.19417060225916505,0.0033269498862248392
"Guerrier, Julien",4,4,0.003846913190057477,0.12308826016418034,0.5222867836084153,0.3225462587119653,0.028231784325381537
"Guerrier, Julien",5,4,0.017277755576124543,0.2548215671122237,0.5439940015313284,0.17587844889438986,0.00802822688593352
"Guerrier, Julien",6,3,0.0011662160468131622,0.0929297149911591,0.565873387353057,0.3238817923770909,0.016148889231879737
"Guerrier, Julien",7,5,0.007307597147806322,0.1723277242842836,0.5488587887248232,0.2550552376769999,0.016450652166086988
"Guerrier, Julien",8,4,0.0037159580615588883,0.1586729141722425,0.5979738774164352,0.23143135820144556,0.008205892148317906
"Guerrier, Julien",9,4,0.004800296053013964,0.1301478407769432,0.5142993140770782,0.3200023438196823,0.030750205273282427
"Guerrier, Julien",10,4,0.006949352408077758,0.19961449507438328,0.5882011579105385,0.19837544861263123,0.0068595459943692205
"Guerrier, Julien",11,4,0.0047655268456803235,0.10293737890702787,0.4379634569442999,0.3833190870479918,0.07101455025500014
"Guerrier, Julien",12,5,0.034007504427081836,0.3028764339547247,0.5002981709024927,0.15432157905527766,0.008496311660423084
"Guerrier, Julien",13,3,0.003423384642193106,0.18702774546870837,0.638933562520944,0.16789491862353434,0.002720388744620106
"Guerrier, Julien",14,4,0.003079379753482936,0.12976203296413225,0.5632135998829495,0.2877366677019335,0.016208319697501805
"Guerrier, Julien",15,4,0.005302911836740087,0.12598981258140568,0.49225910387284233,0.3363843883218641,0.04006378338714778
"Guerrier, Julien",16,3,0.0004818753000043752,0.07535071387004455,0.591860339673985,0.3216049665566064,0.010702104599359608
"Guerrier, Julien",17,4,0.006395038025775124,0.14422501991931153,0.5128697139527338,0.3063052897874857,0.03020493831469384
"Guerrier, Julien",18,4,0.0038495096405772866,0.10182810982038631,0.4599671575659881,0.3773522670690721,0.057002955903976193
"Hall, Harry",1,4,0.006214190353986182,0.162878952075937,0.5513746749154518,0.26278965465762905,0.016742527996995937
"Hall, Harry",2,5,0.05159825660949913,0.409689386691207,0.46309303157474735,0.0741183119090083,0.0015010132155381939
"Hall, Harry",3,3,0.0033664157381232407,0.19521912254170842,0.6466971267752777,0.15272581816325248,0.001991516781638225
"Hall, Harry",4,4,0.005710230734784438,0.1516555252254248,0.5407107472999508,0.2814020318138557,0.020521464925984167
"Hall, Harry",5,4,0.023885418916123557,0.29445364832443244,0.5312574787467057,0.144888620643,0.005514833369738348
"Hall, Harry",6,3,0.0019234402909206194,0.12066873002227657,0.5917790630552004,0.27474863624613244,0.010880130385469977
"Hall, Harry",7,5,0.010553930695394842,0.20683881397677412,0.554166527083275,0.21680694372796128,0.011633784516594803
"Hall, Harry",8,4,0.005764496396541197,0.1963519874633804,0.6024571350080512,0.1900437722490229,0.005382608883004347
"Hall, Harry",9,4,0.00699371868917964,0.15878170046473117,0.531156324899576,0.28043595101564023,0.022632304930872982
"Hall, Harry",10,4,0.010339894951676531,0.24035288960685763,0.5830739231547296,0.16171446346215856,0.004518828824577659
"Hall, Harry",11,4,0.006719338812581355,0.1249850358104968,0.46126355327087043,0.35097287878954386,0.05605919331650755
"Hall, Harry",12,5,0.04456940781814289,0.3390329700264819,0.48244333321554433,0.12794871469414315,0.006005574245687706
"Hall, Harry",13,3,0.00551862601025821,0.23223548088077528,0.6296976578155089,0.13091982794104817,0.0016284073524094334
"Hall, Harry",14,4,0.004736708661241651,0.16170245890972285,0.5782322646566702,0.24414168944589765,0.011186878326467697
"Hall, Harry",15,4,0.007597475999837011,0.15286104576758602,0.5104953525684329,0.2988331279345652,0.03021299772957886
"Hall, Harry",16,3,0.0008600987860893361,0.10162972587232538,0.6231686259117508,0.2675282827501242,0.0068132666797102726
"Hall, Harry",17,4,0.009137546136780084,0.17380371560549174,0.5264375892831803,0.2682652069087229,0.02235594206582492
"Hall, Harry",18,4,0.005557792271685236,0.12496999297815742,0.4840400696403059,0.34146429022766234,0.04396785488218913
"Harman, Brian",1,4,0.005359305941795733,0.15094720778607057,0.5464110267554501,0.2782529921540169,0.019029467362666752
"Harman, Brian",2,5,0.04635959113447857,0.3944705376759518,0.47591336887376845,0.08148293005134644,0.001773572264454737
"Harman, Brian",3,3,0.0027804757389603973,0.17875948448643592,0.6483122359982622,0.16772162137522795,0.0024261824011135857
"Harman, Brian",4,4,0.004926253556103433,0.14038807926378805,0.5346060737814905,0.29687738104938033,0.023202212349237694
"Harman, Brian",5,4,0.02116696317839023,0.279261165807935,0.5369854430566073,0.1562160804688647,0.006370347488202754
"Harman, Brian",6,3,0.0015953863134964275,0.1095595713115815,0.5830894180511093,0.29308771954022284,0.012667904783590034
"Harman, Brian",7,5,0.009199805479184142,0.19337599661561605,0.5531328067625568,0.23099983262074275,0.013291558521900226
"Harman, Brian",8,4,0.004892929623095732,0.18153182200109474,0.6020119154969154,0.20523284586514579,0.006330487013748387
"Harman, Brian",9,4,0.0060756971444123065,0.14752167325719606,0.5256033749820911,0.29533347485428485,0.025465779762015694
"Harman, Brian",10,4,0.00891489537820983,0.22449437562545727,0.5861806964464233,0.17510479601982076,0.005305236530088853
"Harman, Brian",11,4,0.0059083336895897065,0.1163005239647601,0.45295686628154125,0.36343080414527107,0.06140347191883788
"Harman, Brian",12,5,0.04029252462587252,0.32536504468900307,0.48989480778088,0.13758688080135728,0.0068607421028871185
"Harman, Brian",13,3,0.00461843569884135,0.2144956014360952,0.6346656752490161,0.1442366640213022,0.001983623594745132
"Harman, Brian",14,4,0.004032730461513978,0.14908105223428425,0.5736243921102465,0.2603590250380998,0.012902800155855432
"Harman, Brian",15,4,0.006641421266164738,0.14230315099437635,0.5043214094340664,0.31305494448388504,0.033679073821507366
"Harman, Brian",16,3,0.0006926790812138428,0.09099096700440806,0.6126022867194032,0.2876055393417528,0.008108527853222025
"Harman, Brian",17,4,0.007996197059638388,0.16222154076900203,0.5221168634539175,0.28256579886576816,0.02509959985167387
"Harman, Brian",18,4,0.00484407080404714,0.11583044951790417,0.47552524541064517,0.35520877954914976,0.04859145471825377
"Harrington, Padraig",1,4,0.00402765122892268,0.12995592719406734,0.5339559790075713,0.3079953748627323,0.024065067706706356
"Harrington, Padraig",2,5,0.03765143503037033,0.36509102995687365,0.4980544001122832,0.09679044691616412,0.0024126879843087146
"Harrington, Padraig",3,3,0.0019199971855963227,0.15007327594602982,0.6461961223780158,0.19832550532372728,0.0034850991666307563
"Harrington, Padraig",4,4,0.003704975866506144,0.12062381450060161,0.5202048125945925,0.32640849277421025,0.029057904264089496
"Harrington, Padraig",5,4,0.01675145902963615,0.2512228100223465,0.544782731968368,0.17893632283460037,0.008306676145048986
"Harrington, Padraig",6,3,0.0011119437661218923,0.09060541897117269,0.5629943364556792,0.32855327533344725,0.01673502547357897
"Harrington, Padraig",7,5,0.007055991192351174,0.16929022335595945,0.5479462930108172,0.25873235672006156,0.016975135720810663
"Harrington, Padraig",8,4,0.003563494414691004,0.15540785958116837,0.5970190069763647,0.23548445338919188,0.008525185638584065
"Harrington, Padraig",9,4,0.004631416202415195,0.12766375363997956,0.5123800552669169,0.32371006899977406,0.03161470589091431
"Harrington, Padraig",10,4,0.006690617337283544,0.1960167652442923,0.5881728126530478,0.20199577650750544,0.007124028257870951
"Harrington, Padraig",11,4,0.004612538011017853,0.1010296382098978,0.4355808151871212,0.38622877900366037,0.07254822958830276
"Harrington, Padraig",12,5,0.03313974716039342,0.2995115465427662,0.5016544879137547,0.15692558775020327,0.008768630632882468
"Harrington, Padraig",13,3,0.003270634429465624,0.18309562975556692,0.6391528447285301,0.17163105484581764,0.002849836240619741
"Harrington, Padraig",14,4,0.0029555920249490497,0.12701704127251345,0.5613584299664953,0.29190790131740596,0.016761035418636272
"Harrington, Padraig",15,4,0.0051246273685720545,0.12365458921615086,0.49025412336104657,0.33986713301556737,0.04109952703866315
"Harrington, Padraig",16,3,0.00045599629047682333,0.07319451026118595,0.5884106789852248,0.326791809627608,0.011147004835504348
"Harrington, Padraig",17,4,0.006181462514247726,0.1416386892702215,0.5112605867428104,0.30988035170578154,0.031038909766938794
"Harrington, Padraig",18,4,0.003717491311065524,0.09983576158514723,0.4574772644622729,0.380613669549537,0.05835581309197735
"Hastings, Justin",1,4,0.0031046166968929922,0.1130296234583637,0.5197395562668972,0.33470962356572453,0.02941658001212155
"Hastings, Justin",2,5,0.031101003494937496,0.33865761449099085,0.5151459986100838,0.11195000301525115,0.003145380388736685
"Hastings, Justin",3,3,0.0013683331263719123,0.12728652677372054,0.6387480353851454,0.22784568953335804,0.004751415181404095
"Hastings, Justin",4,4,0.002858242171918157,0.10474122956398968,0.5045110011173339,0.3526674160648562,0.035222111081901986
"Hastings, Justin",5,4,0.013524232093136634,0.22726541420962365,0.5483062661604718,0.20046945032297558,0.01043463721379223
"Hastings, Justin",6,3,0.0008001658837018533,0.07591486988207119,0.5415038737732394,0.360558699191888,0.02122239126909964
"Hastings, Justin",7,5,0.005539058899765248,0.14946516405445726,0.5399057184662286,0.2841564226130413,0.020933635966507547
"Hastings, Justin",8,4,0.002667465009690728,0.1343263975711378,0.5881634912648572,0.2638432545890199,0.01099939156529428
"Hastings, Justin",9,4,0.0036171680022037966,0.11159448233841907,0.4978553939614543,0.3488941697262191,0.03803878597170374
"Hastings, Justin",10,4,0.005146363467537274,0.1725010361354501,0.5856966805304663,0.22748316289097392,0.009172756975572405
"Hastings, Justin",11,4,0.0036835978692339455,0.08870035507333401,0.41852181571513203,0.40543891477227756,0.08365531657002245
"Hastings, Justin",12,5,0.02771193069517358,0.27674879169172245,0.5094262180319484,0.17528186839878834,0.010831191182367195
"Hastings, Justin",13,3,0.00238467907129597,0.15766814984482624,0.6377308262818402,0.19832901577641193,0.0038873290256256077
"Hastings, Justin",14,4,0.0022262678914692913,0.10937879070064094,0.5467987965689711,0.3206333589572026,0.020962785881716073
"Hastings, Justin",15,4,0.004047636396431964,0.10852752632444823,0.47533694327240716,0.36335859320862607,0.04872930079808657
"Hastings, Justin",16,3,0.00031145199895304954,0.05975520284558733,0.5627974635318276,0.36251595906428413,0.014619922559347853
"Hastings, Justin",17,4,0.004889599010114654,0.12482176372192666,0.49884313035529426,0.33421833424671565,0.03722717266594877
"Hastings, Justin",18,4,0.0029225452698417587,0.08700473363071076,0.4395441698524173,0.4022961314358303,0.06823241981119987
"Hatton, Tyrrell",1,4,0.006907291223180734,0.17186287643886494,0.5542341799181691,0.25176008844830666,0.015235563971478516
"Hatton, Tyrrell",2,5,0.05568191619006929,0.4205023937683977,0.45338996855789243,0.06909776504968768,0.0013279564339528926
"Hatton, Tyrrell",3,3,0.003858176912115263,0.207666521406427,0.6443463964271884,0.14240687102003857,0.0017220342342307848
"Hatton, Tyrrell",4,4,0.006345859592927716,0.16015517062163337,0.5444396924453165,0.2703127748113201,0.018746502528802278
"Hatton, Tyrrell",5,4,0.026034534830384426,0.30556185292585253,0.5264410796747914,0.13700240427564803,0.004960128293323707
"Hatton, Tyrrell",6,3,0.002198335204961155,0.12918456480022766,0.5971720446990986,0.26171960478166145,0.00972545051405116
"Hatton, Tyrrell",7,5,0.011641118261941918,0.21687255816309314,0.5541644827189335,0.20677464444210436,0.010547196413927096
"Hatton, Tyrrell",8,4,0.006479783176309317,0.20749030481414704,0.6018196075797307,0.179433666561033,0.004776637868779909
"Hatton, Tyrrell",9,4,0.007733682624768368,0.16724913004791797,0.5345207515987317,0.26974775788954364,0.020748677839038332
"Hatton, Tyrrell",10,4,0.01149336098149728,0.25213916184806556,0.579947855673945,0.15240397198834166,0.004015649508150476
"Hatton, Tyrrell",11,4,0.00736723445550691,0.13153078917253247,0.4668574746030515,0.3418246384673733,0.05241986330153581
"Hatton, Tyrrell",12,5,0.04789258044147732,0.34887800768161603,0.4765460195784315,0.12123723619876414,0.005446156099710997
"Hatton, Tyrrell",13,3,0.006265390015517847,0.2455264178602976,0.6250024678870253,0.12179745044432888,0.0014082737928303724
"Hatton, Tyrrell",14,4,0.005313516498975601,0.17123929844244845,0.5807225717747754,0.23265415651967836,0.010070456764122215
"Hatton, Tyrrell",15,4,0.008364321501112881,0.16079457961692106,0.5143841083630012,0.28856716283095585,0.027889827688009072
"Hatton, Tyrrell",16,3,0.0010039068829296172,0.1098786377512943,0.629776308178184,0.25334895750716946,0.005992189680422699
"Hatton, Tyrrell",17,4,0.010051738828028345,0.1824738336704662,0.5289252415743427,0.25802003451131594,0.02052915141584677
"Hatton, Tyrrell",18,4,0.006132069602981072,0.13187712694293358,0.4897169500499025,0.33143042001222167,0.04084343339196117
"Henley, Russell",1,4,0.006276065899524175,0.16370432211186697,0.5516675801646531,0.261755116795123,0.01659691502883276
"Henley, Russell",2,5,0.05196842273990748,0.4107053504703381,0.4622028462282529,0.0736393218181981,0.0014840587433033736
"Henley, Russell",3,3,0.0034097333759001702,0.19636094008128324,0.6465198195417323,0.1517446293646676,0.0019648776364167286
"Henley, Russell",4,4,0.005766974574136885,0.15243583295333102,0.5410832180407019,0.2803637094914748,0.0203502649403553
"Henley, Russell",5,4,0.02407916638610702,0.295485794634874,0.5308319668603805,0.14414216115738376,0.0054609109612547835
"Henley, Russell",6,3,0.001947668217057219,0.12144576415246888,0.5923142377459103,0.27352461798584304,0.010767711898720611
"Henley, Russell",7,5,0.010651357223330993,0.2077642667267438,0.5541930429589728,0.21586274990827448,0.01152858318267802
"Henley, Russell",8,4,0.005828053642810416,0.19737608325903494,0.6024318139951748,0.18904066108716,0.005323388015819885
"Henley, Russell",9,4,0.0070599266251201165,0.15955997975669073,0.5314935363300684,0.2794356580949273,0.02245089919319354
"Henley, Russell",10,4,0.010442937883562875,0.24144122013052738,0.5828134589078271,0.16083271250507436,0.004469670573008289
"Henley, Russell",11,4,0.006777507757763701,0.1255861146445732,0.4618002989935672,0.3501242067509649,0.05571187185313098
"Henley, Russell",12,5,0.044871000623641744,0.33995300893015284,0.48191108948541095,0.1273135257065764,0.005951375254218072
"Henley, Russell",13,3,0.005584705739494877,0.2334590603978653,0.6292986287327611,0.13005096161749408,0.001606643512384709
"Henley, Russell",14,4,0.004787992435803856,0.1625774660440874,0.5784947149209044,0.24306134088747022,0.011078485711734087
"Henley, Russell",15,4,0.007666219069928759,0.15359044460471888,0.5108788032883629,0.2978745800022189,0.02998995303477059
"Henley, Russell",16,3,0.0008726512255610719,0.10237913595895892,0.6238223246559488,0.26619312323500743,0.006732764924523793
"Henley, Russell",17,4,0.009219543135637775,0.17460201512692397,0.526692454142439,0.2673058718235378,0.022180115771461395
"Henley, Russell",18,4,0.0056092093076897664,0.12560362019866622,0.48458699040734227,0.34053137690939195,0.0436688031769098
"Herbert, Lucas",1,4,0.005182751384531115,0.14834858236914766,0.5451396758449962,0.28175218699119253,0.01957680341013246
"Herbert, Lucas",2,5,0.04524648342468074,0.3910196907988978,0.47868928137344663,0.08320403818792887,0.001840506215045945
"Herbert, Lucas",3,3,0.0026625347947549227,0.17518771055767401,0.6484138964106396,0.1712012174195222,0.002534640817409284
"Herbert, Lucas",4,4,0.004764342015976641,0.1379373198613858,0.533088936008765,0.3003677296403846,0.023841672473488007
"Herbert, Lucas",5,4,0.020595159167908772,0.2758832336455451,0.5381198688672327,0.15882431864365887,0.006577419675654506
"Herbert, Lucas",6,3,0.0015292634595630572,0.1071714640478818,0.5809494341065945,0.2972481836636598,0.013101654722300848
"Herbert, Lucas",7,5,0.00891814944355096,0.19042259453751126,0.552736893805194,0.23423256709434015,0.013689795119403714
"Herbert, Lucas",8,4,0.004714557057709012,0.17830072281724724,0.6017017025840077,0.2087209056823569,0.006562111858679165
"Herbert, Lucas",9,4,0.005885284795999646,0.14506692743373573,0.5242172066226778,0.29869076382204784,0.02613981732553905
"Herbert, Lucas",10,4,0.008620297125079945,0.22100924154414342,0.5866829849698318,0.17819017281272487,0.005497303548219978
"Herbert, Lucas",11,4,0.005738997312268901,0.11440997407575637,0.45100563691742945,0.36619161444253134,0.06265377725201393
"Herbert, Lucas",12,5,0.03938150099728355,0.32229391266876706,0.4914519273329524,0.1398061717652921,0.00706648723570491
"Herbert, Lucas",13,3,0.004435683627999343,0.2106202630918939,0.6355350352481564,0.14733672977520496,0.002072288256745436
"Herbert, Lucas",14,4,0.0038884705360803795,0.14633947244625528,0.5724083388385061,0.2640466493782163,0.013317068800941967
"Herbert, Lucas",15,4,0.006442399284657396,0.14000007955690857,0.502812523466089,0.31624605995162614,0.03449893774071899
"Herbert, Lucas",16,3,0.0006595485008860091,0.088723116899802,0.6100117906392175,0.29217873555009855,0.008426808409995878
"Herbert, Lucas",17,4,0.00775836865097157,0.15968829398740175,0.5210096607905905,0.2857920947873509,0.025751581783685307
"Herbert, Lucas",18,4,0.004695830216482233,0.11384478962925271,0.4735128825416691,0.35826757788011876,0.04967891973247718
"Hidalgo Portillo, Angel",1,4,0.0035215100903119856,0.12097136577395273,0.5269320999583034,0.3218432249419354,0.02673179923549651
"Hidalgo Portillo, Angel",2,5,0.03412185591248407,0.35139085560577005,0.5072447006781311,0.10447133705186618,0.002771250751748555
"Hidalgo Portillo, Angel",3,3,0.0016123793218922322,0.13793265844697705,0.6429736220716258,0.21338254065943485,0.004098799500070083
"Hidalgo Portillo, Angel",4,4,0.003240708140620663,0.1121871995851248,0.5123835657056643,0.34005208769788076,0.032136438870709494
"Hidalgo Portillo, Angel",5,4,0.015001773954864295,0.23866651647418896,0.5470144290604608,0.18995866414522145,0.009358616365264472
"Hidalgo Portillo, Angel",6,3,0.0009383371587693978,0.08273817703287983,0.5522408489170575,0.3451307342522305,0.018951902639062768
"Hidalgo Portillo, Angel",7,5,0.006227835714558816,0.1588143295242156,0.544167269133317,0.2718480905797954,0.018942475048113194
"Hidalgo Portillo, Angel",8,4,0.0030691545183440527,0.14421718923448562,0.5929304868162092,0.25004200749313976,0.009741161937821374
"Hidalgo Portillo, Angel",9,4,0.004076831627510158,0.11914135200074916,0.5051529661844347,0.3368002521954757,0.034828597991830246
"Hidalgo Portillo, Angel",10,4,0.005844015145305859,0.1835972723274374,0.5873829813199385,0.2150447052020784,0.00813102600523985
"Hidalgo Portillo, Angel",11,4,0.00410690250837159,0.09448866054550115,0.4269039348386191,0.39633476816654256,0.0781657339409656
"Hidalgo Portillo, Angel",12,5,0.03022106388818846,0.2876609460700137,0.5060088667466792,0.16631702391130576,0.009792099383812869
"Hidalgo Portillo, Angel",13,3,0.0027791925082011337,0.1696053897222355,0.6390479581848696,0.1852150382793436,0.003352421305350184
"Hidalgo Portillo, Angel",14,4,0.0025536468804093215,0.11763582666969863,0.5542146392823735,0.30675292451853864,0.01884296264898
"Hidalgo Portillo, Angel",15,4,0.004537151313420307,0.11563667108101011,0.48278203276430365,0.3521134409569314,0.04493070388433451
"Hidalgo Portillo, Angel",16,3,0.0003745860671467982,0.06595531403006971,0.5755658018838795,0.34525566840928934,0.012848629609614637
"Hidalgo Portillo, Angel",17,4,0.005477147118427783,0.132738849549689,0.5051290195814649,0.3225182998915602,0.03413668385885804
"Hidalgo Portillo, Angel",18,4,0.0032832990181546617,0.09301851196797883,0.4483771929272978,0.391986862203229,0.06333413388333975
"Hillier, Daniel",1,4,0.004278434425215472,0.13417767546952725,0.5368831158545266,0.30173143623259513,0.02292933801813546
"Hillier, Daniel",2,5,0.03935088657930169,0.3712853885126991,0.4936642394720417,0.09343539468013529,0.0022640907558222345
"Hillier, Daniel",3,3,0.0020766496752602226,0.1558093466458627,0.6471944391946562,0.1916849859469656,0.0032345785372551727
"Hillier, Daniel",4,4,0.0039349896480030955,0.12459280927936334,0.5235151352051651,0.3202147418737673,0.027742323993701135
"Hillier, Daniel",5,4,0.017602446021596607,0.257003722129544,0.5434843347722268,0.17404545674991478,0.007864040326717836
"Hillier, Daniel",6,3,0.0012001623000885697,0.09435436367589184,0.567575610121914,0.32106642538047825,0.015803438521627244
"Hillier, Daniel",7,5,0.007463376509803832,0.17417720607055476,0.5493758659961756,0.25284293171816863,0.01614061970529712
"Hillier, Daniel",8,4,0.0038108600373125134,0.1606652793040766,0.5985067911911268,0.228998907884013,0.008018161583471128
"Hillier, Daniel",9,4,0.004904943834083519,0.13166321846361173,0.5154306509056126,0.31776361603794,0.030237570758752108
"Hillier, Daniel",10,4,0.007109879734869873,0.20180428195774047,0.5881764584812872,0.19620535321722676,0.006704026608875702
"Hillier, Daniel",11,4,0.004860113333508331,0.10410147280535281,0.43938596225598076,0.3815521480214513,0.07010030358370678
"Hillier, Daniel",12,5,0.03454064583408134,0.3049100098779451,0.499453007165705,0.15276089355969324,0.008335443562575318
"Hillier, Daniel",13,3,0.003518726053046539,0.18942619851210807,0.6387479149525748,0.16566236619239394,0.0026447942898766286
"Hillier, Daniel",14,4,0.0031563936915661173,0.13143880961832016,0.5642974907238837,0.285225218629663,0.01588208733656704
"Hillier, Daniel",15,4,0.005413253462674794,0.12741400480389004,0.49344572373523543,0.33427850949296845,0.039448508505231294
"Hillier, Daniel",16,3,0.0004981590929757918,0.07667611658045098,0.5939022258251305,0.31848256729943936,0.01044093120200329
"Hillier, Daniel",17,4,0.006527183875425446,0.14580109370944283,0.5138138679845781,0.3041475985855795,0.02971025584497422
"Hillier, Daniel",18,4,0.003931273081706266,0.10304468840542325,0.46145166748416955,0.37537453791402,0.05619783311468096
"Hoge, Tom",1,4,0.00491174641599923,0.14425951399444786,0.5429923435685362,0.2873586035810891,0.020477792439927534
"Hoge, Tom",2,5,0.04351504311089549,0.3854867221966535,0.483041344427929,0.08600481710898067,0.0019520731555413562
"Hoge, Tom",3,3,0.002483681259926207,0.16957802873901373,0.6483784991114971,0.17684299532654812,0.002716795563014851
"Hoge, Tom",4,4,0.004515810429254863,0.13408323299193542,0.530557237539256,0.3059510849678191,0.024892634071734587
"Hoge, Tom",5,4,0.01970990841622905,0.27051611183608076,0.5398152609448076,0.1630385603332125,0.00692015846967009
"Hoge, Tom",6,3,0.001428918223726705,0.10343697922170669,0.5773923615205169,0.30392142030118796,0.013820320732861768
"Hoge, Tom",7,5,0.008484377738324889,0.18575942328999145,0.5519811769908287,0.23942848948237438,0.014346532498480613
"Hoge, Tom",8,4,0.004441939168679299,0.17321439014253648,0.601047651457823,0.21434879357655656,0.006947225654404643
"Hoge, Tom",9,4,0.005592412721399209,0.1412023521584863,0.5218997856131113,0.30405928732887977,0.027246162178123368
"Hoge, Tom",10,4,0.008167908991853545,0.21550234773964927,0.5873365609522632,0.18317660816055648,0.005816574155677601
"Hoge, Tom",11,4,0.0054777163358907255,0.11143540759926657,0.44782631730091693,0.3705708292744614,0.06468972948946439
"Hoge, Tom",12,5,0.037962646244501075,0.3173899510916224,0.493849135146908,0.14339221193349083,0.007406055583477733
"Hoge, Tom",13,3,0.0041574386277353215,0.2045146561152933,0.6367355366928815,0.1523711405361018,0.002221228027988076
"Hoge, Tom",14,4,0.003667848675655616,0.14203101041786026,0.5703307904121576,0.26996849098281617,0.01400185951151034
"Hoge, Tom",15,4,0.006135758091498078,0.13637315131981292,0.5003117955593244,0.3213382927075228,0.03584100232184184
"Hoge, Tom",16,3,0.0006097005818213042,0.08519092413647805,0.6057143812673815,0.2995276149633148,0.008957379051004244
"Hoge, Tom",17,4,0.007391772493586024,0.15569394421333466,0.5191390884823186,0.29095399820173473,0.026821196609025932
"Hoge, Tom",18,4,0.004467667996888858,0.11072359274672972,0.4702252970697702,0.3631292575520513,0.051454184634559974
"Hojgaard, Nicolai",1,4,0.005858433844631916,0.15803734484234577,0.5495280529922477,0.2689479968860593,0.01762817143471529
"Hojgaard, Nicolai",2,5,0.049447188965280386,0.4036353124725834,0.4683074559158592,0.07700486439456267,0.0016051782517143565
"Hojgaard, Nicolai",3,3,0.003119682172370297,0.18852921014361235,0.6475711099902945,0.15862375198226375,0.002156245711459004
"Hojgaard, Nicolai",4,4,0.005383981366141877,0.14708057369510935,0.538398912407018,0.2875751559915327,0.021561376540198074
"Hojgaard, Nicolai",5,4,0.02276381920189996,0.28835072861005223,0.5336797930871977,0.1493614185140033,0.0058442405868468494
"Hojgaard, Nicolai",6,3,0.0017853810700716455,0.11613277027686425,0.588471514502966,0.2820427261138667,0.011567608036231358
"Hojgaard, Nicolai",7,5,0.009992286845378173,0.20139507243802207,0.5538967794600761,0.222441299368755,0.012274561887768654
"Hojgaard, Nicolai",8,4,0.005400276224238387,0.19034169402582918,0.6024632940175931,0.196048961378124,0.005745774354215305
"Hojgaard, Nicolai",9,4,0.006612450768165634,0.15421475388883643,0.5290587658071373,0.286381020047098,0.02373300948876267
"Hojgaard, Nicolai",10,4,0.009747187424056558,0.23394622843297647,0.584486615484638,0.16699975293411295,0.004820215724216093
"Hojgaard, Nicolai",11,4,0.006383552572441331,0.12146009835259242,0.45801838315143845,0.355985080226074,0.058152885697453804
"Hojgaard, Nicolai",12,5,0.042815285736919395,0.3335707996168364,0.48552346481880443,0.13175457472327468,0.006335875104165112
"Hojgaard, Nicolai",13,3,0.005141053261459028,0.2250483588166458,0.6318985914935946,0.1361489922890421,0.0017630041392584506
"Hojgaard, Nicolai",14,4,0.00444269243657569,0.15657460456955063,0.5765494590865602,0.25058482465435816,0.011848419252955322
"Hojgaard, Nicolai",15,4,0.007201081649063745,0.14858006289100562,0.5081348639212275,0.3045206535246956,0.03156333801400757
"Hojgaard, Nicolai",16,3,0.0007890489951662971,0.09726855744564611,0.6191368059413062,0.27549751802649036,0.007308069591391075
"Hojgaard, Nicolai",17,4,0.008664546846004206,0.1691135022825686,0.5248305332317091,0.2739690803967989,0.02342233724291909
"Hojgaard, Nicolai",18,4,0.005261558133374422,0.12125687238554644,0.48072442292412876,0.346982804830704,0.04577434172624639
"Hojgaard, Rasmus",1,4,0.00542688020212978,0.15192879228120765,0.5468728892286685,0.2769438398039228,0.01882759848407134
"Hojgaard, Rasmus",2,5,0.04678263231838292,0.39576104134812873,0.47486300309481305,0.0808442748249607,0.0017490484137145934
"Hojgaard, Rasmus",3,3,0.0028259051997888696,0.18010996197693907,0.6482495188354201,0.1664280086994976,0.0023866052883543265
"Hojgaard, Rasmus",4,4,0.004988223084354482,0.14131410651234494,0.5351610616078508,0.2955704423041938,0.022966166491255935
"Hojgaard, Rasmus",5,4,0.021384824678501557,0.2805305595880614,0.5365458437455105,0.15524457627050292,0.006294195717423623
"Hojgaard, Rasmus",6,3,0.0016208468348909433,0.11046460030641764,0.5838739599810927,0.291532110405859,0.012508482471739635
"Hojgaard, Rasmus",7,5,0.0093074166917822,0.1944895777523633,0.5532658015961769,0.2297923830330879,0.013144820926589751
"Hojgaard, Rasmus",8,4,0.004961354473641266,0.18275202739443863,0.6021084078525512,0.20393269872936914,0.00624551154999986
"Hojgaard, Rasmus",9,4,0.006148497209887582,0.14844867326789613,0.5261099241815348,0.29407610836469344,0.02521679697598811
"Hojgaard, Rasmus",10,4,0.009027623025183173,0.22580789630304493,0.5859739719580819,0.1739557440672248,0.0052347646464652176
"Hojgaard, Rasmus",11,4,0.0059729682978459375,0.11701470223778804,0.4536802408647088,0.36239242458287246,0.060939664016784745
"Hojgaard, Rasmus",12,5,0.04063854085980467,0.32651610430844996,0.4893001247350907,0.13676026752834747,0.006784962568307185
"Hojgaard, Rasmus",13,3,0.004688681440826625,0.21595841769639446,0.6343165166918441,0.1430851117243408,0.001951272446593988
"Hojgaard, Rasmus",14,4,0.004088051292340356,0.15011733214741413,0.5740632167308628,0.25898105187128406,0.012750347958098596
"Hojgaard, Rasmus",15,4,0.006717444224976721,0.1431727341269824,0.5048755318868885,0.31185850165599716,0.03337578810515529
"Hojgaard, Rasmus",16,3,0.0007054938421857115,0.09185224067852993,0.6135530254960491,0.2858973151054587,0.007991924877776668
"Hojgaard, Rasmus",17,4,0.008087021620090007,0.1631774015630199,0.5225190401782533,0.2813578363430378,0.02485870029559889
"Hojgaard, Rasmus",18,4,0.004900727555752438,0.1165809356368015,0.47627019549396055,0.3540595460943363,0.0481885952191492
"Hoshino, Rikuya",1,4,0.004228041744758659,0.1333405911916104,0.5363207667145509,0.3029615553073728,0.02314904504170734
"Hoshino, Rikuya",2,5,0.03901184289253101,0.3700691225937009,0.49453783805722923,0.09408855570523811,0.0022926407513007563
"Hoshino, Rikuya",3,3,0.002044956872782111,0.1546705252150179,0.6470212332225294,0.19298075963255978,0.0032825250571107967
"Hoshino, Rikuya",4,4,0.003888771331193086,0.12380560123198975,0.5228764225137955,0.32143216334623936,0.02799704157678229
"Hoshino, Rikuya",5,4,0.01743224156779899,0.25586337577854396,0.5437536123085858,0.17500136036974434,0.007949409975327004
"Hoshino, Rikuya",6,3,0.0011823235818946842,0.09360842929575652,0.5666901537311879,0.3225360517618767,0.01598304162928421
"Hoshino, Rikuya",7,5,0.007381663837684238,0.1732099853427152,0.5491090467452837,0.2539974088565149,0.0163018952178019
"Hoshino, Rikuya",8,4,0.0037610324429834807,0.15962292955883906,0.5982326200537806,0.2302676956702291,0.008115722274167791
"Hoshino, Rikuya",9,4,0.004850043511998026,0.13087045368463596,0.514842480719715,0.3189326328796014,0.03050438920404963
"Hoshino, Rikuya",10,4,0.007025645215611942,0.20065917054076854,0.5881932862877688,0.19733704880701164,0.006784849148839145
"Hoshino, Rikuya",11,4,0.004810511434780507,0.10349245094292653,0.43864467850642447,0.3824757516206675,0.070576607495201
"Hoshino, Rikuya",12,5,0.03426137722515149,0.30384794319965786,0.4998967960785501,0.15357476781602086,0.008419115680619704
"Hoshino, Rikuya",13,3,0.0034686432206907925,0.18817148785481658,0.6388498596375571,0.1668259779187462,0.002684031368189288
"Hoshino, Rikuya",14,4,0.0031159616711660676,0.13056140042556036,0.563734920055176,0.2865359740260207,0.016051743822076858
"Hoshino, Rikuya",15,4,0.005355378585089721,0.12666897801452526,0.4928283539706315,0.335378436580238,0.03976885284951548
"Hoshino, Rikuya",16,3,0.0004895928326495991,0.07598179138284888,0.5928398672011581,0.32011212820916657,0.010576620374176837
"Hoshino, Rikuya",17,4,0.006457876107909377,0.1449767333005893,0.513323432762816,0.3052742130102599,0.029967744818425457
"Hoshino, Rikuya",18,4,0.0038883823324543654,0.10240812777547997,0.4606782663490376,0.37640806319637643,0.05661716034665165
"Hovland, Viktor",1,4,0.006841575612187123,0.17103472127923375,0.5540002048590573,0.2527559283131937,0.015367569936328151
"Hovland, Viktor",2,5,0.0553004423259853,0.4195279332798962,0.45428539782333127,0.06954332664488927,0.001342899925897978
"Hovland, Viktor",3,3,0.00381094950387989,0.20651745032489044,0.6446008047347735,0.14332571091934532,0.001745084517110751
"Hovland, Viktor",4,4,0.006285591883552433,0.159371084130558,0.5441252885682439,0.27131576102931054,0.018902274388335027
"Hovland, Viktor",5,4,0.025832699234474732,0.3045493979792282,0.5269015374182314,0.13770794731859148,0.0050084180494741615
"Hovland, Viktor",6,3,0.0021719480510327682,0.1283942596358324,0.5967139436207001,0.26289404374711245,0.00982580494532237
"Hovland, Viktor",7,5,0.011538416735745294,0.21595124310311326,0.5541907887785216,0.20767736678411597,0.010642184598503857
"Hovland, Viktor",8,4,0.00641165796898463,0.20646439003899764,0.6019108735578103,0.18038398187363125,0.004829096560576174
"Hovland, Viktor",9,4,0.007663675774000955,0.16646893498118276,0.5342382031937598,0.2707149400282933,0.02091424602276315
"Hovland, Viktor",10,4,0.011384069811404496,0.2510581882837244,0.5802620647764845,0.15323645141233522,0.00405922571605144
"Hovland, Viktor",11,4,0.0073061399721853215,0.13092707003880694,0.4663642565319858,0.3426597734545156,0.05274276000250633
"Hovland, Viktor",12,5,0.047582503838412726,0.34798584756660983,0.47709885218705717,0.12183777010648045,0.0054950263014398315
"Hovland, Viktor",13,3,0.006193984647277828,0.24430383762991503,0.6254667104353422,0.12260836682918719,0.0014271004582777636
"Hovland, Viktor",14,4,0.005258611636645372,0.17035903542145253,0.5805260149941542,0.23368856963165952,0.010167768316088344
"Hovland, Viktor",15,4,0.00829190383031675,0.16006376035987968,0.5140513429934878,0.28949830795211107,0.028094684864204744
"Hovland, Viktor",16,3,0.000989974941434657,0.10910984169591986,0.629213082089948,0.2546240730243987,0.006063028248298852
"Hovland, Viktor",17,4,0.00996545289700379,0.18167634148843498,0.5287217330569476,0.25894664832507175,0.020689824232541842
"Hovland, Viktor",18,4,0.006077772001039983,0.13123945166728562,0.4892185977615761,0.33234436284466606,0.04111981572543222
"Hughes, Mackenzie",1,4,0.004985386267170766,0.14538306928485384,0.5436006050892475,0.2858057154679601,0.020225223890767863
"Hughes, Mackenzie",2,5,0.043988345509618776,0.38701971660079043,0.4818476438149223,0.08522366779505663,0.00192062627961187
"Hughes, Mackenzie",3,3,0.0025320143042816823,0.17111805312450284,0.6484125878361738,0.17527206139732965,0.0026652833377119878
"Hughes, Mackenzie",4,4,0.004583344087058239,0.13514194124836837,0.5312708033090385,0.3044056804660017,0.024598230889533168
"Hughes, Mackenzie",5,4,0.019951386286943762,0.2719972128711596,0.5393606539409244,0.16186689787026343,0.006823849030708873
"Hughes, Mackenzie",6,3,0.001456044470580009,0.10446024044785351,0.5783932626428986,0.30207216428350203,0.013618288155165859
"Hughes, Mackenzie",7,5,0.008602422761252448,0.18704267119027201,0.5522053536793399,0.23798726561220362,0.014162286756931985
"Hughes, Mackenzie",8,4,0.00451587257722591,0.1746121958535251,0.6012480317415259,0.2127851043303911,0.0068387954973320175
"Hughes, Mackenzie",9,4,0.00567206786391472,0.14226446207896593,0.522553462414981,0.3025735856908558,0.02693642195128254
"Hughes, Mackenzie",10,4,0.008290858242281651,0.21701827260061612,0.5871740614079322,0.18179011684325153,0.005726690905918597
"Hughes, Mackenzie",11,4,0.005548881308351183,0.11225270484730021,0.4487134137289327,0.3693632786303963,0.0641217214850196
"Hughes, Mackenzie",12,5,0.038350720039291575,0.31874623015717335,0.4931971259366743,0.14239516746201386,0.007310756404846908
"Hughes, Mackenzie",13,3,0.004232766999091808,0.20619318255222402,0.6364266118342972,0.15096833346510985,0.002179105149277216
"Hughes, Mackenzie",14,4,0.003727698377984423,0.14321416048343494,0.5709220218738007,0.2683265738424736,0.01380954542230639
"Hughes, Mackenzie",15,4,0.006219223019868103,0.13737009174809584,0.5010146179336885,0.3199303526210131,0.0354657146773345
"Hughes, Mackenzie",16,3,0.0006231234789115803,0.08615700393108966,0.6069225791128141,0.29748946668589116,0.008807826791293438
"Hughes, Mackenzie",17,4,0.007491576608625983,0.15679248189519118,0.5196690164147462,0.28952512095823946,0.026521804123197157
"Hughes, Mackenzie",18,4,0.004529742608788634,0.111580805139887,0.4711436365660097,0.36178746057816646,0.05095835510714819
"Im, Sungjae",1,4,0.005414900582429882,0.1517552906406558,0.5467919762053233,0.277174743137787,0.018863089433804103
"Im, Sungjae",2,5,0.046707753785919015,0.3955334505569222,0.4750487306403194,0.08095671141404015,0.001753353602799268
"Im, Sungjae",3,3,0.002817839901391006,0.17987120523420913,0.6482615611088615,0.16665584701035097,0.002393546745187436
"Im, Sungjae",4,4,0.0049772370850881265,0.14115041315673443,0.5350636771371038,0.2958009985674146,0.023007674053659
"Im, Sungjae",5,4,0.021346241341906935,0.2803064458294135,0.5366239808966181,0.15541575651635742,0.0063075754157040365
"Im, Sungjae",6,3,0.0016163270726824441,0.11030451268838876,0.5837362264484927,0.29180644484454177,0.01253648894589432
"Im, Sungjae",7,5,0.009288346826794303,0.19429282478596221,0.553242945704741,0.23000526906957353,0.013170613612929039
"Im, Sungjae",8,4,0.00494921790618108,0.1825363596781932,0.6020921665128822,0.2041618224815892,0.006260433421154232
"Im, Sungjae",9,4,0.006135594257702104,0.14828482908569723,0.5260210607043924,0.2942979296553977,0.025260586296810605
"Im, Sungjae",10,4,0.009007639656780253,0.22557583929192698,0.5860111798526532,0.1741582011826428,0.0052471400159967985
"Im, Sungjae",11,4,0.0059615168390418916,0.11688846388273283,0.4535529190882908,0.3625757873402474,0.06102131284968704
"Im, Sungjae",12,5,0.040577304528745195,0.32631300322189205,0.4894054934906915,0.13690591730778023,0.006798281450891008
"Im, Sungjae",13,3,0.004676216297837765,0.21569989685508928,0.6343790487399367,0.14328789168998712,0.0019569464171491635
"Im, Sungjae",14,4,0.004078239711937326,0.1499341352069407,0.5739864604816554,0.25922402710382153,0.012777137495645019
"Im, Sungjae",15,4,0.006703972785401746,0.1430190436198786,0.504778211576765,0.31206962691648343,0.033429145101471325
"Im, Sungjae",16,3,0.0007032166480460678,0.09169982064871823,0.6133860730786793,0.2861984955071225,0.00801239411743393
"Im, Sungjae",17,4,0.008070928174586323,0.16300848742488627,0.5224485854609988,0.28157092840633635,0.024901070533192238
"Im, Sungjae",18,4,0.004890686598009564,0.11644826452885748,0.47613912001607955,0.3542624356160389,0.04825949324101453
"Imahira, Shugo",1,4,0.003327323950567007,0.11733888678618504,0.5237632280830242,0.32765239229599175,0.027918168884232042
"Imahira, Shugo",2,5,0.03272857835572468,0.34564212758190965,0.5108884352969092,0.1078058745608389,0.0029349842046175745
"Imahira, Shugo",3,3,0.0014975998045949623,0.1330525558981449,0.6412113420183959,0.21985553050943918,0.004382971769425037
"Imahira, Shugo",4,4,0.0030625664940209796,0.1087801481889526,0.5089004426065907,0.3457552684501899,0.0335015742602458
"Imahira, Shugo",5,4,0.01431794412353321,0.23348806459018484,0.5476906230558214,0.1946713090144626,0.009832059215997946
"Imahira, Shugo",6,3,0.0008734085546312498,0.07960166508534822,0.5474803866335212,0.35209390187295075,0.01995063785354856
"Imahira, Shugo",7,5,0.005907806564551532,0.15454875806679136,0.5423319290492703,0.27739041986901447,0.019821086450372283
"Imahira, Shugo",8,4,0.0028813915667570966,0.13969287288905818,0.5908925835268959,0.25624006504861385,0.010293086968674925
"Imahira, Shugo",9,4,0.0038630701839768022,0.11569116971120486,0.501926828981623,0.34226880336624377,0.03625012775695158
"Imahira, Shugo",10,4,0.005519082710702505,0.17853586713890862,0.586734535933791,0.22062250807258388,0.008588006144014004
"Imahira, Shugo",11,4,0.003910561669822954,0.09184208282192785,0.4231572637547466,0.4004792810610205,0.0806108106924821
"Imahira, Shugo",12,5,0.02906517513961726,0.2827227610182381,0.5076265935476655,0.1703352668481336,0.01025020344634553
"Imahira, Shugo",13,3,0.0025942035025938726,0.16414635362471092,0.6385979345644266,0.19107622594049722,0.0035852823677713364
"Imahira, Shugo",14,4,0.0024007141250527164,0.1138548414526136,0.5509580577507458,0.31300952096788226,0.019776865703705626
"Imahira, Shugo",15,4,0.00430982089352705,0.11238772807159064,0.47947987944960574,0.3572064696456756,0.046616101939600973
"Imahira, Shugo",16,3,0.00034472166670812543,0.06309584520253536,0.5698980637229962,0.3530369637384785,0.013624405669281803
"Imahira, Shugo",17,4,0.005204369228505867,0.12912373152109674,0.5023604892163192,0.3278057728022774,0.03550563723180078
"Imahira, Shugo",18,4,0.0031156426612574672,0.09026653447733762,0.44443363965465266,0.3966722774954955,0.06551190571125676
"Jaeger, Stephan",1,4,0.004551054252877829,0.13861372805871436,0.5397192052940947,0.29530817266612863,0.021807839728184564
"Jaeger, Stephan",2,5,0.0411647690710954,0.3776344624828976,0.489011581032436,0.0900693409626534,0.002119846450917562
"Jaeger, Stephan",3,3,0.0022499184657763793,0.1618560180270336,0.64791589198181,0.18498441801378673,0.0029937535115933667
"Jaeger, Stephan",4,4,0.004185019713977223,0.12876652298189517,0.5267588481808996,0.3138491812969719,0.026440427826256108
"Jaeger, Stephan",5,4,0.018516621481490914,0.2629991737332819,0.5419641170199374,0.16908984713196817,0.007430240633321539
"Jaeger, Stephan",6,3,0.0012976154271094331,0.09832851358365663,0.5720844402033388,0.31339806006638693,0.01489137071950819
"Jaeger, Stephan",7,5,0.007904197245231892,0.1792885406272599,0.5506575420790145,0.24683109685781957,0.015318623190674119
"Jaeger, Stephan",8,4,0.0040814401431766845,0.16618819650608901,0.5997941248561907,0.22241207596452706,0.007524162530016532
"Jaeger, Stephan",9,4,0.005201427509456069,0.13586245845498984,0.5184142305826445,0.31164947850049174,0.02887240495241783
"Jaeger, Stephan",10,4,0.0075654644876215205,0.20785272894618761,0.5879482907896214,0.1903387892256332,0.006294726550936214
"Jaeger, Stephan",11,4,0.00512724286356897,0.10732859658897687,0.4432086842185394,0.3766879239987544,0.0676475523301604
"Jaeger, Stephan",12,5,0.036033013367904376,0.31047113516668867,0.4970442637208841,0.14854228188581897,0.007909305858703863
"Jaeger, Stephan",13,3,0.003791607787327289,0.19607076615981583,0.6380363915262349,0.1596534810834993,0.0024477534431226466
"Jaeger, Stephan",14,4,0.0033758206010188196,0.13609390066111754,0.5671176764280375,0.2783936337423599,0.015018968567466207
"Jaeger, Stephan",15,4,0.005725336526159086,0.13135915538274412,0.4965939001923923,0.32851571175509287,0.03780589614361163
"Jaeger, Stephan",16,3,0.0005453034322189798,0.08038824110726045,0.5993194631668465,0.3099917884589042,0.00975520383476991
"Jaeger, Stephan",17,4,0.006900783867714921,0.1501620048170485,0.51628662253748,0.2982582650206733,0.028392323757083227
"Jaeger, Stephan",18,4,0.004162754220548792,0.10642062049775647,0.46543301200905807,0.3699407440558633,0.05404286921677337
"Jakubcik, Filip",1,4,0.0033793056369942898,0.11832223207665166,0.5246407240586974,0.32606739436411414,0.027590343863542532
"Jakubcik, Filip",2,5,0.03310382898957864,0.3472106946120359,0.5099067010725742,0.10688928920213903,0.002889486123672236
"Jakubcik, Filip",3,3,0.0015281404100569995,0.13437192259446507,0.6417160260073516,0.2180801365324243,0.00430377445570207
"Jakubcik, Filip",4,4,0.0031102545655312674,0.10970224644658294,0.5098624986365683,0.3442003872818191,0.03312461306949843
"Jakubcik, Filip",5,4,0.014501727542455878,0.23489587871849243,0.5475213179893682,0.19338016804063174,0.009700907709051743
"Jakubcik, Filip",6,3,0.0008906939537243752,0.08044817880056698,0.5487936129654143,0.35019359076549883,0.019673923514795577
"Jakubcik, Filip",7,5,0.005993607889271557,0.1557052401745035,0.5428472295410975,0.2758758213160434,0.019578101079084087
"Jakubcik, Filip",8,4,0.0029315443497198723,0.14091760450451363,0.5914673634680936,0.2545435663626998,0.0101399213149731
"Jakubcik, Filip",9,4,0.003920349462100403,0.11662543906225148,0.5028183317219967,0.3407780733836151,0.03585780637003633
"Jakubcik, Filip",10,4,0.005606069454053952,0.1799083403757456,0.586929940913351,0.21909445623074197,0.008461193026107372
"Jakubcik, Filip",11,4,0.0039632575333668485,0.09255867883810698,0.42418572125547765,0.39935402894850613,0.07993831342454238
"Jakubcik, Filip",12,5,0.029376714126425785,0.2840682311411233,0.5071974259471292,0.16923418020746028,0.010123448577861405
"Jakubcik, Filip",13,3,0.0026435187360957513,0.165624361645327,0.6387443934516264,0.18946734982089963,0.0035203763460511794
"Jakubcik, Filip",14,4,0.0024415791483664018,0.11487768736815707,0.5518616417878744,0.3113007431204503,0.019518348575151778
"Jakubcik, Filip",15,4,0.004370787925497388,0.11326768586318975,0.48039057596147744,0.3558194564381367,0.046151493811698696
"Jakubcik, Filip",16,3,0.00035263913019151216,0.06386603478009034,0.571460493557487,0.3509119105991445,0.013408921933086626
"Jakubcik, Filip",17,4,0.005277537947962263,0.13010337224110308,0.5031272660117472,0.32636392752082566,0.03512789627836188
"Jakubcik, Filip",18,4,0.0031605854223742402,0.09101129186664314,0.44551692195176845,0.3953989124252407,0.06491228833397344
"Johnson, Dustin",1,4,0.004945990197794847,0.14478316685169867,0.5432775760115081,0.2866336704760456,0.020359596462952823
"Johnson, Dustin",2,5,0.04373540352377869,0.38620240864140204,0.4824852095537037,0.08563963807798669,0.0019373402031288567
"Johnson, Dustin",3,3,0.002506131883349527,0.17029565406963043,0.648396718446351,0.17610884989655673,0.0026926457041123175
"Johnson, Dustin",4,4,0.004547214777132269,0.13457663624135346,0.5308915187846786,0.30522974995290275,0.02475488024393302
"Johnson, Dustin",5,4,0.019822287553755202,0.2712070103073274,0.539604462010866,0.162491174424915,0.0068750657031363405
"Johnson, Dustin",6,3,0.001441519199667618,0.10391361669916527,0.5778610923590728,0.3030580523283226,0.013725719413771653
"Johnson, Dustin",7,5,0.008539287347000157,0.1863576881693712,0.5520872389621823,0.23875548967224847,0.014260295849197857
"Johnson, Dustin",8,4,0.004476305806070335,0.1738658831066061,0.6011430187289855,0.21361835491239023,0.006896437445947923
"Johnson, Dustin",9,4,0.0056294606466429364,0.14169739019657673,0.5222060582875911,0.30336584191387583,0.027101248955313406
"Johnson, Dustin",10,4,0.008225084531463978,0.21620913520581103,0.5872624617404762,0.18252884448750828,0.005774474034740518
"Johnson, Dustin",11,4,0.005510825101504135,0.11181632176216044,0.4482410531053183,0.37000762534640674,0.06442417468461037
"Johnson, Dustin",12,5,0.03814334678727893,0.3180229074246242,0.4935458972812046,0.14292640126559197,0.0073614472413002785
"Johnson, Dustin",13,3,0.004192441327508567,0.20529704441997204,0.6365935638713516,0.1517154706763466,0.0022014797048212076
"Johnson, Dustin",14,4,0.0036956704170233445,0.1425823728821563,0.5706082906779022,0.2692018385041848,0.013911827518733433
"Johnson, Dustin",15,4,0.006174584095060165,0.13683782839652975,0.5006408564558025,0.32068126592106716,0.03566546513154045
"Johnson, Dustin",16,3,0.0006159310136935048,0.08564076019994715,0.606280094372244,0.29857590104131115,0.00888731337280424
"Johnson, Dustin",17,4,0.00743820099407505,0.15620603311505554,0.5193875940673733,0.2902870410593863,0.02668113076410983
"Johnson, Dustin",18,4,0.004496540975528374,0.11112307442305452,0.47065473669653324,0.36250332579349265,0.051222322111391216
"Johnson, Zach",1,4,0.004233377321778142,0.13342948306091534,0.536380901578769,0.30283065002238696,0.0231255880161505
"Johnson, Zach",2,5,0.03904779793612928,0.37019855845635513,0.4944451387725963,0.09401891674063023,0.00228958809428903
"Johnson, Zach",3,3,0.002048307458095422,0.15479142523881373,0.6470401979495355,0.1928426751979866,0.0032773941555688246
"Johnson, Zach",4,4,0.0038936649473247376,0.12388919101188833,0.52294465782485,0.3213026345054144,0.027969851710522575
"Johnson, Zach",5,4,0.01745028137224852,0.2559846088894429,0.5437252896127827,0.17489953060138896,0.007940289524136945
"Johnson, Zach",6,3,0.0011842097118931472,0.09368758113950121,0.5667847136781439,0.3223796433566479,0.015963852113813792
"Johnson, Zach",7,5,0.007390319037178461,0.1733127378935329,0.5491377654853526,0.2538745046841059,0.016284672899830044
"Johnson, Zach",8,4,0.0037663053410258995,0.1597336213019635,0.5982622163610881,0.23013256287101636,0.008105294124906126
"Johnson, Zach",9,4,0.004855857822615162,0.13095464483236835,0.5149053265776365,0.31880825889114583,0.030475911876234107
"Johnson, Zach",10,4,0.007034564273538213,0.20078082946561787,0.5881919043673345,0.1972164916149186,0.006776210278590877
"Johnson, Zach",11,4,0.004815766694182044,0.10355712554984675,0.43872370301898966,0.38237758580048475,0.07052581893649679
"Johnson, Zach",12,5,0.03429099815561093,0.30396092023887716,0.4998498363011372,0.15348806582099872,0.008410179483375968
"Johnson, Zach",13,3,0.003473940576271206,0.18830474088305754,0.6388395334476461,0.16670195272467925,0.0026798323683459024
"Johnson, Zach",14,4,0.003120240675764663,0.13065455905097184,0.5637951280279705,0.2863964505098284,0.01603362173546463
"Johnson, Zach",15,4,0.00536150922677503,0.1267481030034585,0.4928942719176961,0.3352614423993687,0.03973467345270165
"Johnson, Zach",16,3,0.000490497610176055,0.07605542998794157,0.5929532963542257,0.31993866334507015,0.010562112702586557
"Johnson, Zach",17,4,0.0064652181983456125,0.1450642962417898,0.5133758795531618,0.30515434130324737,0.029940264703455455
"Johnson, Zach",18,4,0.0038929251636297124,0.10247571850769144,0.4607607349576125,0.37629818714288266,0.0565724342281837
"Johnston, Ryggs",1,4,0.0031839239417875698,0.11458258393235643,0.5212236201789237,0.3321452037496555,0.028864668197276844
"Johnston, Ryggs",2,5,0.03168437544146652,0.3411956873601132,0.5136204053259469,0.11043210864399366,0.0030674232284797487
"Johnston, Ryggs",3,3,0.0014140673781222746,0.12936145165725293,0.6396838870930837,0.22492611127221274,0.0046144825993283956
"Johnston, Ryggs",4,4,0.002931005580437851,0.10619639856751972,0.5061259507651996,0.350157798086447,0.034588847000395884
"Johnston, Ryggs",5,4,0.013808078814347702,0.2295180098198486,0.5481086512048459,0.19835316055215813,0.010212099608799763
"Johnston, Ryggs",6,3,0.0008260944266019199,0.07723918920765871,0.5436998982603494,0.35748216286331724,0.020752655242072704
"Johnston, Ryggs",7,5,0.005670589203863374,0.15130012711906404,0.5408121967179791,0.2816936006692241,0.02052348628986933
"Johnston, Ryggs",8,4,0.0027434661425728146,0.13626021891848306,0.5891871897515293,0.2610710628409916,0.010738062346423272
"Johnston, Ryggs",9,4,0.0037048297817124376,0.11307131047217384,0.4993540669125577,0.34648897103272913,0.03738082180082691
"Johnston, Ryggs",10,4,0.00527909719324382,0.1746796764853844,0.5861054708544085,0.22497934805740238,0.00895640740956094
"Johnston, Ryggs",11,4,0.0037646488842084658,0.08983284552523974,0.4202168229421014,0.4036462617994824,0.08253942084896804
"Johnston, Ryggs",12,5,0.02819735780032878,0.27891645365985607,0.5087932950744887,0.17347600603612257,0.010616887429203858
"Johnston, Ryggs",13,3,0.00245895878612995,0.16000292630478635,0.6380864761804843,0.19567658296637824,0.0037750557622211467
"Johnston, Ryggs",14,4,0.0022882690991967714,0.11099065680294873,0.5483357822864937,0.31786012712299494,0.02052516468836585
"Johnston, Ryggs",15,4,0.004141188310102184,0.1099194222534593,0.4768589721075141,0.36112751962618184,0.04795289770274258
"Johnston, Ryggs",16,3,0.0003231770670982792,0.06095257777558194,0.5654046399138432,0.35906836149012245,0.014251243753354181
"Johnston, Ryggs",17,4,0.005001935699086635,0.12637379320892872,0.500140713438993,0.3318895367476755,0.03659402090531605
"Johnston, Ryggs",18,4,0.0029914125411082404,0.08817986155930307,0.44133334046649025,0.40026122918401685,0.06723415624908158
"Jones, Frazer",1,4,0.0017913786984766755,0.08343498777071917,0.48275465995952177,0.3886832301734692,0.04333574339781321
"Jones, Frazer",2,5,0.020676768134163748,0.28518756378652665,0.5413957618076449,0.14746266271252606,0.005277243559138611
"Jones, Frazer",3,3,0.0006665060120216726,0.08853590139623829,0.6083627703528265,0.2937903315249225,0.008644490713990982
"Jones, Frazer",4,4,0.0016527508300164806,0.07708983666260183,0.46530628635222604,0.40491184320203555,0.0510392829531201
"Jones, Frazer",5,4,0.008585156009017159,0.1819332840420544,0.5454827243648814,0.24774527170419214,0.016253563879854882
"Jones, Frazer",6,3,0.00039919034493962613,0.05167897127471932,0.48905822631309803,0.4253598340732102,0.03350377799403281
"Jones, Frazer",7,5,0.003318785344876174,0.11380657678995071,0.5142658983919728,0.33720564636066774,0.03140309311253264
"Jones, Frazer",8,4,0.0014437921584178337,0.09755085455622314,0.5582136060562439,0.3247955319908974,0.017996215238217705
"Jones, Frazer",9,4,0.0021468026723746036,0.083328849282438,0.4612676682936851,0.39890279491055547,0.05435388484094683
"Jones, Frazer",10,4,0.002948808039527462,0.13013073434174494,0.5686972015077658,0.28325715209863855,0.014966104012323234
"Jones, Frazer",11,4,0.002295195205752776,0.06702165040911623,0.38001826784407444,0.4406060963103406,0.11005879023071596
"Jones, Frazer",12,5,0.018948088232570215,0.2318275116967039,0.51710161455181,0.21577487448642607,0.01634791103248978
"Jones, Frazer",13,3,0.0012182867105581807,0.11324330719888859,0.61949849229916,0.25895257333267707,0.007087340458716174
"Jones, Frazer",14,4,0.0012227027756511744,0.07895623383153677,0.5077724629413227,0.37977820668283657,0.032270393768652816
"Jones, Frazer",15,4,0.0024611673444110416,0.08180282141577694,0.4389312520801311,0.40912521354134324,0.06767954561833767
"Jones, Frazer",16,3,0.00013908591833744488,0.038425086653018525,0.5011165016245585,0.43571937704889196,0.024599948755193557
"Jones, Frazer",17,4,0.0029806339061598797,0.09483129213941821,0.46640267271888924,0.3828945384814526,0.05289086275408006
"Jones, Frazer",18,4,0.0017610444477138554,0.0646684671845853,0.3985969491068953,0.4427797216983708,0.09219381756243472
"Jordan, Matthew",1,4,0.004798325090207278,0.1425101610420893,0.5420172044984903,0.28979545502230253,0.020878854346910503
"Jordan, Matthew",2,5,0.04278180866600384,0.38308046222100783,0.48489643108353775,0.0872390169251076,0.0020022811043429734
"Jordan, Matthew",3,3,0.0024096352732855264,0.1671823578721381,0.648287757007003,0.1793209429741025,0.0027993068734708526
"Jordan, Matthew",4,4,0.00441179312051615,0.13243526950526158,0.5294186345932695,0.3083744994516877,0.025359803329265018
"Jordan, Matthew",5,4,0.01933658338816463,0.26820034432552925,0.540505614311416,0.164884000888724,0.007073457086166135
"Jordan, Matthew",6,3,0.001387346916487342,0.10184814146173032,0.5757978270998649,0.3068246495658209,0.01414203495609656
"Jordan, Matthew",7,5,0.008302298044265799,0.18375847112612798,0.5516066215074089,0.2416932757159752,0.01463933360622205
"Jordan, Matthew",8,4,0.004328282674856909,0.1710377118155036,0.6007037493092207,0.21681010392792954,0.0071201522724893
"Jordan, Matthew",9,4,0.0054696163129442366,0.13954829835857047,0.5208559774207325,0.30638871594336403,0.027737391964388736
"Jordan, Matthew",10,4,0.00797850856039245,0.2131378575349081,0.5875631153906606,0.18536060962280665,0.005959908891232102
"Jordan, Matthew",11,4,0.0053678545517239495,0.11016291198351391,0.4464243532330816,0.3724574248518484,0.06558745537983213
"Jordan, Matthew",12,5,0.037361110740185666,0.31526476181895235,0.49485387820017346,0.14496269005269258,0.007557559187995944
"Jordan, Matthew",13,3,0.00404183380107731,0.20189994640799863,0.6371840699059417,0.15458544420131592,0.0022887056836664588
"Jordan, Matthew",14,4,0.003575816231749629,0.14018992644099726,0.5693788582035778,0.2725476066029022,0.014307792520773077
"Jordan, Matthew",15,4,0.006006990897664155,0.1348203632207044,0.4991933579465543,0.323543798332375,0.036435489602702154
"Jordan, Matthew",16,3,0.0005892073784898311,0.08369353622654019,0.6037911754742069,0.30272992981266134,0.00919615110810168
"Jordan, Matthew",17,4,0.007237767963271802,0.15398199902564352,0.5182894271932381,0.29319489047809266,0.02729591533975395
"Jordan, Matthew",18,4,0.004371944505237202,0.10938952382353528,0.46877239373517005,0.36522744780878635,0.052238690127271115
"Kaewkanjana, Sadom",1,4,0.0038978330688418383,0.12771340451602597,0.5323067368618494,0.3113845528412711,0.024697472712011725
"Kaewkanjana, Sadom",2,5,0.03675935111478085,0.36173863666217504,0.5003692481341486,0.09863625475090942,0.0024965093379860637
"Kaewkanjana, Sadom",3,3,0.0018399798841013948,0.14703419389387062,0.645535933347509,0.20196245390073164,0.003627438973787367
"Kaewkanjana, Sadom",4,4,0.0035859039470451104,0.11851677647789988,0.5183541070550941,0.329753945747462,0.029789266772498935
"Kaewkanjana, Sadom",5,4,0.016306942001632296,0.24812158362599768,0.5454099569467719,0.18160695424654394,0.008554563179054231
"Kaewkanjana, Sadom",6,3,0.001066836312947128,0.08862745750415274,0.5604412216255441,0.332607391609839,0.017257092947517094
"Kaewkanjana, Sadom",7,5,0.00684436469765376,0.16668521565953937,0.5470996699985743,0.2619300482684275,0.017440701375805112
"Kaewkanjana, Sadom",8,4,0.003436057146862348,0.15261484920689922,0.5961194781435721,0.23901924252359785,0.008810372979068393
"Kaewkanjana, Sadom",9,4,0.004489508495678363,0.12553801533153025,0.510672278506292,0.3269208990477621,0.03237929861873723
"Kaewkanjana, Sadom",10,4,0.006473526893751247,0.19293004212803333,0.5880785572956149,0.20515763956893518,0.007360234113665376
"Kaewkanjana, Sadom",11,4,0.004483641012370254,0.0993975675652245,0.4334906525210328,0.38873171243104654,0.0738964264703259
"Kaewkanjana, Sadom",12,5,0.03240327706626683,0.29660063884730997,0.5027852496440269,0.15920028827377808,0.009010546168618183
"Kaewkanjana, Sadom",13,3,0.003143368804171487,0.1797305262425521,0.6392539348124273,0.17490580295396352,0.002966367186885588
"Kaewkanjana, Sadom",14,4,0.0028520620191151425,0.12467173762263523,0.5596916319446819,0.29553206200677673,0.01725250640679099
"Kaewkanjana, Sadom",15,4,0.004974603975616609,0.12165561321749052,0.4884779646227077,0.34287813248430754,0.04201368569987762
"Kaewkanjana, Sadom",16,3,0.00043463751475736334,0.07136573934731955,0.5853554749085397,0.3312990586567367,0.01154508957264666
"Kaewkanjana, Sadom",17,4,0.006001683105946731,0.13942271122129007,0.5098214724003773,0.3129778900313379,0.031776243241047886
"Kaewkanjana, Sadom",18,4,0.0036064889541461698,0.09813272297391368,0.45528967626328537,0.3834237784126897,0.059547333395965074
"Kanaya, Takumi",1,4,0.004396270433100591,0.13611390558663816,0.5381504865152595,0.2989082097830764,0.022431127681925345
"Kanaya, Takumi",2,5,0.040139053899843125,0.37407641449376255,0.49163807663674053,0.09194675191035884,0.002199703059294955
"Kanaya, Takumi",3,3,0.002151170835964611,0.15844621513631568,0.647549479690327,0.18872635189703657,0.003126782440356135
"Kanaya, Takumi",4,4,0.004043062889270033,0.12641412607461477,0.5249598306196122,0.31741865439389017,0.027164326022612872
"Kanaya, Takumi",5,4,0.017998935816646744,0.25963040674246735,0.5428397950946848,0.17185994131722349,0.007670921028977595
"Kanaya, Takumi",6,3,0.0012420906854405112,0.09608463030796627,0.5695812269936971,0.3176947710984743,0.01539728091442183
"Kanaya, Takumi",7,5,0.007654167944641355,0.176411139029298,0.5499623404761242,0.25019715093781447,0.01577520161212198
"Kanaya, Takumi",8,4,0.003927606462370559,0.16307610373021514,0.5991025427613739,0.22609587000964526,0.007797877036395118
"Kanaya, Takumi",9,4,0.0050332012390189584,0.13349648292782296,0.516760220306071,0.3150783156951805,0.02963177983190657
"Kanaya, Takumi",10,4,0.007306824219275754,0.20444840793172486,0.5881052490277732,0.19361799593943307,0.006521522881793085
"Kanaya, Takumi",11,4,0.004975823350639341,0.10551009360739422,0.44107613494003495,0.37942275754455335,0.06901519055737815
"Kanaya, Takumi",12,5,0.03518945882679131,0.30735110795671144,0.49841322346803374,0.15090027269438422,0.008145937054079289
"Kanaya, Takumi",13,3,0.0036362787066595015,0.19232738600560356,0.6384723097747846,0.16300743694829756,0.0025565885646547937
"Kanaya, Takumi",14,4,0.0032510959860363453,0.1334695495633722,0.5655614139078098,0.28221988551554966,0.015498055027232005
"Kanaya, Takumi",15,4,0.005548353948275797,0.12913659037545921,0.4948451214640963,0.331749585571399,0.038720348640769675
"Kanaya, Takumi",16,3,0.0005183716897007584,0.07828964628082169,0.5963103206693297,0.31474679108121095,0.010134870278937003
"Kanaya, Takumi",17,4,0.006688942451305024,0.14770610991110877,0.5149190085927315,0.301560409511452,0.02912552953340264
"Kanaya, Takumi",18,4,0.004031440384651697,0.10451767144570534,0.4632134500949006,0.3729938867003365,0.05524355137440584
"Kawamoto, Riki",1,4,0.0033758176165862297,0.11825650470018723,0.5245825321811501,0.32617304691581284,0.027612098586263567
"Kawamoto, Riki",2,5,0.033078702479529154,0.34710613858917055,0.5099724319612293,0.10695022754298611,0.002892499427084916
"Kawamoto, Riki",3,3,0.0015260868320915444,0.1342836948763932,0.6416829407259388,0.2181982633620051,0.004309014203571437
"Kawamoto, Riki",4,4,0.0031070546825263112,0.10964060772108802,0.5097986426106809,0.34430406035732597,0.03314963462837883
"Kawamoto, Riki",5,4,0.014489412448946637,0.23480191853322757,0.5475329579067552,0.19346610776725703,0.009709603343813544
"Kawamoto, Riki",6,3,0.0008895318823201048,0.0803915375451647,0.5487064100526742,0.3503202513010778,0.019692269218763214
"Kawamoto, Riki",7,5,0.005987853619836503,0.15562798104070708,0.5428132195322422,0.2759767247737741,0.019594221033440107
"Kawamoto, Riki",8,4,0.0029281765090910516,0.1408357415405162,0.5914294867164622,0.25465652509082626,0.010150070143104317
"Kawamoto, Riki",9,4,0.003916507304394412,0.11656299836349393,0.502759168538328,0.3408774733414095,0.03588385245237413
"Kawamoto, Riki",10,4,0.005600232681795436,0.17981665693482862,0.586917346532987,0.21919616803520103,0.008469595815187914
"Kawamoto, Riki",11,4,0.0039597247899094135,0.09251078460787221,0.4241173109695942,0.39942916545877516,0.07998301417384901
"Kawamoto, Riki",12,5,0.029355858948038382,0.2839785013327498,0.5072263185068876,0.16930746505860794,0.010131856153716257
"Kawamoto, Riki",13,3,0.0026402048963939384,0.16552557482290975,0.6387351828161252,0.18957436710351083,0.0035246703610603003
"Kawamoto, Riki",14,4,0.00243883536067635,0.11480930335467637,0.5518017610972952,0.31141460688046496,0.019535493306887197
"Kawamoto, Riki",15,4,0.0043666996072251885,0.11320887928035295,0.48033009737042437,0.3559119722016487,0.046182351540348776
"Kawamoto, Riki",16,3,0.0003521060865938064,0.06381446430935173,0.571356717464657,0.3510535167355986,0.013423195403798882
"Kawamoto, Riki",17,4,0.005272631717204934,0.13003791572093426,0.5030764198908748,0.32646005666786027,0.035152976003125724
"Kawamoto, Riki",18,4,0.003157571183494412,0.09096150664096242,0.44544488284780714,0.3954839095147028,0.06495212981303322
"Kim, Michael",1,4,0.005385715971396254,0.15133168211662923,0.5465931201364191,0.277739396996609,0.01895008477894633
"Kim, Michael",2,5,0.04652512214146659,0.39497685483534234,0.47550206650308036,0.08123203849712413,0.001763918022986588
"Kim, Michael",3,3,0.002798212079462792,0.17928836616184313,0.6482892395469513,0.16721359048014128,0.002410591731601519
"Kim, Michael",4,4,0.004950473104953834,0.14075077314610007,0.534824625238373,0.29636472546612347,0.02310940304444964
"Kim, Michael",5,4,0.021252174252906153,0.2797587976476785,0.5368139713337903,0.15583466936664125,0.006340387398983793
"Kim, Michael",6,3,0.001605327070848428,0.10991386701238298,0.5833982536697363,0.2924773743817084,0.012605177865323891
"Kim, Michael",7,5,0.00924187546684102,0.19381230338897182,0.5531859682342641,0.230526006329824,0.013233846580098962
"Kim, Michael",8,4,0.004919662023556204,0.18200978033061865,0.6020510459424862,0.20472246962164242,0.006297042081696569
"Kim, Michael",9,4,0.006104154648572335,0.14788478276382955,0.5258028866645679,0.29484028077544655,0.025367895147583752
"Kim, Michael",10,4,0.008958954454910517,0.22500905611457084,0.5861008207999773,0.17465366807699068,0.005277500553550696
"Kim, Michael",11,4,0.005933606295626448,0.11658025450586806,0.4532410876269449,0.3630237926863944,0.06122125888516616
"Kim, Michael",12,5,0.04042793100759434,0.32581648448700606,0.4896622957130562,0.13726235279123977,0.006830936001103627
"Kim, Michael",13,3,0.004645870329910484,0.2150686363767137,0.6345302528298356,0.14378436120085203,0.001970879262688241
"Kim, Michael",14,4,0.004054344522943898,0.1494869049569858,0.573797600731424,0.2598183216711142,0.012842828117532012
"Kim, Michael",15,4,0.006671143067530416,0.14264377900601322,0.5045394763243995,0.3125857325729785,0.03355986902907837
"Kim, Michael",16,3,0.0006976786751765607,0.09132801544342739,0.6129764777125795,0.28693520398320027,0.008062624185616318
"Kim, Michael",17,4,0.00803170709312473,0.1625960061064453,0.5222754285795668,0.2820919609889142,0.025004897231948986
"Kim, Michael",18,4,0.00486621917751745,0.116124376638706,0.47581801583095323,0.35475823751092406,0.04843315084189925
"Kim, Si Woo",1,4,0.006043510430901233,0.16057691860517076,0.5505243046021312,0.2656984669780965,0.017156799383700294
"Kim, Si Woo",2,5,0.050571164637835064,0.40683111566416885,0.4655740201280454,0.07547418394766547,0.0015495156222852247
"Kim, Si Woo",3,3,0.0032475421972743557,0.19203653731295972,0.6471485027530396,0.15549942234382985,0.0020679953928964823
"Kim, Si Woo",4,4,0.005553706964481431,0.14947978388460414,0.5396388469356426,0.28431947801791346,0.021008184197358393
"Kim, Si Woo",5,4,0.0233489605976247,0.29156225802550534,0.5324251550631107,0.14699501440650553,0.005668611907253762
"Kim, Si Woo",6,3,0.001856937914043344,0.11850729212451855,0.5902425933029412,0.27819225887457333,0.011200917783923625
"Kim, Si Woo",7,5,0.010284792795334174,0.20425370364674433,0.5540628778527148,0.21946530521899554,0.011933320486211096
"Kim, Si Woo",8,4,0.005589496179712272,0.19349489758211158,0.6024907477039947,0.19287300512910455,0.005551853405076912
"Kim, Si Woo",9,4,0.006810929106293995,0.1566105998682602,0.5301847080529202,0.2832460318780251,0.023147731094500523
"Kim, Si Woo",10,4,0.010055588327707421,0.23731152829058333,0.5837704745073762,0.1642031112529343,0.004659297621398828
"Kim, Si Woo",11,4,0.006558529604415775,0.12330883899078476,0.45974134867460936,0.35334877846503476,0.057042504265155336
"Kim, Si Woo",12,5,0.043732182981362056,0.336449871540747,0.483916946271973,0.12974106147497688,0.006159937730941034
"Kim, Si Woo",13,3,0.005336972228523362,0.22882024789989325,0.6307743203231393,0.13337756634232278,0.0016908932061212578
"Kim, Si Woo",14,4,0.004595468322931062,0.15926326509533,0.5774629802903646,0.24718244576539128,0.01149584052598307
"Kim, Si Woo",15,4,0.007407548138477049,0.15082607954253863,0.5093969283270683,0.30152348594857936,0.030845958043336674
"Kim, Si Woo",16,3,0.0008257714674515526,0.0995486737625787,0.6212940079910273,0.27128792762942044,0.007043619149522007
"Kim, Si Woo",17,4,0.008910952122421822,0.17157525386061456,0.5256975949408313,0.270960800853736,0.02285539822239635
"Kim, Si Woo",18,4,0.005415800825714245,0.12320373165033427,0.48248667404218726,0.3440783144383387,0.04481547904342553
"Kim, Tom",1,4,0.00548847801362734,0.15281745606547065,0.5472824751574099,0.2757645044106706,0.01864708635282153
"Kim, Tom",2,5,0.04716684992670306,0.3969232974318073,0.47391127333439975,0.08027138533493439,0.001727193972155483
"Kim, Tom",3,3,0.0028674539622946527,0.1813331955539414,0.6481814479856844,0.16526649205798583,0.002351410440093682
"Kim, Tom",4,4,0.005044711762883292,0.1421526125751461,0.5356550852272903,0.29439258990967476,0.022755000525005564
"Kim, Tom",5,4,0.021582950443025994,0.28167670998322397,0.5361427285389643,0.1543714087814939,0.006226202253291846
"Kim, Tom",6,3,0.0016441281948933462,0.11128534851256017,0.5845731328588588,0.2901312076910516,0.012366182742636012
"Kim, Tom",7,5,0.009405420828507871,0.19549679629337396,0.5533785106595941,0.22870559996233253,0.013013672256191544
"Kim, Tom",8,4,0.005023800828438674,0.18385658228677731,0.6021861520248293,0.20276372984486102,0.006169735015093769
"Kim, Tom",9,4,0.006214821763770972,0.149287810241437,0.5265605776673867,0.2929428132145453,0.02499397711286
"Kim, Tom",10,4,0.009130367793066585,0.2269956926148562,0.5857789349562283,0.1729230872295272,0.005171917406321613
"Kim, Tom",11,4,0.006031803084998455,0.11766130493177174,0.45432876295141483,0.36145444810925653,0.06052368092255844
"Kim, Tom",12,5,0.040952698911204066,0.3275539853489734,0.48875873787231366,0.13601733019153717,0.006717247675971705
"Kim, Tom",13,3,0.004752856257620008,0.2172822598531986,0.6339907849919809,0.14205159406107426,0.0019225048361262154
"Kim, Tom",14,4,0.0041385300567067795,0.15105583882490276,0.5744509458499285,0.2577405039552927,0.01261418131316927
"Kim, Tom",15,4,0.006786672533060256,0.14395983237045884,0.5053698209802924,0.31077950542988364,0.03310416868630495
"Kim, Tom",16,3,0.000717239380621959,0.09263416286669907,0.6144007990920619,0.2843597779236714,0.007888020736945611
"Kim, Tom",17,4,0.008169718245541358,0.16404229596258313,0.5228756722945516,0.2802692290489168,0.024643084448407127
"Kim, Tom",18,4,0.0049523354526875285,0.11726058762461411,0.47693754258263593,0.3530220062729519,0.04782752806711055
"Kimsey, Nathan",1,4,0.004188745027374652,0.13268397320449954,0.5358734756097304,0.303930555761158,0.02332325039723737
"Kimsey, Nathan",2,5,0.038746612592872764,0.3691109650899042,0.49522205438531886,0.09460502270788684,0.002315345224017329
"Kimsey, Nathan",3,3,0.002020316731726479,0.15377772490393715,0.6468769107801262,0.19400432878900498,0.0033207187952051243
"Kimsey, Nathan",4,4,0.0038527295159028196,0.12318818958328409,0.5223693612493384,0.32239078815613875,0.02819893149533592
"Kimsey, Nathan",5,4,0.01729924130315902,0.25496684980987633,0.543960801672641,0.175755919115682,0.008017188098641603
"Kimsey, Nathan",6,3,0.001168451480435262,0.09302420522885207,0.5659877360907726,0.32369394765018344,0.016125659549756644
"Kimsey, Nathan",7,5,0.0073178925458036725,0.1724506785912751,0.5488940607452709,0.25490754224881806,0.016429825868832237
"Kimsey, Nathan",8,4,0.003722218284692491,0.15880526638413367,0.5980104341450762,0.2312688234837852,0.008193257702312495
"Kimsey, Nathan",9,4,0.00480721013563723,0.13024851654392766,0.5143753940297096,0.3198530720765851,0.030715807214140467
"Kimsey, Nathan",10,4,0.006959953815597719,0.19976009236008224,0.5882004911696972,0.1982303828887445,0.006849079765878341
"Kimsey, Nathan",11,4,0.004771781161383992,0.10301470933560553,0.4380586840421601,0.38320150849347223,0.07095331696737817
"Kimsey, Nathan",12,5,0.034042835393331805,0.30301198299806814,0.5002424319945435,0.15421724663904535,0.008485502975011161
"Kimsey, Nathan",13,3,0.003429667773612255,0.18718709697041058,0.6389224319160804,0.1677455142657498,0.002715289074146976
"Kimsey, Nathan",14,4,0.0030844608809545426,0.1298733793459948,0.5632867217338309,0.2875690443835395,0.01618639365568031
"Kimsey, Nathan",15,4,0.005310205227225584,0.12608443898238347,0.4923387871884573,0.33624404469106206,0.04002252391087158
"Kimsey, Nathan",16,3,0.0004829453589444421,0.0754385332417098,0.5919974513553243,0.32139655233496556,0.010684517709055874
"Kimsey, Nathan",17,4,0.00640377352092103,0.14432976726604396,0.5129333111658103,0.3061613996262662,0.03017174842095849
"Kimsey, Nathan",18,4,0.0038549127456271592,0.10190890680730152,0.4600665837562755,0.3772205966474066,0.05694900004338921
"Kirk, Chris",1,4,0.0047189136379383045,0.14127140672192667,0.5413056903148874,0.29153522995844106,0.021168759366806622
"Kirk, Chris",2,5,0.04226530497347425,0.3813620941300062,0.4862073379816044,0.08812648272422774,0.0020387801906873726
"Kirk, Chris",3,3,0.002358083358512675,0.16548753222706647,0.6481952661834425,0.18109962718253092,0.0028594910484474045
"Kirk, Chris",4,4,0.004338965158591945,0.13126862350169965,0.5285917459866971,0.31010341507158945,0.02569725028142178
"Kirk, Chris",5,4,0.019074172569501557,0.26655328081466295,0.5409813329899962,0.16620666891223435,0.007184544713604968
"Kirk, Chris",6,3,0.001358393853013784,0.1007262822732814,0.5746417183379353,0.30889834334283717,0.014375262192932281
"Kirk, Chris",7,5,0.008174621088654466,0.18233935947509777,0.5513222824427697,0.24331257922285987,0.014851157770618184
"Kirk, Chris",8,4,0.004248866163392762,0.1694961352964534,0.6004363220790191,0.21857296071637544,0.007245715744759296
"Kirk, Chris",9,4,0.0053835597353783515,0.13837674955904483,0.5200973677458762,0.30805031242752834,0.02809201053217225
"Kirk, Chris",10,4,0.0078458779932995,0.21146039208233958,0.587703691618828,0.18692606230245312,0.006063976003079841
"Kirk, Chris",11,4,0.005290749020335717,0.1092618349392675,0.44541608405834254,0.3737981334201034,0.06623319856195087
"Kirk, Chris",12,5,0.036937127161398464,0.31374983062285056,0.4955574893612274,0.14608834735871934,0.007667205495804241
"Kirk, Chris",13,3,0.003961200006041721,0.2000475041189652,0.6374773115650731,0.1561760553796585,0.0023379289302614126
"Kirk, Chris",14,4,0.0035114896148261687,0.13888700382195118,0.5686813010062642,0.2743908559333951,0.014529349623563337
"Kirk, Chris",15,4,0.00591667797794182,0.1337203701833487,0.4983833178701562,0.3251155075702009,0.03686412639835235
"Kirk, Chris",16,3,0.0005749910866147401,0.08263822180978098,0.6023979338872228,0.3050191302417222,0.009369722974659211
"Kirk, Chris",17,4,0.007129732707842951,0.1527685842426224,0.5176693879575676,0.29479375538525754,0.027638539706709597
"Kirk, Chris",18,4,0.004304839087594325,0.10844527267531301,0.4677263422850981,0.3667199110821514,0.052803634869843186
"Knipes, Curtis",1,4,0.0016908477136641786,0.08076500601705155,0.47844219263439036,0.39408637169287664,0.04501558194201727
"Knipes, Curtis",2,5,0.019802492806379246,0.279820550226227,0.5433796118805423,0.15144259665512771,0.005554748431723766
"Knipes, Curtis",3,3,0.0006178429376574313,0.08512916942682297,0.6041909091456099,0.3008942146250605,0.009167863864849246
"Knipes, Curtis",4,4,0.0015603956717622491,0.07460273023946395,0.4608282507018737,0.41007775432726157,0.05293086905963851
"Knipes, Curtis",5,4,0.008183602649291799,0.17759248189071047,0.544445490220414,0.2527979993743764,0.016980425865207316
"Knipes, Curtis",6,3,0.0003710691129458765,0.049593931760309184,0.4831621989021144,0.4318379269035505,0.03503487332108002
"Knipes, Curtis",7,5,0.003144760211607367,0.11051890760663097,0.5109984676261909,0.34265650427643013,0.03268136027914059
"Knipes, Curtis",8,4,0.0013534467129057703,0.09424558610375955,0.5543244846123578,0.3311882101541409,0.018888272416835883
"Knipes, Curtis",9,4,0.002032404151068201,0.08076518727815335,0.4570675395023129,0.4038428599433298,0.05629200912513577
"Knipes, Curtis",10,4,0.0027807728052999248,0.1262253544865884,0.5660966954336613,0.28919203390114234,0.015705143373308084
"Knipes, Curtis",11,4,0.0021842670578218204,0.06505273649082205,0.37585562479805634,0.44384925844445805,0.11305811320884174
"Knipes, Curtis",12,5,0.018203382770596188,0.22738758238640516,0.517257334335897,0.2201241901842641,0.017027510322837447
"Knipes, Curtis",13,3,0.0011349635005175052,0.10925372200841255,0.616525899445332,0.2655667663471962,0.007518648698541797
"Knipes, Curtis",14,4,0.0011480682626360261,0.0762431042333217,0.5031611430612546,0.3857818688595913,0.03366581558319637
"Knipes, Curtis",15,4,0.002336027557971243,0.0793692533740274,0.43481878155148684,0.41357849694773074,0.06989744056878378
"Knipes, Curtis",16,3,0.00012778785942935134,0.036648948040051976,0.4942475775840763,0.44309246822820314,0.02588321828823925
"Knipes, Curtis",17,4,0.002829706149073241,0.09208152428334548,0.4626067727332767,0.38773407866497134,0.05474791816933322
"Knipes, Curtis",18,4,0.0016700143457913375,0.06265681347877733,0.39414346496518216,0.44657649809955624,0.09495320911069294
"Koepka, Brooks",1,4,0.005234134046945393,0.14911002062142603,0.5455195844059124,0.2807218095929169,0.019414451332799176
"Koepka, Brooks",2,5,0.04557161316142583,0.39203604808996434,0.4778766512220711,0.08269510233862865,0.001820585187910062
"Koepka, Brooks",3,3,0.0026967453962131738,0.17623376775685207,0.6483939009382238,0.17017329095086442,0.002502294957846485
"Koepka, Brooks",4,4,0.004811463252231807,0.13865531302019118,0.5335407476793499,0.2993403999968205,0.023652076051406623
"Koepka, Brooks",5,4,0.02076196247554496,0.27687564578357493,0.5377919408749767,0.15805454404151986,0.006515906824383522
"Koepka, Brooks",6,3,0.00154844709846913,0.10787003252658023,0.5815860397107562,0.29602271252437096,0.01297276813982351
"Koepka, Brooks",7,5,0.009000194544152462,0.19128879279871547,0.5528595640586842,0.23327983689507226,0.013571611703375619
"Koepka, Brooks",8,4,0.004766407710313503,0.17924759586719086,0.6018009249382106,0.2076918504157057,0.006493221068579302
"Koepka, Brooks",9,4,0.005940731357597762,0.14578630211049376,0.52463022823826,0.2977026986814536,0.02594003961219493
"Koepka, Brooks",10,4,0.008706044284605308,0.22203160738933547,0.5865426549669228,0.17727951156784094,0.005440181791295462
"Koepka, Brooks",11,4,0.0057883493100144845,0.11496391490343988,0.45158286643448636,0.3653808716490774,0.062283997702981875
"Koepka, Brooks",12,5,0.03964769253721656,0.32319741167926697,0.49099830066452865,0.13915117910532704,0.007005416013660781
"Koepka, Brooks",13,3,0.004488751830727777,0.21175619848655935,0.6352886753274911,0.14642053012289902,0.002045844232322791
"Koepka, Brooks",14,4,0.003930412296528518,0.14714251876696072,0.5727729094076786,0.2629601107218176,0.01319404880701458
"Koepka, Brooks",15,4,0.006500380129579875,0.14067506177727968,0.5032610123704517,0.3153074291141691,0.03425611660851957
"Koepka, Brooks",16,3,0.0006691377390492526,0.08938578221359861,0.6107819953234594,0.29083100761384717,0.008332077110045466
"Koepka, Brooks",17,4,0.007827663500955984,0.16043098742849488,0.5213405406448695,0.28484244128759084,0.02555836713808879
"Koepka, Brooks",18,4,0.004739004594442042,0.11442644613358094,0.4741086337801348,0.3573688354796184,0.04935708001222383
"Kokrak, Jason",1,4,0.004178180526260344,0.13250686640655857,0.5357518934285946,0.3041925377613389,0.02337052187724753
"Kokrak, Jason",2,5,0.03867518143501808,0.3688519045246709,0.495406444682571,0.09474495293842411,0.0023215164193158833
"Kokrak, Jason",3,3,0.0020137036574977563,0.1535369902188174,0.6468367002981694,0.19428149604066047,0.0033311097848549576
"Kokrak, Jason",4,4,0.0038430400126756026,0.12302167022555582,0.5222316774252096,0.3226499084293346,0.02825370390722437
"Kokrak, Jason",5,4,0.017263444425932195,0.254724727533524,0.5440160729709136,0.17596016157120742,0.008035593498422866
"Kokrak, Jason",6,3,0.001164727934298948,0.09286676004796968,0.56579708627024,0.3240070341368144,0.016164391610677065
"Kokrak, Jason",7,5,0.007300740645104387,0.17224578214058178,0.5488352105992946,0.2551537176980466,0.016464548916972577
"Kokrak, Jason",8,4,0.003711789827480272,0.1585847168751492,0.5979494246616572,0.23153974401763222,0.008214324618081137
"Kokrak, Jason",9,4,0.004795691591660822,0.13008075134189778,0.5142485420540478,0.32010185998575735,0.030773155026636245
"Kokrak, Jason",10,4,0.006942292725827359,0.19951746114305907,0.5882015246332715,0.19847219017263684,0.006866531325205205
"Kokrak, Jason",11,4,0.004761361364043537,0.10288584717429622,0.43789994111973374,0.3833974553525308,0.07105539498939573
"Kokrak, Jason",12,5,0.03398396720633412,0.3027860698680811,0.5003352820441692,0.15439115672030268,0.008503524161112885
"Kokrak, Jason",13,3,0.0034192016357257327,0.1869215545025122,0.6389408840159314,0.16799456651898914,0.0027237933268415837
"Kokrak, Jason",14,4,0.0030759965239794407,0.1296878368675663,0.5631647836749212,0.28784843174316477,0.016222951190368318
"Kokrak, Jason",15,4,0.0052980545271859025,0.12592675370067818,0.49220593612717367,0.33647794674483245,0.040091308900129796
"Kokrak, Jason",16,3,0.0004811631477354972,0.07529221045051443,0.5917688539480015,0.32174392926105644,0.010713843192692085
"Kokrak, Jason",17,4,0.006389220222378367,0.14415521411415333,0.5128272640410081,0.30640121990369484,0.030227081718765425
"Kokrak, Jason",18,4,0.003845911342142072,0.10177426961714464,0.4599008371690261,0.37744003303952645,0.05703894883216076
"Langasque, Romain",1,4,0.004171853272360471,0.13240067536986555,0.5356788028105061,0.3043497451007343,0.023398923446533604
"Langasque, Romain",2,5,0.038632374264043035,0.3686964482335044,0.49551696973183323,0.09482898148898333,0.002325226281636006
"Langasque, Romain",3,3,0.0020097452514362124,0.15339266437994464,0.6468123280775551,0.19444790388999522,0.0033373584010688573
"Langasque, Romain",4,4,0.0038372367995939682,0.12292182982945804,0.522148936553356,0.32280538697830163,0.028286609839290322
"Langasque, Romain",5,4,0.017241996688474148,0.25457949152868836,0.5440490874160124,0.17608276980831983,0.008046654558505173
"Langasque, Romain",6,3,0.00116249902584048,0.09277238544323013,0.5656825318199897,0.3241949146255162,0.01618766908542346
"Langasque, Romain",7,5,0.007290466525225192,0.17212291003029828,0.5487997482594312,0.25530146229850514,0.01648541288654015
"Langasque, Romain",8,4,0.0037055453392916826,0.15845247720582673,0.5979126231456218,0.23170236671371325,0.00822698759554652
"Langasque, Romain",9,4,0.004788792283053456,0.12998015880665997,0.5141723059703532,0.3202511366967502,0.030807606243183128
"Langasque, Romain",10,4,0.006931715074732336,0.19937195665807167,0.5882019580603455,0.19861734910584017,0.006877021101010294
"Langasque, Romain",11,4,0.004755119229446381,0.10280858240332807,0.4378046207772472,0.3835149816743433,0.07111669591563508
"Langasque, Romain",12,5,0.03394868649699112,0.3026505266876436,0.500390876539087,0.15449555729026576,0.008514352986012552
"Langasque, Romain",13,3,0.0034129357368475333,0.18676233312707663,0.6389517178894935,0.16814410583410355,0.002728907412478776
"Langasque, Romain",14,4,0.003070927955756697,0.12957659496085389,0.5630914569381862,0.2880161005009776,0.016244919644225586
"Langasque, Romain",15,4,0.005290775982177642,0.1258322034618934,0.492126116237933,0.3366182783407661,0.040132625977229885
"Langasque, Romain",16,3,0.0004800967468350792,0.07520451953970608,0.5916315085309916,0.32195240307839157,0.010731472104075657
"Langasque, Romain",17,4,0.0063805022994204985,0.1440505440519586,0.5127635115456686,0.3065451200510756,0.030260322051876787
"Langasque, Romain",18,4,0.0038405195464568664,0.10169354599177582,0.4598013022061788,0.37757166048613666,0.05709297176945183
"Lawrence, Thriston",1,4,0.00501139160765246,0.1457775905771247,0.543810879714907,0.28526268695447465,0.02013745114584109
"Lawrence, Thriston",2,5,0.04415497887062586,0.38755571070831757,0.4814280965331488,0.08495148481031534,0.0019097290775924591
"Lawrence, Thriston",3,3,0.0025491307144726583,0.17165905879809557,0.6484201309275082,0.17472421604545751,0.0026474635144660974
"Lawrence, Thriston",4,4,0.0046071929805791,0.13551374289801987,0.5315181109409862,0.3038650707017164,0.024495882478698383
"Lawrence, Thriston",5,4,0.020036494445179576,0.2725161301308298,0.5391989786278447,0.16145797526966987,0.00679042152647602
"Lawrence, Thriston",6,3,0.0014656491457712972,0.10482006178132514,0.5787404526534163,0.3014256550112582,0.013548181408228999
"Lawrence, Thriston",7,5,0.008644077567614983,0.18749291525223855,0.5522810690695168,0.23748365394222293,0.01409828416840675
"Lawrence, Thriston",8,4,0.0045420076922144115,0.17510297622076915,0.6013146394482632,0.21223917701265438,0.0068011996260988195
"Lawrence, Thriston",9,4,0.00570018421010049,0.14263736423128037,0.5227799238973494,0.3020538180066734,0.026828709654596272
"Lawrence, Thriston",10,4,0.008334272861947767,0.2175500664706395,0.5871138956500108,0.18130624074737234,0.005695524270029506
"Lawrence, Thriston",11,4,0.005573982395434107,0.11253969139876335,0.44902245650600736,0.3689400324598021,0.06392383723999306
"Lawrence, Thriston",12,5,0.03848730757469154,0.31922087471091476,0.4929669638610674,0.14204719584512326,0.007277658008203014
"Lawrence, Thriston",13,3,0.004259418879964338,0.20678241828028926,0.636314328288313,0.15047930046191482,0.002164534089518555
"Lawrence, Thriston",14,4,0.003748851789114327,0.14362973234985665,0.5711259273220742,0.26775271270748824,0.013742775831466547
"Lawrence, Thriston",15,4,0.006248672413469769,0.1377200869548431,0.5012585582320225,0.31943755475627356,0.035335127643391084
"Lawrence, Thriston",16,3,0.0006278855978651965,0.0864970344487519,0.6073418585071472,0.29677721844838145,0.008756002997854284
"Lawrence, Thriston",17,4,0.007526787457831363,0.157178036146008,0.5198521997960392,0.28902529796462095,0.026417678635500486
"Lawrence, Thriston",18,4,0.004551649964499305,0.11188187514004139,0.47146337917507736,0.36131737969116884,0.05078571602921311
"Lee, Min Woo",1,4,0.0055235682969977384,0.1533211322446909,0.5475110392008367,0.2750985493108423,0.018545710946632377
"Lee, Min Woo",2,5,0.04738513282437373,0.3975794866203055,0.47337153038369983,0.07994889848218611,0.0017149516894348071
"Lee, Min Woo",3,3,0.0028911809794738286,0.18202674698086974,0.6481381486652829,0.16461219719642528,0.002331726177948301
"Lee, Min Woo",4,4,0.0050768915046265906,0.14262791958646803,0.5359315594281073,0.2937272581884871,0.022636371292310997
"Lee, Min Woo",5,4,0.021695619174005476,0.28232503116057756,0.535912111653259,0.15387917841977405,0.006188059592383888
"Lee, Min Woo",6,3,0.0016574215748209609,0.11175111731103676,0.5849647592563196,0.2893403274594396,0.012286374398383093
"Lee, Min Woo",7,5,0.00946121277357731,0.196067268744902,0.5534391736858719,0.22809229848705448,0.012940046308594244
"Lee, Min Woo",8,4,0.005059405379214177,0.18448256018352915,0.6022261962782205,0.2021045721318787,0.0061272660271575186
"Lee, Min Woo",9,4,0.006252589170280098,0.14976336996356093,0.5268126732466338,0.292302600369458,0.024868767250067148
"Lee, Min Woo",10,4,0.009188892614350852,0.22766832871018466,0.5856651002556508,0.1723409855552519,0.005136692864561865
"Lee, Min Woo",11,4,0.006065284257387449,0.11802780016909992,0.45469366138853395,0.3609237095141433,0.06028954467083536
"Lee, Min Woo",12,5,0.04113113609319563,0.3281404661657139,0.48845064297488716,0.1355985159541796,0.006679238812023702
"Lee, Min Woo",13,3,0.0047894744547839485,0.21803237286627036,0.6338021488873151,0.14146958793751552,0.0019064158541149956
"Lee, Min Woo",14,4,0.004167307569502232,0.1515879011403935,0.5746667037911091,0.25704031177503983,0.012537775723955313
"Lee, Min Woo",15,4,0.006826079751120873,0.14440587388848714,0.5056468847373108,0.31016970964129553,0.03295145198178562
"Lee, Min Woo",16,3,0.0007239576368391898,0.09307825752989546,0.614875866892487,0.28349209849559875,0.007829819445179687
"Lee, Min Woo",17,4,0.008216787716867568,0.16453229847333178,0.5230746764908379,0.27965432705876303,0.024521910260199675
"Lee, Min Woo",18,4,0.004981718813749647,0.11764588938091863,0.47731281388563623,0.35243517117882395,0.04762440674087154
"Leishman, Marc",1,4,0.004551054252877829,0.13861372805871436,0.5397192052940947,0.29530817266612863,0.021807839728184564
"Leishman, Marc",2,5,0.0411647690710954,0.3776344624828976,0.489011581032436,0.0900693409626534,0.002119846450917562
"Leishman, Marc",3,3,0.0022499184657763793,0.1618560180270336,0.64791589198181,0.18498441801378673,0.0029937535115933667
"Leishman, Marc",4,4,0.004185019713977223,0.12876652298189517,0.5267588481808996,0.3138491812969719,0.026440427826256108
"Leishman, Marc",5,4,0.018516621481490914,0.2629991737332819,0.5419641170199374,0.16908984713196817,0.007430240633321539
"Leishman, Marc",6,3,0.0012976154271094331,0.09832851358365663,0.5720844402033388,0.31339806006638693,0.01489137071950819
"Leishman, Marc",7,5,0.007904197245231892,0.1792885406272599,0.5506575420790145,0.24683109685781957,0.015318623190674119
"Leishman, Marc",8,4,0.0040814401431766845,0.16618819650608901,0.5997941248561907,0.22241207596452706,0.007524162530016532
"Leishman, Marc",9,4,0.005201427509456069,0.13586245845498984,0.5184142305826445,0.31164947850049174,0.02887240495241783
"Leishman, Marc",10,4,0.0075654644876215205,0.20785272894618761,0.5879482907896214,0.1903387892256332,0.006294726550936214
"Leishman, Marc",11,4,0.00512724286356897,0.10732859658897687,0.4432086842185394,0.3766879239987544,0.0676475523301604
"Leishman, Marc",12,5,0.036033013367904376,0.31047113516668867,0.4970442637208841,0.14854228188581897,0.007909305858703863
"Leishman, Marc",13,3,0.003791607787327289,0.19607076615981583,0.6380363915262349,0.1596534810834993,0.0024477534431226466
"Leishman, Marc",14,4,0.0033758206010188196,0.13609390066111754,0.5671176764280375,0.2783936337423599,0.015018968567466207
"Leishman, Marc",15,4,0.005725336526159086,0.13135915538274412,0.4965939001923923,0.32851571175509287,0.03780589614361163
"Leishman, Marc",16,3,0.0005453034322189798,0.08038824110726045,0.5993194631668465,0.3099917884589042,0.00975520383476991
"Leishman, Marc",17,4,0.006900783867714921,0.1501620048170485,0.51628662253748,0.2982582650206733,0.028392323757083227
"Leishman, Marc",18,4,0.004162754220548792,0.10642062049775647,0.46543301200905807,0.3699407440558633,0.05404286921677337
"Leonard, Justin",1,4,0.0026481594419459076,0.10365159206489377,0.5099086310028166,0.3507253634032971,0.033066254087046665
"Leonard, Justin",2,5,0.027654397822289456,0.32280437010821555,0.5241143501028445,0.12175278891143226,0.003674093055218264
"Leonard, Justin",3,3,0.0011119056594181553,0.11483457940465619,0.6318579206613774,0.24650367133058748,0.005691922943960814
"Leonard, Justin",4,4,0.002439385581949338,0.09596252861789495,0.49391480488098877,0.3682864018172076,0.039396879101959326
"Leonard, Justin",5,4,0.011862451108707872,0.21341141316050694,0.5488661756088559,0.21393703126604902,0.01192292885588031
"Leonard, Justin",6,3,0.0006544225402375647,0.06802390171419309,0.5271715287545543,0.37978510063278337,0.024365046358231668
"Leonard, Justin",7,5,0.0047769918861849114,0.13831130388657215,0.5336057373098153,0.29964986684052697,0.023656100076900666
"Leonard, Justin",8,4,0.0022341907978957187,0.12265360347326143,0.5809488688161487,0.28140269342733903,0.012760643485355105
"Leonard, Justin",9,4,0.003110413952449098,0.10266402906187527,0.4880031557464526,0.3638562255522102,0.04236617568701284
"Leonard, Justin",10,4,0.004382333937440364,0.15925189164668696,0.5823282873615873,0.2434066968790345,0.010630790175250926
"Leonard, Justin",11,4,0.003211731963257858,0.08185322063383055,0.40766287814638535,0.4163875373369775,0.09088463191954876
"Leonard, Justin",12,5,0.024834476846389508,0.26328763988886755,0.512835246828595,0.18678545577212757,0.012257180664020373
"Leonard, Justin",13,3,0.001964827423788451,0.14356897185245288,0.634464983804373,0.21534221123964892,0.004659005679736761
"Leonard, Justin",14,4,0.0018721879826052445,0.09967526486227463,0.536544723091692,0.33802858499051747,0.023879239072910674
"Leonard, Justin",15,4,0.0035048196204483517,0.10010237738278027,0.4654056732803524,0.37717735532975816,0.05380977438666079
"Leonard, Justin",16,3,0.0002467097478398572,0.05268405954184974,0.5458329514131788,0.3841222385277504,0.017114040769381278
"Leonard, Justin",17,4,0.004237303602736997,0.11540675649858351,0.49023963547162613,0.3487281713562097,0.04138813307084366
"Leonard, Justin",18,4,0.0025237200295597506,0.07991604540762987,0.4280504484717698,0.41477991235042944,0.07472987374061113
"Li, Haotong",1,4,0.004675563837876373,0.14059022134461985,0.5409069131692058,0.2924969910621077,0.021330310586190282
"Li, Haotong",2,5,0.04198224111330201,0.38041202240274946,0.4869271880774161,0.08861935417886535,0.002059194227667094
"Li, Haotong",3,3,0.002330044260683395,0.16455613403126695,0.6481342713617415,0.18208632539389713,0.0028932249524109555
"Li, Haotong",4,4,0.004299208943409127,0.13062720050135307,0.5281296633095875,0.3110587201602657,0.025885207085384554
"Li, Haotong",5,4,0.01893056132364751,0.26564499890426,0.5412381984801187,0.16693969249566076,0.007246548796313035
"Li, Haotong",6,3,0.001342642502836111,0.1001105249984397,0.5739963296581287,0.31004502959849134,0.014505473242104161
"Li, Haotong",7,5,0.008104854936429873,0.1815582166393513,0.5511590727540152,0.24420859466794909,0.014969261002254597
"Li, Haotong",8,4,0.004205570014931381,0.1686483546996707,0.6002806915070755,0.21954949347084918,0.00731589030747315
"Li, Haotong",9,4,0.0053365536949223635,0.13773242032235294,0.5196732424699506,0.30896832615108516,0.028289457361688974
"Li, Haotong",10,4,0.007773468736327338,0.21053685709813258,0.5877738609639462,0.1877936797671641,0.0061221334344297995
"Li, Haotong",11,4,0.005248591928301127,0.10876633506187144,0.44485609463582343,0.37453707089801713,0.06659190747598687
"Li, Haotong",12,5,0.03670467803356192,0.31291319649775684,0.4959415591841875,0.14671221161397752,0.0077283546705162465
"Li, Haotong",13,3,0.0039172911224441,0.19902854274696974,0.6376298003186702,0.1570588449625031,0.002365520849412772
"Li, Haotong",14,4,0.003476413116092314,0.13817081436060707,0.5682893111309686,0.27541049841694054,0.014652962975391537
"Li, Haotong",15,4,0.0058673215340655505,0.13311533393210917,0.4979314196556808,0.3259833269352731,0.03710259794287141
"Li, Haotong",16,3,0.0005672768449646037,0.0820596902917734,0.6016205826786375,0.3062856511420974,0.009466799042527119
"Li, Haotong",17,4,0.007070683287286328,0.1521009227613771,0.5173218493897964,0.29567726297518293,0.027829281586357224
"Li, Haotong",18,4,0.004268176847180116,0.1079261840241702,0.46714496518041665,0.3675429834703804,0.05311769047785264
"Lindell, Oliver",1,4,0.004087270371113949,0.13097246016932867,0.5346817304191627,0.30647334325999176,0.023785195780402946
"Lindell, Oliver",2,5,0.03805824713031364,0.36659636194764017,0.49700101313833045,0.0959685402720396,0.0023758375116761377
"Lindell, Oliver",3,3,0.0019569937785199887,0.15145271015367895,0.646465260987346,0.19670228291482372,0.003422752165631371
"Lindell, Oliver",4,4,0.003759658558565915,0.12157921277659717,0.5210223759268893,0.32490478233791675,0.028733970400030895
"Lindell, Oliver",5,4,0.016954673075095406,0.2526215718410088,0.5444838832677764,0.1777425777589603,0.008197294057159077
"Lindell, Oliver",6,3,0.0011327886704241008,0.0915051093984875,0.5641240103852514,0.3267333550184055,0.016504736527431563
"Lindell, Oliver",7,5,0.0071530083833567515,0.1704689735055384,0.5483098421305055,0.25729887688589437,0.016769299094705037
"Lindell, Oliver",8,4,0.0036221622051557656,0.1566738579236393,0.5974014420353564,0.23390291419871945,0.008399623637129094
"Lindell, Oliver",9,4,0.0046965140255998405,0.12862704941548392,0.5131339739552477,0.3222666319038996,0.031275830699768914
"Lindell, Oliver",10,4,0.0067903032854871315,0.19741311263248468,0.5881941079636064,0.20058245163549704,0.007020024482924825
"Lindell, Oliver",11,4,0.004671561841550431,0.10176936271801906,0.43651234463919847,0.3850984925604164,0.07194823824081564
"Lindell, Oliver",12,5,0.03347533856058671,0.30082106427582445,0.5011329055481052,0.1559089607977131,0.008661730817770552
"Lindell, Oliver",13,3,0.0033293501982281093,0.1846205016340282,0.6390805451730117,0.17017080200055223,0.0027988009941797287
"Lindell, Oliver",14,4,0.003003234625811757,0.12808096524723667,0.562089540730429,0.2902822625430883,0.016543996853434217
"Lindell, Oliver",15,4,0.005193382475248143,0.1245602495639242,0.49104055089117815,0.3385120174556948,0.040693799613954695
"Lindell, Oliver",16,3,0.00046591296164272267,0.07402821868077353,0.5897636773128939,0.3247702451420891,0.010971945902600755
"Lindell, Oliver",17,4,0.006263836531241518,0.1426420414375008,0.511893753455543,0.30848832933377646,0.030712039241938216
"Lindell, Oliver",18,4,0.003768390513797404,0.10060808330181104,0.4584512200255709,0.3793460759825904,0.05782623017623023
"Lowry, Shane",1,4,0.006463421985763551,0.16617467721733187,0.5525071052083239,0.2586847738792789,0.016170021709301707
"Lowry, Shane",2,5,0.0530823836265481,0.41371858786523774,0.4595367171964801,0.07222767411610154,0.0014346371956325266
"Lowry, Shane",3,3,0.003541607939974434,0.1997806467015904,0.6459413800552886,0.1488488523267013,0.0018875129764452936
"Lowry, Shane",4,4,0.005938793081269711,0.15477200474606512,0.5421612905834525,0.2772799268641877,0.019847984725025025
"Lowry, Shane",5,4,0.0246635089246921,0.29856087064054043,0.5295373345362955,0.14193506593726268,0.0053032199612093045
"Lowry, Shane",6,3,0.0020214096665875925,0.12377794079203108,0.5938672572770597,0.26989423313656047,0.010439159127761166
"Lowry, Shane",7,5,0.010945908094539936,0.21052974973946126,0.5542394825870487,0.21306444228878518,0.011220417290164986
"Lowry, Shane",8,4,0.006020867860639156,0.20044029996047946,0.6023150125806056,0.18607323709010826,0.005150582508167467
"Lowry, Shane",9,4,0.007260218544507979,0.16188894260740827,0.5324682448671109,0.27646424963783744,0.021918344343135443
"Lowry, Shane",10,4,0.01075486494132788,0.24469195663600746,0.5820008224639335,0.15822614826485326,0.004326207693877926
"Lowry, Shane",11,4,0.006953235804152913,0.12738548792354631,0.46337877104758257,0.3475940884919083,0.054688416732809886
"Lowry, Shane",12,5,0.04577815139980235,0.3426876825146505,0.48030615868801624,0.12543535062263755,0.005792656774893379
"Lowry, Shane",13,3,0.00578550895844504,0.23711830054835925,0.6280642899722508,0.12748845913889584,0.0015434413820489823
"Lowry, Shane",14,4,0.004943533670797584,0.16519781255009608,0.5792388141159177,0.23985850269931186,0.010761336963876822
"Lowry, Shane",15,4,0.007874020952275684,0.15577289266498034,0.5119942947586398,0.2950244691134054,0.029334322510698785
"Lowry, Shane",16,3,0.000911005432166323,0.10463239635014404,0.6257216201559596,0.2622368051907962,0.006498172870933905
"Lowry, Shane",17,4,0.009467355310781522,0.1769891925272712,0.5274228854175917,0.2644567532955474,0.021663813448808078
"Lowry, Shane",18,4,0.005764713838551316,0.12750121076342535,0.48619278364260393,0.3377526519999623,0.0427886397554571
"Luck, Curtis",1,4,0.003287959386085504,0.11658871101959717,0.5230838004330247,0.3288678360417099,0.028171693119582786
"Luck, Curtis",2,5,0.032443267384093366,0.34443925712039863,0.5116349385506254,0.10851223464016124,0.002970302304721395
"Luck, Curtis",3,3,0.0014745635842897675,0.13204691658597545,0.6408122366595334,0.22122171424079262,0.00444456892940881
"Luck, Curtis",4,4,0.003026452695986559,0.10807680744075426,0.508156770510948,0.3469470059103539,0.03379296344195737
"Luck, Curtis",5,4,0.014178405233726321,0.23241106085913837,0.5478127375211909,0.1956641415350241,0.009933654850920348
"Luck, Curtis",6,3,0.000860365885623604,0.07895716872845082,0.5464660940837174,0.3535513558304122,0.020165015471796055
"Luck, Curtis",7,5,0.0058427650749070525,0.15366561649294402,0.5419294034367031,0.2785531107450011,0.020009104250444665
"Luck, Curtis",8,4,0.0028434664956619726,0.13875857631119798,0.5904423153787071,0.25754376535478063,0.010411876459652358
"Luck, Curtis",9,4,0.0038196651908199986,0.11497829367618273,0.5012374785954907,0.3434112811278034,0.03655328140970315
"Luck, Curtis",10,4,0.005453207133375382,0.17748767827352807,0.5865753135692772,0.2217974453670566,0.00868635565676279
"Luck, Curtis",11,4,0.003870587536030201,0.09129532826488818,0.4223654554994086,0.4013393495791414,0.08112927912053158
"Luck, Curtis",12,5,0.02882819196112557,0.2816919434861907,0.5079494879681162,0.17118205918659957,0.010348317397967932
"Luck, Curtis",13,3,0.00255695978604098,0.16301872666011186,0.6384736101018835,0.192314934515879,0.003635768936084638
"Luck, Curtis",14,4,0.0023698045303104376,0.11307488690796041,0.5502575348249318,0.31432074856784453,0.019977025168952833
"Luck, Curtis",15,4,0.004263595507536633,0.11171620039969227,0.478776592745158,0.3582687741339542,0.046974837213658915
"Luck, Curtis",16,3,0.00033876384956954553,0.0625102393239313,0.5686918467384222,0.3546675226719149,0.013791627416162022
"Luck, Curtis",17,4,0.005148885927308833,0.12837587810212292,0.5017667154360743,0.3289110319524121,0.03579748858208187
"Luck, Curtis",18,4,0.003081577080687181,0.0896984841612466,0.44359923202400403,0.39764619237748977,0.06597451435657242
"MacIntyre, Robert",1,4,0.006676494025160906,0.16893321869060002,0.5533799707658675,0.2553016782375015,0.01570863828086999
"MacIntyre, Robert",2,5,0.05433702354039793,0.41703507544420715,0.456556917692178,0.07068927933379254,0.0013817039894243877
"MacIntyre, Robert",3,3,0.003692856719195392,0.20360302142043646,0.6452127901770826,0.14568619255107684,0.0018051391322086996
"MacIntyre, Robert",4,4,0.006134197059188218,0.1573819318329106,0.5433011955223952,0.27387819142724756,0.01930448415825836
"MacIntyre, Robert",5,4,0.02532393795639082,0.30196981600173606,0.5280553762937952,0.13951741240571824,0.005133457342359704
"MacIntyre, Robert",6,3,0.0021059555214054115,0.12639359877043232,0.5955164876268204,0.2658981455898425,0.010085812491499424
"MacIntyre, Robert",7,5,0.011280082146388148,0.21361006830846246,0.554234226600109,0.209987838881463,0.010887784063577377
"MacIntyre, Robert",8,4,0.006240799226960803,0.20386026884494735,0.6021134738191156,0.18282026006128838,0.004965198047687913
"MacIntyre, Robert",9,4,0.007487677496404277,0.16448882646507906,0.5334965160665229,0.27318546620809314,0.021341513763900588
"MacIntyre, Robert",10,4,0.011109455433697069,0.24831013027396026,0.5810362228622465,0.15537192445186365,0.004172266978232475
"MacIntyre, Robert",11,4,0.007152366286228173,0.1293954005069442,0.46509255791517556,0.34478638378134985,0.05357329151030221
"MacIntyre, Robert",12,5,0.046799083830258326,0.34570808356617655,0.47849358696255295,0.12337783227866439,0.0056214133623477824
"MacIntyre, Robert",13,3,0.006015153370327986,0.24119902079510513,0.6266168404839491,0.12469283222601302,0.0014761531246048065
"MacIntyre, Robert",14,4,0.005120881927955845,0.16812632541800782,0.5799977131460404,0.23633544528898243,0.010419634219013485
"MacIntyre, Robert",15,4,0.008109725560831338,0.15820880762617007,0.5131839033442646,0.29187481585561326,0.02862274761312078
"MacIntyre, Robert",16,3,0.0009552479394643876,0.10716657339411956,0.6277426957426834,0.25788844633860986,0.006247036585122823
"MacIntyre, Robert",17,4,0.009748344352413174,0.17965108775709715,0.5281822267397749,0.261313974081712,0.02110436706900276
"MacIntyre, Robert",18,4,0.0059412369494899475,0.12962219440341755,0.48793161545991726,0.334673494162831,0.041831459024344264
"Manassero, Matteo",1,4,0.004397374924197561,0.13613191638558675,0.5381620591393879,0.298882091926311,0.02242655762451684
"Manassero, Matteo",2,5,0.04014641123297402,0.3741022316399575,0.4916191946744415,0.09193304774126188,0.0021991147113651355
"Manassero, Matteo",3,3,0.002151872034524882,0.15847076067480564,0.6475524871275647,0.18869908054075524,0.00312579962234949
"Manassero, Matteo",4,4,0.004044075862649543,0.12643107092333505,0.524973057130321,0.3173927745849503,0.02715902149874405
"Manassero, Matteo",5,4,0.018002642309447703,0.2596547684030387,0.5428336595941989,0.17183977712390153,0.00766915256941314
"Manassero, Matteo",6,3,0.001242485097042223,0.0961007570256538,0.5695996073247529,0.3176635880825017,0.015393562470049416
"Manassero, Matteo",7,5,0.0076559544122386525,0.17643189745564924,0.5499675970517858,0.25017269953768484,0.01577185154264149
"Manassero, Matteo",8,4,0.003928702256293215,0.16309852780492923,0.5991078355921022,0.22606907185102432,0.007795862495651007
"Manassero, Matteo",9,4,0.005034402633439239,0.13351353301806695,0.5167723875101191,0.3150534587695213,0.02962621806885335
"Manassero, Matteo",10,4,0.007308670029734954,0.2044729735340831,0.5881043778268675,0.193594124840336,0.006519853768978456
"Manassero, Matteo",11,4,0.004976906109159129,0.10552319609579369,0.4410916981345748,0.3794029956089996,0.06900520405147281
"Manassero, Matteo",12,5,0.03519551275300631,0.307373714005405,0.498403465932282,0.15088310710898456,0.008144200200322138
"Manassero, Matteo",13,3,0.0036373834296049012,0.19235436579757975,0.6384694887929571,0.16298297756110403,0.002555784418754259
"Manassero, Matteo",14,4,0.003251984675078645,0.1334884475192929,0.5655729288002662,0.28219210225772007,0.015494536747642229
"Manassero, Matteo",15,4,0.005549618749918495,0.12915260927009548,0.49485795301987423,0.3317261610269392,0.03871365793317261
"Manassero, Matteo",16,3,0.0005185623398722972,0.07830470437157772,0.5963324011342851,0.3147122588046758,0.010132073349589099
"Manassero, Matteo",17,4,0.0066904566248906505,0.1477238187638773,0.5149290988593197,0.30153646535205436,0.029120160399857986
"Manassero, Matteo",18,4,0.0040323784398902385,0.1045313769443697,0.4632296619971585,0.3729718070065776,0.05523477561200396
"Matsuyama, Hideki",1,4,0.005685341635618402,0.1556196161696926,0.5485215907814855,0.2720819512773085,0.01809150013589489
"Matsuyama, Hideki",2,5,0.04838599380217318,0.40055068832344554,0.4709056859784982,0.07849725463735957,0.0016603772585235266
"Matsuyama, Hideki",3,3,0.003001105201878629,0.18519393000736972,0.6478978664237345,0.16166284654215246,0.0022442518248647625
"Matsuyama, Hideki",4,4,0.005225246457798982,0.14479748689575817,0.537161209309531,0.2907115482855327,0.022104509051379173
"Matsuyama, Hideki",5,4,0.022213226436859523,0.28527179155135707,0.5348404109743105,0.15165703139723397,0.006017539640238989
"Matsuyama, Hideki",6,3,0.0017189919890236438,0.11388196615853124,0.5867096792790886,0.2857596115193537,0.011929751054002846
"Matsuyama, Hideki",7,5,0.009718075217695354,0.19866693379330008,0.5536868563917068,0.22531772741169476,0.012610407185603023
"Matsuyama, Hideki",8,4,0.0052238347827162634,0.1873385789403072,0.602372536873631,0.1991272892191226,0.005937760184222984
"Matsuyama, Hideki",9,4,0.006426561154532662,0.15193313449403545,0.5279329181568988,0.28940028686718955,0.02430709932734354
"Matsuyama, Hideki",10,4,0.009458651319131373,0.2307325088580387,0.5851158678190633,0.1697134748976229,0.004979497106143649
"Matsuyama, Hideki",11,4,0.006219316055213309,0.11970041562939215,0.4563345921559405,0.3585098510510709,0.0592358251083831
"Matsuyama, Hideki",12,5,0.041948905011927384,0.3308007159776919,0.48703345646264573,0.1337078066275903,0.006509115920144692
"Matsuyama, Hideki",13,3,0.004958845411890567,0.22145344889864765,0.6329050287910507,0.13884775356129242,0.0018349233371186546
"Matsuyama, Hideki",14,4,0.0043001755496505645,0.15401716003409444,0.575615028418726,0.25387160936608966,0.012196026631439372
"Matsuyama, Hideki",15,4,0.007007479294309116,0.14644072206826403,0.506883208537735,0.3074029568363812,0.03226563326331067
"Matsuyama, Hideki",16,3,0.0007551833177413814,0.09511323659327237,0.6169944329399544,0.279566749750753,0.007570397398278805
"Matsuyama, Hideki",17,4,0.008433417426106926,0.16676654834189208,0.5239544520373266,0.27686734910194144,0.023978233092732948
"Matsuyama, Hideki",18,4,0.005117034900417372,0.11940500806801513,0.47899838322434196,0.3497683568316241,0.04671121697560143
"McCarthy, Denny",1,4,0.005389687439173285,0.1513894045614234,0.5466203261489841,0.27766238013141653,0.018938201719002623
"McCarthy, Denny",2,5,0.0465499926561031,0.39505277611332934,0.4754403036256301,0.08119445358697419,0.0017624740179632559
"McCarthy, Denny",3,3,0.0028008813169273505,0.1793677782834321,0.6482856121710907,0.16713746726249779,0.002408260966052067
"McCarthy, Denny",4,4,0.00495411517249611,0.14080522777155746,0.5348573068343511,0.2962878415752339,0.02309550864636145
"McCarthy, Denny",5,4,0.021264980903011155,0.27983346138117865,0.5367881481233965,0.15577750543305435,0.006335904159359362
"McCarthy, Denny",6,3,0.0016068230432313424,0.10996708008897649,0.5834444486673451,0.29238585614666324,0.012595792053783805
"McCarthy, Denny",7,5,0.009248200464853917,0.19387779303803598,0.5531938304408839,0.23045496756823092,0.013225208487995244
"McCarthy, Denny",8,4,0.004923683088347397,0.1820815357258832,0.602056771923086,0.2046459704053003,0.006292038857383053
"McCarthy, Denny",9,4,0.006108433445294437,0.14793929593654465,0.5258327172101255,0.2947663137334757,0.025353239674559713
"McCarthy, Denny",10,4,0.008965579742756136,0.22508630562235382,0.5860887066829508,0.17458605665158788,0.005273351300351337
"McCarthy, Denny",11,4,0.005937405443016519,0.11662225185815833,0.45328366023269245,0.36296271905635735,0.06119396340977534
"McCarthy, Denny",12,5,0.04044827379552046,0.32588419565251575,0.4896273412816452,0.137213714305216,0.00682647496510258
"McCarthy, Denny",13,3,0.0046499980427237575,0.215154660516843,0.6345097722037268,0.14371659519727953,0.001968974039426863
"McCarthy, Denny",14,4,0.0040575955607830005,0.14954784203726174,0.573823457372322,0.25973725189056907,0.012833853139064155
"McCarthy, Denny",15,4,0.006675611463295594,0.14269491606507478,0.5045721013895215,0.3125153527819531,0.03354201830015502
"McCarthy, Denny",16,3,0.0006984314778261669,0.09137865123657879,0.6130324560016936,0.2868347029108894,0.008055758373011979
"McCarthy, Denny",17,4,0.008037045537336585,0.16265221844568645,0.5222991189298065,0.2820208993776607,0.02499071770950967
"McCarthy, Denny",18,4,0.004869549206910684,0.11616850812732665,0.47586186100098016,0.35469064079061297,0.04840944087416954
"McCarty, Matt",1,4,0.005163598916106349,0.1480636591748482,0.5449959283825612,0.2821388315467992,0.019637981979685026
"McCarty, Matt",2,5,0.045125041946920075,0.39063826273098223,0.4789931914226167,0.0833954763472673,0.0018480275522136935
"McCarty, Matt",3,3,0.002649807205323984,0.17479640050858997,0.6484192664742648,0.17158765817696708,0.002546867634854122
"McCarty, Matt",4,4,0.004746777927642054,0.1376686785716305,0.5329183086033045,0.3007531351576016,0.023913099739821364
"McCarty, Matt",5,4,0.02053290127532087,0.27551131979806925,0.538241608641172,0.15911355124226145,0.006600619043176437
"McCarty, Matt",6,3,0.0015221256539116879,0.10691031966740677,0.580709167066038,0.2977081158850391,0.013150271727604412
"McCarty, Matt",7,5,0.008887551901584911,0.19009829887864788,0.5526895560807178,0.23459025087459806,0.01373434226445136
"McCarty, Matt",8,4,0.004695243151431272,0.1779463889239118,0.6016627800508971,0.20910747580731348,0.006588112066446383
"McCarty, Matt",9,4,0.005864610968071338,0.14479772342939212,0.5240611829497738,0.2990614177194991,0.026215064933263643
"McCarty, Matt",10,4,0.008588333437336282,0.22062643267905518,0.58673401702745,0.17853235563833447,0.005518861217824078
"McCarty, Matt",11,4,0.005720586816953144,0.11420269825915025,0.45078846259501326,0.36649536741607236,0.06279288491281099
"McCarty, Matt",12,5,0.03928205480886038,0.3219550572173893,0.491621099347514,0.1400522788431382,0.00708950978309808
"McCarty, Matt",13,3,0.004415927998380864,0.21019512287623904,0.6356254119340974,0.14768125273405674,0.0020822844572259136
"McCarty, Matt",14,4,0.0038728460571836876,0.1460390400565551,0.5722701443107558,0.26445451352144467,0.013363456054060752
"McCarty, Matt",15,4,0.006420774720127587,0.13974747582453745,0.5026433341496797,0.31659805584421985,0.034590359461435405
"McCarty, Matt",16,3,0.0006559853472414279,0.08847554935460183,0.6097211907669948,0.292684698902685,0.008462575628476854
"McCarty, Matt",17,4,0.007732522593071944,0.15941029644513505,0.5208844594973658,0.28614836970254187,0.025824351761885245
"McCarty, Matt",18,4,0.00467973050707321,0.11362717572283082,0.4732886467556453,0.3586044065513049,0.04980004046314579
"McIlroy, Rory",1,4,0.008177772743886924,0.18702101839574897,0.5575263158790686,0.23423686376321828,0.013038029218077174
"McIlroy, Rory",2,5,0.0628464873870983,0.43757281763241707,0.4369934289019961,0.06150172087773398,0.0010855452007545452
"McIlroy, Rory",3,3,0.004794160386336843,0.22874550301026392,0.6384514933450405,0.12665427250506744,0.0013545707532913731
"McIlroy, Rory",4,4,0.0075110931693316285,0.17452736081687764,0.5492108431494152,0.2526062423663704,0.01614446049800522
"McIlroy, Rory",5,4,0.02986492477278402,0.32369405765470155,0.5174815169260791,0.12479429684864651,0.00416520379778873
"McIlroy, Rory",6,3,0.002720898729598298,0.143834705467344,0.604243117844814,0.24112238087549076,0.008078897082753
"McIlroy, Rory",7,5,0.013612421312196421,0.2336094477101327,0.55281768800962,0.19098872316382542,0.008971719804225509
"McIlroy, Rory",8,4,0.0078082669347784295,0.22623400751744083,0.5990751992673469,0.16296056303070916,0.003921963249724714
"McIlroy, Rory",9,4,0.009081487234111507,0.18151838634782375,0.5387682711284891,0.25265692695939446,0.017974928330181106
"McIlroy, Rory",10,4,0.013603198660495752,0.27172846208543433,0.5733452615858393,0.13801791188932566,0.0033051657789049393
"McIlroy, Rory",11,4,0.008536092382709748,0.14259542230887134,0.47512862620074475,0.32682385282700976,0.04691600628066439
"McIlroy, Rory",12,5,0.053704291141249416,0.36468101843403,0.4661365041456489,0.1108417123024259,0.004636473976645794
"McIlroy, Rory",13,3,0.007668459922219428,0.26780149029710937,0.6154843856074463,0.10793746657502767,0.001108197598197247
"McIlroy, Rory",14,4,0.006383099570171524,0.18738931361789185,0.5832181521011057,0.21454424630136237,0.008465188409468527
"McIlroy, Rory",15,4,0.009753662093212379,0.17415542846408377,0.5196124531485926,0.27204091502679784,0.024437541267313456
"McIlroy, Rory",16,3,0.001284864780023931,0.12424453763783394,0.6385370768237109,0.23108811121119943,0.004845409547231894
"McIlroy, Rory",17,4,0.011705352556715842,0.19701166184770774,0.5317879428965552,0.24166081068819278,0.017834232010828455
"McIlroy, Rory",18,4,0.00717625556024748,0.143585159471812,0.49799715653551563,0.31508276957640047,0.03615865885602443
"McKibbin, Tom",1,4,0.005746732154535306,0.15648193790558063,0.5488871403844926,0.2709596118084239,0.01792457774696765
"McKibbin, Tom",2,5,0.04876349620581888,0.40165562682867845,0.46997947859494876,0.07796096266751973,0.001640435703034182
"McKibbin, Tom",3,3,0.0030430482710701034,0.1863830762475197,0.6477899190397942,0.16057155359062336,0.0022124028509926674
"McKibbin, Tom",4,4,0.005281544868093291,0.14561167315438006,0.5376091466595934,0.28958872952919057,0.021908905788742716
"McKibbin, Tom",5,4,0.022408881486079002,0.2863723656415519,0.5344303175884001,0.15083340521186273,0.005955030072106293
"McKibbin, Tom",6,3,0.0017424783299616053,0.11468364977081241,0.5873466434047186,0.2844281386706645,0.011799089823842812
"McKibbin, Tom",7,5,0.009815402432588383,0.1996407175050059,0.5537676123058725,0.2242869030404524,0.012489364716080864
"McKibbin, Tom",8,4,0.005286353968678992,0.1884098177992941,0.6024122495892517,0.1980231401239163,0.005868438518858987
"McKibbin, Tom",9,4,0.006492520221311526,0.15274699315026657,0.5283405839249151,0.2883194942925694,0.024100408410937302
"McKibbin, Tom",10,4,0.009560997808925276,0.23187984122228156,0.5848974148159172,0.16873975847671374,0.004921987676162254
"McKibbin, Tom",11,4,0.00627763236496065,0.12032799782833986,0.45694006883091465,0.3576076713288995,0.05884662964688536
"McKibbin, Tom",12,5,0.04225718484978214,0.33179200195263575,0.48649712100438064,0.13300702407997678,0.006446668113224696
"McKibbin, Tom",13,3,0.005023353746144099,0.2227360681884244,0.6325533470987752,0.13787833573934527,0.0018088952273110914
"McKibbin, Tom",14,4,0.004350680760874359,0.15492906242804372,0.5759556513217532,0.25269392841541904,0.012070677073909741
"McKibbin, Tom",15,4,0.007076201140534033,0.14720387651743272,0.5073353152258979,0.30637166869381216,0.03201293842232311
"McKibbin, Tom",16,3,0.0007671409713940203,0.09588023537957191,0.6177685820841516,0.2781084225719259,0.0074756189929565675
"McKibbin, Tom",17,4,0.00851546860116198,0.16760400161760136,0.5242726623992493,0.2758297517867364,0.023778115595251004
"McKibbin, Tom",18,4,0.005168323196946711,0.1200653293521231,0.47961947723820497,0.3487725475056531,0.04637432270707209
"McNealy, Maverick",1,4,0.006236764794591676,0.16318063408342554,0.5514824626804449,0.26241100976265286,0.016689128678885057
"McNealy, Maverick",2,5,0.051733439310334584,0.4100612710352837,0.4627676962340668,0.07394280345207149,0.0014947899682433707
"McNealy, Maverick",3,3,0.0033822059409327476,0.19563642561397554,0.6466332563718198,0.152366379127865,0.0019817329454069332
"McNealy, Maverick",4,4,0.005730932926623911,0.15194072308129092,0.5408476089613161,0.28102204526937546,0.020458689761393645
"McNealy, Maverick",5,4,0.023956149590697473,0.2948311855737904,0.5311023637944499,0.14461525001359044,0.005495051027471831
"McNealy, Maverick",6,3,0.0019322722219530242,0.12095261825119918,0.5919756298562614,0.274300595936393,0.010838883734193394
"McNealy, Maverick",7,5,0.010589484110156144,0.20717716346079207,0.5541768645476024,0.2164612879446527,0.011595199936796696
"McNealy, Maverick",8,4,0.005787677339666952,0.19672632365616965,0.6024486843960035,0.18967643949840296,0.005360875109756913
"McNealy, Maverick",9,4,0.007017877255818428,0.1590661791068721,0.5312802565265039,0.28006989295337326,0.022565794157432317
"McNealy, Maverick",10,4,0.010377490294201708,0.2407508161208341,0.5829793698911621,0.1613915353170401,0.004500788376762044
"McNealy, Maverick",11,4,0.006740568754891929,0.12520473076445965,0.46146028817601753,0.35066248538506317,0.05593192691956772
"McNealy, Maverick",12,5,0.044679556671399945,0.3393696261151053,0.4822490271290035,0.12771609528662797,0.005985694797863261
"McNealy, Maverick",13,3,0.005542720503527165,0.23268276970885476,0.6295525951109351,0.1306015006718939,0.0016204140047890725
"McNealy, Maverick",14,4,0.004755413909572237,0.16202225591375036,0.5783290046016918,0.2437462095736901,0.011147116001295587
"McNealy, Maverick",15,4,0.0076225626812190805,0.15312766230927233,0.5106361382985787,0.2984823996788851,0.03013123703204479
"McNealy, Maverick",16,3,0.0008646717522162728,0.10190344403698215,0.6234086799201448,0.2670394875764923,0.006783716714164445
"McNealy, Maverick",17,4,0.00916747067627871,0.17409554514217102,0.5265313796727837,0.2679141250419693,0.022291479466797215
"McNealy, Maverick",18,4,0.005576554613221485,0.12520156911763586,0.484240584915783,0.34112303665352983,0.043858254699829846
"Mickelson, Phil",1,4,0.0039057734243196363,0.12785173749597412,0.5324104164549407,0.3111742203386928,0.024657852286072757
"Mickelson, Phil",2,5,0.0368141667918363,0.36194670104949184,0.5002268249107444,0.09852107174124392,0.002491235506683509
"Mickelson, Phil",3,3,0.0018448526033634227,0.1472215006804926,0.6455793433582002,0.20173584111195586,0.00361846224598783
"Mickelson, Phil",4,4,0.00359318711740797,0.1186467272659062,0.5184701700168514,0.32954644460365135,0.02974347099618313
"Mickelson, Phil",5,4,0.01633421210972108,0.24831350809560915,0.5453725646947761,0.1814407114246499,0.00853900367524374
"Mickelson, Phil",6,3,0.001069584118876643,0.0887491983567284,0.5606011708260615,0.332355729973265,0.01722431672506841
"Mickelson, Phil",7,5,0.006857323887483391,0.16684609427951902,0.547153696953027,0.26173136964320687,0.017411515236763764
"Mickelson, Phil",8,4,0.0034438395106158315,0.1527871449171525,0.5961772227432969,0.23879934607255016,0.008792446756384575
"Mickelson, Phil",9,4,0.004498194712312331,0.1256691709681429,0.5107794232708174,0.3267217687624697,0.03233144228625773
"Mickelson, Phil",10,4,0.006486806367227649,0.19312070261990005,0.5880862838697924,0.20496081974747815,0.007345387395601755
"Mickelson, Phil",11,4,0.0044915400641566405,0.09949825274549629,0.4336210037551501,0.3885769390573063,0.07381226437789068
"Mickelson, Phil",12,5,0.03244855350277631,0.29678108800771086,0.5027163048087777,0.15905867829935916,0.008995375381375958
"Mickelson, Phil",13,3,0.003151129662958607,0.1799381510998989,0.6392500624060131,0.1747016393878451,0.0029590174432843064
"Mickelson, Phil",14,4,0.0028583860792324445,0.12481633972282219,0.5597966258144659,0.2953069749391444,0.017221673444335117
"Mickelson, Phil",15,4,0.0049837926859455095,0.12177896494951135,0.4885891928975856,0.3426915304811188,0.04195651898583874
"Mickelson, Phil",16,3,0.00043593462928487314,0.07147813223561089,0.5855467739901979,0.3310191113052472,0.011520047839659098
"Mickelson, Phil",17,4,0.006012695901630782,0.13955950856417904,0.509911953266905,0.31278574224192224,0.03173010002536292
"Mickelson, Phil",18,4,0.00361328531342342,0.09823774799454227,0.45542619152165625,0.38324988482823885,0.059472890342139206
"Migliozzi, Guido",1,4,0.003507953762259375,0.12072134834016646,0.5267203054087957,0.3222390641239493,0.026811328364829246
"Migliozzi, Guido",2,5,0.03402533525883916,0.35099915535072373,0.5074969642197499,0.10469639830202326,0.0027821468686639594
"Migliozzi, Guido",3,3,0.0016043058556314826,0.13759621776845493,0.6428611874557629,0.213820651134628,0.004117637785522654
"Migliozzi, Guido",4,4,0.0032282723217649245,0.11195262601511174,0.512149979451282,0.34044108797727246,0.03222803423456877
"Migliozzi, Guido",5,4,0.014954273268630691,0.23831201541528518,0.5470653696594098,0.19027809054423594,0.009390251112438408
"Migliozzi, Guido",6,3,0.0009337731378129543,0.08252146605877836,0.5519210817705849,0.3456050582598025,0.0190186207730213
"Migliozzi, Guido",7,5,0.006205537578363174,0.15852130368643963,0.5440468685294666,0.2722249804278104,0.01900130977792014
"Migliozzi, Guido",8,4,0.003056010787395924,0.1439057769678092,0.5927976346891646,0.2504626229426028,0.00977795461302744
"Migliozzi, Guido",9,4,0.004061927506811336,0.11890396950410914,0.5049367503216866,0.33717330830901093,0.03492404435838192
"Migliozzi, Guido",10,4,0.0058213332254242744,0.18324965096908047,0.5873447170999291,0.21542280788235002,0.008161490823216155
"Migliozzi, Guido",11,4,0.0040932405780961245,0.09430654566524593,0.42665062251731994,0.39661895528705915,0.07833063595227885
"Migliozzi, Guido",12,5,0.03014106097017938,0.2873238484898823,0.5061230116011586,0.16658932317686714,0.009822755761912605
"Migliozzi, Guido",13,3,0.00276621128672061,0.1692297230307197,0.6390248775257169,0.18561133281373143,0.003367855343111348
"Migliozzi, Guido",14,4,0.002542946418769787,0.11737536199759957,0.5539975608518521,0.307178706849627,0.01890542388215144
"Migliozzi, Guido",15,4,0.00452131803230138,0.1154131925984706,0.4825601406506702,0.3524613115094286,0.045044037209129195
"Migliozzi, Guido",16,3,0.0003724758908692505,0.06575724179210835,0.5751847497873405,0.3457852499681132,0.012900282561568721
"Migliozzi, Guido",17,4,0.005458152832462149,0.1324903476748982,0.5049440257296995,0.32287885142691686,0.034228622336023196
"Migliozzi, Guido",18,4,0.0032716152586116376,0.09282902299098378,0.44811082096065663,0.39230773576787115,0.06348080502187681
"Molinari, Francesco",1,4,0.004125714719318607,0.1316236153836286,0.5351395712185293,0.30550300835286115,0.023608090325662356
"Molinari, Francesco",2,5,0.03831963335045252,0.36755598558677466,0.4963249793128714,0.09544680537614958,0.0023525963737518474
"Molinari, Francesco",3,3,0.001980932109846789,0.15233691063800014,0.6466279645913513,0.1956706881632303,0.003383504497571521
"Molinari, Francesco",4,4,0.0037949193427285755,0.12219129910066501,0.5215391828393943,0.32394570281502044,0.028528895902191653
"Molinari, Francesco",5,4,0.01708540778083395,0.2535152882941972,0.5442877919861295,0.17698333319557047,0.008128178743268877
"Molinari, Francesco",6,3,0.0011462726822654146,0.09208242310932735,0.5648387030669787,0.32557335146355215,0.016359249677876386
"Molinari, Francesco",7,5,0.007215511692273413,0.17122335678281342,0.5485362042395084,0.25638581928155,0.016639108003854708
"Molinari, Francesco",8,4,0.0036600396117517087,0.15748478432725732,0.5976382604095878,0.23289654112599456,0.00832037452540868
"Molinari, Francesco",9,4,0.004738467193165674,0.12924400653656526,0.5136103836206724,0.32134591737800966,0.031061225271587056
"Molinari, Francesco",10,4,0.006854579485188694,0.19830662840913788,0.588200859088509,0.19968355351498213,0.006954379502182251
"Molinari, Francesco",11,4,0.004709566131391618,0.10224317760937823,0.43710390019069606,0.3843758784707999,0.07156747759773419
"Molinari, Francesco",12,5,0.033690880775495646,0.30165665598208913,0.5007959187908205,0.15526240968630167,0.008594134765293027
"Molinari, Francesco",13,3,0.003367300197421763,0.18559709838285976,0.6390257253258635,0.16924319976308322,0.0027666763307716558
"Molinari, Francesco",14,4,0.0030339876899150853,0.12876273650502523,0.5625499764944677,0.2892464976880579,0.016406801622534162
"Molinari, Francesco",15,4,0.005237671183588644,0.12514023168822208,0.4915382711108899,0.3376471500758623,0.04043667594143707
"Molinari, Francesco",16,3,0.00047234310809629587,0.07456380457470474,0.5906200349842696,0.32348229307207654,0.01086152426085274
"Molinari, Francesco",17,4,0.006316891898629717,0.14328438140160293,0.5122931502188137,0.3076005651845717,0.030505011296381945
"Molinari, Francesco",18,4,0.0038011862797645013,0.1011029173320549,0.4590693903514948,0.3785361344287469,0.057490371607938906
"Morikawa, Collin",1,4,0.0067812809640045435,0.17027069980273563,0.5537791330208508,0.2536783375854107,0.01549054862699839
"Morikawa, Collin",2,5,0.05494941938428838,0.4186249761177082,0.4551113544988859,0.06995739069135976,0.0013568593077577518
"Morikawa, Collin",3,3,0.0037677262249011245,0.20545764243649284,0.6448289068829297,0.14417906881227627,0.0017666556434000613
"Morikawa, Collin",4,4,0.006230295999466839,0.1586478219167115,0.5438300619191189,0.27224447784468575,0.019047342320017036
"Morikawa, Collin",5,4,0.025647168699824474,0.30361329728158887,0.527323468085962,0.13836260752996699,0.005053458402657696
"Morikawa, Collin",6,3,0.0021477959288025428,0.12766610280421742,0.5962844298196668,0.2639822346424432,0.009919436804870063
"Morikawa, Collin",7,5,0.011444119307525646,0.21510063056960127,0.5542104716569132,0.2085140673098883,0.010730711156071604
"Morikawa, Collin",8,4,0.006349207212004215,0.20551776660956422,0.6019893697240541,0.18126557899061346,0.004878077463764008
"Morikawa, Collin",9,4,0.007599416746616294,0.1657490990360212,0.533972674437029,0.27161041889271553,0.021068390887617916
"Morikawa, Collin",10,4,0.01128378055740642,0.25005993741802013,0.5805473870786473,0.15400898488847936,0.0040999100574468095
"Morikawa, Collin",11,4,0.007250025681554528,0.13037016613350627,0.4659052722363205,0.34343169338036295,0.053042842568255755
"Morikawa, Collin",12,5,0.04729711662842123,0.34716004958449354,0.47760728027312577,0.12239497576450165,0.00554057774945782
"Morikawa, Collin",13,3,0.006128577389516832,0.24317545280643216,0.6258895160426314,0.12336173434852293,0.001444719412896589
"Morikawa, Collin",14,4,0.005208274561713078,0.16954714214875438,0.5803388699533758,0.2346472025317019,0.010258510804454835
"Morikawa, Collin",15,4,0.008225408308755067,0.15938944935938504,0.5137398157215132,0.29036003487294926,0.028285291737397467
"Morikawa, Collin",16,3,0.0009772461258138465,0.10840208334862317,0.6286853687993466,0.2558060880681615,0.006129213658054855
"Morikawa, Collin",17,4,0.009886214800104043,0.1809403009627552,0.5285294410233907,0.25980464970071526,0.020839393513034765
"Morikawa, Collin",18,4,0.006027926496765923,0.13065133517502947,0.4887544327631596,0.33318948784840696,0.04137681771663804
"Naidoo, Dylan",1,4,0.003233887979136041,0.11555036097682969,0.5221289139944356,0.3305592287652769,0.02852760828432177
"Naidoo, Dylan",2,5,0.03204972942933498,0.34276532534614174,0.5126646047933712,0.10950026275362257,0.0030200776775295424
"Naidoo, Dylan",3,3,0.0014430509301310845,0.13065624635906642,0.6402394119919099,0.22312973520612012,0.0045315555127725116
"Naidoo, Dylan",4,4,0.002976845550901608,0.10710344206930539,0.5071133481033598,0.3486045241794614,0.03420184009697169
"Naidoo, Dylan",5,4,0.013986214139184328,0.23091600695606573,0.5479715296824097,0.19704971980050678,0.010076529421833458
"Naidoo, Dylan",6,3,0.0008425174043560912,0.07806695070533948,0.5450441819098957,0.3555798228294422,0.02046652715096653
"Naidoo, Dylan",7,5,0.005753329474252278,0.15244195460703136,0.5413586241580948,0.280172882288816,0.020273209471805553
"Naidoo, Dylan",8,4,0.002791450107917426,0.13746542396322664,0.5898020286843392,0.25936196146676893,0.010579135777747828
"Naidoo, Dylan",9,4,0.0037600028683364983,0.11399137005669552,0.5002699620028913,0.34500015728897826,0.03697850778309841
"Naidoo, Dylan",10,4,0.00536271679720518,0.17603518287972159,0.5863402112194995,0.22343705688110327,0.008824832222470436
"Naidoo, Dylan",11,4,0.0038155804904734247,0.09053842748290775,0.4212590537260699,0.402532131083546,0.08185480721700289
"Naidoo, Dylan",12,5,0.02850115035925821,0.28025882859973694,0.5083898548677186,0.1723639808459826,0.01048618532730361
"Naidoo, Dylan",13,3,0.0025059462901867446,0.16145782785928192,0.6382832665448104,0.1940458869768431,0.003707072328877903
"Naidoo, Dylan",14,4,0.0023273990285944124,0.11199583145766628,0.5492717243538121,0.3161466801942454,0.020258364965681785
"Naidoo, Dylan",15,4,0.004200019409804412,0.11078638553865128,0.47779080891533576,0.359745159990412,0.047477626145796537
"Naidoo, Dylan",16,3,0.00033063383530701485,0.06170248469975992,0.5670016813001739,0.356937973297883,0.014027226866876186
"Naidoo, Dylan",17,4,0.005072567644662518,0.12734001659503102,0.5009321002604992,0.3304485057206088,0.036206809779198545
"Naidoo, Dylan",18,4,0.0030347394225411772,0.08891237800108087,0.442432749153468,0.39899778393012464,0.06662234949278534
"Newman, Bryan",1,4,0.0014038742725575037,0.07267758838082738,0.4641328221510085,0.41106681897480635,0.05071889622080028
"Newman, Bryan",2,5,0.01722358247750716,0.2629123598922207,0.5487882668562292,0.16454861165397916,0.006527179120063842
"Newman, Bryan",3,3,0.00048384243026233786,0.07492291290116809,0.5896957619516661,0.32387298445699486,0.011024498259908588
"Newman, Bryan",4,4,0.00129666835924791,0.06707706298864641,0.4460675098332671,0.4262291926115125,0.0593295662073261
"Newman, Bryan",5,4,0.007012259303447788,0.16415012916067845,0.5402348194209391,0.26911876501300025,0.01948402710193442
"Newman, Bryan",6,3,0.0002932785251554826,0.043392459446103815,0.463852668010561,0.4521622979710548,0.0402992960471249
"Newman, Bryan",7,5,0.002643775211836452,0.10047982962626195,0.49985657332953065,0.3599774160264627,0.03704240580590823
"Newman, Bryan",8,4,0.0010989791509953828,0.08425462287934254,0.5410041946464501,0.35165733829121415,0.021984865031997813
"Newman, Bryan",9,4,0.0017038876951854798,0.07298275579110497,0.44319685964071215,0.41928532853955724,0.06283116833344016
"Newman, Bryan",10,4,0.00230149996857526,0.11430761600162564,0.5568045688576335,0.30831456838523474,0.018271746786930887
"Newman, Bryan",11,4,0.0018625193028834475,0.05906947272252505,0.36237518273639496,0.4536922039445438,0.12300062129365275
"Newman, Bryan",12,5,0.01599505126504336,0.21347010869563043,0.5169705886107125,0.2342084981285344,0.019355753300079215
"Newman, Bryan",13,3,0.0009031051301046089,0.09720565894974903,0.6057627774208307,0.2870778206370299,0.00905063786228566
"Newman, Bryan",14,4,0.0009372546573905294,0.0680628741055671,0.48780271898459254,0.4047515065563422,0.038445645696107644
"Newman, Bryan",15,4,0.0019748283958017088,0.07196929197588431,0.42130569272373114,0.42741348991041195,0.0773366969941709
"Newman, Bryan",16,3,9.726904025375571e-05,0.03143192358653918,0.47184039530396343,0.4662802736773045,0.03035013839193912
"Newman, Bryan",17,4,0.002393747096327059,0.08369960274358229,0.44999061873044777,0.4029068076765576,0.06100922375308526
"Newman, Bryan",18,4,0.0014078516327747925,0.05656409158003961,0.37969600792004776,0.4581831427005537,0.10414890616658412
"Niemann, Joaquin",1,4,0.006463421985763551,0.16617467721733187,0.5525071052083239,0.2586847738792789,0.016170021709301707
"Niemann, Joaquin",2,5,0.0530823836265481,0.41371858786523774,0.4595367171964801,0.07222767411610154,0.0014346371956325266
"Niemann, Joaquin",3,3,0.003541607939974434,0.1997806467015904,0.6459413800552886,0.1488488523267013,0.0018875129764452936
"Niemann, Joaquin",4,4,0.005938793081269711,0.15477200474606512,0.5421612905834525,0.2772799268641877,0.019847984725025025
"Niemann, Joaquin",5,4,0.0246635089246921,0.29856087064054043,0.5295373345362955,0.14193506593726268,0.0053032199612093045
"Niemann, Joaquin",6,3,0.0020214096665875925,0.12377794079203108,0.5938672572770597,0.26989423313656047,0.010439159127761166
"Niemann, Joaquin",7,5,0.010945908094539936,0.21052974973946126,0.5542394825870487,0.21306444228878518,0.011220417290164986
"Niemann, Joaquin",8,4,0.006020867860639156,0.20044029996047946,0.6023150125806056,0.18607323709010826,0.005150582508167467
"Niemann, Joaquin",9,4,0.007260218544507979,0.16188894260740827,0.5324682448671109,0.27646424963783744,0.021918344343135443
"Niemann, Joaquin",10,4,0.01075486494132788,0.24469195663600746,0.5820008224639335,0.15822614826485326,0.004326207693877926
"Niemann, Joaquin",11,4,0.006953235804152913,0.12738548792354631,0.46337877104758257,0.3475940884919083,0.054688416732809886
"Niemann, Joaquin",12,5,0.04577815139980235,0.3426876825146505,0.48030615868801624,0.12543535062263755,0.005792656774893379
"Niemann, Joaquin",13,3,0.00578550895844504,0.23711830054835925,0.6280642899722508,0.12748845913889584,0.0015434413820489823
"Niemann, Joaquin",14,4,0.004943533670797584,0.16519781255009608,0.5792388141159177,0.23985850269931186,0.010761336963876822
"Niemann, Joaquin",15,4,0.007874020952275684,0.15577289266498034,0.5119942947586398,0.2950244691134054,0.029334322510698785
"Niemann, Joaquin",16,3,0.000911005432166323,0.10463239635014404,0.6257216201559596,0.2622368051907962,0.006498172870933905
"Niemann, Joaquin",17,4,0.009467355310781522,0.1769891925272712,0.5274228854175917,0.2644567532955474,0.021663813448808078
"Niemann, Joaquin",18,4,0.005764713838551316,0.12750121076342535,0.48619278364260393,0.3377526519999623,0.0427886397554571
"Norgaard, Niklas",1,4,0.005082587572189823,0.14685176749993084,0.5443747674050634,0.28379003987221707,0.0199008376505988
"Norgaard, Niklas",2,5,0.0446098356449236,0.38900906873545543,0.48028477838740674,0.08421588367202937,0.0018804335601848576
"Norgaard, Niklas",3,3,0.002596118003380943,0.1731327132347834,0.6484291351190037,0.17324239704837407,0.0025996365944578326
"Norgaard, Niklas",4,4,0.004672484921175779,0.13652619333063754,0.5321829755795708,0.3023984662267405,0.024219879941875355
"Norgaard, Niklas",5,4,0.020269056130441276,0.2739259862857517,0.5387534602103331,0.1603510795083899,0.0067004178650840185
"Norgaard, Niklas",6,3,0.0014920111560343674,0.10580111638954653,0.5796746225839189,0.2996727899955386,0.013359459874961677
"Norgaard, Niklas",7,5,0.008758033603665616,0.1887178891001398,0.5524793973268151,0.2361188620963468,0.013925817873032709
"Norgaard, Niklas",8,4,0.004613627848995383,0.1764391313756667,0.6014862107310246,0.2107609575240249,0.00670007252028848
"Norgaard, Niklas",9,4,0.00577712463630381,0.14365256495694045,0.5233885090580466,0.3006436421528833,0.026538159195825806
"Norgaard, Niklas",10,4,0.008453120321984864,0.21899667780668408,0.586941992591836,0.1799965224502349,0.005611686829260165
"Norgaard, Niklas",11,4,0.005642623042222128,0.1133210919782906,0.44985750045026796,0.36778966795580936,0.06338911657340995
"Norgaard, Niklas",12,5,0.03886004470828963,0.32050903249422247,0.4923371348371396,0.14110530337888005,0.007188484581468257
"Norgaard, Niklas",13,3,0.004332517650707468,0.2083863314597862,0.6359986980070946,0.14915702460392133,0.002125428278490382
"Norgaard, Niklas",14,4,0.003806811838239721,0.14476155019638837,0.571671458174763,0.26619723362001413,0.013562946170594836
"Norgaard, Niklas",15,4,0.006329229855109586,0.13867285711894067,0.5019153119743582,0.31809993710846673,0.03498266394312477
"Norgaard, Niklas",16,3,0.0006409812526324554,0.08742496032278035,0.6084704745082812,0.2948469002598204,0.008616683656485602
"Norgaard, Niklas",17,4,0.00762309558076224,0.15822732082715796,0.5203434084992345,0.287669401888628,0.026136773204217256
"Norgaard, Niklas",18,4,0.004611590336808413,0.11270179855416468,0.4723268482217684,0.36004029169418295,0.05031947119307556
"Norris, Shaun",1,4,0.004018470092486015,0.1297986487680901,0.5338424831289774,0.30823165489952975,0.02410874311091671
"Norris, Shaun",2,5,0.037588628353143694,0.36485733176718077,0.4982171595980596,0.09691842799543071,0.002418452286185202
"Norris, Shaun",3,3,0.0019143136320773912,0.1498599495601184,0.6461528186460964,0.1985780535676629,0.003494864594044911
"Norris, Shaun",4,4,0.003696554859792811,0.12047601047980172,0.5200771382619664,0.3266418556035754,0.029108440794863633
"Norris, Shaun",5,4,0.01672011330408496,0.25100600359704456,0.5448281697887809,0.17912194970353434,0.008323763606555179
"Norris, Shaun",6,3,0.0011087408998927129,0.09046638964658144,0.562818023568323,0.3288358406899746,0.016771005195228228
"Norris, Shaun",7,5,0.007041041337038978,0.1691077302048563,0.5478889280089769,0.25895503175280854,0.0170072686963193
"Norris, Shaun",8,4,0.003554467647906623,0.15521197944296344,0.5969584385998834,0.2357302980192496,0.008544816289996926
"Norris, Shaun",9,4,0.004621387305941638,0.1275146955986981,0.5122622914935552,0.32393406465801755,0.03166756094378753
"Norris, Shaun",10,4,0.006675265309130818,0.19580056258302664,0.588168335932749,0.20221554814652065,0.0071402880285729164
"Norris, Shaun",11,4,0.004603439034653434,0.10091518293046964,0.4354358072100425,0.3864038966328125,0.07264167419202194
"Norris, Shaun",12,5,0.033087921891231054,0.29930838383077224,0.501734692065623,0.1570836804323852,0.008785321779988475
"Norris, Shaun",13,3,0.0032616073058727713,0.18285967069195513,0.6391625712285096,0.17185832047792438,0.002857830295738051
"Norris, Shaun",14,4,0.002948260568886585,0.1268524747928904,0.5612439613301055,0.2921603721420539,0.016794931166063676
"Norris, Shaun",15,4,0.005114031403663066,0.12351443896679798,0.49013141321645476,0.3400773386726357,0.04116277774044852
"Norris, Shaun",16,3,0.0004544751446707851,0.07306578127804625,0.588199576237024,0.3271057816461975,0.011174385694061373
"Norris, Shaun",17,4,0.00616876670689287,0.14148338659176907,0.5111615631315802,0.3100963954465005,0.031089888123257303
"Norris, Shaun",18,4,0.0037096486640118,0.09971628652705877,0.4573255961911642,0.38081013853453693,0.058438330083228296
"Novak, Andrew",1,4,0.005591610251315493,0.15429255353241078,0.5479446035362193,0.27381915590559847,0.01835207677445594
"Novak, Andrew",2,5,0.0478071823108322,0.3988398635905881,0.47232991683266795,0.07933140666716065,0.0016916305987511038
"Novak, Andrew",3,3,0.0029373079991104056,0.18336487194196022,0.6480450903822412,0.16335843904086422,0.00229429063582387
"Novak, Andrew",4,4,0.005139289708869121,0.14354474728069289,0.5364576310873687,0.2924486287749629,0.02240970314810642
"Novak, Andrew",5,4,0.021913686736564242,0.2835727926989355,0.535463008000497,0.1529352229310199,0.006115289632983467
"Novak, Andrew",6,3,0.0016832612673507996,0.11265062098902812,0.5857106404309345,0.2878213268703701,0.012134150442316582
"Novak, Andrew",7,5,0.009569318868491439,0.19716670664981972,0.5535496550333853,0.22691484959041897,0.012799469857884604
"Novak, Andrew",8,4,0.005128507732621135,0.18568973298593616,0.6022952892430455,0.2008401477555617,0.006046322282835526
"Novak, Andrew",9,4,0.006325790407526788,0.15068047178784877,0.5272921385266296,0.29107214195925823,0.02462945731873656
"Novak, Andrew",10,4,0.009302363846951656,0.2289644282971614,0.5854388935290815,0.1712247612915313,0.005069553035274121
"Novak, Andrew",11,4,0.00613013434516807,0.11873467691349654,0.4553920099127812,0.3599019030055213,0.05984127582303289
"Novak, Andrew",12,5,0.041476056235272674,0.329267995474029,0.4878539163653801,0.13479535313522695,0.006606678790091247
"Novak, Andrew",13,3,0.004860601767569583,0.2194786457095867,0.6334302104271502,0.1403547231636988,0.0018758189319947327
"Novak, Andrew",14,4,0.0042231525399978875,0.15261434605844626,0.5750747226826112,0.2556958112266825,0.012391967492262124
"Novak, Andrew",15,4,0.006902431320872482,0.14526599735146645,0.5061749836085575,0.30899718978888413,0.032659397930219436
"Novak, Andrew",16,3,0.0007370406518479866,0.09393663568966554,0.615781087379397,0.2818262813508572,0.007718954928232269
"Novak, Andrew",17,4,0.008307975897373698,0.1654769381925888,0.5234521495825382,0.2784726480248687,0.02429028830263058
"Novak, Andrew",18,4,0.005038662077934686,0.11838918961888212,0.4780305658607189,0.35130585134157655,0.047235731100887746
"Olesen, Jacob Skov",1,4,0.004049146953850724,0.13032339026737827,0.5342198849094408,0.30744416097616756,0.023963416893162615
"Olesen, Jacob Skov",2,5,0.03779831715544546,0.3656362098161002,0.49767389850410065,0.09649228826265621,0.0023992862616974975
"Olesen, Jacob Skov",3,3,0.0019333184787252988,0.15057179381031272,0.6462955549981573,0.1977369242985303,0.003462408414274476
"Olesen, Jacob Skov",4,4,0.0037246918356920178,0.12096915802217184,0.520501872913038,0.32586400806974813,0.028940269159350107
"Olesen, Jacob Skov",5,4,0.016824794604745175,0.2517289461761467,0.5446757329192254,0.17850360115380148,0.008266925146081183
"Olesen, Jacob Skov",6,3,0.0011194501203486973,0.0909304240841059,0.5634046704229818,0.32789412586936706,0.016651329503196477
"Olesen, Jacob Skov",7,5,0.007090983171753107,0.16971647602480117,0.5480791502604818,0.25821302997491336,0.016900360568050554
"Olesen, Jacob Skov",8,4,0.0035846369519038634,0.1558655067653334,0.5971590538499691,0.23491126782748595,0.008479534605307593
"Olesen, Jacob Skov",9,4,0.004654892525546239,0.12801199343966974,0.5126540270651927,0.323187426049927,0.031491660919664266
"Olesen, Jacob Skov",10,4,0.00672656014990608,0.19652173172688686,0.5881820335991939,0.20148345875665108,0.007086215767362125
"Olesen, Jacob Skov",11,4,0.00463383140282797,0.101297044802648,0.43591868703681275,0.3858198864878605,0.0723305502698508
"Olesen, Jacob Skov",12,5,0.033260932884460304,0.299985633770657,0.5014665805958826,0.15655706005546277,0.008729792693537353
"Olesen, Jacob Skov",13,3,0.0032917851623412986,0.1836468898835099,0.6391285902384547,0.17110147289338007,0.0028312618223140795
"Olesen, Jacob Skov",14,4,0.0029727626940054264,0.12740157842119004,0.5616244582626495,0.29131902778016117,0.016682172841993914
"Olesen, Jacob Skov",15,4,0.005149427320127298,0.12398200692568973,0.4905397391702572,0.33937657804832,0.04095224853560575
"Olesen, Jacob Skov",16,3,0.00045956399779750745,0.0734955454970353,0.5889020475974309,0.32605949996960415,0.011083342938132068
"Olesen, Jacob Skov",17,4,0.006211176110574812,0.1420014696899375,0.5114908342616674,0.30937629073380823,0.03092022920401205
"Olesen, Jacob Skov",18,4,0.0037358486818127035,0.10011492109296871,0.45783059673061893,0.3801550041565058,0.058163629338093825
"Olesen, Thorbjorn",1,4,0.0054362139644104635,0.15206382115978828,0.5469356459675431,0.27676428520172935,0.01880003370652883
"Olesen, Thorbjorn",2,5,0.04684093772672543,0.3959380130238079,0.4747184393919368,0.08075690327123641,0.0017457065862934718
"Olesen, Thorbjorn",3,3,0.002832192600165151,0.18029579107591265,0.6482398639024713,0.16625093344278496,0.0023812189786659443
"Olesen, Thorbjorn",4,4,0.004996782677963885,0.14144150553945417,0.535236640572476,0.29539114475525985,0.022933926454846043
"Olesen, Thorbjorn",5,4,0.021414874690046437,0.2807049005723176,0.5364849043997282,0.15511151367459886,0.006283806663308855
"Olesen, Thorbjorn",6,3,0.0016243701635786367,0.1105892245382859,0.5839808738620069,0.29131879431003704,0.012486737126091496
"Olesen, Thorbjorn",7,5,0.009322272483963001,0.1946426784150629,0.553283396490167,0.22962686247362618,0.01312479013718093
"Olesen, Thorbjorn",8,4,0.004970812348947973,0.1829198687837189,0.602120806862269,0.2037545845717007,0.006233927433363373
"Olesen, Thorbjorn",9,4,0.006158549452663142,0.14857618341693013,0.5261788837304043,0.2939036007920284,0.02518278260797402
"Olesen, Thorbjorn",10,4,0.009043192478763229,0.22598846169110964,0.5859448171324455,0.17379837137922904,0.005225157318452522
"Olesen, Thorbjorn",11,4,0.005981888466900787,0.11711294891850527,0.4537791701699867,0.36224977400612546,0.06087621843848179
"Olesen, Thorbjorn",12,5,0.0406862209547203,0.3266740635336268,0.4892180456110614,0.1366470505198345,0.006774619380756963
"Olesen, Thorbjorn",13,3,0.004698397036585145,0.2161596008800385,0.6342676094629842,0.14292752292683308,0.0019468696935590613
"Olesen, Thorbjorn",14,4,0.004095697121701214,0.15025991461087584,0.5741227133748531,0.25879212963043974,0.012729545262130104
"Olesen, Thorbjorn",15,4,0.00672793854490783,0.14329234067427216,0.5049510872055756,0.31169429685613403,0.03333433671911035
"Olesen, Thorbjorn",16,3,0.0007072696915534915,0.09197091728823009,0.6136826324809413,0.28566314438093854,0.00797603615833653
"Olesen, Thorbjorn",17,4,0.008099558236585092,0.16330884813551688,0.5225736847795397,0.2811921213662931,0.02482578748206521
"Olesen, Thorbjorn",18,4,0.004908549885910829,0.11668419312644507,0.47637202839813886,0.35390171864151254,0.0481335099479927
"Oosthuizen, Louis",1,4,0.005130550476925511,0.14757058910349447,0.5447451123287063,0.28280933869072533,0.019744409400148433
"Oosthuizen, Louis",2,5,0.044915164835053534,0.389976745738025,0.47951889659139313,0.08372806207436534,0.0018611307611630101
"Oosthuizen, Louis",3,3,0.002627876167196397,0.1741193734966613,0.6484258245187752,0.17225873868106345,0.00256818713630369
"Oosthuizen, Louis",4,4,0.004716470265585637,0.13720381729446474,0.5326210092046375,0.3014213701985492,0.02403733303676292
"Oosthuizen, Louis",5,4,0.020425365307831622,0.27486698356095274,0.5384510288060191,0.15961561962019,0.006641002705006449
"Oosthuizen, Louis",6,3,0.001509825401059206,0.10645872664671674,0.5802907190458348,0.29850581835339585,0.013234910552993417
"Oosthuizen, Louis",7,5,0.008834734036862246,0.18953687120845886,0.55260577804505,0.2352107631347521,0.013811853574876909
"Oosthuizen, Louis",8,4,0.004661932862875806,0.17733317238662283,0.6015931001858974,0.20977839963609635,0.006633394928507563
"Oosthuizen, Louis",9,4,0.00582892889690656,0.1443318292783365,0.5237892706083833,0.2997040480881923,0.026345923128181292
"Oosthuizen, Louis",10,4,0.008533175956613681,0.21996364726938333,0.5868204149835725,0.17912635597169735,0.005556405818733068
"Oosthuizen, Louis",11,4,0.005688799447562343,0.113844004281758,0.4504111082831343,0.36702151315226594,0.06303457483527941
"Oosthuizen, Louis",12,5,0.0391101655723764,0.3213676552420906,0.49191311645076263,0.14047949038999297,0.007129572344777402
"Oosthuizen, Louis",13,3,0.004381871050659403,0.2094592956144929,0.6357794679746627,0.14827965047152025,0.002099714888664783
"Oosthuizen, Louis",14,4,0.00384589685065051,0.14551920852672484,0.5720286965582028,0.2651620068432263,0.013444191221195556
"Oosthuizen, Louis",15,4,0.006383444253468817,0.13931029478651102,0.5023487753096346,0.31720819051953275,0.034749295130852786
"Oosthuizen, Louis",16,3,0.0006498512664318556,0.08804763471011551,0.6092151994065794,0.29356242677790534,0.008524887838967876
"Oosthuizen, Louis",17,4,0.007687902235743893,0.15892909716936354,0.5206659969151989,0.2867661096611027,0.025950894018590964
"Oosthuizen, Louis",18,4,0.004651940967450696,0.11325063375235478,0.47289890325348793,0.35918798104087124,0.05001054098583535
"Ortiz, Carlos",1,4,0.005234134046945393,0.14911002062142603,0.5455195844059124,0.2807218095929169,0.019414451332799176
"Ortiz, Carlos",2,5,0.04557161316142583,0.39203604808996434,0.4778766512220711,0.08269510233862865,0.001820585187910062
"Ortiz, Carlos",3,3,0.0026967453962131738,0.17623376775685207,0.6483939009382238,0.17017329095086442,0.002502294957846485
"Ortiz, Carlos",4,4,0.004811463252231807,0.13865531302019118,0.5335407476793499,0.2993403999968205,0.023652076051406623
"Ortiz, Carlos",5,4,0.02076196247554496,0.27687564578357493,0.5377919408749767,0.15805454404151986,0.006515906824383522
"Ortiz, Carlos",6,3,0.00154844709846913,0.10787003252658023,0.5815860397107562,0.29602271252437096,0.01297276813982351
"Ortiz, Carlos",7,5,0.009000194544152462,0.19128879279871547,0.5528595640586842,0.23327983689507226,0.013571611703375619
"Ortiz, Carlos",8,4,0.004766407710313503,0.17924759586719086,0.6018009249382106,0.2076918504157057,0.006493221068579302
"Ortiz, Carlos",9,4,0.005940731357597762,0.14578630211049376,0.52463022823826,0.2977026986814536,0.02594003961219493
"Ortiz, Carlos",10,4,0.008706044284605308,0.22203160738933547,0.5865426549669228,0.17727951156784094,0.005440181791295462
"Ortiz, Carlos",11,4,0.0057883493100144845,0.11496391490343988,0.45158286643448636,0.3653808716490774,0.062283997702981875
"Ortiz, Carlos",12,5,0.03964769253721656,0.32319741167926697,0.49099830066452865,0.13915117910532704,0.007005416013660781
"Ortiz, Carlos",13,3,0.004488751830727777,0.21175619848655935,0.6352886753274911,0.14642053012289902,0.002045844232322791
"Ortiz, Carlos",14,4,0.003930412296528518,0.14714251876696072,0.5727729094076786,0.2629601107218176,0.01319404880701458
"Ortiz, Carlos",15,4,0.006500380129579875,0.14067506177727968,0.5032610123704517,0.3153074291141691,0.03425611660851957
"Ortiz, Carlos",16,3,0.0006691377390492526,0.08938578221359861,0.6107819953234594,0.29083100761384717,0.008332077110045466
"Ortiz, Carlos",17,4,0.007827663500955984,0.16043098742849488,0.5213405406448695,0.28484244128759084,0.02555836713808879
"Ortiz, Carlos",18,4,0.004739004594442042,0.11442644613358094,0.4741086337801348,0.3573688354796184,0.04935708001222383
"Parry, John",1,4,0.0047555093689362615,0.1418437202566083,0.5416365977344499,0.29072996898307524,0.021034203656930206
"Parry, John",2,5,0.042503653698220845,0.3821574897538666,0.4856019793315201,0.0877150590733462,0.00202181814304625
"Parry, John",3,3,0.002381810342276691,0.1662703865988321,0.648240937239156,0.18027536475929118,0.0028315010604440527
"Parry, John",4,4,0.004372527049903707,0.13180759028977534,0.5289759173744967,0.30930331152225243,0.02554065376357184
"Parry, John",5,4,0.019195207727914276,0.26731498357030115,0.5407629179630592,0.16559393463758987,0.0071329561011355125
"Parry, John",6,3,0.0013717207216688565,0.10124425525317726,0.5751786516223263,0.3079384298413408,0.01426694256148675
"Parry, John",7,5,0.008233479480268424,0.1829952263827822,0.5514556374995837,0.24256283246612087,0.014752824171244794
"Parry, John",8,4,0.004285447712260304,0.17020837711929243,0.6005623628621956,0.2177564337890725,0.00718737851717921
"Parry, John",9,4,0.0054232261953639505,0.13891804260804003,0.5204498742547186,0.3072813901584359,0.0279274667834416
"Parry, John",10,4,0.007907001354205467,0.21223571520366868,0.5876408126136592,0.18620084380986657,0.006015627018600034
"Parry, John",11,4,0.005326301415099488,0.10967813927896286,0.44588352263878817,0.3731782242664774,0.06593381240067209
"Parry, John",12,5,0.03713280716233164,0.31445078069791704,0.495233238613203,0.14556687278621294,0.007616300740335369
"Parry, John",13,3,0.003998327357159104,0.20090343788537085,0.6373443722706955,0.15543882641509,0.0023150360716844842
"Parry, John",14,4,0.0035411223743948006,0.13948888172609236,0.5690060177810926,0.2735375043921532,0.014426473726267042
"Parry, John",15,4,0.005958313788521963,0.13422861992006735,0.49875943813529205,0.32438833603113737,0.036665292124981264
"Parry, John",16,3,0.0005815288982538025,0.08312526615145105,0.603044879272046,0.30395926514942284,0.009289060528826276
"Parry, John",17,4,0.00717954105846047,0.153329309955342,0.5179577611193986,0.2940538188561411,0.027479569010657734
"Parry, John",18,4,0.004335772561953721,0.10888147945140397,0.4682114141681169,0.3660296909106139,0.05254164290791152
"Pavon, Matthieu",1,4,0.004252635290600826,0.13374980856237434,0.5365967753270258,0.30235947244892825,0.023041308371070768
"Pavon, Matthieu",2,5,0.03917745953787882,0.3706644376880655,0.49411095414321604,0.09376851964414201,0.0022786289866976173
"Pavon, Matthieu",3,3,0.0020604108579633795,0.15522716061304853,0.6471074093748356,0.1923460365753744,0.0032589825787781024
"Pavon, Matthieu",4,4,0.003911327683093435,0.12419042129327146,0.5231897392210911,0.32083636157302153,0.027872150229522497
"Pavon, Matthieu",5,4,0.017515356712452912,0.2564212068062221,0.5436226892991386,0.17453321513532039,0.007907532046866006
"Pavon, Matthieu",6,3,0.0011910226126143342,0.09397292760563464,0.5671244155456311,0.3218167009292816,0.015894933306838332
"Pavon, Matthieu",7,5,0.00742155185399479,0.1736829296723698,0.5492404952202355,0.25343222172238455,0.016222801531015296
"Pavon, Matthieu",8,4,0.003785342701217831,0.1601324991266988,0.5983679171940435,0.22964639075023285,0.008067850227807094
"Pavon, Matthieu",9,4,0.004876840817195138,0.1312580199008676,0.515131030722688,0.3183605327676978,0.030373575791551533
"Pavon, Matthieu",10,4,0.007066755678762693,0.20121912010592413,0.5881861245643099,0.1967828088926098,0.006745190758393527
"Pavon, Matthieu",11,4,0.004834728033074165,0.10379018074382884,0.43900786723050955,0.38202401126616536,0.07034321272642208
"Pavon, Matthieu",12,5,0.03439780783050844,0.30436765526053294,0.49968028444588597,0.1531761743862402,0.00837807807683244
"Pavon, Matthieu",13,3,0.0034930712784211893,0.18878489919109637,0.6388013359342607,0.16625592855541194,0.0026647650408098134
"Pavon, Matthieu",14,4,0.00313568892908056,0.1309902904517809,0.5640111673289713,0.2858943259427468,0.01596852734742049
"Pavon, Matthieu",15,4,0.00538363123563218,0.12703321554618535,0.4931311030976232,0.33484022478775755,0.03961182533280172
"Pavon, Matthieu",16,3,0.0004937676443678152,0.07632097382650704,0.5933608293443463,0.31931440064651684,0.010510028538261995
"Pavon, Matthieu",17,4,0.006491710906110948,0.14537978899349258,0.5135641504052937,0.304722840417323,0.029841509277779732
"Pavon, Matthieu",18,4,0.003909318756296798,0.10271929841552224,0.4610572440355788,0.3759024881139372,0.05641165067866494
"Peake, Ryan",1,4,0.002529472103558139,0.1010764152930449,0.5069305282719186,0.3552894868109192,0.03417409752055911
"Peake, Ryan",2,5,0.026731004933373104,0.31828564734917875,0.5264917630728538,0.1246525811042204,0.0038390035403739198
"Peake, Ryan",3,3,0.001047243516059837,0.11144060111839593,0.629565948242399,0.25195706539979024,0.005989141723355074
"Peake, Ryan",4,4,0.0023304542297817865,0.09355457656384059,0.4907350518559224,0.37271999241269305,0.04065992493776216
"Peake, Ryan",5,4,0.011421819953719048,0.20952879875934582,0.548812300740697,0.21785684139869232,0.012380239147545824
"Peake, Ryan",6,3,0.0006175574823183982,0.06588993101190965,0.5228949935089265,0.3852666831921354,0.02533083480470999
"Peake, Ryan",7,5,0.004577321878101892,0.13522590828773068,0.5316092717830798,0.30410162320309053,0.024485874847997136
"Peake, Ryan",8,4,0.0021227831916187934,0.11945047349124344,0.5786347917891097,0.28648573796862675,0.013306213559401314
"Peake, Ryan",9,4,0.002977976719315878,0.10020784894135071,0.48504076772995885,0.3681012962070478,0.04367211040232677
"Peake, Ryan",10,4,0.004183672655277748,0.15558549854174292,0.581111155389997,0.24803723724185733,0.011082436171125032
"Peake, Ryan",11,4,0.003087391773325121,0.07997008061144795,0.4044820680543082,0.419429329520099,0.09303113004081975
"Peake, Ryan",12,5,0.024060559263077763,0.2594743028941697,0.513634350083554,0.19013777606969384,0.012693011689504763
"Peake, Ryan",13,3,0.001857953618757846,0.13969880257914724,0.6332048137286445,0.22033536746782467,0.004903062605625785
"Peake, Ryan",14,4,0.001780952677410852,0.09702025151465515,0.5334172775472263,0.34300963710968835,0.02477188115101936
"Peake, Ryan",15,4,0.003362344208602097,0.09778248381527027,0.4624415874171769,0.3810789532097063,0.055334631349244434
"Peake, Ryan",16,3,0.00023067352619937642,0.050791367945100196,0.5407875209657547,0.39030085759504374,0.01788957996790197
"Peake, Ryan",17,4,0.0040659509724289555,0.11280801671188151,0.4876306292610937,0.352852579736752,0.04264282331784386
"Peake, Ryan",18,4,0.0024192658785435195,0.07797159518553909,0.42467436853929635,0.418265993605332,0.07666877679128903
"Pendrith, Taylor",1,4,0.006049376655733796,0.16065666610162993,0.5505545941966403,0.26559711879475667,0.017142244251239336
"Pendrith, Taylor",2,5,0.050606614124478644,0.4069307430959266,0.4654881214806311,0.07542671642563925,0.0015478048733243988
"Pendrith, Taylor",3,3,0.0032516127051632204,0.19214673737362536,0.6471339409450556,0.15540241782423736,0.002065291151918447
"Pendrith, Taylor",4,4,0.005559086632457466,0.14955514135405018,0.5396768009625776,0.28421787876373306,0.020991092287181656
"Pendrith, Taylor",5,4,0.02336744835641319,0.29166273478474225,0.5323851814857503,0.14692143554044845,0.005663199832645738
"Pendrith, Taylor",6,3,0.0018592154988443244,0.11858202618025171,0.5902969080594862,0.2780722268347201,0.011189623426697715
"Pendrith, Taylor",7,5,0.010294052680313526,0.20434335481943305,0.5540672074170209,0.21937259446416046,0.011922790619072088
"Pendrith, Taylor",8,4,0.005595503030953575,0.19359389253058906,0.6024905045015001,0.19277421174097376,0.0055458881959835615
"Pendrith, Taylor",9,4,0.0068172154643527105,0.15668582174606788,0.5302191398941288,0.28314818416790244,0.02312963872754814
"Pendrith, Taylor",10,4,0.010065361544593254,0.23741703329018843,0.5837470898992252,0.16411616817469743,0.004654347091295641
"Pendrith, Taylor",11,4,0.006564065324306367,0.1233668998417542,0.45979470616969637,0.3532662529690328,0.05700807569521027
"Pendrith, Taylor",12,5,0.04376108932296097,0.3365397775543144,0.48386616908239255,0.12967845391964894,0.006154510120683132
"Pendrith, Taylor",13,3,0.005343200259595504,0.22893862109156266,0.6307379269964037,0.13329156800859732,0.0016886836438407826
"Pendrith, Taylor",14,4,0.0046003172240940415,0.1593477322811539,0.5774905568597086,0.247076422768854,0.011484970866189492
"Pendrith, Taylor",15,4,0.007414083428972096,0.1508965904070707,0.5094356992816274,0.3014298676724354,0.03082375920989444
"Pendrith, Taylor",16,3,0.000826943984634454,0.09962054070285725,0.621360224515922,0.2711567978597341,0.007035492936852128
"Pendrith, Taylor",17,4,0.008918750232824013,0.17165250053117997,0.5257239546545842,0.2708669252531535,0.022837869328258376
"Pendrith, Taylor",18,4,0.005420685010696535,0.12326489478186209,0.48254118184599853,0.34398746117177426,0.044785777189668585
"Penge, Marco",1,4,0.005835656416817381,0.15772158536144698,0.5493998495627911,0.26935504570726354,0.01768786295168101
"Penge, Marco",2,5,0.049308105097256805,0.4032348035046502,0.46864702726311885,0.07719780139963195,0.001612262735342207
"Penge, Marco",3,3,0.003104022511001947,0.18809340360614424,0.6476180174571856,0.15901704259628113,0.002167513829387069
"Penge, Marco",4,4,0.005363093223883897,0.1467823426041529,0.5382404655784296,0.28798271508907247,0.021631383504461033
"Penge, Marco",5,4,0.022691552953705174,0.2879498100720945,0.5338332703703929,0.14965883644771916,0.00586653015608829
"Penge, Marco",6,3,0.001776615082901889,0.11583826711927142,0.5882456447391985,0.28252530370683415,0.011614169351794046
"Penge, Marco",7,5,0.009956239108189269,0.20103914306838566,0.5538722613140092,0.22281455060097521,0.01231780590844056
"Penge, Marco",8,4,0.005377028665767669,0.18994954690454524,0.6024550576354499,0.19644793443435593,0.0057704323598812834
"Penge, Marco",9,4,0.006588004056704788,0.15391681108276128,0.528914741708407,0.2867734064551246,0.023807036697002237
"Penge, Marco",10,4,0.009709224365055336,0.23352705904509136,0.5845717406544269,0.167351300977582,0.00484067495784446
"Penge, Marco",11,4,0.0063619735341411965,0.1212302620607224,0.45780090569854676,0.3563139893103965,0.05829286939619316
"Penge, Marco",12,5,0.042701774103945433,0.333210646123368,0.4857217667313689,0.13200763593240306,0.00635817710891462
"Penge, Marco",13,3,0.005117019052426619,0.22457907514269643,0.6320336168010426,0.13649807692027838,0.0017722120835559352
"Penge, Marco",14,4,0.00442391799880576,0.15624047409032848,0.5764310396834957,0.25101142366424223,0.011893144563127844
"Penge, Marco",15,4,0.007175633556711303,0.14830072237690012,0.5079741971882504,0.3048954744571929,0.03165397242094525
"Penge, Marco",16,3,0.0007845659470261945,0.09698621347094832,0.6188619580162851,0.27602552876893927,0.007341733796801142
"Penge, Marco",17,4,0.008634170267082963,0.1688071708602168,0.524718945204304,0.2743456840079195,0.023494029660476867
"Penge, Marco",18,4,0.005242555174642394,0.12101492846494405,0.4805016982918875,0.3473454676892187,0.045895350379307365
"Poston, J.T.",1,4,0.005342201231201549,0.1506976185238173,0.5462919950214298,0.2785869676792596,0.019081217544291817
"Poston, J.T.",2,5,0.04625224976328057,0.3941412689247508,0.4761802947694794,0.08164631326818084,0.0017798732743083967
"Poston, J.T.",3,3,0.0027690015827376846,0.1784162082767688,0.6483260775001002,0.1680523474423461,0.002436365198047241
"Poston, J.T.",4,4,0.004910567520161002,0.14015264257179166,0.5344633870935648,0.297210696307871,0.023262706506611552
"Poston, J.T.",5,4,0.02111173110620468,0.2789378236004365,0.5370962623216454,0.1564642943000083,0.006389888671705091
"Poston, J.T.",6,3,0.0015889549395047275,0.10932970625431304,0.5828878652947567,0.29348465152641834,0.012708821985007224
"Poston, J.T.",7,5,0.009172549961607879,0.19309266880980047,0.5530975554892273,0.23130803798613853,0.01332918775322578
"Poston, J.T.",8,4,0.004875623054649059,0.1812215326543411,0.6019855880776368,0.20556494576401008,0.006352310449363019
"Poston, J.T.",9,4,0.006057262872434355,0.14728594283826624,0.5254730946535067,0.29565412540054103,0.025529574235251706
"Poston, J.T.",10,4,0.008886358890091595,0.22416012872502256,0.5862317899352094,0.17539838808835495,0.005323334361321486
"Poston, J.T.",11,4,0.005891957731378572,0.11611893397050471,0.45277174614939775,0.3636952247662403,0.06152213738247869
"Poston, J.T.",12,5,0.04020470816410909,0.32507157957356886,0.49004545758295504,0.13779807706853264,0.00688017761083437
"Poston, J.T.",13,3,0.004600680808840019,0.2141235576259763,0.6347526594936814,0.14453115458093468,0.001991947490567636
"Poston, J.T.",14,4,0.004018736697851966,0.1488176159752665,0.573511031915993,0.26071070368842875,0.012941911722459842
"Poston, J.T.",15,4,0.00662216492521589,0.14208200934719384,0.5041791381047462,0.313359943997949,0.033756743624895
"Poston, J.T.",16,3,0.000689447085192807,0.09077237345406852,0.6123581287968592,0.28804156240647083,0.008138488257408594
"Poston, J.T.",17,4,0.007973189625038735,0.16197840295425298,0.5220132094104618,0.28287388038232897,0.025161317627917512
"Poston, J.T.",18,4,0.004829722591220886,0.11563966064106218,0.4753345075253298,0.3555015353592048,0.048694573883182324
"Potgieter, Aldrich",1,4,0.004835469238388401,0.14308560544391713,0.542341780297797,0.2889912843690218,0.02074586065087569
"Potgieter, Aldrich",2,5,0.043022508333546705,0.3838746186533064,0.48428668950202547,0.08683058845175518,0.001985595059366241
"Potgieter, Aldrich",3,3,0.002433830958199934,0.16797011795235284,0.6483227189882078,0.1785014829502044,0.0027718491510350107
"Potgieter, Aldrich",4,4,0.004445857685028087,0.1329773051620522,0.5297969136059439,0.3075749917724897,0.025204931774486017
"Potgieter, Aldrich",5,4,0.01945903159797474,0.26896342183337124,0.5402808993668378,0.16427407399897487,0.007022573202841387
"Potgieter, Aldrich",6,3,0.0014009329084865296,0.10237019688053256,0.5763272398990706,0.30586639850514397,0.014035231806766246
"Potgieter, Aldrich",7,5,0.008361962721669891,0.18441707771755866,0.5517332920015049,0.2409454592013085,0.014542208357958053
"Potgieter, Aldrich",8,4,0.004365474555624971,0.1717537656155278,0.6008212047223561,0.21599684693816368,0.007062708168327436
"Potgieter, Aldrich",9,4,0.005509845579162287,0.14009244466721948,0.5212028645855393,0.3056202637845038,0.027574581383575048
"Potgieter, Aldrich",10,4,0.008040539197523233,0.21391621818014794,0.5874921839274153,0.18463876213686858,0.005912296558044927
"Potgieter, Aldrich",11,4,0.005403867113499938,0.11058149397425188,0.4468883383427953,0.37183596513860706,0.06529033543084584
"Potgieter, Aldrich",12,5,0.03755862308902802,0.3159656601506047,0.4945247913152375,0.14444362915721787,0.007507296287911913
"Potgieter, Aldrich",13,3,0.004079636761779748,0.20276021594541888,0.637040936271962,0.15385296105661328,0.002266249964226086
"Potgieter, Aldrich",14,4,0.0036059356701793055,0.14079540241940786,0.5696962488849924,0.27169614347028126,0.014206269555139261
"Potgieter, Aldrich",15,4,0.006049189436238667,0.1353312260182739,0.4995645377859244,0.3228164969390255,0.036238549820537536
"Potgieter, Aldrich",16,3,0.0005958943586527043,0.0841851837548786,0.6044295025240188,0.3016726207639002,0.009116798598549636
"Potgieter, Aldrich",17,4,0.007288241071674084,0.1545453470650897,0.5185722517557998,0.29245556954877283,0.027138590558663522
"Potgieter, Aldrich",18,4,0.004403308394643479,0.10982828257293703,0.4692534457100267,0.3645360361227248,0.05197892719966801
"Rahm, Jon",1,4,0.008243089833493422,0.18776024500841831,0.5576410377363932,0.23341503003701058,0.01294059738468456
"Rahm, Jon",2,5,0.06320478941349128,0.4383692334234045,0.4361942802477151,0.06115661321396948,0.0010750837014196213
"Rahm, Jon",3,3,0.00484339964310132,0.22977536414291821,0.6381074598878748,0.12593476904877188,0.0013390072773338257
"Rahm, Jon",4,4,0.007571004014425897,0.17522926436340802,0.5493979294327577,0.25177311813213543,0.01602868405727298
"Rahm, Jon",5,4,0.03005841098495493,0.3245593896857624,0.5170205870701571,0.12423124589308954,0.004130366366036031
"Rahm, Jon",6,3,0.002748373783382052,0.14455795279834327,0.6045269065530483,0.24015976597803368,0.008007000887192639
"Rahm, Jon",7,5,0.013713081129030025,0.23441963541652988,0.5527122234324271,0.19025292693968687,0.008902133082326125
"Rahm, Jon",8,4,0.00787711497045862,0.2271463049218278,0.5988920840428646,0.16219957950332264,0.0038849165615263415
"Rahm, Jon",9,4,0.009150509390654427,0.18221377463741506,0.5389326025753783,0.25185197741195,0.017851135984602196
"Rahm, Jon",10,4,0.013711507698440206,0.2726743005514881,0.5729844877426428,0.13735536035258256,0.0032743436548463567
"Rahm, Jon",11,4,0.00859560105060908,0.14313581648448775,0.47549678736377327,0.3261058519638954,0.04666594313723449
"Rahm, Jon",12,5,0.05399439549128987,0.36542691777465225,0.4656159334616754,0.11036200551104114,0.0046007477613413394
"Rahm, Jon",13,3,0.0077416840951527455,0.26888253470353374,0.6149739516392707,0.10730633936712652,0.001095490194916282
"Rahm, Jon",14,4,0.006438480340841102,0.1881786730783258,0.5832889141608206,0.21369924054478728,0.008394691875225124
"Rahm, Jon",15,4,0.009824578043026388,0.17480632479583408,0.5198274278108332,0.27125915018093216,0.024282519169374073
"Rahm, Jon",16,3,0.0012998857027308186,0.1249591784319729,0.6388922560260293,0.23005263653805452,0.004796043301212416
"Rahm, Jon",17,4,0.011789669429830063,0.1977178720420989,0.5318876747364687,0.24089097583420793,0.017713807957394412
"Rahm, Jon",18,4,0.0072296753081528276,0.1441579545632804,0.49836180283740866,0.31430353498928854,0.035947032301869575
"Rai, Aaron",1,4,0.006311014881310084,0.16416840048920117,0.5518295236832103,0.26117535571594697,0.016515705230331523
"Rai, Aaron",2,5,0.05217699889575805,0.4112745589747382,0.46170218632277044,0.07337163142472103,0.0014746243820122906
"Rai, Aaron",3,3,0.0034342522085160643,0.1970031119765725,0.6464165885324076,0.15119597146768304,0.001950075814820762
"Rai, Aaron",4,4,0.0057990250947679844,0.152874624936911,0.5412899292202804,0.27978166369504376,0.02025475705299684
"Rai, Aaron",5,4,0.024188430915020598,0.2960650920027907,0.5305911530347117,0.1437244566473722,0.0054308674001047885
"Rai, Aaron",6,3,0.0019613805441198173,0.12188314323733385,0.5926115437877859,0.27283884072341225,0.010705091707348124
"Rai, Aaron",7,5,0.010706353355254883,0.20828429249989538,0.5542055150814714,0.21533390876118064,0.011469930302197673
"Rai, Aaron",8,4,0.005863979245327333,0.19795183112928005,0.6024145404766302,0.18847922828441566,0.005290420864346723
"Rai, Aaron",9,4,0.007097309318184253,0.15999754727795418,0.5316805824469164,0.2788748879951589,0.02234967296178625
"Rai, Aaron",10,4,0.010501133405611873,0.24205266219894522,0.5826645588031649,0.16033934198315736,0.004442303609120568
"Rai, Aaron",11,4,0.006810333533068591,0.12592410491078665,0.4621000222882684,0.3496477614693684,0.05551777779850797
"Rai, Aaron",12,5,0.045040904890483346,0.3404689120975804,0.4816109412382249,0.12695808055700708,0.005921161216704274
"Rai, Aaron",13,3,0.00562208173518064,0.2341468227691924,0.6290712999602288,0.12956524462910746,0.0015945509062906815
"Rai, Aaron",14,4,0.004816977632616737,0.16306955917065058,0.5786392182550684,0.24245616400439673,0.011018080937267527
"Rai, Aaron",15,4,0.007705021505949816,0.154000512264734,0.5110920250957327,0.2973370117373777,0.029865429396205845
"Rai, Aaron",16,3,0.0008797663718005944,0.1028012599091716,0.6241856478587743,0.2654453514701597,0.0066879743900938315
"Rai, Aaron",17,4,0.009265822841030946,0.1750507135268291,0.5268333607850442,0.26676810940369133,0.022081993443404446
"Rai, Aaron",18,4,0.005638237590653794,0.12595997035732825,0.4848922033011598,0.3400078263406222,0.043501762410235956
"Reed, Patrick",1,4,0.0060303298560118734,0.16039757207870753,0.550455965842223,0.2659265451750231,0.017189587048034416
"Reed, Patrick",2,5,0.05049147561627726,0.4066068996341691,0.46576718676507545,0.07558106687165844,0.0015533711128197236
"Reed, Patrick",3,3,0.003238400308688383,0.1917887189209843,0.6471809666749988,0.1557178224094048,0.0020740916859237624
"Reed, Patrick",4,4,0.0055416196168168175,0.1493103141503191,0.5395532740682112,0.28454810810489306,0.021046684059759846
"Reed, Patrick",5,4,0.023307408143479313,0.29133621053345515,0.5325149262268029,0.14716064922864747,0.005680805867615213
"Reed, Patrick",6,3,0.0018518226192235643,0.1183392580650049,0.5901201558926775,0.27846239709213494,0.011226366330959081
"Reed, Patrick",7,5,0.010263984607427723,0.20405205886434535,0.5540529454927103,0.21967396885193413,0.011957042183582511
"Reed, Patrick",8,4,0.005576001700124067,0.19327225997254638,0.6024910509051272,0.1930953914528457,0.005565295969356621
"Reed, Patrick",9,4,0.006796803520307815,0.15644142843806397,0.5301070690306704,0.28346621652137716,0.02318848248958072
"Reed, Patrick",10,4,0.0100336288637623,0.2370742167441991,0.5838228673872814,0.1643988335093054,0.0046704534954518095
"Reed, Patrick",11,4,0.006546089326818771,0.12317826579332036,0.45962118637775196,0.3535344301055706,0.05712002839653829
"Reed, Patrick",12,5,0.04366720003823288,0.3362475680351463,0.4840310682974067,0.12988199826923685,0.006172165359977222
"Reed, Patrick",13,3,0.005322982754897454,0.22855401882821336,0.6308559265957518,0.13357119747219337,0.0016958743489439154
"Reed, Patrick",14,4,0.004584574970201205,0.15907331273005432,0.5774007175425837,0.24742106482233228,0.011520329934828544
"Reed, Patrick",15,4,0.007392862292552371,0.15066750152065844,0.5093095451821321,0.3017341371974651,0.03089595380719201
"Reed, Patrick",16,3,0.0008231388948176654,0.099387109278337,0.6211447549118487,0.2715830634940961,0.007061933420900557
"Reed, Patrick",17,4,0.008893428213827936,0.17140151889381994,0.5256381222533733,0.2711720509561518,0.022894879682827107
"Reed, Patrick",18,4,0.005404825709420191,0.12306618632358146,0.48236390636192056,0.3442827154001251,0.04488236620495267
"Reitan, Kristoffer",1,4,0.005097690446472791,0.14707853028311507,0.5444922013225655,0.2834802519126366,0.019851326035210115
"Reitan, Kristoffer",2,5,0.0447060742482564,0.38931475834875473,0.4800432369909056,0.08406161204048013,0.001874318371603123
"Reitan, Kristoffer",3,3,0.0026061092306454148,0.17344392544890008,0.6484288945928939,0.17293140293204046,0.0025896677955201675
"Reitan, Kristoffer",4,4,0.004686335329148139,0.13673995030397346,0.5323217529272464,0.30208985326212157,0.024162108177510522
"Reitan, Kristoffer",5,4,0.020318307000265656,0.27422304968334626,0.5386584234354437,0.1601186152526678,0.006681604628276605
"Reitan, Kristoffer",6,3,0.0014976158812188278,0.10600847371416494,0.5798697581682277,0.29930413263319633,0.01332001960319218
"Reitan, Kristoffer",7,5,0.008782191483497293,0.18897631381432867,0.5525198118070558,0.2358319410205305,0.013889741874587802
"Reitan, Kristoffer",8,4,0.00462883358512145,0.17672117778708551,0.6015206129616917,0.21045042293852823,0.006678952727573129
"Reitan, Kristoffer",9,4,0.005793439564668823,0.14386685667967486,0.5235154947971234,0.30034688209797744,0.026477326860555372
"Reitan, Kristoffer",10,4,0.008478329539121476,0.21930181582450853,0.5869042023213664,0.1797214751836954,0.0055941771313081645
"Reitan, Kristoffer",11,4,0.00565716898062002,0.11348605119100813,0.4500325915738208,0.3675471995332238,0.06327698872132725
"Reitan, Kristoffer",12,5,0.03893888911460042,0.32078019026322496,0.4922035908517631,0.14090749527001745,0.007169834500394101
"Reitan, Kristoffer",13,3,0.004348048992248221,0.20872484412280679,0.6359302284226873,0.14887960088826158,0.002117277573996157
"Reitan, Kristoffer",14,4,0.003819115832157327,0.14500054179718153,0.5717848282889022,0.26587016690831433,0.013525347173444557
"Reitan, Kristoffer",15,4,0.00634630599344671,0.13887395823080217,0.5020525736619705,0.3178183321507613,0.03490882996301936
"Reitan, Kristoffer",16,3,0.0006437701625734982,0.08762124324774301,0.608706316607786,0.2944410677046049,0.008587602277292605
"Reitan, Kristoffer",17,4,0.007643508682262989,0.15844873989269415,0.5204457011251116,0.28738409569548085,0.026077954604450504
"Reitan, Kristoffer",18,4,0.004624298766265134,0.11287492309486924,0.4725078083218961,0.35977121940820844,0.05022175040876109
"Riley, Davis",1,4,0.0040542800964682435,0.1304109805282611,0.5342825300941185,0.30731294170738566,0.02393926757376641
"Riley, Davis",2,5,0.037833357930966593,0.36576599037191854,0.49758315258028896,0.09642139379605774,0.0023961053207681715
"Riley, Davis",3,3,0.001936502565560383,0.1506906445741535,0.6463188972468157,0.19759693016075808,0.0034570254527124256
"Riley, Davis",4,4,0.003729399961349411,0.12105147913247488,0.5205724267155212,0.3257343749753787,0.028912319215275817
"Riley, Davis",5,4,0.016842295872574298,0.2518495071430891,0.544650055320889,0.17840065637944913,0.0082574852839985
"Riley, Davis",6,3,0.0011212441778651883,0.09100793081984598,0.5635021493920433,0.32773722084467993,0.01663145476556549
"Riley, Davis",7,5,0.007099337129638672,0.1698180545206524,0.5481105776581789,0.25808943215991587,0.016882598531614113
"Riley, Davis",8,4,0.0035896874561303638,0.15597459281197906,0.5971921342516537,0.2347748884963503,0.008468696983886526
"Riley, Davis",9,4,0.004660497752348114,0.12809499798632196,0.5127190910735159,0.32306299026724705,0.031462422920567
"Riley, Davis",10,4,0.006735143071218919,0.19664206359164893,0.5881839763330606,0.2013615780664787,0.007077238937592822
"Riley, Davis",11,4,0.004638914169006525,0.10136078408765398,0.43599903348809893,0.38572247255292846,0.0722787957023121
"Riley, Davis",12,5,0.03328984036198068,0.30009851995226,0.5014216831476905,0.15646938871231098,0.008720567825757808
"Riley, Davis",13,3,0.0032968391455392987,0.18377828437082155,0.6391224936141744,0.17097552740067612,0.0028268554687886915
"Riley, Davis",14,4,0.002976864175400884,0.12749324810655965,0.5616875783531772,0.29117886646413393,0.01666344290072841
"Riley, Davis",15,4,0.0051553477917364865,0.12406004614886423,0.4906075967121369,0.3392597639509455,0.040917245396316915
"Riley, Davis",16,3,0.0004604172558067554,0.07356735842967316,0.589018791198517,0.3258852010827369,0.011068232033266234
"Riley, Davis",17,4,0.0062182693941224,0.14208793004000714,0.5115454883264066,0.30925628488742474,0.03089202735203922
"Riley, Davis",18,4,0.0037402314491714606,0.10018146697128033,0.45791460764949593,0.3800457492532642,0.0581179446767881
"Rose, Justin",1,4,0.005489823968428509,0.1528368097009692,0.5472913053891314,0.2757388823471387,0.018643178594332177
"Rose, Justin",2,5,0.04717523049187117,0.39694854540363833,0.4738905380813893,0.08025896437496527,0.0017267216481359204
"Rose, Justin",3,3,0.0028683632829291095,0.1813598418058474,0.6481798470498195,0.16524129728132286,0.002350650580081104
"Rose, Justin",4,4,0.005045946078712393,0.1421708753410913,0.5356657556987168,0.2943669946880897,0.022750428193389793
"Rose, Justin",5,4,0.02158727469475541,0.2817016388231005,0.5361338956110387,0.1543524594844975,0.00622473138660784
"Rose, Justin",6,3,0.001644637677507832,0.11130323774685186,0.5845882429921595,0.29010077667585665,0.012363104907624156
"Rose, Justin",7,5,0.009407561339748516,0.1955187218739412,0.553380884487322,0.22868199849243342,0.013010833806554767
"Rose, Justin",8,4,0.005025166097223033,0.18388063615702072,0.6021877442528243,0.20273835670960583,0.0061680967833260825
"Rose, Justin",9,4,0.006216270612001695,0.14930608411690643,0.52657030869326,0.2929181849835585,0.024989151594273284
"Rose, Justin",10,4,0.009132612698825093,0.22702154627265303,0.585774604711006,0.17290067766609762,0.0051705586514183555
"Rose, Justin",11,4,0.006033087786983138,0.11767538722700316,0.4543428196795293,0.3614340427597683,0.060514662546716114
"Rose, Justin",12,5,0.04095955025011755,0.3275765443221974,0.4887469159943215,0.1360012071637815,0.006715782269582027
"Rose, Justin",13,3,0.004754260019891765,0.21731108563016133,0.6339835901811518,0.14202918041370816,0.0019218837550869505
"Rose, Justin",14,4,0.004139633587842584,0.15107628137511886,0.5744592895797462,0.25771356025589487,0.012611235201397397
"Rose, Justin",15,4,0.006788184470778946,0.14397697233130624,0.5053805082541742,0.3107560507408903,0.033098284202850214
"Rose, Justin",16,3,0.0007174967087845152,0.09265121484753475,0.6144191258792397,0.28432638735559235,0.007885775208848589
"Rose, Justin",17,4,0.008171524219792614,0.16406112688018554,0.5228833606541374,0.2802455736160746,0.02463841462980987
"Rose, Justin",18,4,0.004953462720617752,0.11727539155742683,0.4769520018417866,0.35299944097688174,0.047819702903287076
"Rozner, Antoine",1,4,0.004920287496853304,0.14439031675237252,0.5430638773756175,0.2871773293053471,0.020448189069809608
"Rozner, Antoine",2,5,0.04357004902196798,0.3856656907837997,0.4829024629463433,0.08591341684027354,0.0019483804076154687
"Rozner, Antoine",3,3,0.0024892767994089127,0.16975726224317705,0.6483834331190437,0.17665928800223374,0.0027107398361365664
"Rozner, Antoine",4,4,0.004523643307135505,0.1342064753940645,0.5306410182269898,0.305770727581403,0.024858135490407163
"Rozner, Antoine",5,4,0.01973795237174769,0.2706887898859592,0.5397627830255207,0.1629016138534699,0.006908860863302557
"Rozner, Antoine",6,3,0.0014320590046387749,0.10355599356586243,0.5775098134557934,0.30370551613611896,0.013796617837586345
"Rozner, Antoine",7,5,0.008498076011993871,0.1859088935318216,0.5520079296636522,0.2392601694507953,0.014324931341737068
"Rozner, Antoine",8,4,0.004450508660256092,0.1733771293237253,0.6010717977649653,0.21416606651045167,0.0069344977406016195
"Rozner, Antoine",9,4,0.005601654344810303,0.1413260110083039,0.5219765542814001,0.30388590695636997,0.027209873409115737
"Rozner, Antoine",10,4,0.00818217004183186,0.21567893869702565,0.5873183206861117,0.183014546901474,0.0058060236735568704
"Rozner, Antoine",11,4,0.005485976913472301,0.11153055554666236,0.4479301252683542,0.3704300810463922,0.06462326122511897
"Rozner, Antoine",12,5,0.03800775577249893,0.3175481941495457,0.49377349538184356,0.1432756734731031,0.007394881223008687
"Rozner, Antoine",13,3,0.004166164704574593,0.20471010135705342,0.6367004032789807,0.15220705470550266,0.0022162759538886245
"Rozner, Antoine",14,4,0.0036747864378097184,0.14216872396996877,0.5704004264657321,0.26977675857004124,0.013979304556448136
"Rozner, Antoine",15,4,0.006145444260360788,0.13648922838065214,0.5003942372659385,0.32117403829509794,0.035797051797950674
"Rozner, Antoine",16,3,0.0006112527089219277,0.08530321906426597,0.605856118624928,0.29928959218689366,0.008939817414990392
"Rozner, Antoine",17,4,0.007403355611616591,0.15582187415659504,0.5192014125362389,0.2907872349791044,0.026786122716445093
"Rozner, Antoine",18,4,0.004474870675446663,0.11082337280950827,0.4703328012600109,0.36297281435886597,0.051396140896168174
"Saddier, Adrien",1,4,0.004512474048475268,0.13799515082428393,0.5393380148831892,0.2961943309623798,0.021960029281671734
"Saddier, Adrien",2,5,0.04091010425527114,0.37675874503113416,0.4896625574333107,0.0905293199531717,0.002139273327112279
"Saddier, Adrien",3,3,0.002225215299239136,0.1610117137715828,0.6478347125411679,0.1859023118138684,0.0030260465741418496
"Saddier, Adrien",4,4,0.00414963696707038,0.12818432774029875,0.5263205331296855,0.3147282362117604,0.026617265951184965
"Saddier, Adrien",5,4,0.018387912701805287,0.2621679183015939,0.5421852772589996,0.1697699791287821,0.0074889126088191205
"Saddier, Adrien",6,3,0.0012837286206368592,0.09777222772889738,0.5714739514553345,0.3144554225425864,0.015014669652544832
"Saddier, Adrien",7,5,0.00784193799336974,0.17857723885122556,0.5504919152528698,0.24765886101728918,0.01543004688524574
"Saddier, Adrien",8,4,0.004043046569177866,0.16541816738420173,0.5996310033537009,0.22331698081519658,0.007590801877722986
"Saddier, Adrien",9,4,0.00515952243468748,0.13527709527832904,0.5180114203234307,0.3124939827752493,0.02905797918830344
"Saddier, Adrien",10,4,0.0075010039969870546,0.20701132424996577,0.5879938304650019,0.1911438953856318,0.006349945902413445
"Saddier, Adrien",11,4,0.005089560649885028,0.10687862179328778,0.4426861234787354,0.3773631470147658,0.06798254706332596
"Saddier, Adrien",12,5,0.03582365867371057,0.30970237339146617,0.49738572790578905,0.14912120199872347,0.007967038030310736
"Saddier, Adrien",13,3,0.003752795819360666,0.19514472114348702,0.6381525073333099,0.16047580409575124,0.002474171608091158
"Saddier, Adrien",14,4,0.0033446984417823122,0.13544424889889994,0.5667403955166611,0.2793348501986631,0.015135806943993524
"Saddier, Adrien",15,4,0.005681273097269568,0.13080933175286225,0.49616716354242335,0.3293126881624404,0.03802954344500442
"Saddier, Adrien",16,3,0.0005385505033575488,0.0798673386297093,0.5985852092242068,0.31116132897183246,0.009847572670893978
"Saddier, Adrien",17,4,0.006848048285703956,0.1495546740999154,0.5159543300794098,0.29907141999046527,0.028571527544505537
"Saddier, Adrien",18,4,0.004130051109298483,0.10594960955776755,0.4648894842294529,0.37069410061729824,0.0543367544861828
"Sandborg, Jesper",1,4,0.0024467309564375483,0.0992437871904428,0.5047328743472821,0.3585832014580692,0.03499340604776835
"Sandborg, Jesper",2,5,0.026079957519012265,0.31502430657183483,0.5281576752219326,0.12677580565793778,0.003962255029282602
"Sandborg, Jesper",3,3,0.0010026888174877735,0.10903242795507617,0.6278216722491048,0.25593083362052205,0.006212377357809218
"Sandborg, Jesper",4,4,0.0022545082593812826,0.09184165340558864,0.48839640292678943,0.3759146085787304,0.041592826829510265
"Sandborg, Jesper",5,4,0.011112358963056512,0.2067443060811121,0.5487142950936772,0.22070899041712944,0.012720049445024806
"Sandborg, Jesper",6,3,0.0005921248795864309,0.06438017824510239,0.5197564853481713,0.3892227658143327,0.026048445712807178
"Sandborg, Jesper",7,5,0.0044377225605695125,0.13302405340135676,0.5301130881810701,0.3073246246563104,0.025100511200693343
"Sandborg, Jesper",8,4,0.0020454483047533945,0.11717171308379248,0.576893871557034,0.2901761232030141,0.013712843851406031
"Sandborg, Jesper",9,4,0.0028854706804399277,0.09845880701295906,0.482860388425223,0.3711595639562262,0.044635769925151836
"Sandborg, Jesper",10,4,0.004045185128673412,0.15296879242269473,0.5801618063819223,0.25140514582152074,0.011419070245188845
"Sandborg, Jesper",11,4,0.0030002662166103145,0.07862903634485735,0.402162734575331,0.4216027336817832,0.09460522918141812
"Sandborg, Jesper",12,5,0.023514066616871165,0.25672823515030563,0.5141631950849231,0.19257829765551182,0.013016205492388244
"Sandborg, Jesper",13,3,0.0017840513780807976,0.13694536262110568,0.6322045057717359,0.22397965146315268,0.005086428765924911
"Sandborg, Jesper",14,4,0.0017175687510657678,0.09513344605806584,0.5311040499292916,0.34661080373524067,0.025434131526336112
"Sandborg, Jesper",15,4,0.0032626623825225964,0.09612972753297222,0.46026565479467596,0.38388446469618887,0.05645749059364036
"Sandborg, Jesper",16,3,0.0002196977810324241,0.049457609405234415,0.5370893810553146,0.39476489119137814,0.018468420567040456
"Sandborg, Jesper",17,4,0.003946028932997447,0.11095492214458624,0.4857045217009478,0.35582613665219975,0.043568390569268756
"Sandborg, Jesper",18,4,0.0023462446429330375,0.07658830558226809,0.4222102522165545,0.4207618399226599,0.07809335763558445
"Schauffele, Xander",1,4,0.007228828200581128,0.175848459950876,0.5552792794746377,0.2470248493349262,0.014618583038979005
"Schauffele, Xander",2,5,0.05753216440255021,0.42513026315615227,0.44907911106866316,0.0669997863335422,0.0012586750390921608
"Schauffele, Xander",3,3,0.00409099706622823,0.21320069630764826,0.643019992658687,0.1380725701823079,0.0016157437851286316
"Schauffele, Xander",4,4,0.006640745580233309,0.1639303006938933,0.5458725211658118,0.26553876223785877,0.018017670322202917
"Schauffele, Xander",5,4,0.027016572720716114,0.3104022966054709,0.5241809405389377,0.13366497293103707,0.004735217203838182
"Schauffele, Xander",6,3,0.0023283843586419106,0.13300280965087902,0.599269659844752,0.2561406386953087,0.00925850745041834
"Schauffele, Xander",7,5,0.012142533055530591,0.22129636175456535,0.5539668824072811,0.20249047959610822,0.010103743186514746
"Schauffele, Xander",8,4,0.006813986455029564,0.21242507260957028,0.6012921542824247,0.17493569725803826,0.00453308939493724
"Schauffele, Xander",9,4,0.008075782017577249,0.17100297403537068,0.5358050920866033,0.2651428387476371,0.019973313112811697
"Schauffele, Xander",10,4,0.012027882009120638,0.2573258760685446,0.5783654041363933,0.14846754310585064,0.0038132946800908396
"Schauffele, Xander",11,4,0.007665210581729531,0.1344372876034402,0.4691695542627604,0.3378283330154571,0.050899614536612736
"Schauffele, Xander",12,5,0.04939556366374326,0.3531290551331168,0.47386107734561644,0.11839621653017418,0.005218087327349297
"Schauffele, Xander",13,3,0.006616495363461705,0.251402426562731,0.6226837204832234,0.11797589242313256,0.0013214651674513522
"Schauffele, Xander",14,4,0.0055827778542910655,0.17547877189594668,0.5815784082649027,0.22774312461599167,0.009616917368867828
"Schauffele, Xander",15,4,0.008717824801351914,0.16431038973775086,0.5159152120322031,0.28412785697223075,0.02692871645646333
"Schauffele, Xander",16,3,0.001072946128691299,0.11360209211181188,0.6323608846142229,0.2473001225707514,0.005663954574522512
"Schauffele, Xander",17,4,0.010472803520120977,0.1863070587154133,0.5298341685683312,0.25360952953745786,0.019776439658676592
"Schauffele, Xander",18,4,0.006397309791527694,0.13494881765391492,0.492046831673844,0.32706262265860964,0.03954441822210375
"Scheffler, Scottie",1,4,0.009350096036943312,0.19977309944618493,0.5589510451433437,0.22045798130629568,0.011467778067232315
"Scheffler, Scottie",2,5,0.06914505791795555,0.4508621617329597,0.4232286959070669,0.05584402412896994,0.0009200603130479212
"Scheffler, Scottie",3,3,0.0056932149862048975,0.24652779844140538,0.6318480453570218,0.11481933099586228,0.0011116102195056765
"Scheffler, Scottie",4,4,0.008586469528930218,0.18664881611752127,0.551885099789492,0.2386057138240366,0.014273900740019885
"Scheffler, Scottie",5,4,0.03329190005786287,0.3383831702046782,0.5092517866571664,0.11546490265244391,0.0036082404278485747
"Scheffler, Scottie",6,3,0.0032224358703802913,0.15642243948756518,0.6083952799086553,0.22502719099503055,0.00693265373836871
"Scheffler, Scottie",7,5,0.015409828281468974,0.24750896351692497,0.5505221672679563,0.17870586637601849,0.007853174557631237
"Scheffler, Scottie",8,4,0.009051290498877596,0.24194556065356204,0.5953287858495526,0.1503400863270209,0.0033342766709868465
"Scheffler, Scottie",9,4,0.01031672211121576,0.19350879868289284,0.5410842198635526,0.23911973654183927,0.015970522800499487
"Scheffler, Scottie",10,4,0.015544742542190682,0.2879216321567008,0.5666649509983304,0.12705276036137714,0.002815913941401016
"Scheffler, Scottie",11,4,0.00959651539064188,0.1519299726420414,0.4810496811882558,0.3146084713089704,0.04281535947009052
"Scheffler, Scottie",12,5,0.05879763597229648,0.37724024882589213,0.45701023422488396,0.10288934038064435,0.004062540596283082
"Scheffler, Scottie",13,3,0.008997347948807355,0.28637552804780664,0.6061392781067054,0.09757801102792774,0.0009098348687528457
"Scheffler, Scottie",14,4,0.00738237188017743,0.20102740495151522,0.5838238788219414,0.20042968914124826,0.007336655205117726
"Scheffler, Scottie",15,4,0.011019709361911156,0.1853765525622511,0.5228351164080921,0.2588520787018308,0.02191654296591483
"Scheffler, Scottie",16,3,0.0015625728284802132,0.13675121324639888,0.643784571208481,0.21383547457402075,0.004066168142619175
"Scheffler, Scottie",17,4,0.013209420382077286,0.2091601413730093,0.5330263904108962,0.22872144585040732,0.015882601983609912
"Scheffler, Scottie",18,4,0.008131610212299523,0.15349124151173366,0.5038092072762603,0.3018653491175166,0.032702591882189935
"Schmid, Matti",1,4,0.005184030460594957,0.14836758920313942,0.5451492341681758,0.28172641556805933,0.019572730600030397
"Schmid, Matti",2,5,0.0452545888630464,0.3910451136693384,0.47866900464566553,0.08319128703842038,0.001840005783529275
"Schmid, Matti",3,3,0.002663385260574691,0.17521381655049745,0.6484134971304467,0.17117547347248985,0.0025338275859912995
"Schmid, Matti",4,4,0.004765515013225863,0.13795524103925194,0.5331002879545906,0.30034203895383804,0.02383691703909352
"Schmid, Matti",5,4,0.020599315373647564,0.2759080325949438,0.5381117289509616,0.1588050474625664,0.006575875617880644
"Schmid, Matti",6,3,0.0015297403969181667,0.10718888954761358,0.5809654220772555,0.2972175288590836,0.013098419119129123
"Schmid, Matti",7,5,0.008920192557409168,0.1904442245136082,0.5527400237414376,0.2342087294403773,0.013686829747167728
"Schmid, Matti",8,4,0.004715847167576226,0.1783243595072343,0.6017042641807431,0.2086951474022396,0.0065603817422068555
"Schmid, Matti",9,4,0.005886665346711228,0.14508488526139568,0.5242275860983874,0.2986660560465977,0.026134807246907976
"Schmid, Matti",10,4,0.008622431742848047,0.22103477337066402,0.5866795519565075,0.17816737389577963,0.005495869034200851
"Schmid, Matti",11,4,0.0057402265463139535,0.11442380123002271,0.4510201013929392,0.3661713588756743,0.06264451195504983
"Schmid, Matti",12,5,0.03938813801952262,0.322316502216959,0.4914406309900471,0.13978977402584714,0.0070649547476241414
"Schmid, Matti",13,3,0.004437003472767986,0.21064862199802864,0.6355289711731149,0.14731377996203765,0.002071623394050759
"Schmid, Matti",14,4,0.003889514173400499,0.14635951504567907,0.5724175231110245,0.2640194664015316,0.013313981268364361
"Schmid, Matti",15,4,0.00644384321071817,0.1400169297895391,0.502823783261917,0.3162225937137644,0.03449285002406133
"Schmid, Matti",16,3,0.00065978667830352,0.08873963946430286,0.6100311296207932,0.2921450155829399,0.008424428653660554
"Schmid, Matti",17,4,0.007760094421457475,0.15970683710293082,0.5210179858098776,0.2857683461056043,0.025746736560129824
"Schmid, Matti",18,4,0.004696905285155817,0.11385930706122055,0.4735278155376361,0.35824511873439047,0.04967085338159705
"Scott, Adam",1,4,0.006274550273369095,0.1636841621586539,0.5516605004942704,0.261780333445638,0.016600453628068612
"Scott, Adam",2,5,0.051959369261021904,0.41068059044017396,0.46222459310995334,0.07365097700937873,0.0014844701794720638
"Scott, Adam",3,3,0.003408670916869194,0.1963330462790729,0.6465242464607803,0.15176851284083603,0.001965523502441502
"Scott, Adam",4,4,0.005765584646122035,0.15241677228872957,0.5410741941197884,0.2803890228436767,0.020354426101683254
"Scott, Adam",5,4,0.02407442517622388,0.2954606124543692,0.5308424026191944,0.14416033920312943,0.005462220547083119
"Scott, Adam",6,3,0.0019470740090100636,0.1214267718352347,0.5923012638445773,0.27355444857621003,0.010770441734967884
"Scott, Adam",7,5,0.010648971678713648,0.20774167106163977,0.5541924615176936,0.21588575653590736,0.011531139206045538
"Scott, Adam",8,4,0.0058264960991380454,0.19735107118319067,0.6024325149811024,0.18906509223120227,0.005324825505366615
"Scott, Adam",9,4,0.007058305239563745,0.15954097091645797,0.5314853692827031,0.27946004547099956,0.02245530909027571
"Scott, Adam",10,4,0.010440414032222511,0.2414146505783994,0.5828198874210055,0.160854184118983,0.00447086384938955
"Scott, Adam",11,4,0.006776083726526494,0.12557143245120905,0.4617872450507061,0.3501449159144888,0.055720322857069515
"Scott, Adam",12,5,0.04486362520257725,0.3399305747923619,0.48192411380101485,0.12732899420054533,0.005952692003500681
"Scott, Adam",13,3,0.005583085714198854,0.23342917988661482,0.6293084558360323,0.13007210739452524,0.0016071711686287404
"Scott, Adam",14,4,0.004786735745040738,0.1625560908228264,0.5784883877208676,0.24308766718413677,0.011081118527128453
"Scott, Adam",15,4,0.007664535916660831,0.15357263012220285,0.5108695020232161,0.29789795507968464,0.02999537685823561
"Scott, Adam",16,3,0.0008723430749622563,0.10236081085337251,0.6238064727339975,0.2662256549997013,0.006734718337966461
"Scott, Adam",17,4,0.009217535571961422,0.17458252070182267,0.5266862940607258,0.2673292593727068,0.022184390292783407
"Scott, Adam",18,4,0.005607950224642777,0.12558814139701263,0.48457369422323276,0.34055413661175327,0.04367607754335856
"Smith, Cameron",1,4,0.005247050317720492,0.14930075335724907,0.5456137838322513,0.28046436998398705,0.019374042508792044
"Smith, Cameron",2,5,0.04565318841543342,0.39228995730339805,0.47767299466555063,0.08256822395007823,0.001815635665539661
"Smith, Cameron",3,3,0.002705359827836651,0.17649586415261292,0.6483876122896399,0.16991689669856735,0.0024942670313431448
"Smith, Cameron",4,4,0.004823308292464357,0.13883517851141747,0.5336529734821532,0.29908366415072785,0.023604875563237093
"Smith, Cameron",5,4,0.02080384158950782,0.27712389341118865,0.5377092122162922,0.15786244444331743,0.006500608339693903
"Smith, Cameron",6,3,0.0015532771691344482,0.10804517116548329,0.581744256078361,0.2957165772820839,0.01294071830493737
"Smith, Cameron",7,5,0.009020808835375094,0.19150566214689413,0.5528894214068347,0.23304190380418777,0.013542203806708342
"Smith, Cameron",8,4,0.0047794495704366335,0.1794847641580924,0.6018246913761958,0.20743499624592343,0.006476098649351725
"Smith, Cameron",9,4,0.005954665169856432,0.14596648585387656,0.524732791475341,0.29745576224384174,0.025890295257084306
"Smith, Cameron",10,4,0.008727597583528868,0.22228754833402542,0.5865066081700321,0.17705226187581147,0.005425984036602216
"Smith, Cameron",11,4,0.0058007459999911415,0.11510267401608132,0.45172674049096584,0.3651780201940765,0.062191819298885176
"Smith, Cameron",12,5,0.03971446853938426,0.3234232588749136,0.4908843264270094,0.1389877249677578,0.006990221190934953
"Smith, Cameron",13,3,0.004502107160291424,0.21204068766930184,0.6352258689468941,0.14619205496664422,0.002039281256868364
"Smith, Cameron",14,4,0.003940960855299713,0.14734371042098005,0.5728631538063892,0.2626887272449544,0.01316344767237665
"Smith, Cameron",15,4,0.006514947267223348,0.14084411901806687,0.5033725239818179,0.3150727784082874,0.03419563132460457
"Smith, Cameron",16,3,0.0006715550637851897,0.08955201401488389,0.6109734695692763,0.2904944204576657,0.008308540894388927
"Smith, Cameron",17,4,0.007845072063064062,0.16061697104359063,0.5214225802898805,0.2846051230080475,0.025510253595417254
"Smith, Cameron",18,4,0.004749853355260347,0.11457216770261358,0.47425706795031386,0.35714403026077735,0.04927688073103487
"Smith, Jordan",1,4,0.0057425278242305144,0.15642305266645773,0.5488624114347014,0.271036091126288,0.017935916948322417
"Smith, Jordan",2,5,0.04873768284990926,0.4015803424519531,0.47004274432984183,0.0779974419759828,0.0016417883923129928
"Smith, Jordan",3,3,0.003040171831430849,0.1863018576662433,0.6477975955739479,0.16064581363869657,0.0022145612896813383
"Smith, Jordan",4,4,0.005277689270815511,0.14555607093995676,0.5375787885473591,0.2896652554547887,0.02192219578707999
"Smith, Jordan",5,4,0.022395495351461625,0.28629729655697517,0.5344584587721491,0.15088947559337995,0.005959273726034109
"Smith, Jordan",6,3,0.001740867759168041,0.11462886636918862,0.5873034511258723,0.2845188558146102,0.011807958931160822
"Smith, Jordan",7,5,0.0098087395443196,0.19957424736295504,0.5537623065045488,0.22435712105147831,0.01249758553669822
"Smith, Jordan",8,4,0.005282070251248383,0.1883366707792768,0.6024097983074292,0.19809831857187832,0.005873142090167205
"Smith, Jordan",9,4,0.006488004063098574,0.15269142023434318,0.5283129624994924,0.28839315928693854,0.02411445391612721
"Smith, Jordan",10,4,0.009553989012019648,0.23180153260185365,0.5849125446540477,0.16880604384117148,0.0049258898909074755
"Smith, Jordan",11,4,0.006273640927720925,0.12028514095731618,0.4568988973039628,0.3576692190137941,0.05887310179720595
"Smith, Jordan",12,5,0.042236107703672476,0.3317244266599077,0.48653382495264114,0.13305473166556547,0.006450909018213213
"Smith, Jordan",13,3,0.005018931825880313,0.22264849742958298,0.6325776209794514,0.13794429061796776,0.0018106591471176436
"Smith, Jordan",14,4,0.004347220457947887,0.15486678257663467,0.5759326516656202,0.2527741572873836,0.012079188012413589
"Smith, Jordan",15,4,0.007071496738525973,0.14715176752114528,0.5073046437879246,0.30644197640514037,0.03203011554726376
"Smith, Jordan",16,3,0.0007663201697657995,0.09582779827841131,0.6177160735430904,0.2782077602184443,0.00748204779028816
"Smith, Jordan",17,4,0.00850985203263166,0.1675468278282522,0.5242511364436799,0.27590046847258454,0.023791715222851617
"Smith, Jordan",18,4,0.005164811789574231,0.12002023191098182,0.4795772586919148,0.34884046697351456,0.046397230634014575
"Smylie, Elvis",1,4,0.0040728076760429555,0.13072662086758163,0.5345074484501328,0.3068406236983149,0.023852499307927766
"Smylie, Elvis",2,5,0.03795972428739086,0.36623312237802236,0.4972559894947597,0.09616647833147818,0.002384685508348916
"Smylie, Elvis",3,3,0.0019480047614521268,0.15111900412207036,0.6464018711379873,0.19709341099406352,0.003437708984426746
"Smylie, Elvis",4,4,0.0037463934382379604,0.1213481423223271,0.5208258628765621,0.3252677162356672,0.028811885127205672
"Smylie, Elvis",5,4,0.016905429409693695,0.25228369274156387,0.5445569741037678,0.17803032361785998,0.00822358012711466
"Smylie, Elvis",6,3,0.0011277246206235492,0.09128735201855975,0.5638523731862475,0.3271724764728643,0.01656007370170487
"Smylie, Elvis",7,5,0.007129483323403907,0.17018402272371846,0.5482230622203835,0.2576446444146574,0.016818787317836703
"Smylie, Elvis",8,4,0.0036079221990071852,0.15636769230371939,0.5973103822626176,0.23428422109752312,0.008429782137132746
"Smylie, Elvis",9,4,0.004680726465548013,0.12839410190700573,0.5129527878511366,0.32261503189651697,0.031357351879792716
"Smylie, Elvis",10,4,0.006766121771094813,0.197075581915033,0.5881901653057302,0.20092312562608838,0.0070450053820536596
"Smylie, Elvis",11,4,0.004657253344451717,0.10159047180750441,0.43628796407379333,0.3853715965583998,0.07209271421585073
"Smylie, Elvis",12,5,0.03339407865485128,0.3005049358642619,0.5012595508125767,0.15615400563347304,0.008687429034837102
"Smylie, Elvis",13,3,0.003315091310763796,0.1842517566012128,0.6390995212128678,0.1705225871043815,0.0028110437707740132
"Smylie, Elvis",14,4,0.0029916717643125312,0.1278236195325565,0.561914109412684,0.2906744352660945,0.016596164024352378
"Smylie, Elvis",15,4,0.005176711683162305,0.12434125044572103,0.4908514175798112,0.33883918529512047,0.04079143499618498
"Smylie, Elvis",16,3,0.00046350115419219184,0.07382632453406751,0.5894382738922125,0.3252579193729608,0.011013981046567034
"Smylie, Elvis",17,4,0.0062438646531357556,0.1423994548835023,0.5117417113290967,0.3088242922209897,0.030790676913275528
"Smylie, Elvis",18,4,0.0037560476161787593,0.10042128482004159,0.4582166774180661,0.3796522768288815,0.05795371331683208
"Soderberg, Sebastian",1,4,0.0043119653697445415,0.1347316325195319,0.5372504459033289,0.30092056785171717,0.02278538835567745
"Soderberg, Sebastian",2,5,0.03957582047470065,0.37208706836397065,0.49308531918092013,0.09300635539397573,0.0022454365864328363
"Soderberg, Sebastian",3,3,0.002097796656188977,0.15656337501904788,0.6473024778577128,0.19083305046190313,0.003203300005147236
"Soderberg, Sebastian",4,4,0.003965742763057334,0.12511382485386907,0.5239331007556413,0.3194119536830302,0.027575377944402124
"Soderberg, Sebastian",5,4,0.017715483166808543,0.25775678416383696,0.5433030001461168,0.17341655749360685,0.007808175029630826
"Soderberg, Sebastian",6,3,0.0012120627464995981,0.09484870123392175,0.568155450114771,0.32009785934125046,0.015685926563557162
"Soderberg, Sebastian",7,5,0.007517707290070119,0.17481680721288556,0.549548007821628,0.2520824813271425,0.016034996348273767
"Soderberg, Sebastian",8,4,0.00384404810128558,0.1613550474975305,0.5986826825155704,0.22816384316650296,0.007954378719110533
"Soderberg, Sebastian",9,4,0.004941457106736269,0.13218778095964395,0.5158154256271994,0.31699269127993945,0.030062645026480928
"Soderberg, Sebastian",10,4,0.007165925181424393,0.2025614226716304,0.5881606585559541,0.1954608086601507,0.006651184930840381
"Soderberg, Sebastian",11,4,0.004893078478929891,0.10450449189090072,0.4398729934418247,0.3809419346008105,0.06978750158753422
"Soderberg, Sebastian",12,5,0.03472586570508546,0.3056106163233307,0.4991574000809519,0.152225461882058,0.008280656008573972
"Soderberg, Sebastian",13,3,0.0035521138413728837,0.19025638129665534,0.6386747005027614,0.16489760551015054,0.0026191988490598117
"Soderberg, Sebastian",14,4,0.003183319429563458,0.13201963059051353,0.5646643959266514,0.2843616243423426,0.01577102971092903
"Soderberg, Sebastian",15,4,0.005451729890278034,0.12790693843026346,0.49385015220142997,0.3335528107145125,0.03923836876351605
"Soderberg, Sebastian",16,3,0.0005038849003502488,0.07713667974900285,0.5945981688937457,0.3174089997664926,0.010352266690408563
"Soderberg, Sebastian",17,4,0.006573256799982052,0.1463463736605538,0.5141342002535192,0.303404739808518,0.029541429477426995
"Soderberg, Sebastian",18,4,0.003959794186628063,0.1034660273735728,0.4619595667308972,0.3746920132763091,0.05592259843259284
"Song, Younghan",1,4,0.0034444209460768316,0.11954259612609786,0.5257093092753962,0.3241132219584161,0.027190451694013018
"Song, Younghan",2,5,0.03357151270591974,0.349144550193877,0.5086834496985505,0.10576623921317863,0.002834248188474109
"Song, Younghan",3,3,0.0015665890269611626,0.13601109205020584,0.6423136413678048,0.21590081650584148,0.004207861049186801
"Song, Younghan",4,4,0.003169990034650405,0.11084682987435779,0.511036559406733,0.3422821066537932,0.03266451403046555
"Song, Younghan",5,4,0.014731187170987814,0.23663684769876092,0.5472968921239361,0.19179381162683284,0.009541261379482413
"Song, Younghan",6,3,0.0009124455472565018,0.08150138944122065,0.5503979091989237,0.34785111927861423,0.019337136533984944
"Song, Younghan",7,5,0.0061009497253254885,0.1571386578604132,0.5434675483702767,0.2740109367738853,0.019281907270099374
"Song, Younghan",8,4,0.002994482450203506,0.14243758537088697,0.5921566719417535,0.2524575017569721,0.009953758480183872
"Song, Younghan",9,4,0.0039920410637298565,0.11778461403378487,0.5039058544430917,0.338938749083894,0.03537874137549957
"Song, Younghan",10,4,0.005715028559391766,0.18160924314996657,0.5871517815052933,0.21721689099174069,0.008307055793607576
"Song, Younghan",11,4,0.004029124448232779,0.09344784680178608,0.425447326671362,0.39796094874926546,0.0791147533293537
"Song, Younghan",12,5,0.029764759230989313,0.2857290249339159,0.5066556769133894,0.1678815361868634,0.009969002734842025
"Song, Younghan",13,3,0.0027055062663816076,0.1674584258673792,0.6389005265431186,0.1874937614757728,0.0034417798473478367
"Song, Younghan",14,4,0.00249284547811901,0.11614780065636066,0.552960167794299,0.3091957172248533,0.019203468846368033
"Song, Younghan",15,4,0.004447041287504172,0.11435928583105787,0.4815033581090821,0.35410670768226593,0.045583607090089906
"Song, Younghan",16,3,0.0003626366960063354,0.06482589510131503,0.5733703363287215,0.34829391493065565,0.013147216943301565
"Song, Younghan",17,4,0.005369038595469833,0.1313181067362844,0.5040608763460235,0.3245854147559486,0.034666563566273734
"Song, Younghan",18,4,0.003216817954943607,0.0919357941255951,0.4468449821833068,0.39382376758435544,0.06417863815179903
"Spaun, J.J.",1,4,0.005998217881780676,0.15995966717908877,0.5502878250309748,0.2664843297695011,0.01726996013865456
"Spaun, J.J.",2,5,0.05029710137646026,0.4060585008309212,0.46623875663558834,0.07584280866164383,0.001562832495386357
"Spaun, J.J.",3,3,0.0032161508536773242,0.19118370917122168,0.6472585730342857,0.1562525045003409,0.002089062440474354
"Spaun, J.J.",4,4,0.005512171100193086,0.14889654796521068,0.5393430688911508,0.2851071658009282,0.021141046242517225
"Spaun, J.J.",5,4,0.02320609742298657,0.29078379800085513,0.5327333788287166,0.1475660143321854,0.005710711415256253
"Spaun, J.J.",6,3,0.0018393724517659082,0.11792919332805613,0.5898195294795614,0.27912311914891164,0.011288785591704875
"Spaun, J.J.",7,5,0.010213274640825998,0.20355956005803438,0.5540275540480761,0.22018441045345183,0.012015200799611714
"Spaun, J.J.",8,4,0.005543136943417293,0.19272862413170594,0.6024903697455415,0.19363959182231905,0.005598277357016235
"Spaun, J.J.",9,4,0.006762383211466105,0.1560283519834474,0.5299163096541539,0.2840046038062629,0.023288351344669667
"Spaun, J.J.",10,4,0.009980126288024804,0.23649455816257559,0.5839496415283475,0.1648778502239827,0.0046978237970694
"Spaun, J.J.",11,4,0.006515767572232323,0.12285945834078071,0.45932682789277296,0.3539880652121997,0.05730988098201428
"Spaun, J.J.",12,5,0.04350868083264181,0.33575296205149835,0.48430929425507424,0.13022691718266843,0.006202145678117166
"Spaun, J.J.",13,3,0.005288923456126526,0.22790388235837727,0.6310537831658034,0.13404530425101657,0.0017081067686761653
"Spaun, J.J.",14,4,0.004558043746261176,0.15860956091027817,0.5772472642692061,0.2480047473111593,0.011580383763095226
"Spaun, J.J.",15,4,0.007357071528200976,0.1502802828882015,0.5090950769378014,0.30224912056145203,0.031018448084344064
"Spaun, J.J.",16,3,0.0008167361963266062,0.09899296700275517,0.6207783655920847,0.2723050525519978,0.007106878656835791
"Spaun, J.J.",17,4,0.008850719064649737,0.1709772420228005,0.5254917929254561,0.2716886141196726,0.022991631867421036
"Spaun, J.J.",18,4,0.005378080837767474,0.12273038251816026,0.48206307904433043,0.34478225107034566,0.04504620652939617
"Spieth, Jordan",1,4,0.006049376655733796,0.16065666610162993,0.5505545941966403,0.26559711879475667,0.017142244251239336
"Spieth, Jordan",2,5,0.050606614124478644,0.4069307430959266,0.4654881214806311,0.07542671642563925,0.0015478048733243988
"Spieth, Jordan",3,3,0.0032516127051632204,0.19214673737362536,0.6471339409450556,0.15540241782423736,0.002065291151918447
"Spieth, Jordan",4,4,0.005559086632457466,0.14955514135405018,0.5396768009625776,0.28421787876373306,0.020991092287181656
"Spieth, Jordan",5,4,0.02336744835641319,0.29166273478474225,0.5323851814857503,0.14692143554044845,0.005663199832645738
"Spieth, Jordan",6,3,0.0018592154988443244,0.11858202618025171,0.5902969080594862,0.2780722268347201,0.011189623426697715
"Spieth, Jordan",7,5,0.010294052680313526,0.20434335481943305,0.5540672074170209,0.21937259446416046,0.011922790619072088
"Spieth, Jordan",8,4,0.005595503030953575,0.19359389253058906,0.6024905045015001,0.19277421174097376,0.0055458881959835615
"Spieth, Jordan",9,4,0.0068172154643527105,0.15668582174606788,0.5302191398941288,0.28314818416790244,0.02312963872754814
"Spieth, Jordan",10,4,0.010065361544593254,0.23741703329018843,0.5837470898992252,0.16411616817469743,0.004654347091295641
"Spieth, Jordan",11,4,0.006564065324306367,0.1233668998417542,0.45979470616969637,0.3532662529690328,0.05700807569521027
"Spieth, Jordan",12,5,0.04376108932296097,0.3365397775543144,0.48386616908239255,0.12967845391964894,0.006154510120683132
"Spieth, Jordan",13,3,0.005343200259595504,0.22893862109156266,0.6307379269964037,0.13329156800859732,0.0016886836438407826
"Spieth, Jordan",14,4,0.0046003172240940415,0.1593477322811539,0.5774905568597086,0.247076422768854,0.011484970866189492
"Spieth, Jordan",15,4,0.007414083428972096,0.1508965904070707,0.5094356992816274,0.3014298676724354,0.03082375920989444
"Spieth, Jordan",16,3,0.000826943984634454,0.09962054070285725,0.621360224515922,0.2711567978597341,0.007035492936852128
"Spieth, Jordan",17,4,0.008918750232824013,0.17165250053117997,0.5257239546545842,0.2708669252531535,0.022837869328258376
"Spieth, Jordan",18,4,0.005420685010696535,0.12326489478186209,0.48254118184599853,0.34398746117177426,0.044785777189668585
"Stenson, Henrik",1,4,0.00396176287281752,0.12882280196739027,0.5331309949248033,0.30970244031383987,0.024381999921148978
"Stenson, Henrik",2,5,0.03719975076092841,0.363402557361157,0.4992256551896731,0.09771743679731637,0.002454599890925113
"Stenson, Henrik",3,3,0.0018792914557435036,0.1485369568834709,0.645874080102838,0.20015349018637085,0.003556181371576761
"Stenson, Henrik",4,4,0.0036445421693946933,0.11955904196689365,0.5192778419040278,0.32809404039005985,0.029424533569623934
"Stenson, Henrik",5,4,0.016526198589024377,0.24965846694057614,0.5451052419643612,0.18027931176821343,0.008430780737824883
"Stenson, Henrik",6,3,0.0010890011915044573,0.08960479990651227,0.5617148453727107,0.3305949845035675,0.016996369025705116
"Stenson, Henrik",7,5,0.006948646575398509,0.16797473664999757,0.547526250431255,0.26034198855734925,0.017208377785999596
"Stenson, Henrik",8,4,0.0034987609086745697,0.15399660185311997,0.5965741840566156,0.23726259715694742,0.008667856024642484
"Stenson, Henrik",9,4,0.00455941959282713,0.12658975302863001,0.5115248681682689,0.3253278793460841,0.03199807986418979
"Stenson, Henrik",10,4,0.00658043929440838,0.19445816072310645,0.5881334050765462,0.20358579741259553,0.0072421974933434274
"Stenson, Henrik",11,4,0.004547182264172667,0.10020500532188176,0.43453077245835137,0.3874918602735238,0.07322517968207043
"Stenson, Henrik",12,5,0.03276695198860713,0.2980445082373855,0.502229317246279,0.15806941757978177,0.008889804947946667
"Stenson, Henrik",13,3,0.0032059403248294593,0.181395468152117,0.6392140810402285,0.17327648337586177,0.0029080271069632513
"Stenson, Henrik",14,4,0.0029030097622446682,0.12583167590182937,0.5605255700081153,0.29373258619581233,0.01700715813199838
"Stenson, Henrik",15,4,0.005048538078317455,0.12264470734945343,0.4893638042995114,0.34138483719995194,0.0415581130727658
"Stenson, Henrik",16,3,0.00044511541173480884,0.07226865022087864,0.5868791154446508,0.32906104598363295,0.011346072939102836
"Stenson, Henrik",17,4,0.006090288307665226,0.1405194151966967,0.5105407592799605,0.31144089178892354,0.031408645426754145
"Stenson, Henrik",18,4,0.0036611825482238403,0.09897510600579235,0.4563786573172417,0.38203122440739956,0.058953829721342554
"Straka, Sepp",1,4,0.006349198216184682,0.1646737011694081,0.5520036156503042,0.2605456652307937,0.016427819733309312
"Straka, Sepp",2,5,0.05240446564679019,0.41189266871663394,0.4611569470593999,0.07308148683626547,0.0014644317409104879
"Straka, Sepp",3,3,0.003461082679457661,0.19770245905438888,0.6463013126383041,0.15060104381548656,0.001934101812362754
"Straka, Sepp",4,4,0.00583404178817748,0.1533524346057919,0.5415127898660821,0.279149358314864,0.020151375425084495
"Straka, Sepp",5,4,0.024307668744683486,0.29669499357925466,0.530327680215974,0.14327127939436168,0.005398378065726184
"Straka, Sepp",6,3,0.0019763846468249247,0.1223597637253157,0.5929323223681688,0.27209414307025426,0.010637386189436326
"Straka, Sepp",7,5,0.010766412060471076,0.20885024403846886,0.5542171128932654,0.2147597596774471,0.011406471330347667
"Straka, Sepp",8,4,0.005903251490915806,0.1985786645967224,0.6023932632356137,0.1878700276016887,0.005254793075059383
"Straka, Sepp",9,4,0.007138140672067417,0.16047395524162267,0.5318821617577595,0.2782656609398172,0.022240081388733235
"Straka, Sepp",10,4,0.010564709739065314,0.2427180152128267,0.5825004418673669,0.15980410641800402,0.004412726762736963
"Straka, Sepp",11,4,0.006846172945766227,0.12629213722746319,0.46242468197683073,0.34912959596878346,0.0553074118811564
"Straka, Sepp",12,5,0.04522617031611936,0.34102949569232716,0.4812834145983039,0.12657244516488608,0.005888474228363472
"Straka, Sepp",13,3,0.0056629596102546476,0.23489549810665467,0.6288213677977668,0.1290386735860578,0.0015815008992661195
"Straka, Sepp",14,4,0.00484866061633471,0.16360544889999185,0.5787940636127924,0.24179907814423296,0.010952748726648087
"Straka, Sepp",15,4,0.007747394037762145,0.15444696474938507,0.5113222489355866,0.29675282790793356,0.029730564369332635
"Straka, Sepp",16,3,0.0008875606929535929,0.10326149664899636,0.6245777978717655,0.26463355686361156,0.006639587922673051
"Straka, Sepp",17,4,0.00931635732721342,0.17553913837725704,0.5269848339218338,0.2661839158102861,0.02197575456340961
"Straka, Sepp",18,4,0.0056699412978667985,0.12634804150321272,0.4852226516159555,0.33943858384974324,0.043320781733221736
"Suh, Justin",1,4,0.003453306231225972,0.11970815167511062,0.5258525505875461,0.3238492065663766,0.0271367849397407
"Suh, Justin",2,5,0.033635128324650765,0.3494058153608205,0.5085170966525445,0.10561510254626605,0.0028268571157181732
"Suh, Justin",3,3,0.0015718518867763875,0.13623361390504035,0.6423922932343742,0.21560719348720647,0.004195047486602599
"Suh, Justin",4,4,0.0031781410985904923,0.11100212448913382,0.5111941542146109,0.342022835567671,0.032602744629993796
"Suh, Justin",5,4,0.014762433506427364,0.23687250525365278,0.5472652424515172,0.1915799541009039,0.009519864687498769
"Suh, Justin",6,3,0.0009154221024785802,0.08164449467113533,0.5506133971811791,0.3475346833290479,0.01929200271615905
"Suh, Justin",7,5,0.00611558526762912,0.15733296234009675,0.5435500831505162,0.27375919456936404,0.019242174672393864
"Suh, Justin",8,4,0.0030030803354292868,0.14264379061660348,0.592248158737262,0.25217613871277145,0.009928831597933785
"Suh, Justin",9,4,0.0040018186293852565,0.11794184464872276,0.5040517959384385,0.3386901334776202,0.03531440730583324
"Suh, Justin",10,4,0.005729896027370507,0.18183978613790014,0.5871801357978421,0.21696376532641393,0.008286416710473365
"Suh, Justin",11,4,0.004038100146305956,0.09356845961658206,0.42561723127256545,0.39777225295167806,0.07900395601286847
"Suh, Justin",12,5,0.029817522468646718,0.2859535692390715,0.5065814157883871,0.1676992022625423,0.009948290241352353
"Suh, Justin",13,3,0.002713982857286301,0.1677072185024474,0.6389195492382136,0.18722796890105675,0.003431280500995948
"Suh, Justin",14,4,0.0024998475172632872,0.11632016679828494,0.553107265286257,0.3089114698663935,0.019161250531801288
"Suh, Justin",15,4,0.004457436420967853,0.11450733465030738,0.4816528476896774,0.35387508284291846,0.04550729839612888
"Suh, Justin",16,3,0.00036400773547851095,0.06495645306333281,0.5736269589317582,0.34794038809290173,0.013112192176528703
"Suh, Justin",17,4,0.005381511118058568,0.13148281118418076,0.5041860125298613,0.32434506049021194,0.034604604677687445
"Suh, Justin",18,4,0.003224485588723458,0.09206123302209335,0.447023768067068,0.3936105207681819,0.06407999255393326
"Svensson, Jesper",1,4,0.0052109560265712895,0.14876707776865405,0.5453492411986384,0.2811853573406522,0.01948736766548409
"Svensson, Jesper",2,5,0.045425073069037314,0.39157882931514043,0.478242730608192,0.08292384174874934,0.0018295252588809152
"Svensson, Jesper",3,3,0.0026813018093498897,0.1757625808011561,0.6484039204297953,0.1706353928371961,0.0025168041225026583
"Svensson, Jesper",4,4,0.004790207518101053,0.1383319252203773,0.533338007949661,0.29980262235927424,0.023737236952586338
"Svensson, Jesper",5,4,0.020686759954624212,0.2764289453636801,0.5379401000825149,0.15840067023902216,0.006543524360158592
"Svensson, Jesper",6,3,0.0015397874690191715,0.10755528356195343,0.5813003071439247,0.2965739910139884,0.01303063081111433
"Svensson, Jesper",7,5,0.008963192785536478,0.19089875009596968,0.5528050040376665,0.23370836825418184,0.013624684826645472
"Svensson, Jesper",8,4,0.004743012314099293,0.1788211463741774,0.6017570977948348,0.2081546011581955,0.00652414235869303
"Svensson, Jesper",9,4,0.005915723338109802,0.14546231408875027,0.5244449163962555,0.2981472652262027,0.026029780950681758
"Svensson, Jesper",10,4,0.00866736594143025,0.22157126562010565,0.5866065673171177,0.17768898014561385,0.00546582097573256
"Svensson, Jesper",11,4,0.005766094497579699,0.11471442458716469,0.4513234559862606,0.36574583761450064,0.062450187314494365
"Svensson, Jesper",12,5,0.039527725831411176,0.3227908585055747,0.49120288249071903,0.13944569299732068,0.0070328401749744085
"Svensson, Jesper",13,3,0.004464801370445692,0.21124462697002455,0.6354005009357727,0.14683236481167516,0.0020577059120818753
"Svensson, Jesper",14,4,0.003911488610539693,0.1467808072293117,0.5726095637436694,0.26344885465416434,0.013249285762314877
"Svensson, Jesper",15,4,0.006474231871883451,0.14037107285669415,0.5030596756531385,0.31572980790447214,0.034365211713811794
"Svensson, Jesper",16,3,0.0006648067742809349,0.08908713519115125,0.6104362553538412,0.2914372128224012,0.00837458985832551
"Svensson, Jesper",17,4,0.007796413719205086,0.1600965295382613,0.5211921832799371,0.28526971047134275,0.025645162991253745
"Svensson, Jesper",18,4,0.0047195325034540825,0.1141644572111043,0.47384094420589784,0.3577733647853093,0.04950170129423448
"Taylor, Nick",1,4,0.005822878668780229,0.15754413578642207,0.5493273773355607,0.2695840930453536,0.017721515163883428
"Taylor, Nick",2,5,0.049230007795388775,0.40300941828283127,0.46883782836934734,0.07730648528578232,0.0016162602666502934
"Taylor, Nick",3,3,0.0030952450866155168,0.18784851806541586,0.6476438245309069,0.15923853673634747,0.0021738755807142462
"Taylor, Nick",4,4,0.005351375334930519,0.1466147509761564,0.5381510027935126,0.2882120241373173,0.021670846758083284
"Taylor, Nick",5,4,0.02265098823142625,0.28772434588357404,0.5339192730224677,0.149826291713968,0.005879101148564048
"Taylor, Nick",6,3,0.001771701439784057,0.11567283469730816,0.5881181566479043,0.2827968756816843,0.011640431533319173
"Taylor, Nick",7,5,0.009936012187358456,0.20083907024638126,0.5538581032178393,0.22302462572413684,0.012342188624284045
"Taylor, Nick",8,4,0.005363991051480221,0.18972916054823658,0.6024499555095582,0.19667254917452404,0.005784343716201068
"Taylor, Nick",9,4,0.006574287930006639,0.1537493687694208,0.5288334085523791,0.28699417250964754,0.02384876223854593
"Taylor, Nick",10,4,0.009687926967171079,0.23329142329191838,0.5846191940112018,0.1675492384672589,0.004852217262449887
"Taylor, Nick",11,4,0.006349863718740578,0.1211011019120885,0.4576783699450187,0.3564989379589616,0.05837172646519062
"Taylor, Nick",12,5,0.04263803079881312,0.33300803488166975,0.48583306511016466,0.1321501167129988,0.00637075249635366
"Taylor, Nick",13,3,0.005103543808771593,0.22431531949749117,0.6321090294963398,0.13669469643824017,0.0017774107591571608
"Taylor, Nick",14,4,0.0044133885534867745,0.15605271667617276,0.5763640165491087,0.25125151136784607,0.011918366853385653
"Taylor, Nick",15,4,0.007161353891837197,0.1481437314623365,0.5078835389828069,0.30510632694565076,0.03170504871736857
"Taylor, Nick",16,3,0.0007820545504323984,0.09682765520003178,0.6187068506566009,0.27632270967415695,0.007360729918777897
"Taylor, Nick",17,4,0.008617124522032282,0.16863499538766502,0.5246558645525228,0.27455757782707935,0.02353443771070063
"Taylor, Nick",18,4,0.005231892863487242,0.12087897310458551,0.4803761782548083,0.34754942515097087,0.04596353062614811
"Teder, Richard",1,4,0.00198397598037503,0.08834833233171552,0.4902077944330742,0.3789902824302155,0.04046961482461975
"Teder, Richard",2,5,0.02231480728059021,0.29480488177992453,0.5375313728657454,0.14053551554199428,0.004813422531745548
"Teder, Richard",3,3,0.0007620234907673162,0.09484909977432965,0.6153249505705567,0.2812868992512858,0.007777026913060592
"Teder, Richard",4,4,0.001829646205255775,0.08166996399216525,0.47308256400674986,0.39561378771158295,0.04780403808424616
"Teder, Richard",5,4,0.009343238367666817,0.1898031470838633,0.5469893557863932,0.2388392965042958,0.015024962257780827
"Teder, Richard",6,3,0.00045422433684927377,0.05556259823771531,0.4993402131150246,0.4137294464584429,0.030913517851967942
"Teder, Richard",7,5,0.0036502744317639113,0.11982383388998763,0.519801016850939,0.32749587630635546,0.029228998520953953
"Teder, Richard",8,4,0.0016184348738300658,0.10364062304008514,0.5647778512382464,0.31346674427657994,0.016496346571258425
"Teder, Richard",9,4,0.0023650903836197057,0.0880398741066532,0.468552116894587,0.39000964855208675,0.05103327006305336
"Teder, Richard",10,4,0.0032708733148846814,0.13728054037636594,0.5729434143193652,0.27278136542328413,0.01372380656610006
"Teder, Richard",11,4,0.002505457755977991,0.07063775168975817,0.38733959865428896,0.43465786279946533,0.10485932910050955
"Teder, Richard",12,5,0.02033859277789779,0.2398121942536608,0.5165339046895473,0.2081202853820192,0.01519502289687491
"Teder, Richard",13,3,0.0013806708068168083,0.120597229787827,0.6242977272650445,0.24735134801480096,0.006373024125510773
"Teder, Richard",14,4,0.0013667073805609387,0.08396406486040214,0.5157193221477385,0.36904638219216934,0.029903523419129052
"Teder, Richard",15,4,0.0026991368905487367,0.08626997571413997,0.44608989703905405,0.4010762839214622,0.06386470643479503
"Teder, Richard",16,3,0.00016155780493309901,0.041760897202960445,0.5131257023686797,0.4225051523319403,0.022446690291486493
"Teder, Richard",17,4,0.003267489998287354,0.09987042495973286,0.472956325900245,0.37419816567028286,0.04970759347145193
"Teder, Richard",18,4,0.0019344157683125474,0.06837116003334298,0.4064195071447166,0.43584769760621395,0.08742721944741394
"Theegala, Sahith",1,4,0.004512474048475268,0.13799515082428393,0.5393380148831892,0.2961943309623798,0.021960029281671734
"Theegala, Sahith",2,5,0.04091010425527114,0.37675874503113416,0.4896625574333107,0.0905293199531717,0.002139273327112279
"Theegala, Sahith",3,3,0.002225215299239136,0.1610117137715828,0.6478347125411679,0.1859023118138684,0.0030260465741418496
"Theegala, Sahith",4,4,0.00414963696707038,0.12818432774029875,0.5263205331296855,0.3147282362117604,0.026617265951184965
"Theegala, Sahith",5,4,0.018387912701805287,0.2621679183015939,0.5421852772589996,0.1697699791287821,0.0074889126088191205
"Theegala, Sahith",6,3,0.0012837286206368592,0.09777222772889738,0.5714739514553345,0.3144554225425864,0.015014669652544832
"Theegala, Sahith",7,5,0.00784193799336974,0.17857723885122556,0.5504919152528698,0.24765886101728918,0.01543004688524574
"Theegala, Sahith",8,4,0.004043046569177866,0.16541816738420173,0.5996310033537009,0.22331698081519658,0.007590801877722986
"Theegala, Sahith",9,4,0.00515952243468748,0.13527709527832904,0.5180114203234307,0.3124939827752493,0.02905797918830344
"Theegala, Sahith",10,4,0.0075010039969870546,0.20701132424996577,0.5879938304650019,0.1911438953856318,0.006349945902413445
"Theegala, Sahith",11,4,0.005089560649885028,0.10687862179328778,0.4426861234787354,0.3773631470147658,0.06798254706332596
"Theegala, Sahith",12,5,0.03582365867371057,0.30970237339146617,0.49738572790578905,0.14912120199872347,0.007967038030310736
"Theegala, Sahith",13,3,0.003752795819360666,0.19514472114348702,0.6381525073333099,0.16047580409575124,0.002474171608091158
"Theegala, Sahith",14,4,0.0033446984417823122,0.13544424889889994,0.5667403955166611,0.2793348501986631,0.015135806943993524
"Theegala, Sahith",15,4,0.005681273097269568,0.13080933175286225,0.49616716354242335,0.3293126881624404,0.03802954344500442
"Theegala, Sahith",16,3,0.0005385505033575488,0.0798673386297093,0.5985852092242068,0.31116132897183246,0.009847572670893978
"Theegala, Sahith",17,4,0.006848048285703956,0.1495546740999154,0.5159543300794098,0.29907141999046527,0.028571527544505537
"Theegala, Sahith",18,4,0.004130051109298483,0.10594960955776755,0.4648894842294529,0.37069410061729824,0.0543367544861828
"Thomas, Justin",1,4,0.0064789962459138595,0.16637811676732933,0.5525737869278473,0.2584336486583254,0.016135451400584144
"Thomas, Justin",2,5,0.05317452512302656,0.41396490573897143,0.4593170475280332,0.07211286798028482,0.0014306536296839756
"Thomas, Justin",3,3,0.003552617783369627,0.2000624113780069,0.645890596231274,0.1486130785800429,0.0018812960273065782
"Thomas, Justin",4,4,0.005953075830630039,0.15496444006807614,0.5422476431387409,0.277027556139249,0.01980728482330396
"Thomas, Justin",5,4,0.024711928993891685,0.29881316908499517,0.5294293337333055,0.141755092344808,0.005290475842999687
"Thomas, Justin",6,3,0.0020275650242503884,0.12397043285776099,0.5939919253337669,0.26959745662139256,0.010412620162829178
"Thomas, Justin",7,5,0.01097036292438719,0.2107571995125337,0.5542411341199351,0.21283582513426447,0.01119547830887957
"Thomas, Justin",8,4,0.006036920249135047,0.20069258184516087,0.6023026876262236,0.185831168277503,0.005136642001977498
"Thomas, Justin",9,4,0.0072768559593206494,0.16208070873241187,0.5325462288517151,0.27622103716417723,0.021875169292375207
"Thomas, Justin",10,4,0.010780788787118467,0.2449592175561675,0.581931722180692,0.1580136385044263,0.004314632971595733
"Thomas, Justin",11,4,0.006967816550049244,0.12753369348633437,0.46350690774998965,0.3473863917328609,0.05460519048076584
"Thomas, Justin",12,5,0.04585315697544917,0.3429116272011295,0.4801732082898824,0.12528219238204663,0.005779815151492285
"Thomas, Justin",13,3,0.005802248905528051,0.2374194462270361,0.627960004435818,0.12727993766934875,0.001538362762269152
"Thomas, Justin",14,4,0.004956480401705765,0.16541369855696253,0.5792973553569047,0.23959677048902894,0.010735695195398076
"Thomas, Justin",15,4,0.007891271577407377,0.1559525790236474,0.5120840298861423,0.2947910052950773,0.029281114217725612
"Thomas, Justin",16,3,0.0009142169258095079,0.10481864034557625,0.6258742428938138,0.26191363131548295,0.006479268519317571
"Thomas, Justin",17,4,0.00948792371203816,0.17718563937903026,0.5274808980842327,0.2642235912447708,0.02162194757992808
"Thomas, Justin",18,4,0.005777628174525096,0.1276575577045148,0.4863229629034682,0.3375247155750438,0.042717135642448056
"Thompson, Davis",1,4,0.005471007265673344,0.15256599373126317,0.5471673961720223,0.2760976521365994,0.0186979506944418
"Thompson, Davis",2,5,0.04705801114721209,0.3965950019477387,0.4741806558529736,0.08043298615740624,0.0017333448946693641
"Thompson, Davis",3,3,0.002855656428167319,0.18098700410823448,0.6482017911116411,0.16559423947692964,0.0023613088750273903
"Thompson, Davis",4,4,0.00502869010670115,0.1419153296874634,0.5355161010572334,0.2947253678072531,0.02281451134134893
"Thompson, Davis",5,4,0.02152680175184707,0.2813526833293041,0.5362572874135619,0.15461787595674126,0.0062453515485456634
"Thompson, Davis",6,3,0.0016375179913715177,0.1110529700536485,0.5843763551078717,0.29052690181115604,0.012406255035952274
"Thompson, Davis",7,5,0.009377632923004808,0.1952118779537022,0.5533473551291341,0.2290125131493752,0.01305062084478359
"Thompson, Davis",8,4,0.005006082371364573,0.18354404374885291,0.6021650740697532,0.20309373268123054,0.0061910671287987995
"Thompson, Davis",9,4,0.006196013934095024,0.1490503728263834,0.526433819413275,0.2932630138473873,0.025056779978859245
"Thompson, Davis",10,4,0.009101227953261848,0.22665971877616692,0.5858348785140535,0.17321456459796192,0.005189610158555902
"Thompson, Davis",11,4,0.006015124011441886,0.11747833466181679,0.4541458642915166,0.36171966151636537,0.060641015518859365
"Thompson, Davis",12,5,0.040863716069075184,0.32726070428844245,0.4889122187809744,0.13622703717197582,0.006736323689532142
"Thompson, Davis",13,3,0.004734640955854741,0.21690770499118095,0.6340838774567567,0.14234318109586375,0.0019305955003439124
"Thompson, Davis",14,4,0.00412420808519165,0.15079024141261899,0.5743421474191123,0.2580908680741709,0.012652535008906174
"Thompson, Davis",15,4,0.006767044399259792,0.1437371256380458,0.5052306611122619,0.31108442341185394,0.03318074543857852
"Thompson, Davis",16,3,0.0007139018471943315,0.09241269506740629,0.6141621513136568,0.2847939879487339,0.007917263823008724
"Thompson, Davis",17,4,0.008146272473074423,0.1637976057402749,0.5227754736820978,0.28057678840415323,0.024703859700399677
"Thompson, Davis",18,4,0.004937701753556678,0.11706824836426616,0.4767493850213352,0.35331531634107793,0.04792934851976405
"Van Tonder, Daniel",1,4,0.0036973413948581113,0.12416800289728536,0.5295601695140788,0.3168331153658924,0.0257413708278853
"Van Tonder, Daniel",2,5,0.035364049449052415,0.3563482551363705,0.5040016236794984,0.1016495435797401,0.0026365281553385467
"Van Tonder, Daniel",3,3,0.001717897150429304,0.14224118439308497,0.64429954178518,0.20787460673735536,0.003866769933950298
"Van Tonder, Daniel",4,4,0.0034020007215539994,0.11518731264787607,0.5152922479622748,0.3351237173011885,0.03099472136710668
"Van Tonder, Daniel",5,4,0.015614763596464187,0.24317441183290062,0.5463080728592353,0.18593684459519189,0.008965907116208038
"Van Tonder, Daniel",6,3,0.0009979490082978049,0.08551964693336578,0.5562292003855347,0.3391293106761679,0.01812389299663386
"Van Tonder, Daniel",7,5,0.0065164819939064755,0.16255357923665775,0.5456319841719015,0.2670874065275022,0.018210548070032084
"Van Tonder, Daniel",8,4,0.0032401042817151726,0.14819885298675517,0.5945355945287172,0.24473996196173087,0.009285486241081609
"Van Tonder, Daniel",9,4,0.004269898750479173,0.12217533626504262,0.5078436132832835,0.33207310793964906,0.033638043761545555
"Van Tonder, Daniel",10,4,0.006138179653192188,0.18803216486366997,0.5877921885647286,0.21028376621667122,0.0077537007017380866
"Van Tonder, Daniel",11,4,0.0042835197144795445,0.09681660530903197,0.4300848395070831,0.3927153286182914,0.076099706851114
"Van Tonder, Daniel",12,5,0.03124975515006545,0.2919353882267258,0.5045146290370944,0.16288926829452421,0.009410959291590082
"Van Tonder, Daniel",13,3,0.002948445756464857,0.1744074234536775,0.639243918950326,0.18023785825279226,0.0031623535867394414
"Van Tonder, Daniel",14,4,0.0026927529559001573,0.12096891214309374,0.5569007445959798,0.3013707263146074,0.018066863990418902
"Van Tonder, Daniel",15,4,0.004742034015982832,0.11849221961670159,0.48555085222923294,0.3476999697455019,0.043514924392580756
"Van Tonder, Daniel",16,3,0.000402293621516725,0.06850404410145933,0.5803228096823096,0.3385611680062808,0.012209684588433523
"Van Tonder, Daniel",17,4,0.005722875450976994,0.13591202021026028,0.5074240144472582,0.31795148397586703,0.0329896059156376
"Van Tonder, Daniel",18,4,0.0034345753194881534,0.09544226404914452,0.4517188259744622,0.3879052807305373,0.061499053926367786
"Vegas, Jhonattan",1,4,0.004948444301895116,0.1448206157024151,0.5432978575958903,0.2865819063350702,0.02035117606472925
"Vegas, Jhonattan",2,5,0.04375117794265693,0.3862535098486659,0.48244542356943976,0.08561359691472248,0.001936291724514927
"Vegas, Jhonattan",3,3,0.0025077424991883923,0.17034698354340633,0.6483978650592244,0.17605648074436198,0.0026909281538188834
"Vegas, Jhonattan",4,4,0.004549465387870044,0.13461192357441476,0.5309153101022406,0.305178235733257,0.024745065202217642
"Vegas, Jhonattan",5,4,0.019830335402436727,0.27125637915229917,0.5395893144369884,0.16245211626498246,0.006871854743293215
"Vegas, Jhonattan",6,3,0.0014424231393876386,0.10394772144080194,0.5778944631680052,0.30299640864742505,0.013718983604380175
"Vegas, Jhonattan",7,5,0.00854322136629021,0.18640046052457487,0.5520947179940628,0.2387074469052295,0.01425415320984258
"Vegas, Jhonattan",8,4,0.004478769628526724,0.17391247301465784,0.6011497063798084,0.2135662286822695,0.006892822294737533
"Vegas, Jhonattan",9,4,0.005632115247638625,0.1417327911337496,0.5222278530296356,0.3033163179211853,0.027090922667790895
"Vegas, Jhonattan",10,4,0.008229181919186257,0.21625966321227907,0.5872570528139704,0.18248262479823962,0.005771477256324653
"Vegas, Jhonattan",11,4,0.005513196802895526,0.11184356281145175,0.4482706264270045,0.36996737501571275,0.06440523894293548
"Vegas, Jhonattan",12,5,0.038156280766937056,0.3180681169144664,0.4935241682046767,0.14289316410198705,0.007358270011932788
"Vegas, Jhonattan",13,3,0.004194951578062767,0.20535299123054812,0.6365832761278949,0.15166870584534276,0.002200075218151465
"Vegas, Jhonattan",14,4,0.0036976649093450886,0.14262180777090244,0.570628005557217,0.26914710595749325,0.01390541580504212
"Vegas, Jhonattan",15,4,0.0061773656904938745,0.13687105724536175,0.5006642887305863,0.320634334562209,0.03565295377134903
"Vegas, Jhonattan",16,3,0.0006163782868384149,0.08567295835170907,0.6063203761930989,0.29850796005970026,0.008882327108653332
"Vegas, Jhonattan",17,4,0.0074415271266695115,0.1562426485464667,0.5194052637573028,0.29023941108782103,0.026671149481739986
"Vegas, Jhonattan",18,4,0.004498609693205535,0.11115164570955277,0.4706853520133718,0.36245860022020737,0.05120579236366252
"Wallace, Matt",1,4,0.005642439517702269,0.15501378504747332,0.5482603646915144,0.27287351210046173,0.018209898642848277
"Wallace, Matt",2,5,0.04812143244403472,0.39977122931810083,0.47155605382965377,0.07887672511363542,0.001674559294575273
"Wallace, Matt",3,3,0.0029718679293569417,0.18435878056900645,0.6479679363843183,0.16243447541987643,0.00226693969744185
"Wallace, Matt",4,4,0.0051859029019941105,0.14422554885432198,0.5368421614482446,0.291503183013049,0.02224320378239031
"Wallace, Matt",5,4,0.022076245770314085,0.2844969600019924,0.5351259284923631,0.15223893669647648,0.0060619290388539415
"Wallace, Matt",6,3,0.0017026182174428306,0.11331947051008345,0.5862564356587795,0.2866989158573847,0.012022559756309503
"Wallace, Matt",7,5,0.00965001106569463,0.19798229531331657,0.5536261752302528,0.22604522277221728,0.012696295618518705
"Wallace, Matt",8,4,0.00518018304812673,0.18658588758009215,0.6023397113402027,0.19990718252926232,0.0059870355023160515
"Wallace, Matt",9,4,0.006380446702137943,0.15136129600554465,0.5276424149291828,0.290162227802759,0.024453614560375536
"Wallace, Matt",10,4,0.009387120066734866,0.22992570571859927,0.5852653272046786,0.17040147324986987,0.005020373760117325
"Wallace, Matt",11,4,0.006178518153754253,0.1192595255579349,0.4559059138377149,0.3591448014975097,0.05951124095308624
"Wallace, Matt",12,5,0.04173280309061289,0.33010208264211915,0.487408760613552,0.13420291971541853,0.006553433938297437
"Wallace, Matt",13,3,0.0049138405485107395,0.22055204931943317,0.6331472123548899,0.13953343247203565,0.0018534653051305305
"Wallace, Matt",14,4,0.004264907708752486,0.15337666374608816,0.5753708020994144,0.25470260936003564,0.012285017085709282
"Wallace, Matt",15,4,0.00695941601250144,0.14590447796152012,0.5065617719367245,0.3081296791288288,0.032444654960425146
"Wallace, Matt",16,3,0.000746861967183432,0.09457552713308537,0.6164438346573399,0.28059596925796815,0.007637806984423179
"Wallace, Matt",17,4,0.008376026116570012,0.16617793859421237,0.5237270443095281,0.2775989177585183,0.024120073221171268
"Wallace, Matt",18,4,0.005081172513554333,0.11894120972445787,0.47855836590979595,0.35046950061047955,0.0469497512417123
"Walters, Justin",1,4,0.0026579807898950425,0.10386196350832538,0.5101463723551165,0.35035577200344126,0.03297791134322181
"Walters, Justin",2,5,0.027730272093974995,0.3231702619757723,0.5239183440452728,0.12152009208128989,0.0036610298036899858
"Walters, Justin",3,3,0.0011172952535263292,0.11511234641626733,0.6320371564906225,0.24606474862743555,0.005668453212148261
"Walters, Justin",4,4,0.0024483991909144964,0.09615928976328669,0.49416919424110045,0.36792703773709523,0.03929607906760313
"Walters, Justin",5,4,0.011898745675308686,0.21372705960865446,0.5488663823342786,0.2136212420868755,0.011886570294882715
"Walters, Justin",6,3,0.0006574929517537131,0.06819886835104944,0.5275141325077825,0.3793412454748528,0.024288260714561583
"Walters, Justin",7,5,0.004793484897532008,0.13856291669324305,0.5337635035441959,0.2992900974067867,0.023589997458242307
"Walters, Justin",8,4,0.002243434163201663,0.12291532367560665,0.5811312566021745,0.28099263352663695,0.012717352032380225
"Walters, Justin",9,4,0.0031213599240697554,0.10286460162213479,0.488240044168338,0.3635121046114633,0.042261889673994135
"Walters, Justin",10,4,0.004398773419183433,0.15955086449567507,0.582421850918147,0.24303355911256053,0.010594952054433948
"Walters, Justin",11,4,0.003221988595813352,0.08200699591995386,0.4079187734539683,0.4161396946298357,0.09071254740042878
"Walters, Justin",12,5,0.024898008991188214,0.26359685707166947,0.5127671773036462,0.1865154715299726,0.012222485103523528
"Walters, Justin",13,3,0.0019737157680773665,0.14388517973008463,0.634560630511586,0.21494073626357757,0.0046397377266744755
"Walters, Justin",14,4,0.0018797538708750228,0.099892346325274,0.5367940055274829,0.3376256943986905,0.02380819987767757
"Walters, Justin",15,4,0.0035165832177749268,0.10029176682910967,0.46564310024399214,0.3768607042675777,0.05368784544154559
"Walters, Justin",16,3,0.0002480519361621192,0.05283962547284843,0.5462374733031096,0.3836222927957915,0.017052556492088367
"Walters, Justin",17,4,0.004251448764140742,0.11561878914753365,0.4904478567767967,0.3483939853918031,0.0412879199197258
"Walters, Justin",18,4,0.002532348747325608,0.0800749280513613,0.42832188176462077,0.41449622167941735,0.07457461975727497
"Westwood, Lee",1,4,0.003734392625292293,0.12483097541815896,0.5300869963695329,0.31580571719951,0.025541918387505747
"Westwood, Lee",2,5,0.035623559358512025,0.35736475947360735,0.5033250952943423,0.10107696836965285,0.002609617503885442
"Westwood, Lee",3,3,0.001740318660308493,0.1431363270067818,0.644549118221291,0.20675361122187919,0.0038206248897394435
"Westwood, Lee",4,4,0.003435987180868405,0.11580974387479104,0.5158777190500763,0.33411197970641326,0.03076457018785106
"Westwood, Lee",5,4,0.015743212279459684,0.2441036710298669,0.5461490951972789,0.18511691333412394,0.008887108159270518
"Westwood, Lee",6,3,0.0010106071211952727,0.08609897628286795,0.5570334892945561,0.337899125115102,0.017957802186278737
"Westwood, Lee",7,5,0.006577173430318495,0.16332741106422072,0.5459187482041312,0.266113337863222,0.018063329438107623
"Westwood, Lee",8,4,0.00327623587132303,0.14902463744147681,0.5948471898634023,0.24365764202591533,0.009194294797882474
"Westwood, Lee",9,4,0.004310525071668958,0.12280432296974164,0.5083847958227197,0.33110249870229413,0.033397857433575595
"Westwood, Lee",10,4,0.006200158658303034,0.18894970787367177,0.587858863300269,0.20931308600840215,0.007678184159353951
"Westwood, Lee",11,4,0.00432060176751059,0.0972993036761437,0.43073132788969026,0.3919679498214629,0.07568081684519257
"Westwood, Lee",12,5,0.03146445045133539,0.2928137364164347,0.5041968615914552,0.16219060116361905,0.009334350377155687
"Westwood, Lee",13,3,0.002984315590888742,0.1754030641653817,0.639262031735006,0.1792260276969022,0.003124560811821331
"Westwood, Lee",14,4,0.0027221389330578383,0.12166084172310437,0.5574374353521823,0.30026860800706556,0.017910975984589905
"Westwood, Lee",15,4,0.004785095599415201,0.11908404886363105,0.48610952208552843,0.3467925146521571,0.04322881879926821
"Westwood, Lee",16,3,0.0004082112392392867,0.06903639318535654,0.58128308237932,0.33719031918792286,0.012081994008161345
"Westwood, Lee",17,4,0.0057745083368455075,0.1365691881350221,0.5078839579898353,0.3170142190287466,0.032758126509550456
"Westwood, Lee",18,4,0.0034663906711380754,0.09594518210128089,0.4523972187814682,0.3870636407690652,0.061127567677047634
"Young, Cameron",1,4,0.005359305941795733,0.15094720778607057,0.5464110267554501,0.2782529921540169,0.019029467362666752
"Young, Cameron",2,5,0.04635959113447857,0.3944705376759518,0.47591336887376845,0.08148293005134644,0.001773572264454737
"Young, Cameron",3,3,0.0027804757389603973,0.17875948448643592,0.6483122359982622,0.16772162137522795,0.0024261824011135857
"Young, Cameron",4,4,0.004926253556103433,0.14038807926378805,0.5346060737814905,0.29687738104938033,0.023202212349237694
"Young, Cameron",5,4,0.02116696317839023,0.279261165807935,0.5369854430566073,0.1562160804688647,0.006370347488202754
"Young, Cameron",6,3,0.0015953863134964275,0.1095595713115815,0.5830894180511093,0.29308771954022284,0.012667904783590034
"Young, Cameron",7,5,0.009199805479184142,0.19337599661561605,0.5531328067625568,0.23099983262074275,0.013291558521900226
"Young, Cameron",8,4,0.004892929623095732,0.18153182200109474,0.6020119154969154,0.20523284586514579,0.006330487013748387
"Young, Cameron",9,4,0.0060756971444123065,0.14752167325719606,0.5256033749820911,0.29533347485428485,0.025465779762015694
"Young, Cameron",10,4,0.00891489537820983,0.22449437562545727,0.5861806964464233,0.17510479601982076,0.005305236530088853
"Young, Cameron",11,4,0.0059083336895897065,0.1163005239647601,0.45295686628154125,0.36343080414527107,0.06140347191883788
"Young, Cameron",12,5,0.04029252462587252,0.32536504468900307,0.48989480778088,0.13758688080135728,0.0068607421028871185
"Young, Cameron",13,3,0.00461843569884135,0.2144956014360952,0.6346656752490161,0.1442366640213022,0.001983623594745132
"Young, Cameron",14,4,0.004032730461513978,0.14908105223428425,0.5736243921102465,0.2603590250380998,0.012902800155855432
"Young, Cameron",15,4,0.006641421266164738,0.14230315099437635,0.5043214094340664,0.31305494448388504,0.033679073821507366
"Young, Cameron",16,3,0.0006926790812138428,0.09099096700440806,0.6126022867194032,0.2876055393417528,0.008108527853222025
"Young, Cameron",17,4,0.007996197059638388,0.16222154076900203,0.5221168634539175,0.28256579886576816,0.02509959985167387
"Young, Cameron",18,4,0.00484407080404714,0.11583044951790417,0.47552524541064517,0.35520877954914976,0.04859145471825377
"Young, Daniel",1,4,0.0034470843726105427,0.11959224675261099,0.5257523107872166,0.32403401570932255,0.027174342378239347
"Young, Daniel",2,5,0.033590586984441395,0.34922293149758216,0.5086335699310576,0.10572088254845924,0.0028320290384595825
"Young, Daniel",3,3,0.001568166195701548,0.13607782329386803,0.6423372896507162,0.21581270754994009,0.004204013309774046
"Young, Daniel",4,4,0.003172433376126216,0.11089340272507159,0.5110838644706158,0.34220432634285447,0.0326459730853319
"Young, Daniel",5,4,0.014740555092650709,0.2367075352280043,0.5472874302543043,0.19172964146334837,0.0095348379616923
"Young, Daniel",6,3,0.0009133375786406495,0.08154430149612996,0.5504625884271759,0.34775618552101717,0.01932358697703629
"Young, Daniel",7,5,0.006105337125890398,0.15719693423594827,0.5434923411449923,0.27393540731693966,0.019269980176229273
"Young, Daniel",8,4,0.0029970594839919262,0.14249942689126227,0.5921841596050539,0.25237307933430464,0.009946274685387224
"Young, Daniel",9,4,0.003994972084827464,0.11783176858425032,0.5039496624803703,0.3388641657802127,0.03535943107033912
"Young, Daniel",10,4,0.0057194852002480645,0.18167838879422304,0.5871603284123785,0.217140938259322,0.008300859333828292
"Young, Daniel",11,4,0.004031815280353734,0.09348401926643174,0.4254983126761084,0.39790435099068955,0.0790815017864166
"Young, Daniel",12,5,0.029780580062500894,0.2857963854646049,0.5066334248408696,0.1678268245943525,0.009962785037672117
"Young, Daniel",13,3,0.0027080467304111955,0.16753304002700586,0.638906285272973,0.18741400095274896,0.003438627016860929
"Young, Daniel",14,4,0.002494944225382878,0.11619949226347726,0.5530043309146048,0.3091104375389553,0.019190795057579813
"Young, Daniel",15,4,0.004450157551541656,0.11440368709368426,0.4815482272030626,0.35403722446443797,0.045560703687273496
"Young, Daniel",16,3,0.0003630475033020164,0.06486504126703924,0.5734473598640984,0.3481878503314999,0.013136701034060394
"Young, Daniel",17,4,0.005372777650916927,0.13136750429797245,0.5040984429383,0.32451330877222484,0.034647966340585756
"Young, Daniel",18,4,0.0032191165208265704,0.09197341313285784,0.4468986350586057,0.39375980320168136,0.06414903208602851
"Yu, Kevin",1,4,0.005515452895622885,0.1532048103796076,0.5474584823840487,0.275252190814391,0.01856906352632981
"Yu, Kevin",2,5,0.047334688138180536,0.39742810612373486,0.47349620196308956,0.0800232339751531,0.0017177697998419506
"Yu, Kevin",3,3,0.0028856898560096766,0.181866558443587,0.6481484500302858,0.16476304625899485,0.0023362554111227007
"Yu, Kevin",4,4,0.005069449232031731,0.1425181456566682,0.5358679346300534,0.2938807695851451,0.02266370089610148
"Yu, Kevin",5,4,0.02166957468922065,0.28217538704204437,0.5359655082489869,0.15399268669239408,0.006196843327353929
"Yu, Kevin",6,3,0.0016543452121934865,0.11164351242614284,0.5848746124314312,0.2895227779379854,0.01230475199224701
"Yu, Kevin",7,5,0.009448312085471477,0.19593554609934694,0.5534253695865325,0.22823376736180212,0.012957004866846922
"Yu, Kevin",8,4,0.005051169060907856,0.1843379972177936,0.6022172052176544,0.20225658499585086,0.006137043507793205
"Yu, Kevin",9,4,0.006243855622423022,0.1496535443920342,0.5267546656059809,0.29245031933248467,0.024897615047077104
"Yu, Kevin",10,4,0.009175357819141972,0.22751302365740977,0.5856916002298285,0.17247521569596524,0.005144802597654596
"Yu, Kevin",11,4,0.006057543248344788,0.11794315870656158,0.45460956055837326,0.3610462243958388,0.060343513090881595
"Yu, Kevin",12,5,0.04108990242767108,0.3280051342211731,0.48852187577481326,0.13569509440036565,0.006687993175976903
"Yu, Kevin",13,3,0.004781001846387245,0.21785915127115324,0.6338459702699069,0.14160375881396015,0.0019101177985925144
"Yu, Kevin",14,4,0.004160650762393192,0.15146501489982866,0.5746171312244708,0.2572018309829853,0.012555372130321985
"Yu, Kevin",15,4,0.006816967881428937,0.14430286693180627,0.505583095692107,0.3103104268301382,0.03298664266451956
"Yu, Kevin",16,3,0.0007224021420772497,0.09297563690423327,0.6147664997697408,0.2836922443081815,0.007843216875767167
"Yu, Kevin",17,4,0.008205904437609879,0.16441914740031788,0.5230289173817528,0.27979620172257746,0.024549829057741945
"Yu, Kevin",18,4,0.004974924288694893,0.11755689983834328,0.4772263364837401,0.35257061992806604,0.04767121946115571
"Zheng, Sampson",1,4,0.0031888888974173635,0.11467911451569368,0.521314587247165,0.331986595424131,0.028830813915593057
"Zheng, Sampson",2,5,0.031720755281152035,0.3413526633737678,0.5135252411765485,0.1103386813947207,0.0030626587738109556
"Zheng, Sampson",3,3,0.001416941626784407,0.12949054110838848,0.6397402439795088,0.22474614391293535,0.004606129372383028
"Zheng, Sampson",4,4,0.002935560772834911,0.10628686412548627,0.5062250889434541,0.35000250100670505,0.034549985151519635
"Zheng, Sampson",5,4,0.013825803851618745,0.22965765094418256,0.5480954508315967,0.19822262300260995,0.010198471369991968
"Zheng, Sampson",6,3,0.0008277233689498731,0.07732166913268035,0.5438348133954284,0.35729190327234983,0.020723890830591563
"Zheng, Sampson",7,5,0.005678815424864536,0.15141407630741988,0.5408673315241344,0.2815414353725032,0.020498341371077977
"Zheng, Sampson",8,4,0.0027482308129958555,0.13638042902285058,0.5892493068588407,0.26089995662025345,0.010722076685059423
"Zheng, Sampson",9,4,0.003710314225500333,0.1131630908362144,0.4994460402134955,0.34634012453612606,0.03734043018866373
"Zheng, Sampson",10,4,0.0052874066476213955,0.1748149561497327,0.5861295685495072,0.2248248956557517,0.008943172997387117
"Zheng, Sampson",11,4,0.0037697144707216634,0.0899032291263408,0.42032126144236337,0.4035350288240359,0.08247076613653825
"Zheng, Sampson",12,5,0.028227615248071602,0.27905063887605036,0.5087533612230946,0.17336463098293475,0.010603753669848781
"Zheng, Sampson",13,3,0.0024636214142605417,0.16014804844257596,0.6381069535832716,0.19551316909057592,0.003768207469315943
"Zheng, Sampson",14,4,0.0022921551034451593,0.11109089399510463,0.5484298861372807,0.3176887133303451,0.02049835143382439
"Zheng, Sampson",15,4,0.004147038060079489,0.11000591228367773,0.47695248810071295,0.3609893617204839,0.04790519983504593
"Zheng, Sampson",16,3,0.0003239156441258717,0.06102724891711986,0.5655648853107806,0.3588552458835882,0.014228704244385493
"Zheng, Sampson",17,4,0.0050089592604462,0.1264702022015115,0.5002202399300109,0.33174545063390903,0.036555147974122404
"Zheng, Sampson",18,4,0.002995720008678149,0.08825291926666329,0.4414435336517216,0.40013504628410457,0.06717278078883238
