team_id,team_name,player_name,position,overall_rating
623,Air Force,Payton Zdroik,DT,88
623,Air Force,Dylan Carson,FB,87
623,Air Force,Samuel Floysand,RT,87
623,Air Force,Jace Sutulovich,RG,87
623,Air Force,Costen Cooley,C,86
623,Air Force,Quin Smith,WR,86
623,Air Force,Gabriel Averitt,C,85
623,Air Force,Owen Allen,FB,84
623,Air Force,Bruin Fleischmann,TE,84
623,Air Force,Trevor Tate,LT,84
623,Air Force,Alec Falk,LG,83
623,Air Force,Zach Van Miller,DT,82
623,Air Force,Jack Burnett,C,81
623,Air Force,Kyle Chen,SS,80
623,Air Force,Jackson Adams,LOLB,80
623,Air Force,Parker Menefee,TE,79
623,Air Force,Zach Juckel,MLB,79
623,Air Force,Amari Wilkerson,WR,79
623,Air Force,Kemper Hodges,FB,78
623,Air Force,Greg Flinn,DT,78
623,Air Force,Terrence Gist,FB,77
623,Air Force,Evan Rau,CB,77
623,Air Force,Brody Bujnoch,MLB,77
623,Air Force,Nathan Elwood,RT,76
623,Air Force,Chances Carter Hill,LOLB,76
623,Air Force,Houston Hendrix,FS,75
623,Air Force,Tre Roberson,WR,75
623,Air Force,Jayden Oquendo,DT,75
623,Air Force,Seth Mcfarland,ROLB,75
623,Air Force,Tj Tarascio,LG,74
623,Air Force,Blake Fletcher,ROLB,73
623,Air Force,Gage Spencer,RT,73
623,Air Force,Levi Brown,FS,72
623,Air Force,Daryl Slaughter,QB,72
623,Air Force,Dallas Daley,ROLB,72
623,Air Force,Eric Hull,SS,72
623,Air Force,Tommy Forney,LOLB,72
623,Air Force,Lukia Rawls Jr,DT,71
623,Air Force,Korey Johnson,CB,70
623,Air Force,Josh Johnson,QB,70
623,Air Force,Josh Verner,WR,70
623,Air Force,Liam Szarka,QB,69
623,Air Force,Luke Freer,P,68
623,Air Force,Nick Beckwith,CB,68
623,Air Force,Damion Clinton,WR,68
623,Air Force,Roman Knox,WR,68
623,Air Force,Justin Harrington,CB,67
623,Air Force,Leslie Rowe,MLB,67
623,Air Force,Kurt Chesney,TE,65
623,Air Force,T J Carter,CB,64
623,Air Force,Jaylin Reese,LOLB,63
623,Air Force,Corey Conrad,TE,63
623,Air Force,Christopher Tuck Walker,MLB,62
623,Air Force,Matthew Donaldson,CB,62
623,Air Force,Jonathan Hoffman,TE,62
623,Air Force,Hasaan Mccormick,FS,62
623,Air Force,Leon Mcneal,WR,62
623,Air Force,Eric Harrison,WR,61
623,Air Force,Reagan Tubbs,K,60
623,Air Force,Isaac Hubert,LOLB,60
623,Air Force,Max Collins Davis,RG,59
623,Air Force,Mike Kitchen,CB,59
623,Air Force,Shamir Booth,LT,59
623,Air Force,Brandon Samuel,MLB,58
623,Air Force,Brendan Caldwell,MLB,57
623,Air Force,Nathan Davis,MLB,52
623,Air Force,Kimani Holmes,CB,52
623,Air Force,Alex Thompson,LG,52
623,Air Force,Kerry Stockton,ROLB,44
624,Akron,Daniel Sheldon,RT,88
624,Akron,Delvin Morris,C,84
624,Akron,Ben Finley,QB,83
624,Akron,Jake Newell,TE,82
624,Akron,Israel Polk,WR,82
624,Akron,Kiawan Murphy,DT,82
624,Akron,Dayne Shor,LT,82
624,Akron,Justin Anderson,SS,81
624,Akron,Keylen Davis,LG,81
624,Akron,Ben Kamara,CB,79
624,Akron,Darrell Johnson Jr,LT,78
624,Akron,Conner Cravaack,TE,77
624,Akron,Max Mobley,C,77
624,Akron,Ryan Oliver,LT,77
624,Akron,Alex Adams,WR,76
624,Akron,Maasai King,RT,76
624,Akron,Aman Greenwood,CB,76
624,Akron,Colin Lyons,RG,76
624,Akron,Melvin Spriggs,ROLB,76
624,Akron,Khalil Witherspoon,TE,76
624,Akron,Gage Summers,MLB,75
624,Akron,Shammond Cooper,ROLB,75
624,Akron,Alex Branch,CB,75
624,Akron,Mehki Flowers,FS,74
624,Akron,Jaiden Brown Demery,LG,74
624,Akron,Devin Reeves,LOLB,74
624,Akron,Paul Davis,WR,74
624,Akron,Jonas Mann,RT,73
624,Akron,Rich Benenge,MLB,73
624,Akron,Gavin James,MLB,73
624,Akron,Max Whisner,TE,72
624,Akron,Johnny Brookhart,QB,72
624,Akron,Derrick Hoover,FS,72
624,Akron,Austin Wondolowski,LOLB,72
624,Akron,Brandon Hills,WR,72
624,Akron,Dj Stepney,FS,71
624,Akron,Iesa Jarmon,CB,71
624,Akron,Tim Grear Jr,WR,70
624,Akron,Ronald Hull,DT,70
624,Akron,Emmet Rhoades,TE,70
624,Akron,Pat Pope,FB,70
624,Akron,Amarie Archer,RG,69
624,Akron,Malcom Dewalt Iv,CB,69
624,Akron,Tyquan Wallace,FS,69
624,Akron,Dimarco Johnson,FS,68
624,Akron,Myles Walker,WR,68
624,Akron,Markus Boswell,ROLB,68
624,Akron,Cameron Monteiro,WR,67
624,Akron,Cameron Peek,LT,67
624,Akron,Rodrick Hunter,SS,66
624,Akron,Bryan Corbett,MLB,66
624,Akron,Jamie Lucas,CB,65
624,Akron,Brayden Roggow,QB,65
624,Akron,Jayvon Goodwin,WR,65
624,Akron,Jason Hocker,LOLB,63
624,Akron,Cam Davidson,MLB,62
624,Akron,Daymon David,SS,62
624,Akron,Kevin Newberry,DT,61
624,Akron,Alan Develin,RT,60
624,Akron,Cibastian Broughton,QB,57
624,Akron,Aj George,LG,57
624,Akron,Adam Samaha,K,56
624,Akron,Matthew Schramm,K,56
624,Akron,Jean Louis Iii,WR,56
624,Akron,Kenneth Mcmanus Iv,C,55
624,Akron,Tavares Fletcher,WR,54
624,Akron,Nick Stopiak,LT,54
624,Akron,Joseph Castle,P,53
624,Akron,Kerry Whitney,LG,53
624,Akron,Owen Wiley,K,52
624,Akron,Cameron Layman,DT,52
624,Akron,Elijah Davis,DT,45
625,Alabama,Ryan Williams,WR,95
625,Alabama,Kadyn Proctor,LT,94
625,Alabama,Parker Brailsford,C,94
625,Alabama,Jaeden Roberts,RG,92
625,Alabama,Tim Keenan Iii,DT,92
625,Alabama,Bray Hubbard,SS,91
625,Alabama,Deontae Lawson,LOLB,91
625,Alabama,Isaiah Horton,WR,88
625,Alabama,Germie Bernard,WR,88
625,Alabama,Domani Jackson,CB,87
625,Alabama,Nikhai Hill Green,MLB,87
625,Alabama,Jah Marien Latham,ROLB,87
625,Alabama,Keon Sabb,FS,85
625,Alabama,Cam Calhoun,CB,85
625,Alabama,Geno Vandemark,RG,85
625,Alabama,Justin Jefferson,MLB,84
625,Alabama,Dashawn Jones,CB,84
625,Alabama,Josh Cuevas,TE,84
625,Alabama,Qua Russaw,ROLB,83
625,Alabama,Bubba Rodgers,RT,82
625,Alabama,Peter Knudson,TE,82
625,Alabama,Kam Dewberry,LG,80
625,Alabama,Danny Lewis Jr,TE,79
625,Alabama,Arkel Anugwom,RT,79
625,Alabama,Zabien Brown,CB,78
625,Alabama,Ty Simpson,QB,78
625,Alabama,Austin Mack,QB,77
625,Alabama,Cole Adams,WR,77
625,Alabama,Casey Poe,LT,76
625,Alabama,Dre Kirkpatrick Jr,SS,76
625,Alabama,Kameron Howard,FS,76
625,Alabama,Brody Dalton,TE,76
625,Alabama,Wilkin Formby,RT,74
625,Alabama,Zavier Mincey,FS,74
625,Alabama,Drew Brandt,TE,74
625,Alabama,Baker Hickman,LT,73
625,Alabama,David Bird,TE,73
625,Alabama,Tayveon Bennett,LOLB,72
625,Alabama,Jalen Hale,WR,71
625,Alabama,Dijon Lee Jr,CB,71
625,Alabama,Roq Montgomery,C,71
625,Alabama,Yhonzae Pierre,ROLB,71
625,Alabama,Michael Carroll,RG,70
625,Alabama,Jarrelle White,CB,70
625,Alabama,Jaylen Mbakwe,WR,70
625,Alabama,Liam Mcchambers,SS,70
625,Alabama,Blake Doud,K,69
625,Alabama,Hakim Taylor,MLB,69
625,Alabama,Duke Johnson Ii,MLB,69
625,Alabama,Joseph Ionata,C,69
625,Alabama,Terrell Perry,LG,68
625,Alabama,Mac Smith,LG,68
625,Alabama,Derek Meadows,WR,67
625,Alabama,Jack Sammarco,TE,66
625,Alabama,Rico Scott,WR,65
625,Alabama,Jaquan Sullivan,RT,64
625,Alabama,Cayden Jones,LOLB,64
625,Alabama,Olaus Alinen,LG,62
625,Alabama,Kaleb Edwards,TE,62
625,Alabama,Conor Talty,K,62
625,Alabama,Bubba Hampton,WR,61
625,Alabama,Keelon Russell,QB,60
625,Alabama,Red Morgan,FS,60
625,Alabama,David Franks Wilson,LT,59
625,Alabama,Qb Reese,LOLB,59
625,Alabama,Reid Schuback,K,57
625,Alabama,Alex Asparuhov,P,55
625,Alabama,William Sanders,LG,54
625,Alabama,Noah Carter,ROLB,53
625,Alabama,Abdul Winn,ROLB,52
625,Alabama,Jeremiah Beaman,DT,45
625,Alabama,Isaia Faga,DT,43
626,Appalachian State,Dalton Stroman,WR,85
626,Appalachian State,William Fowles,WR,84
626,Appalachian State,Trent Ramsey,LG,82
626,Appalachian State,Billy Wiles,QB,82
626,Appalachian State,James Herbert,LT,82
626,Appalachian State,Ethan Johnson,CB,81
626,Appalachian State,Griffin Scroggs,LG,81
626,Appalachian State,Aj Swann,QB,81
626,Appalachian State,Michael Marotta,C,81
626,Appalachian State,David Larkins,TE,80
626,Appalachian State,Myles Farmer,FS,80
626,Appalachian State,Shamarr Jackson,RT,80
626,Appalachian State,Davion Dozier,WR,79
626,Appalachian State,Kyle Arnholt,MLB,79
626,Appalachian State,Michael Hetzel,WR,79
626,Appalachian State,Will Flowers,C,79
626,Appalachian State,Dj Burks,SS,77
626,Appalachian State,Emory Floyd,CB,77
626,Appalachian State,Ja Den Mcburrows,CB,76
626,Appalachian State,Thomas Davis,LOLB,76
626,Appalachian State,Izayah Cummings,TE,76
626,Appalachian State,Jaden Barnes,WR,76
626,Appalachian State,Jared Gibble,TE,76
626,Appalachian State,Phillip Pemberton,DT,75
626,Appalachian State,Jordan Favors,SS,74
626,Appalachian State,Dylan Hasz,CB,74
626,Appalachian State,Jj Kohl,QB,74
626,Appalachian State,Trenton Kinney,MLB,74
626,Appalachian State,Danny Stevens,RG,74
626,Appalachian State,Zyeir Gamble,FS,73
626,Appalachian State,Brayshawn Littlejohn,ROLB,73
626,Appalachian State,Chris Lawson Jr,WR,73
626,Appalachian State,Colton Phares,ROLB,73
626,Appalachian State,Kevin Morrison,FB,73
626,Appalachian State,Jayden Ramsey,RG,72
626,Appalachian State,Cristian Conyer,CB,72
626,Appalachian State,Elijah Mc Cantos,CB,72
626,Appalachian State,Kanen Hamlett,TE,72
626,Appalachian State,Gabriel Simpkins,TE,72
626,Appalachian State,Jackson Grier,WR,72
626,Appalachian State,Bucci Farmer,DT,71
626,Appalachian State,Rondarius Porter,DT,71
626,Appalachian State,Luke Burgess,RT,70
626,Appalachian State,Jayden Bethea,MLB,70
626,Appalachian State,Cayden Sweatt,C,70
626,Appalachian State,Jack Kelly,TE,70
626,Appalachian State,Clayton Hughes,RG,69
626,Appalachian State,Levi Dodson,ROLB,68
626,Appalachian State,Kaden Ellis,DT,68
626,Appalachian State,Noah Gillon,QB,67
626,Appalachian State,Kayleb Williams,RG,67
626,Appalachian State,Cameren Fleming,SS,66
626,Appalachian State,Juan Berchal,CB,66
626,Appalachian State,Tom Bean,K,65
626,Appalachian State,Tyshawn Sanders,CB,65
626,Appalachian State,Aj Mebane,LOLB,65
626,Appalachian State,Dillon Galloway,TE,64
626,Appalachian State,Kaleb Neal,FS,63
626,Appalachian State,Patrick Loomis,C,62
626,Appalachian State,Ja Torian Mack,SS,61
626,Appalachian State,Matthew Wilson,QB,60
626,Appalachian State,Aaron Talley,LOLB,60
626,Appalachian State,Alex Sanchez,WR,60
626,Appalachian State,Moritz Schmoranzer,LG,59
626,Appalachian State,Lance Williams,LG,58
626,Appalachian State,Jackson Moore,K,57
626,Appalachian State,Mitchell Lake,P,56
626,Appalachian State,D J Watkins Ellis,DT,56
626,Appalachian State,Jaleel Freeman,ROLB,54
626,Appalachian State,Ian Ratliff,P,46
626,Appalachian State,Cash Mcvay,K,44
627,Arizona,Noah Fifita,QB,87
627,Arizona,Max Harris,MLB,87
627,Arizona,Luke Wysong,WR,86
627,Arizona,Dalton Johnson,SS,85
627,Arizona,Kris Hutson,WR,85
627,Arizona,Ayden Garnes,CB,85
627,Arizona,Keyan Burnett,TE,84
627,Arizona,Taye Brown,MLB,84
627,Arizona,Chubba Ma Ae,LG,84
627,Arizona,Jay Vion Cole,CB,83
627,Arizona,Shancco Matautia,C,83
627,Arizona,Treydan Stukes,CB,82
627,Arizona,Michael Dansby,CB,82
627,Arizona,Tiaoalii Savea,DT,81
627,Arizona,Ka Ena Decambra,RG,81
627,Arizona,Braedyn Locke,QB,80
627,Arizona,Rhino Tapa Atoutai,LT,80
627,Arizona,Michael Wooten,LT,79
627,Arizona,Marquis Groves Killebrew,CB,78
627,Arizona,Chris Hunter,WR,78
627,Arizona,Ty Buchanan,RT,78
627,Arizona,Chase Kennedy,ROLB,78
627,Arizona,Sam Olson,TE,77
627,Arizona,Riley Wilson,ROLB,77
627,Arizona,David Crocker,LT,77
627,Arizona,Jeremiah Patterson,WR,76
627,Arizona,Alexander Doost,LG,76
627,Arizona,Cameron Barmore,TE,76
627,Arizona,Jshawn Frausto Ramos,CB,75
627,Arizona,Johno Price,CB,75
627,Arizona,Jarra Anderson,DT,75
627,Arizona,Matthew Lado,RT,75
627,Arizona,Genesis Smith,FS,74
627,Arizona,Tre Spivey,WR,74
627,Arizona,Isaac Perez,C,74
627,Arizona,Devin Hyatt,WR,74
627,Arizona,Leviticus Su A,MLB,74
627,Arizona,Blake Gotcher,ROLB,74
627,Arizona,Jack Luttrell,FS,72
627,Arizona,Myron Robinson,ROLB,71
627,Arizona,Jayln Harris,SS,71
627,Arizona,Paul Clayton,P,71
627,Arizona,Jake Klein,QB,70
627,Arizona,Julian Savaiinaea,DT,70
627,Arizona,Kellan Ford,TE,68
627,Arizona,Carter Jones,MLB,68
627,Arizona,Caleb Poole,FB,67
627,Arizona,Dan Howard,C,67
627,Arizona,Tommy Trout,QB,66
627,Arizona,Isaiah Mizell,WR,66
627,Arizona,Joe Sprinkle,FB,66
627,Arizona,Gio Richardson,WR,65
627,Arizona,Byron Hill,RT,65
627,Arizona,Denzel White,LG,65
627,Arizona,Rex Haynes,WR,65
627,Arizona,Dajon Hinton,CB,64
627,Arizona,Gavin Hunter,SS,64
627,Arizona,Tyler Powell,TE,63
627,Arizona,Frank Goodwin,RG,63
627,Arizona,Oscar Burris,FS,63
627,Arizona,Zach Rice,TE,62
627,Arizona,Grayson Stovall,C,62
627,Arizona,Leroy Palu,DT,62
627,Arizona,Junior Sampson,RG,62
627,Arizona,Jordan Brown,RG,62
627,Arizona,Michael Salgado Medina,K,61
627,Arizona,Terrance Parham,DT,60
627,Arizona,Brandon Craddock,LOLB,59
627,Arizona,Tristan Bounds,RT,58
627,Arizona,Keona Peat,C,53
627,Arizona,Tyler Mustain,LOLB,52
627,Arizona,Sawyer Anderson,QB,50
627,Arizona,Stacy Bey,LOLB,49
627,Arizona,Josh Farris,K,49
628,Arizona State,Jordyn Tyson,WR,94
628,Arizona State,Ben Coleman,C,92
628,Arizona State,Sam Leavitt,QB,91
628,Arizona State,Xavion Alford,SS,91
628,Arizona State,Jalen Moss,WR,89
628,Arizona State,Max Iheanachor,RT,89
628,Arizona State,Jimeto Obigbo,LG,89
628,Arizona State,Chamon Metayer,TE,88
628,Arizona State,Jordan Crook,ROLB,87
628,Arizona State,Keyshaun Elliott,ROLB,86
628,Arizona State,Jacob Rich Kongaika,DT,86
628,Arizona State,Josh Atkins,LT,86
628,Arizona State,C J Fite,DT,85
628,Arizona State,Myles Rowser,FS,85
628,Arizona State,Javan Robinson,CB,85
628,Arizona State,Zyrus Fiaseu,MLB,85
628,Arizona State,Tate Romney,ROLB,83
628,Arizona State,Sean Na A,LG,83
628,Arizona State,Ben Harrison,RG,83
628,Arizona State,Malik Mcclain,WR,82
628,Arizona State,Jeff Sims,QB,81
628,Arizona State,Cameron Harpole,TE,81
628,Arizona State,Keith Abney Ii,CB,80
628,Arizona State,Nyland Green,CB,80
628,Arizona State,Blazen Lono Wong,DT,80
628,Arizona State,Khamari Anderson,TE,77
628,Arizona State,Jalen Klemm,LT,77
628,Arizona State,Adrian Wilson,FS,76
628,Arizona State,My Keil Gardner,DT,76
628,Arizona State,Noble Johnson,WR,76
628,Arizona State,Zac Swanson,DT,75
628,Arizona State,Kyndrich Breedlove,CB,75
628,Arizona State,Martell Hughes,ROLB,75
628,Arizona State,Rashad Mckenzie,DT,75
628,Arizona State,Derek Eusebio,WR,73
628,Arizona State,Krew Jackson,MLB,72
628,Arizona State,Al Sieczkowski,LT,72
628,Arizona State,Aj Ia,TE,72
628,Arizona State,Tyler Wigglesworth,TE,72
628,Arizona State,Nathan Matthews,C,71
628,Arizona State,Plas Johnson,CB,69
628,Arizona State,Jesus Gomez,K,68
628,Arizona State,Tony Louis Nkuba,CB,68
628,Arizona State,Isaiah Iosefa,LOLB,68
628,Arizona State,Kyan Mcdonald,FS,68
628,Arizona State,Jaren Hamilton,WR,66
628,Arizona State,Rodney Bimage Jr,CB,66
628,Arizona State,Michael Tollefson,QB,65
628,Arizona State,Harry Hassmann,WR,65
628,Arizona State,Champ Westbrooks,RT,65
628,Arizona State,Ian Hershey,P,64
628,Arizona State,Maurice Williams Ii,FS,64
628,Arizona State,Makua Pule,C,64
628,Arizona State,Cory Butler Jr,WR,63
628,Arizona State,Chris Johnson Ii,CB,63
628,Arizona State,Reggie Hadley,FB,63
628,Arizona State,Kanyon Floyd,P,62
628,Arizona State,Terrell Kim,RG,62
628,Arizona State,Kyle Scott,RG,61
628,Arizona State,Montana Warren,SS,61
628,Arizona State,Cary Thornhill,RT,61
628,Arizona State,Uriah Neloms,WR,60
628,Arizona State,Desean Bryant Jr,C,60
628,Arizona State,Jayden Fortier,TE,59
628,Arizona State,Navi Bruzon,QB,57
628,Arizona State,Cameron Dyer,QB,55
628,Arizona State,Manamo Ui Muti,LT,55
628,Arizona State,Maki Stewart,RG,55
628,Arizona State,Remy Archer,RT,54
628,Arizona State,Albert Smith Iii,LOLB,54
628,Arizona State,Joey Su A,LG,53
628,Arizona State,Russ Mitchell,MLB,53
628,Arizona State,Ja Mario Van Dyke,SS,53
628,Arizona State,Carston Kieffer,K,49
629,Arkansas,Fernando Carmona,LG,92
629,Arkansas,O Mega Blake,WR,87
629,Arkansas,Taylen Green,QB,86
629,Arkansas,Cameron Ball,DT,85
629,Arkansas,Kani Walker,CB,85
629,Arkansas,Jordan Young,CB,84
629,Arkansas,Xavian Sorey Jr,MLB,84
629,Arkansas,Jj Hollingsworth,DT,84
629,Arkansas,Jaheim Singletary,CB,83
629,Arkansas,Raylen Sharpe,WR,83
629,Arkansas,David Oke,DT,83
629,Arkansas,Larry Worth Iii,SS,82
629,Arkansas,Kam Shanks,WR,82
629,Arkansas,Selman Bridges,CB,82
629,Arkansas,Caden Kitler,C,82
629,Arkansas,Andreas Paaske,TE,82
629,Arkansas,Corey Robinson Ii,LT,81
629,Arkansas,Danny Saili,DT,80
629,Arkansas,Ismael Cisse,WR,79
629,Arkansas,Stephen Dix Jr,ROLB,78
629,Arkansas,Miguel Mitchell,FS,78
629,Arkansas,Caleb Wooden,FS,77
629,Arkansas,Jordan Anthony,WR,77
629,Arkansas,Keyshawn Blackstock,RG,77
629,Arkansas,Julian Neal,CB,77
629,Arkansas,Ian Geffrard,DT,76
629,Arkansas,Rohan Jones,TE,75
629,Arkansas,Bryce Stephens,WR,75
629,Arkansas,Kobe Branham,RG,75
629,Arkansas,Keshawn Davila,CB,75
629,Arkansas,Jalen Brown,WR,74
629,Arkansas,Shaq Mcroy,RT,74
629,Arkansas,Trever Jackson,QB,74
629,Arkansas,Andy Jean,WR,74
629,Arkansas,Brooks Edmonson,C,74
629,Arkansas,Quentavius Scandrett,SS,73
629,Arkansas,Tavion Wallace,ROLB,73
629,Arkansas,Bradley Shaw,MLB,73
629,Arkansas,Preston Davis,MLB,73
629,Arkansas,Courtney Crutchfield,WR,72
629,Arkansas,Tim Dawn,C,72
629,Arkansas,Devin Bale,P,71
629,Arkansas,Marcus Dumervil,RT,70
629,Arkansas,Kevin Oatis,DT,69
629,Arkansas,Kaleb James,DT,69
629,Arkansas,Kash Courtney,LG,68
629,Arkansas,Keiundre Johnson,ROLB,68
629,Arkansas,Reginald Colebrook,DT,67
629,Arkansas,Ashton Ngo,TE,67
629,Arkansas,Darius Rison,FB,67
629,Arkansas,Terryon Reno,TE,67
629,Arkansas,Jaden Platt,TE,66
629,Arkansas,E Marion Harris,RT,66
629,Arkansas,Erick Cranford,FS,66
629,Arkansas,Ja Kayden Ferguson,WR,66
629,Arkansas,Cj Brown,WR,66
629,Arkansas,Gavin Rush,P,65
629,Arkansas,Grayson Wilson,QB,65
629,Arkansas,Wyatt Simmons,MLB,65
629,Arkansas,Taijh Overton,FS,65
629,Arkansas,Jaden Allen,CB,64
629,Arkansas,Max Schmidly,TE,63
629,Arkansas,Derrius Kidwell,LOLB,62
629,Arkansas,Bubba Craig,LG,61
629,Arkansas,Blake Cherry,RG,59
629,Arkansas,Kj Jackson,QB,58
629,Arkansas,Blake Ford,K,58
629,Arkansas,Ahkhari Johnson,FS,57
629,Arkansas,Scott Starzyk,K,56
629,Arkansas,Justin Logan,ROLB,55
629,Arkansas,Jameson Woodrow,MLB,48
629,Arkansas,Kavion Broussard,LT,44
630,Arkansas State,Corey Rucker,WR,87
630,Arkansas State,Wil Saxton,LG,87
630,Arkansas State,Ag Mcghee,FS,85
630,Arkansas State,Jaylen Raynor,QB,83
630,Arkansas State,Quincy Wright,DT,83
630,Arkansas State,Noah Smith,RT,83
630,Arkansas State,Avante Dickerson,CB,82
630,Arkansas State,Ethan Crawford,QB,82
630,Arkansas State,Devyn Curtis,MLB,82
630,Arkansas State,Nana Burris,WR,81
630,Arkansas State,Tristian Smith,RG,80
630,Arkansas State,Chris Boti,DT,79
630,Arkansas State,Javante Mackey,MLB,79
630,Arkansas State,Riley Mcgehee,LT,79
630,Arkansas State,Austin Woods,RG,78
630,Arkansas State,Hayden O Neal,ROLB,77
630,Arkansas State,Trenton Alan Yowe,CB,76
630,Arkansas State,Kyle Taylor,ROLB,76
630,Arkansas State,Daniel Demery,FS,75
630,Arkansas State,Gabe Fortson,C,75
630,Arkansas State,Hunter Summers,WR,75
630,Arkansas State,Cameron Ambrose,RT,75
630,Arkansas State,Jj Harrell,WR,74
630,Arkansas State,Damarcco Blanton,WR,74
630,Arkansas State,Brandon Greil,FS,73
630,Arkansas State,Noah Hacker,LT,73
630,Arkansas State,Aaron Alexander,ROLB,72
630,Arkansas State,James Reed Iii,CB,72
630,Arkansas State,Zuri Madison,LG,72
630,Arkansas State,Aleric Watson,RT,72
630,Arkansas State,Trevon Howard,SS,71
630,Arkansas State,Brandon Barnes Jr,FS,71
630,Arkansas State,Sean Martin,LOLB,70
630,Arkansas State,Rashaun Coleman,QB,70
630,Arkansas State,Tyler Little,TE,70
630,Arkansas State,Alexander Greene,MLB,70
630,Arkansas State,Cody Sigler,DT,70
630,Arkansas State,Jordan Sample,LOLB,70
630,Arkansas State,Chace Stratford,LT,70
630,Arkansas State,Erik Coakley Hall,FB,70
630,Arkansas State,Isaiah Hornsby,CB,69
630,Arkansas State,Chase Bogle,MLB,69
630,Arkansas State,Jimmy Spillman,CB,68
630,Arkansas State,Cade Channell,LT,68
630,Arkansas State,Malekhi Weedon,FS,68
630,Arkansas State,Walker Davis,C,68
630,Arkansas State,Clune Van Andel,K,67
630,Arkansas State,Alex Colbert,P,67
630,Arkansas State,Chauncy Cobb,WR,67
630,Arkansas State,Mason Myers,C,67
630,Arkansas State,Luke Wisham,SS,66
630,Arkansas State,Evan Brown,FS,66
630,Arkansas State,Drew Nicolson,TE,66
630,Arkansas State,Simeon Mitchell,DT,65
630,Arkansas State,Timothy Gulley,DT,65
630,Arkansas State,Cedric Franklin Ii,SS,65
630,Arkansas State,Josh Stone,CB,65
630,Arkansas State,Kemari Nix,LOLB,65
630,Arkansas State,Javeon Fricks,TE,64
630,Arkansas State,Nigel Nelson,ROLB,64
630,Arkansas State,Tyler Fortenberry,TE,63
630,Arkansas State,Pat Fargas,ROLB,63
630,Arkansas State,Trason Hunt,LG,63
630,Arkansas State,Romel Stevens,WR,62
630,Arkansas State,Ryan Rivers,QB,59
630,Arkansas State,Dan Tay Ward Jr,RT,59
630,Arkansas State,Clayton Amaya,K,55
630,Arkansas State,Rodd Curtis,RG,54
630,Arkansas State,Jabari Bush,TE,52
630,Arkansas State,Josh Flowers,QB,49
631,Army,Brady Small,C,90
631,Army,Will Jeffcoat,LG,87
631,Army,Ned Brady,LT,87
631,Army,Casey Larkin,FS,86
631,Army,Tanner Bivins,RG,86
631,Army,Kody Harris Miller,DT,85
631,Army,Jake Rendina,FB,85
631,Army,Liam Fortner,WR,85
631,Army,Kalib Fortner,MLB,83
631,Army,Jaydan Mayes,CB,83
631,Army,Jarel Dickson,FB,83
631,Army,Gavin Shields,FS,83
631,Army,Christian Yousefzadeh,ROLB,83
631,Army,Markus Timmons,DT,83
631,Army,Andon Thomas,MLB,82
631,Army,Lavar Thompson,RT,82
631,Army,Noah Short,WR,81
631,Army,Justin Weaver,CB,81
631,Army,Collin Matteson,SS,81
631,Army,Eric Ford,LOLB,81
631,Army,Cj Martin,CB,80
631,Army,Aj Williams,FB,80
631,Army,Parker Poloskey,TE,80
631,Army,Jacob Tuioti,DT,79
631,Army,Lane Parks,C,79
631,Army,Noah Nixon,MLB,79
631,Army,Isaiah Birl,LOLB,78
631,Army,Tobi Olawole,WR,78
631,Army,Baylor Newsom,MLB,77
631,Army,Samari Howard,WR,77
631,Army,Duane Walker,LG,77
631,Army,Dewayne Coleman,QB,76
631,Army,Tyler Lee,LG,76
631,Army,Braden Bartosh,LG,75
631,Army,Christopher Williams,FS,75
631,Army,Brandon Wraalstad,RG,75
631,Army,Dillon Stowers,DT,75
631,Army,Nick Hadley,RT,75
631,Army,Lloyd Benson Iii,WR,75
631,Army,Zach Mundell,QB,74
631,Army,Caden Brungard,MLB,74
631,Army,Kyle Kloska,C,73
631,Army,Cole Searight,CB,73
631,Army,Matt Board,C,73
631,Army,Brennan Fisher,MLB,73
631,Army,Phil Timmerman,LG,72
631,Army,Jabril Williams,CB,72
631,Army,Kavon Pointer,WR,72
631,Army,Ish Taylor,CB,71
631,Army,Isaiah Jackson,LT,71
631,Army,Dallas Traylor,SS,71
631,Army,Jaxon Hammond,CB,70
631,Army,Larry Pickett Jr,FS,70
631,Army,Caleb Williams,SS,69
631,Army,Cale Hellums,QB,69
631,Army,Devan Moss,CB,69
631,Army,Robert Houston,CB,67
631,Army,Brendan Owens,SS,66
631,Army,Ethan Washington,QB,65
631,Army,Brian Dyer,TE,65
631,Army,Myles Wright,TE,64
631,Army,Daniel Ogordi,SS,62
631,Army,Owen Walter,TE,62
631,Army,James Wagenseller,P,60
631,Army,Randy Farris,TE,60
631,Army,Shane Pelton,C,60
631,Army,Anderson Britton,K,52
631,Army,Dawson Jones,K,51
631,Army,Cooper Allan,P,50
632,Auburn,Eric Singleton Jr,WR,92
632,Auburn,Cam Coleman,WR,89
632,Auburn,Connor Lew,C,88
632,Auburn,Mason Murphy,RT,88
632,Auburn,Raion Strader,CB,87
632,Auburn,Dillon Wade,LG,87
632,Auburn,Xavier Chaplin,LT,87
632,Auburn,Kayin Lee,CB,85
632,Auburn,Jeremiah Wright,RG,85
632,Auburn,Jackson Arnold,QB,84
632,Auburn,Rayshawn Pleasant,CB,84
632,Auburn,Preston Howard,TE,83
632,Auburn,Brandon Frazier,TE,83
632,Auburn,Jay Hardy,DT,82
632,Auburn,Robert Woodyard Jr,MLB,82
632,Auburn,Dallas Walker,DT,81
632,Auburn,Horatio Fields,WR,81
632,Auburn,Ashton Daniels,QB,80
632,Auburn,Caleb Wheatland,MLB,80
632,Auburn,Tate Johnson,TE,80
632,Auburn,Malik Blocton,DT,79
632,Auburn,Izavion Miller,LT,79
632,Auburn,Demarcus Riddick,ROLB,79
632,Auburn,Jay Crawford,CB,78
632,Auburn,Malcolm Simmons,WR,78
632,Auburn,Paul Thompson Jr,SS,78
632,Auburn,Kaleb Harris,SS,76
632,Auburn,Jahquez Robinson,SS,76
632,Auburn,Seth Wilfred,RG,76
632,Auburn,Reed Hughes,TE,76
632,Auburn,Quientrail Jamison Travis,DT,75
632,Auburn,Taye Seymore,FS,75
632,Auburn,Doug Stein,K,74
632,Auburn,Coleman Granberry,MLB,74
632,Auburn,Alexander Reeves,FS,73
632,Auburn,Tyler Johnson,RT,73
632,Auburn,Eric Winters,SS,73
632,Auburn,Broderick Shull,RT,73
632,Auburn,Malik Autry,DT,72
632,Auburn,Champ Anthony,CB,72
632,Auburn,Xavier Atkins,ROLB,71
632,Auburn,Kail Ellis,C,71
632,Auburn,Zykeivous Walker,DT,70
632,Auburn,Anquon Fegans,FS,70
632,Auburn,Bryce Deas,MLB,70
632,Auburn,Blake Woodby,CB,69
632,Auburn,Kensley Louidor Faustin,FS,69
632,Auburn,Bryce Cain,WR,69
632,Auburn,Perry Thompson,WR,68
632,Auburn,Elijah Melendez,MLB,68
632,Auburn,Donovan Starr,CB,67
632,Auburn,Jakaleb Faulk,ROLB,67
632,Auburn,Clay Wedin,RG,67
632,Auburn,Allen Patton,P,66
632,Auburn,Hollis Davidson,TE,66
632,Auburn,Rich Goldstein,FB,66
632,Auburn,Tai Buster,LT,65
632,Auburn,Jacobe Ward,LG,64
632,Auburn,Harrison Clemmer,C,64
632,Auburn,Hudson Kaak,P,63
632,Auburn,Dylan Senda,C,63
632,Auburn,Alex Mcpherson,K,62
632,Auburn,Jourdin Crawford,DT,62
632,Auburn,Jamonta Waller,LOLB,62
632,Auburn,Towns Mcgough,K,61
632,Auburn,Sam Turner,WR,61
632,Auburn,Ed Backus,LT,60
632,Auburn,D J Barber,ROLB,59
632,Auburn,A Mon Lane Ganus,CB,58
632,Auburn,Dwight Westerman,K,56
632,Auburn,Deuce Knight,QB,55
632,Auburn,Joe Phillips,LOLB,51
632,Auburn,Deandre Carter,LG,45
633,Ball State,Carey Robinson,RG,90
633,Ball State,Seth Bolton,RG,88
633,Ball State,Chris Hood,LT,84
633,Ball State,Jack Beebe,ROLB,81
633,Ball State,Jalon Jones,CB,80
633,Ball State,Darin Conley,DT,79
633,Ball State,Cole Mosier,C,78
633,Ball State,Nick Presley,WR,78
633,Ball State,Maximus Webster,TE,77
633,Ball State,Ty Robinson,WR,77
633,Ball State,Alfred Chea,ROLB,77
633,Ball State,Qian Magwood,WR,76
633,Ball State,Hunter Sanderson,DT,76
633,Ball State,Willizhuan Yates,CB,75
633,Ball State,Otto Hess,C,75
633,Ball State,Luke Dalton,LG,75
633,Ball State,Roman Pearson,CB,75
633,Ball State,Zach Bandy,LG,75
633,Ball State,Joey Stemler,MLB,74
633,Ball State,Elisha Durham,WR,74
633,Ball State,Eric Weatherly,WR,73
633,Ball State,Ameir Glenn,DT,73
633,Ball State,Jamarion Mcdougle,WR,73
633,Ball State,Jahmad Harmon,CB,73
633,Ball State,Brandon Blackburn,LT,73
633,Ball State,Drew Hughes,DT,72
633,Ball State,Caden Britton,TE,72
633,Ball State,Avery Stuart,FS,72
633,Ball State,Michael Gravely Jr,SS,71
633,Ball State,Jackson Wiegold,MLB,71
633,Ball State,Caden Johnson,MLB,71
633,Ball State,Zavier Simpson,LOLB,71
633,Ball State,Cole Earlewine,SS,71
633,Ball State,Dahya Patel,WR,71
633,Ball State,Kiael Kelly,QB,70
633,Ball State,Eric Mcclain,CB,70
633,Ball State,Isaac Lucas,RG,70
633,Ball State,Tristan Cook,RT,70
633,Ball State,Deondre Shepherd,FS,69
633,Ball State,Cody Smith,RT,69
633,Ball State,Antwan Fraser,LOLB,68
633,Ball State,Jackson Constantine,LG,68
633,Ball State,Ashton Whitner,LOLB,67
633,Ball State,Grant Haworth,C,67
633,Ball State,Garrick Yancey,FS,66
633,Ball State,Brock Williams,TE,66
633,Ball State,Glenn Matlock Bell,LT,66
633,Ball State,Scott Hudson,DT,66
633,Ball State,Will Windsor,RG,66
633,Ball State,Isaiah Thacker,WR,66
633,Ball State,Alex Kozan,TE,65
633,Ball State,Derek Fields,FS,65
633,Ball State,Walter Taylor Iii,QB,64
633,Ball State,Kyle Winters,C,64
633,Ball State,Oscar Sheldon,SS,63
633,Ball State,Joe Graves,K,62
633,Ball State,Keith Knoll,LG,62
633,Ball State,Chris Redfield,RT,61
633,Ball State,Jackson Ruess,RG,61
633,Ball State,Trey Firestone,WR,61
633,Ball State,Cole Stumbaugh,P,59
633,Ball State,Bobby Scroggins,LT,59
633,Ball State,Brenton Geathers,TE,57
633,Ball State,Jordan Suggs,CB,57
633,Ball State,Carson Holmer,K,55
633,Ball State,Zac Raymont,MLB,54
633,Ball State,Aidan Leffler,QB,54
633,Ball State,J T Branch,FB,53
633,Ball State,Bodie Derrer,QB,47
654,Florida State,Jeremiah Wilson,CB,90
654,Florida State,Micah Pettus,RT,89
654,Florida State,Darrell Jackson Jr,DT,89
654,Florida State,Richie Leonard Iv,LG,89
654,Florida State,Shyheim Brown,SS,88
654,Florida State,Elijah Herring,ROLB,88
654,Florida State,Tommy Castellanos,QB,87
654,Florida State,Randy Pittman Jr,TE,87
654,Florida State,Deante Mccray,DT,86
654,Florida State,Gunnar Hansen,LT,86
654,Florida State,Luke Petitbon,C,85
654,Florida State,Squirrel White,WR,85
654,Florida State,Duce Robinson,WR,84
654,Florida State,Stefon Thompson,MLB,84
654,Florida State,Adrian Medley,RG,84
654,Florida State,Markeston Douglas,TE,83
654,Florida State,Daniel Lyons,DT,81
654,Florida State,Omar Graham Jr,ROLB,81
654,Florida State,Jacob Rizy,C,81
654,Florida State,Quindarrius Jones,CB,77
654,Florida State,Brock Glenn,QB,77
654,Florida State,K J Kirkland,FS,76
654,Florida State,Blake Nichelson,MLB,76
654,Florida State,Lawayne Mccoy,WR,76
654,Florida State,Conrad Hussey,SS,76
654,Florida State,Justin Cryer,MLB,75
654,Florida State,Bryson Estes,RG,74
654,Florida State,Edwin Joseph,CB,73
654,Florida State,Charles Lester Iii,CB,73
654,Florida State,Earl Little Ii,FS,73
654,Florida State,Gavin Blackwell,WR,73
654,Florida State,Josh Raymond,LG,73
654,Florida State,Ashlynd Barker,SS,72
654,Florida State,Manasse Itete,LG,72
654,Florida State,Andre Otto,LG,72
654,Florida State,Caleb Lavallee,ROLB,71
654,Florida State,Sean Poret,RG,71
654,Florida State,Zae Thomas,CB,70
654,Florida State,Mario Nash Jr,RG,70
654,Florida State,Kj Sampson,DT,69
654,Florida State,Jayvan Boggs,WR,69
654,Florida State,Kevin Wynn,DT,68
654,Florida State,Mason Arnold,TE,68
654,Florida State,Ethan Pritchard,MLB,67
654,Florida State,Tanner Applewhite,QB,66
654,Florida State,Tae Shaun Gelsey,TE,66
654,Florida State,Tyeland Coleman,DT,66
654,Florida State,Kevin Sperry,QB,65
654,Florida State,Wade Mclaughlin,TE,65
654,Florida State,Jaelyne Matthews,LT,65
654,Florida State,Lucas Simmons,LT,64
654,Florida State,Cai Bates,CB,64
654,Florida State,Ja Bril Rawls,CB,64
654,Florida State,Reshard Miller,C,64
654,Florida State,Brandon Garner,K,63
654,Florida State,Bj Gibson,WR,63
654,Florida State,Camdon Frier,WR,62
654,Florida State,Jarvis Boatwright Jr,FS,61
654,Florida State,Chase Loftin,TE,60
654,Florida State,Jonathan Daniels,RT,60
654,Florida State,Jayden Todd,RT,60
654,Florida State,Mac Chiumento,P,59
654,Florida State,Jayden Parrish,LOLB,59
654,Florida State,Jake Weinberg,K,58
654,Florida State,Max Redmon,FS,58
654,Florida State,Ike Copeland,FB,58
654,Florida State,Tye Hylton,RG,56
654,Florida State,Ashton Bracewell,LOLB,54
654,Florida State,Zonovan Redd,LT,52
655,Fresno State,Al Zillion Hamilton,CB,88
655,Fresno State,E J Warner,QB,88
655,Fresno State,Jacob Spomer,C,86
655,Fresno State,Jadon Pearson,ROLB,84
655,Fresno State,Rolan Fullwood,RT,84
655,Fresno State,Ezra Christensen,DT,84
655,Fresno State,Jordan Brown,WR,84
655,Fresno State,Josiah Ayon,WR,83
655,Fresno State,Toreon Penright,LT,83
655,Fresno State,Campbell Mcharg,RG,82
655,Fresno State,Jakari Embry,CB,81
655,Fresno State,Michael Jordan Jr,DT,81
655,Fresno State,Jayden Davis,FS,80
655,Fresno State,Josiah Freeman,WR,80
655,Fresno State,Edward Fonua,LG,80
655,Fresno State,Simeon Harris,CB,80
655,Fresno State,Jayden Mandal,QB,79
655,Fresno State,Auckland Asiata,DT,79
655,Fresno State,Gino Quinones,LG,79
655,Fresno State,Deijon Laffitte,DT,77
655,Fresno State,Tim Thomas,MLB,76
655,Fresno State,Jordan Malau Ulu,WR,76
655,Fresno State,Camryn Bracha,SS,76
655,Fresno State,Sammie Hunter,CB,76
655,Fresno State,Jayon Farrar,WR,76
655,Fresno State,Ponafatu Kamuta,C,75
655,Fresno State,Martin Owusu,DT,74
655,Fresno State,Jahlil Mcclain,WR,74
655,Fresno State,Julian Polendo,LG,74
655,Fresno State,Demetrius Scantling,FB,74
655,Fresno State,Ethan Dasmann,LT,74
655,Fresno State,K Vion Thunderbird,MLB,73
655,Fresno State,Jake Tarwater,TE,73
655,Fresno State,Rl Miller,SS,73
655,Fresno State,Brayden Walton,LT,73
655,Fresno State,Richie Anderson,TE,72
655,Fresno State,Jomarion Briggs,CB,72
655,Fresno State,Jairus Satele,DT,72
655,Fresno State,Matai Bell,RG,72
655,Fresno State,Gavin Correia,TE,72
655,Fresno State,Wesley Brown,TE,72
655,Fresno State,Seth Scheidt,MLB,72
655,Fresno State,Braylan Henderson,RT,71
655,Fresno State,Rj Regan,SS,70
655,Fresno State,Kyson Van Vugt,TE,70
655,Fresno State,Ryan Wilson,SS,70
655,Fresno State,Andre Cobb,CB,70
655,Fresno State,Kamron Beachem,TE,69
655,Fresno State,Logan Studt,ROLB,69
655,Fresno State,Dylan Lynch,K,68
655,Fresno State,Justin Johnson,ROLB,68
655,Fresno State,Ethan Tierney,FS,68
655,Fresno State,Marcus Simien,RG,67
655,Fresno State,Marsel Akins,RT,67
655,Fresno State,Trevor Judino,LOLB,66
655,Fresno State,Damar Daniels,C,66
655,Fresno State,Troy Van Dyke,RG,65
655,Fresno State,Cj Lake,LOLB,64
655,Fresno State,Ah Marion Ashley,CB,64
655,Fresno State,Paul Webster,QB,63
655,Fresno State,Alex Barnard,LOLB,62
655,Fresno State,Clay Lawrence,P,61
655,Fresno State,Loyall Mouzon,CB,61
655,Fresno State,Gerayas Grimes,FS,59
655,Fresno State,Mason York,LT,58
655,Fresno State,Kiontre Harris,CB,58
655,Fresno State,Marquise Thorpe Taylor,RT,57
655,Fresno State,Cam Cole,CB,57
655,Fresno State,Tytus Khajavi,MLB,55
655,Fresno State,Connor Tripp,K,53
655,Fresno State,Nick Verdugo,P,51
655,Fresno State,Jaden Carrillo,CB,51
656,Georgia,Christen Miller,DT,92
656,Georgia,C J Allen,MLB,91
656,Georgia,Kj Bolden,FS,91
656,Georgia,Dillon Bell,WR,91
656,Georgia,Oscar Delp,TE,90
656,Georgia,Daylen Everette,CB,90
656,Georgia,Earnest Greene Iii,RT,89
656,Georgia,Zachariah Branch,WR,88
656,Georgia,Colbie Young,WR,88
656,Georgia,Monroe Freeling,LT,87
656,Georgia,Noah Thomas,WR,87
656,Georgia,London Humphreys,WR,86
656,Georgia,Drew Bobo,C,85
656,Georgia,Micah Morris,LG,84
656,Georgia,Chris Cole,ROLB,82
656,Georgia,Jacorey Thomas,SS,81
656,Georgia,Xzavier Mcleod,DT,81
656,Georgia,Lawson Luckie,TE,80
656,Georgia,Daniel Harris,CB,80
656,Georgia,Adrian Maddox,FS,80
656,Georgia,Raylen Wilson,ROLB,79
656,Georgia,Jaden Harris,SS,79
656,Georgia,Zion Branch,SS,78
656,Georgia,Gunner Stockton,QB,78
656,Georgia,Jamal Meriweather,LT,77
656,Georgia,Justin Williams,MLB,76
656,Georgia,Nnamdi Ogboko,DT,76
656,Georgia,Ryan Puglisi,QB,76
656,Georgia,Joenel Aguero,FS,75
656,Georgia,Ellis Robinson Iv,CB,75
656,Georgia,Josh Horton,DT,75
656,Georgia,Trevor Holton,SS,75
656,Georgia,Nasir Johnson,DT,75
656,Georgia,Malachi Toliver,C,75
656,Georgia,Terrell Foster,MLB,75
656,Georgia,Beau Gardner,TE,75
656,Georgia,Brett Thorson,P,74
656,Georgia,Daniel Calhoun,RG,74
656,Georgia,Zayden Walker,ROLB,74
656,Georgia,Marcus Harrison,RG,74
656,Georgia,Sacovie White,WR,74
656,Georgia,Waltclaire Flynn,C,74
656,Georgia,Jordan Hall,DT,73
656,Georgia,Demello Jones,CB,73
656,Georgia,Talyn Taylor,WR,73
656,Georgia,Darren Ikinnagbon,LOLB,72
656,Georgia,Michael Uini,LG,72
656,Georgia,Kyron Jones,FS,72
656,Georgia,Mason Short,RG,72
656,Georgia,Cole Speer,WR,71
656,Georgia,Peyton Woodring,K,70
656,Georgia,Jaxson Norman,RT,70
656,Georgia,Elyiss Williams,TE,70
656,Georgia,Jaden Reddell,TE,70
656,Georgia,Cj Wiley,WR,70
656,Georgia,Todd Robinson,FS,70
656,Georgia,Anthony Kruah,MLB,69
656,Georgia,Landon Roldan,WR,68
656,Georgia,Drew Miller,P,68
656,Georgia,Elijah Griffin,DT,67
656,Georgia,Liam Badger,K,67
656,Georgia,Liam Perry,FB,67
656,Georgia,Juan Gaston,LT,65
656,Georgia,Ondre Evans,CB,65
656,Georgia,Cortez Smith,RG,65
656,Georgia,Daquincy Dumas,ROLB,65
656,Georgia,Bo Hughley,RT,64
656,Georgia,Ethan Barbour,TE,63
656,Georgia,Jordan Thomas,DT,61
656,Georgia,Nyier Daniels,RT,60
656,Georgia,Hezekiah Millender,QB,58
656,Georgia,Brian Rayford,LT,46
657,Georgia Southern,Caleb Cook,RG,90
657,Georgia Southern,Latrell Bullard,DT,86
657,Georgia Southern,Chance Carroll,C,86
657,Georgia Southern,Josh Dallas,WR,85
657,Georgia Southern,Pichon Wimbley,LG,85
657,Georgia Southern,River Helms,TE,84
657,Georgia Southern,Dalen Cobb,WR,84
657,Georgia Southern,Camden Brown,WR,84
657,Georgia Southern,Vince Hall,LT,84
657,Georgia Southern,Chandler Strong,C,83
657,Georgia Southern,Justin Meyers,SS,83
657,Georgia Southern,Chance Gamble,CB,82
657,Georgia Southern,Jc French,QB,82
657,Georgia Southern,Marcus Sanders Jr,WR,82
657,Georgia Southern,Ayden Jackson,CB,81
657,Georgia Southern,Ahmon Green,TE,81
657,Georgia Southern,Kyle Frazier,LG,81
657,Georgia Southern,Johnnie Brown Iii,RT,81
657,Georgia Southern,Gabe Alexander,LT,81
657,Georgia Southern,Tracy Hill Jr,CB,80
657,Georgia Southern,Uche Iloh,DT,80
657,Georgia Southern,Robert Wright Jr,RT,79
657,Georgia Southern,Caelan Williams,LT,79
657,Georgia Southern,Davon Hicks,MLB,78
657,Georgia Southern,Sam Kenerson,WR,78
657,Georgia Southern,Keanon Nixon,MLB,78
657,Georgia Southern,Dylan Gary,WR,76
657,Georgia Southern,Brendan Harrington,ROLB,76
657,Georgia Southern,Jakwon Mcginney,DT,76
657,Georgia Southern,Prince Green Iii,FS,75
657,Georgia Southern,Carlo Thompson,SS,75
657,Georgia Southern,Dion Gillislee,FS,75
657,Georgia Southern,Brandon Tyson,MLB,74
657,Georgia Southern,Collin Clancy,LT,74
657,Georgia Southern,Ethan Pouncey,CB,73
657,Georgia Southern,Brian Green Jr,WR,73
657,Georgia Southern,Darrell Anthony,ROLB,73
657,Georgia Southern,Weston Bryan,QB,72
657,Georgia Southern,Antonio White Jr,FS,72
657,Georgia Southern,Jacob Hammonds,ROLB,72
657,Georgia Southern,Jamari Whitehead,MLB,72
657,Georgia Southern,Elija Walton,TE,71
657,Georgia Southern,Marcus Downs,DT,71
657,Georgia Southern,Jeremiah Ticket,DT,71
657,Georgia Southern,Jayden Davis,SS,70
657,Georgia Southern,Henry Gregory,TE,70
657,Georgia Southern,Brad Franklin,LG,69
657,Georgia Southern,Tytus Jackson,RG,69
657,Georgia Southern,Turner Helton,QB,69
657,Georgia Southern,Dwight Stewart,RG,68
657,Georgia Southern,Tyler Budge,QB,68
657,Georgia Southern,Aj Brown,CB,67
657,Georgia Southern,Marcus Peoples,FB,67
657,Georgia Southern,Caleb Butler,LOLB,67
657,Georgia Southern,Donnie Johnson,RG,67
657,Georgia Southern,Eli Anders,LOLB,67
657,Georgia Southern,Matt Farmer,LG,65
657,Georgia Southern,Cj Allen,ROLB,65
657,Georgia Southern,Alex Smith,P,64
657,Georgia Southern,Emmett Walker,MLB,64
657,Georgia Southern,Matthew Williams,RT,64
657,Georgia Southern,Elijah Fears,DT,64
657,Georgia Southern,Romeo Meeks,LG,62
657,Georgia Southern,Tre Anderson,FB,61
657,Georgia Southern,Ethan Williams,C,61
657,Georgia Southern,Gaines Wood,TE,60
657,Georgia Southern,Jeremiah Ware,WR,59
657,Georgia Southern,Carlos Miner,CB,58
657,Georgia Southern,Devin Collier,FS,58
657,Georgia Southern,Donal Dempsey,K,52
657,Georgia Southern,Elijah Ffrench,FS,52
657,Georgia Southern,Blake Weiss,K,48
658,Georgia State,Henry Bryant,DT,88
658,Georgia State,Ted Hurst,WR,87
658,Georgia State,Christian Veilleux,QB,85
658,Georgia State,Josiah Robinson,ROLB,83
658,Georgia State,Alec Johnson,C,83
658,Georgia State,Will Larkins,LT,82
658,Georgia State,Damaine Wilson,MLB,80
658,Georgia State,Leo Blackburn,WR,80
658,Georgia State,D Icey Hopkins,FS,79
658,Georgia State,Sir Mells,DT,79
658,Georgia State,Jordan Huff,SS,79
658,Georgia State,Fuches Lewis Ii,DT,77
658,Georgia State,Javon Robinson,WR,77
658,Georgia State,Jaylen Jones,FS,77
658,Georgia State,Tyhler Williams,C,77
658,Georgia State,Derrick Maxey Iii,SS,76
658,Georgia State,Rex Downing,RT,76
658,Georgia State,Dj Riles,WR,75
658,Georgia State,Antonio Wesley,ROLB,74
658,Georgia State,Jon Holt,ROLB,74
658,Georgia State,Jeff Burton,RG,73
658,Georgia State,Chams Diagne,CB,73
658,Georgia State,Alex Mullings,DT,73
658,Georgia State,Mason Cook,LG,72
658,Georgia State,Avion Mcbride,TE,72
658,Georgia State,Tyler Scott,CB,72
658,Georgia State,Dominic Johnson,LT,72
658,Georgia State,Michael Fitzmeyer,TE,71
658,Georgia State,Sage Reynolds,WR,71
658,Georgia State,Justin Battle,CB,70
658,Georgia State,Deandre Duffus,LG,70
658,Georgia State,Deuce Walker,CB,70
658,Georgia State,Neil Sledge,LG,70
658,Georgia State,Lane Wadle,TE,70
658,Georgia State,Cameran Brown,QB,69
658,Georgia State,D Andre Lavassaur,C,68
658,Georgia State,James Dodd,TE,67
658,Georgia State,Donovan Funsch,RG,67
658,Georgia State,Bernard Causey,CB,67
658,Georgia State,Ethan Charles,LG,67
658,Georgia State,Austin Mcgee,WR,65
658,Georgia State,Kyle Washington,WR,65
658,Georgia State,Kedrick Walker,LOLB,65
658,Georgia State,Robert Montgomery,RG,65
658,Georgia State,Tj Stanley,QB,64
658,Georgia State,Matthew Erickson,TE,62
658,Georgia State,Zachary Davis,MLB,62
658,Georgia State,Coby Owens,ROLB,62
658,Georgia State,Jaden Roper,DT,61
658,Georgia State,Fabian Keith,CB,60
658,Georgia State,Charlie Patterson,RG,59
658,Georgia State,Liam Rickman,K,59
658,Georgia State,Buddy Prewitt,FB,59
658,Georgia State,D Ontae Fulton,WR,59
658,Georgia State,Demarcus Rudiger,DT,59
658,Georgia State,Pj Hatter,QB,58
658,Georgia State,Micah Davis,RG,58
658,Georgia State,Jartavius Flounoy,DT,57
658,Georgia State,Aj Andrews,LT,56
658,Georgia State,Ronnie Crum,SS,56
658,Georgia State,Joseph Reliford,RT,56
658,Georgia State,Greyson Bailey,FS,55
658,Georgia State,Braeden Mcalister,K,54
658,Georgia State,Jacob Grant,RT,54
658,Georgia State,Brent Washington,MLB,53
658,Georgia State,D J Harold,DT,52
658,Georgia State,D J Oldacre,FS,51
658,Georgia State,Mason Harmon,MLB,46
659,Georgia Tech,Eric Rivers,WR,92
659,Georgia Tech,Haynes King,QB,89
659,Georgia Tech,Joe Fusile,LG,89
659,Georgia Tech,Keylan Rutledge,RG,88
659,Georgia Tech,Dean Patterson,WR,88
659,Georgia Tech,Malachi Carney,RT,88
659,Georgia Tech,Malik Rutherford,WR,87
659,Georgia Tech,Clayton Powell Lee,FS,87
659,Georgia Tech,Jordan Van Den Berg,DT,86
659,Georgia Tech,Kyle Efford,MLB,85
659,Georgia Tech,Akelo Stone,DT,85
659,Georgia Tech,Rodney Shelley,CB,84
659,Georgia Tech,Benjamin Galloway,RG,84
659,Georgia Tech,Ahmari Harvey,CB,83
659,Georgia Tech,Matthew Alexander,DT,83
659,Georgia Tech,Isiah Canion,WR,83
659,Georgia Tech,Ethan Mackenny,LT,83
659,Georgia Tech,E J Lightsey,ROLB,82
659,Georgia Tech,Melvin Jordan Iv,MLB,81
659,Georgia Tech,Omar Daniels,FS,81
659,Georgia Tech,Shymeik Jones,DT,81
659,Georgia Tech,Brett Seither,TE,80
659,Georgia Tech,Zachary Tobe,CB,79
659,Georgia Tech,Bryson Shoemaker,LT,79
659,Georgia Tech,Kareem Mccoy,DT,79
659,Georgia Tech,Jyron Gilmore,CB,78
659,Georgia Tech,Debron Gatling,WR,77
659,Georgia Tech,Luke Whiting,TE,76
659,Georgia Tech,Harrison Moore,LG,76
659,Georgia Tech,Jameson Riggs,RG,76
659,Georgia Tech,Daiquan White,CB,75
659,Georgia Tech,Jackson Hamilton,MLB,75
659,Georgia Tech,Savion Riley,FS,74
659,Georgia Tech,Tana Alo Tupuola,C,74
659,Georgia Tech,J T Byrne,TE,73
659,Georgia Tech,Peyton Joseph,RT,73
659,Georgia Tech,Christian Pritchett,SS,73
659,Georgia Tech,Aaron Philo,QB,73
659,Georgia Tech,Zion Taylor,WR,73
659,Georgia Tech,Landen Marshall,DT,72
659,Georgia Tech,Zack Jacobs,C,72
659,Georgia Tech,Ryan Purves,RG,71
659,Georgia Tech,Bailey Stockton,WR,70
659,Georgia Tech,Ronnie Phillips,TE,70
659,Georgia Tech,Ian Lawrence,P,68
659,Georgia Tech,Blake Belin,DT,68
659,Georgia Tech,Marshall Nichols,P,67
659,Georgia Tech,Jon Mitchell,CB,67
659,Georgia Tech,Nico Dowdell,CB,67
659,Georgia Tech,Kingsley Adams,LT,67
659,Georgia Tech,Graham Knowles,QB,67
659,Georgia Tech,Aidan Birr,K,66
659,Georgia Tech,Luke Harpring,TE,66
659,Georgia Tech,Kelvin Hill,CB,66
659,Georgia Tech,Cam Jones,LG,66
659,Georgia Tech,Ahman King,QB,65
659,Georgia Tech,Jordan Floyd,RT,64
659,Georgia Tech,Elgin Sessions,FS,64
659,Georgia Tech,Markus Edmonds,RT,64
659,Georgia Tech,Darryl Lane,FB,63
659,Georgia Tech,Andrew Rosinski,LT,62
659,Georgia Tech,Felipe Grimes,QB,58
659,Georgia Tech,Nakell Manning,SS,58
659,Georgia Tech,Troy Stevenson Iv,CB,57
659,Georgia Tech,Jason Temple,ROLB,57
659,Georgia Tech,Max Traxell,FS,56
659,Georgia Tech,Marcus Marshall,TE,55
659,Georgia Tech,Kerry Witherspoon,RT,54
659,Georgia Tech,Jonorian Foots,LOLB,54
659,Georgia Tech,Myles Forristall,LOLB,54
659,Georgia Tech,Tah J Butler,ROLB,44
660,Hawaii,Logan Taylor,MLB,87
660,Hawaii,Sergio Muasau,LG,87
660,Hawaii,Jalen Smith,ROLB,86
660,Hawaii,Peter Manuma,SS,85
660,Hawaii,Kuao Peihopa,RG,85
660,Hawaii,Nick Cenacle,WR,84
660,Hawaii,Virdel Edwards Ii,CB,84
660,Hawaii,De Jon Benton,DT,84
660,Hawaii,Pofele Ashlock,WR,83
660,Hawaii,Elijah Palmer,CB,83
660,Hawaii,Christian Perry,LT,82
660,Hawaii,Kilinahe Mendiola Jensen,FS,81
660,Hawaii,Jackson Harris,WR,80
660,Hawaii,Jamar Sekona,DT,80
660,Hawaii,Jamih Otis,ROLB,79
660,Hawaii,James Milovale,RT,79
660,Hawaii,Warren Lafaele,LOLB,78
660,Hawaii,Karsyn Pupunu,WR,77
660,Hawaii,Jaheim Wilson Jones,CB,75
660,Hawaii,Kona Moore,FS,75
660,Hawaii,Devyn King,CB,75
660,Hawaii,Semaj James,CB,75
660,Hawaii,Deliyon Freeman,CB,75
660,Hawaii,Qwyn Williams,DT,75
660,Hawaii,Micah Alejado,QB,74
660,Hawaii,Ethan Spencer,C,74
660,Hawaii,Dom Philbin,FS,74
660,Hawaii,Zaden Mariteragi,MLB,74
660,Hawaii,Julian Smith,SS,73
660,Hawaii,Anthony Sagapolutele,DT,73
660,Hawaii,Tim Malo,SS,72
660,Hawaii,Matagi Thompson,CB,72
660,Hawaii,Jason Bailey,LOLB,72
660,Hawaii,Judah Kaio,LG,72
660,Hawaii,Tasi Tadio,MLB,72
660,Hawaii,Devon Tauaefa,TE,71
660,Hawaii,Brandon White,WR,71
660,Hawaii,Luther Mccoy,DT,71
660,Hawaii,Dean Briski,LT,71
660,Hawaii,Junior Fiaui,ROLB,71
660,Hawaii,Aiden Mccomber,DT,71
660,Hawaii,Kt Carter,LT,71
660,Hawaii,Oakie Salave A,TE,70
660,Hawaii,Luke Weaver,QB,70
660,Hawaii,Larry Booth,TE,69
660,Hawaii,Jay Tauala Harris,RG,69
660,Hawaii,Riis Weber,SS,68
660,Hawaii,Tama Uiliata,WR,68
660,Hawaii,Corey Reisner,FB,68
660,Hawaii,Dermaricus Davis,QB,67
660,Hawaii,Lautaimi Manuma,RT,67
660,Hawaii,Tu I Muti,C,67
660,Hawaii,Lawrence Leiato,CB,66
660,Hawaii,Dillon Davenport,RG,65
660,Hawaii,Caleb Freeman,QB,64
660,Hawaii,Akeem Henson,LOLB,64
660,Hawaii,Lance Snell,WR,64
660,Hawaii,Boogie Henderson,C,64
660,Hawaii,Matthew Sherels,FS,63
660,Hawaii,Lucas Borrow,P,62
660,Hawaii,Kansei Matsuzawa,K,61
660,Hawaii,Alika Cavaco Amoy,ROLB,61
660,Hawaii,Wendell Crothers,CB,60
660,Hawaii,Kayson Gallimore,WR,58
660,Hawaii,Damon Brazill,WR,58
660,Hawaii,Randy Mccoy,CB,57
660,Hawaii,Dewuan Walton,TE,56
660,Hawaii,Jamichael Powell,DT,55
660,Hawaii,Erik Atkins,LT,55
660,Hawaii,Marco Togia Johnson,LG,54
660,Hawaii,Caleb Sempebwa,K,49
660,Hawaii,Nazaiah Caravallo,MLB,48
661,Houston,Tanner Koziol,TE,92
661,Houston,Wrook Brown,SS,88
661,Houston,Jason Brooks Jr,LG,87
661,Houston,Eddie Walls Iii,LOLB,87
661,Houston,Jesus Machado,MLB,86
661,Houston,Alvin Ebosele,LT,85
661,Houston,Devan Williams,WR,85
661,Houston,Amare Thomas,WR,84
661,Houston,Luke Mcgary,TE,84
661,Houston,Mckenzie Agnello,C,84
661,Houston,Matthew Wykoff,RG,84
661,Houston,Everitt Rogers,DT,84
661,Houston,Conner Weigman,QB,83
661,Houston,Marc Stampley Ii,CB,83
661,Houston,Stephon Johnson,WR,83
661,Houston,Corey Platt Jr,ROLB,83
661,Houston,Xavier Stillman,DT,83
661,Houston,Carmycah Glass,ROLB,82
661,Houston,Jayden York,TE,82
661,Houston,Latrell Mccutchin Sr,CB,82
661,Houston,Jalen Garner,MLB,82
661,Houston,Kentrell Webb,FS,82
661,Houston,Marquis Shoulders,WR,82
661,Houston,Sione Fotu,MLB,82
661,Houston,Harvey Broussard,WR,81
661,Houston,Joshua Donald,DT,81
661,Houston,Larry Crawford,RT,81
661,Houston,David Ndukwe,LT,80
661,Houston,Jonathan Hutchins,RT,80
661,Houston,J D Rhym,CB,79
661,Houston,Cayden Bowie,LG,79
661,Houston,Will James,CB,78
661,Houston,Zeon Chriss,QB,78
661,Houston,Dalton Merryman,RT,78
661,Houston,Demetrius Hunter,C,77
661,Houston,Brendon Bailey,SS,76
661,Houston,Phil Agnew,RT,75
661,Houston,Dayven Mullins,LT,75
661,Houston,Mekhi Mews,WR,73
661,Houston,Austin Mondale,LG,73
661,Houston,Zavian Tibbs,DT,73
661,Houston,Ronnell Mclain,RG,71
661,Houston,Christian Brathwaite,ROLB,70
661,Houston,Zaylen Cormier,WR,70
661,Houston,Spencer Sims,RG,70
661,Houston,Johnsley Barbas,SS,70
661,Houston,Cedric Melton,RT,70
661,Houston,Josh Springs Howard,RG,68
661,Houston,Shareef Williams,FB,68
661,Houston,Jordan Allen,SS,67
661,Houston,Koby Young,WR,67
661,Houston,Jacob Garza,TE,67
661,Houston,Jacory Thurman,TE,66
661,Houston,Ethan Sanchez,K,64
661,Houston,Hunter Mcguire,DT,64
661,Houston,Deion Gatewood,DT,64
661,Houston,Ashton Dickerson,LOLB,64
661,Houston,Alvin Williamson Jr,CB,64
661,Houston,Richmond Ugochukwu,MLB,62
661,Houston,Kaleb Thomas,TE,61
661,Houston,Traville Frederick Jr,TE,61
661,Houston,Liam Dougherty,P,60
661,Houston,Jamaal Shaw,CB,60
661,Houston,Carmello Brooks,DT,57
661,Houston,Alex Abbott,P,54
661,Houston,Derek Joiner,RG,54
661,Houston,Allen Clark,K,50
661,Houston,Jake Sock,QB,49
661,Houston,Austin Carlisle,QB,48
662,Illinois,Josh Kreutz,C,93
662,Illinois,Gabe Jacas,LOLB,92
662,Illinois,J C Davis,LT,90
662,Illinois,Xavier Scott,CB,90
662,Illinois,Luke Altmyer,QB,89
662,Illinois,Josh Gesky,LG,89
662,Illinois,Leon Lowery Jr,LOLB,89
662,Illinois,Matthew Bailey,SS,88
662,Illinois,Miles Scott,FS,87
662,Illinois,Dylan Rosiek,MLB,87
662,Illinois,Torrie Cox Jr,CB,86
662,Illinois,Hudson Clement,WR,85
662,Illinois,Melvin Priestly,RT,85
662,Illinois,Curt Neal,DT,85
662,Illinois,Gentle Hunt,DT,85
662,Illinois,Ayden Knapik,LT,84
662,Illinois,Justin Bowick,WR,83
662,Illinois,Kenenna Odeluga,ROLB,83
662,Illinois,Kaleb Patterson,CB,82
662,Illinois,Hank Beatty,WR,82
662,Illinois,Tyler Strain,CB,82
662,Illinois,Ashton Hollins,WR,82
662,Illinois,Alec Bryant,LOLB,82
662,Illinois,James Kreutz,ROLB,82
662,Illinois,Brandon Henderson,RG,81
662,Illinois,Collin Dixon,WR,81
662,Illinois,Tanner Arkin,TE,80
662,Illinois,Cole Rusk,TE,80
662,Illinois,Ethan Hampton,QB,79
662,Illinois,Malik Elzy,WR,79
662,Illinois,Christian Abney,TE,77
662,Illinois,Davin Stoffel,TE,76
662,Illinois,Mario Sanders Ii,WR,76
662,Illinois,Jaheim Clarke,CB,75
662,Illinois,Grant Beerman,MLB,75
662,Illinois,Ismael Kante,MLB,75
662,Illinois,Mac Resetich,FS,74
662,Illinois,Dezmond Schuster,RG,74
662,Illinois,Dante Merriweather,FB,73
662,Illinois,Brett Lanning,LT,73
662,Illinois,Brayden Trimble,WR,71
662,Illinois,Grayson Griffin,SS,71
662,Illinois,Michael Mcdonough,C,71
662,Illinois,Tanner Heckel,CB,70
662,Illinois,Isaiah White,DT,69
662,Illinois,Patrick Mahoney Iii,TE,69
662,Illinois,Eddie Tuerk,LG,69
662,Illinois,Lane Hansen,TE,69
662,Illinois,Daniel Brown,ROLB,68
662,Illinois,Alexander Capka Jones,WR,68
662,Illinois,Tj Mcmillen,C,68
662,Illinois,Zafir Stewart,RT,68
662,Illinois,David Olano,K,67
662,Illinois,Tywan Cox,FS,67
662,Illinois,Andre Lovett Jr,FS,67
662,Illinois,Kellen Francis,RG,67
662,Illinois,Desmond Straughton,SS,66
662,Illinois,Caris Mills,LT,66
662,Illinois,Eldon Washington,RT,66
662,Illinois,Luke Zardzin,MLB,66
662,Illinois,Keelan Crimmins,P,65
662,Illinois,Brandon Hansen,LG,65
662,Illinois,Robert Jones Iii,CB,64
662,Illinois,Tyree Booth,LOLB,64
662,Illinois,Carson Boyd,QB,62
662,Illinois,Xanai Scott,FS,62
662,Illinois,Angelo Mccullom,DT,61
662,Illinois,Trey Petty,QB,59
662,Illinois,Saboor Karriem,SS,59
662,Illinois,Vernon Woodward Iii,CB,59
662,Illinois,Malachi Hood,MLB,56
662,Illinois,Jershaun Newton,QB,52
662,Illinois,Chad Shaffer,K,50
663,Indiana,Elijah Sarratt,WR,93
663,Indiana,D Angelo Ponds,CB,92
663,Indiana,Aiden Fisher,ROLB,90
663,Indiana,Amare Ferrell,SS,90
663,Indiana,Carter Smith,LT,89
663,Indiana,Bray Lynch,LG,88
663,Indiana,Hosea Wheeler,DT,88
663,Indiana,Fernando Mendoza,QB,87
663,Indiana,Tyrique Tucker,DT,87
663,Indiana,Holden Staes,TE,87
663,Indiana,Kellan Wyatt,LOLB,87
663,Indiana,Pat Coogan,C,87
663,Indiana,Kahlil Benson,RG,87
663,Indiana,Devan Boykin,SS,86
663,Indiana,Drew Evans,LG,85
663,Indiana,E J Williams Jr,WR,84
663,Indiana,Omar Cooper Jr,WR,83
663,Indiana,James Bomba,TE,83
663,Indiana,Jonathan Brady,WR,82
663,Indiana,Makai Jackson,WR,82
663,Indiana,Riley Nowakowski,TE,82
663,Indiana,Louis Moore,FS,81
663,Indiana,Grant Wilson,QB,81
663,Indiana,Tyler Morris,WR,79
663,Indiana,Ryland Gandy,CB,79
663,Indiana,Donnie Barton,ROLB,79
663,Indiana,Randall Shelby,MLB,78
663,Indiana,Jamari Sharpe,CB,77
663,Indiana,Amariyun Knighten,CB,77
663,Indiana,Dominique Ratcliff,DT,76
663,Indiana,Zen Michalski,RT,76
663,Indiana,Kaiden Turner,ROLB,76
663,Indiana,Mario Landino,LOLB,76
663,Indiana,Bryson Bonds,SS,75
663,Indiana,Rolijah Hardy,MLB,75
663,Indiana,Eric Gillespie,FS,74
663,Indiana,Isaiah Jones,MLB,74
663,Indiana,Mitch Verstegen,C,74
663,Indiana,Morris Montgomery,QB,73
663,Indiana,Lebron Bond,WR,71
663,Indiana,Andrew Barker,TE,71
663,Indiana,Baylor Wilkin,RG,70
663,Indiana,Myles Kendrick,WR,70
663,Indiana,Mark Langston,TE,70
663,Indiana,Sammy Edgar,LG,69
663,Indiana,Jeff Utzinger,MLB,69
663,Indiana,Nicolas Radicic,K,68
663,Indiana,Lance Dent,FS,68
663,Indiana,Matt Marek,RT,68
663,Indiana,Seaonta Stewart Jr,SS,67
663,Indiana,Dontrae Henderson,CB,67
663,Indiana,Mitch Mccarthy,P,66
663,Indiana,Evan Lawrence,RT,66
663,Indiana,Kyler Garcia,DT,65
663,Indiana,Ronald Mcsprings,CB,65
663,Indiana,Kendall Montgomery,CB,64
663,Indiana,Alberto Mendoza,QB,62
663,Indiana,Keshawn Barker,FB,62
663,Indiana,Evan Parker,RG,59
663,Indiana,Jack Greer,C,59
663,Indiana,Caleb Pickett,WR,58
663,Indiana,Austin Leibfried,RG,57
663,Indiana,Tyrell Norwood,WR,57
663,Indiana,Kyle Martin,TE,56
663,Indiana,Corbin Crawford,K,56
663,Indiana,Adedamola Ajani,LG,54
663,Indiana,Jah Jah Boyd,CB,54
663,Indiana,J Mari Monette,DT,47
663,Indiana,Stephen Downs,MLB,44
686,Minnesota,Koi Perich,FS,91
686,Minnesota,Aidan Gousby,FS,87
686,Minnesota,Javon Tracy,WR,86
686,Minnesota,Kerry Brown,SS,85
686,Minnesota,Jameson Geers,TE,85
686,Minnesota,Ashton Beers,C,85
686,Minnesota,Deven Eastern,DT,84
686,Minnesota,Logan Loya,WR,84
686,Minnesota,Jalen Logan Redding,DT,84
686,Minnesota,Mo Omonode,DT,84
686,Minnesota,Maverick Baranowski,MLB,84
686,Minnesota,Marcellus Marshall,RG,84
686,Minnesota,Le Meke Brockington,WR,84
686,Minnesota,Greg Johnson,LG,83
686,Minnesota,Jeff Roberson,ROLB,83
686,Minnesota,Devon Williams,ROLB,82
686,Minnesota,Emmett Morehead,QB,82
686,Minnesota,Kahlee Tafai,LT,81
686,Minnesota,Dylan Ray,RT,80
686,Minnesota,Za Quan Bryan,CB,78
686,Minnesota,Darius Green,SS,78
686,Minnesota,Derik Lecaptain,ROLB,78
686,Minnesota,Tony Nelson,RG,76
686,Minnesota,Malachi Coleman,WR,75
686,Minnesota,Reese Tripp,LG,75
686,Minnesota,Quentin Redding,WR,75
686,Minnesota,Nathan Roy,LT,75
686,Minnesota,Joey Gerlach,MLB,75
686,Minnesota,Jaden Ball,RT,75
686,Minnesota,Jai Onte Mcmillan,CB,75
686,Minnesota,Kenric Lanier Ii,WR,75
686,Minnesota,Rhyland Kelly,CB,74
686,Minnesota,Matt Kingsbury,MLB,74
686,Minnesota,Lonzo Glenn,WR,74
686,Minnesota,Aluma Nkele,RT,73
686,Minnesota,Mike Gerald,CB,73
686,Minnesota,Donielle Hayes,WR,73
686,Minnesota,Jerod Batts,QB,73
686,Minnesota,Drew Wilson,LOLB,73
686,Minnesota,Griffin Bates,LT,72
686,Minnesota,Frank Bierman,TE,72
686,Minnesota,Drake Lindsey,QB,71
686,Minnesota,Jeimer Stuckey,SS,71
686,Minnesota,Alan Soukup,TE,71
686,Minnesota,Matthew Crowe Hills,RG,71
686,Minnesota,Jerome Williams,LG,70
686,Minnesota,John Nestor,CB,69
686,Minnesota,Garrison Monroe,FS,69
686,Minnesota,Drew Biber,TE,67
686,Minnesota,Craig Lewis Brick,P,67
686,Minnesota,Dylan Wittke,QB,67
686,Minnesota,Spencer Alvarez,LT,66
686,Minnesota,Pierce Walsh,TE,66
686,Minnesota,Allen Upton,CB,65
686,Minnesota,Caleb Mcgrath,P,65
686,Minnesota,Dante Gaither,CB,64
686,Minnesota,Zahir Rainer,FS,64
686,Minnesota,Brady Denaburg,K,63
686,Minnesota,Evan Romano,DT,63
686,Minnesota,Payton Jones,DT,62
686,Minnesota,Mason Carrier,ROLB,62
686,Minnesota,Julian Johnson,TE,62
686,Minnesota,Chaz Fleming,LOLB,61
686,Minnesota,Brody Richter,P,60
686,Minnesota,Tobias Needles,RT,60
686,Minnesota,Kyle Mount,K,60
686,Minnesota,Kevin Clark Marshall,LOLB,57
686,Minnesota,Clark Whitley,FB,56
686,Minnesota,Brett Carroll,C,55
686,Minnesota,Max Shikenjanski,QB,53
686,Minnesota,Kole Emerson,LT,48
687,Mississippi State,Blake Shapen,QB,92
687,Mississippi State,Isaac Smith,SS,88
687,Mississippi State,Trevor Mayberry,RG,88
687,Mississippi State,Jahron Manning,FS,85
687,Mississippi State,Deago Brumfield,CB,85
687,Mississippi State,Koby Keenum,C,85
687,Mississippi State,Seydou Traore,TE,84
687,Mississippi State,Jordan Mosley,WR,84
687,Mississippi State,Blake Steen,RT,84
687,Mississippi State,Albert Reese Iv,RT,84
687,Mississippi State,Max Reese,TE,83
687,Mississippi State,Nic Mitchell,MLB,83
687,Mississippi State,Kedrick Bingley Jones,DT,83
687,Mississippi State,Branden Jennings,LOLB,83
687,Mississippi State,Jacoby Jackson,LG,83
687,Mississippi State,Will Whitson,DT,82
687,Mississippi State,Dwight Lewis Iii,CB,82
687,Mississippi State,Derion Gullette,MLB,82
687,Mississippi State,Kalvin Dinkins,DT,81
687,Mississippi State,Kelley Jones,CB,81
687,Mississippi State,Brenen Thompson,WR,81
687,Mississippi State,Jayven Williams,CB,81
687,Mississippi State,Jayvin James,RT,81
687,Mississippi State,Colin Coates,DT,81
687,Mississippi State,Jalen Smith,ROLB,80
687,Mississippi State,Jaron Glover,WR,80
687,Mississippi State,Tony Mitchell,SS,80
687,Mississippi State,Brennan Smith,C,80
687,Mississippi State,Ayden Williams,WR,79
687,Mississippi State,Canon Boone,RG,79
687,Mississippi State,Sam West,TE,79
687,Mississippi State,Cam Thompson,WR,78
687,Mississippi State,Zakari Tillman,ROLB,78
687,Mississippi State,Jaray Bledsoe,DT,77
687,Mississippi State,Hunter Washington,SS,77
687,Mississippi State,Emeka Iloh,TE,77
687,Mississippi State,Brylan Lanier,CB,77
687,Mississippi State,Cameron Ball,TE,77
687,Mississippi State,Lakendrick James,LOLB,77
687,Mississippi State,Jamarcus Moye,DT,76
687,Mississippi State,Tanner Johnson,SS,76
687,Mississippi State,Luke Work,LT,76
687,Mississippi State,Saquon Miles,RT,75
687,Mississippi State,Wesley Davis,C,75
687,Mississippi State,Trevion Williams,DT,74
687,Mississippi State,Ja Bryis Stewart,SS,73
687,Mississippi State,Kai Mcclendon,DT,73
687,Mississippi State,Luke Kromenhoek,QB,72
687,Mississippi State,Tyshun Willis,ROLB,72
687,Mississippi State,Fatt Forrest,MLB,72
687,Mississippi State,Aj Rice,MLB,71
687,Mississippi State,Tj Lockhart,LG,70
687,Mississippi State,Kaden Hatcher,TE,70
687,Mississippi State,Spencer Dowland,LT,70
687,Mississippi State,Zack Owens,RG,69
687,Mississippi State,Quadir Winston,WR,69
687,Mississippi State,Douglas Berry,P,69
687,Mississippi State,Kyle Ferrie,K,68
687,Mississippi State,Anthony Evans Iii,WR,68
687,Mississippi State,Jamil Burroughs,DT,68
687,Mississippi State,Jaekwon Bouldin,LT,67
687,Mississippi State,Marlon Hauck,K,67
687,Mississippi State,Jimothy Lewis Jr,RT,67
687,Mississippi State,Tyler Woodard,FS,66
687,Mississippi State,Savion Linton,ROLB,66
687,Mississippi State,Vic Sutton,QB,65
687,Mississippi State,Devan Webster,LOLB,63
687,Mississippi State,Elijah Cannon,CB,62
687,Mississippi State,Cyrus Reyes,FS,61
687,Mississippi State,Rahim Garnett,FB,59
687,Mississippi State,Keiland Franks,LT,55
687,Mississippi State,Kamario Taylor,QB,54
688,Missouri,Cayden Green,LG,92
688,Missouri,Connor Tollison,C,92
688,Missouri,Jalen Catalon,FS,91
688,Missouri,Kevin Coleman Jr,WR,90
688,Missouri,Daylan Carnell,SS,88
688,Missouri,Chris Mcclellan,DT,87
688,Missouri,Triston Newson,ROLB,87
688,Missouri,Khalil Jacobs,MLB,87
688,Missouri,Josiah Trotter,MLB,86
688,Missouri,Stephen Hall,CB,86
688,Missouri,Curtis Peagler,RG,86
688,Missouri,Dominick Giudice,C,85
688,Missouri,Keagen Trost,RT,85
688,Missouri,Johnny Williams Iv,LT,84
688,Missouri,Toriano Pride Jr,CB,83
688,Missouri,Sterling Webb,DT,83
688,Missouri,Jalen Marshall,DT,82
688,Missouri,Caleb Flagg,SS,81
688,Missouri,Brett Norfleet,TE,80
688,Missouri,Vince Brown Ii,TE,80
688,Missouri,Dreyden Norwood,CB,79
688,Missouri,Jordon Harris,TE,79
688,Missouri,Mose Phillips Iii,SS,79
688,Missouri,Santana Banner,SS,79
688,Missouri,Tyrone Pleasant,RT,79
688,Missouri,Marquis Johnson,WR,78
688,Missouri,Logan Reichert,RG,78
688,Missouri,Beau Pribula,QB,77
688,Missouri,James Madison Ii,WR,77
688,Missouri,Sam Horn,QB,76
688,Missouri,Nicholas Rodriguez,ROLB,76
688,Missouri,Jaylen Early,LT,75
688,Missouri,Joshua Manning,WR,75
688,Missouri,Gavin Hoffman,TE,75
688,Missouri,Tom Bates,LG,75
688,Missouri,Brett Brown,QB,75
688,Missouri,Marquis Gracial,DT,74
688,Missouri,Bralen Henderson,DT,74
688,Missouri,Matt Clancy,WR,74
688,Missouri,Jude James,TE,73
688,Missouri,Shaun Terry Ii,WR,72
688,Missouri,Justin Bodford,DT,72
688,Missouri,Brett Le Blanc,TE,71
688,Missouri,Marvin Burks Jr,SS,70
688,Missouri,Daniel Blood,WR,70
688,Missouri,Matt Zollers,QB,70
688,Missouri,Steve Bernard,TE,70
688,Missouri,Junior Bird,LT,69
688,Missouri,Tommy Reese,LOLB,69
688,Missouri,Jeremiah Beasley,MLB,68
688,Missouri,Trajen Greco,FS,66
688,Missouri,Matt Crockett,RG,66
688,Missouri,Dante Mcclellan,LOLB,65
688,Missouri,Cj Bass Iii,FS,64
688,Missouri,Caleb Pyfrom,LT,64
688,Missouri,Kendall Tobias Mobley,FB,64
688,Missouri,Mark Manfred Iii,CB,63
688,Missouri,Shamar Mcneil,CB,63
688,Missouri,Brandon Solis,RT,63
688,Missouri,Sam Williams,DT,63
688,Missouri,Jackson Hancock,FS,63
688,Missouri,Blake Craig,K,62
688,Missouri,Klay Donnell,ROLB,61
688,Missouri,Nicholas Deloach Jr,CB,60
688,Missouri,Jayven Richardson,LT,59
688,Missouri,Joey Spears,LOLB,59
688,Missouri,Joey Reynolds,K,59
688,Missouri,Cameron Keys,CB,57
688,Missouri,Tristan Wilson,LG,56
688,Missouri,Ryan Jostes,RT,55
688,Missouri,Connor Weselman,P,53
688,Missouri,Eric Roberts,MLB,45
62,Missouri State,Gary Clinton,TE,82
62,Missouri State,Cristian Loaiza,LT,81
62,Missouri State,Heath Smith,DT,79
62,Missouri State,Jacob Clark,QB,78
62,Missouri State,Hutson Lillibridge,RG,78
62,Missouri State,James Blackstrain,WR,77
62,Missouri State,Jmariyae Robinson,WR,77
62,Missouri State,Cash Hudson,C,77
62,Missouri State,Mitchell Toney,DT,76
62,Missouri State,Jashawn Cooper,ROLB,76
62,Missouri State,Hieko Malone,ROLB,76
62,Missouri State,Noah Gardner,LT,76
62,Missouri State,Thomas Anderson,CB,75
62,Missouri State,Ronnel Johnson,WR,75
62,Missouri State,Jared Lloyd,MLB,75
62,Missouri State,Sean Reese,WR,75
62,Missouri State,Ryan Mitchell,C,75
62,Missouri State,Brandon Ventross,LG,75
62,Missouri State,Tray Hunter Bell,MLB,75
62,Missouri State,J J O Neal,FS,74
62,Missouri State,Khalil Anderson,SS,74
62,Missouri State,Navonn Barrett,CB,74
62,Missouri State,Drew Viotto,QB,74
62,Missouri State,Liam O Reilly,WR,74
62,Missouri State,Eunique Valentine,LOLB,74
62,Missouri State,Tanner Turner,FS,74
62,Missouri State,Ryan Boyd,WR,74
62,Missouri State,Todric Mcgee,SS,73
62,Missouri State,Camron Williams,CB,73
62,Missouri State,Dylan Simmons,CB,73
62,Missouri State,Justin Curtis,LG,73
62,Missouri State,Sterling Smithson,DT,73
62,Missouri State,Matthew Greene,RG,73
62,Missouri State,Jalen Brooks,LOLB,72
62,Missouri State,Brendon Mcqueen,WR,72
62,Missouri State,Zeus Lloyd,WR,72
62,Missouri State,Gregory Alexis,SS,71
62,Missouri State,Isaiah Mcmorris,WR,71
62,Missouri State,Dillon Hipp,TE,70
62,Missouri State,Davis Immerson,TE,70
62,Missouri State,Kanye Young,MLB,69
62,Missouri State,Keaton Renfro,FS,69
62,Missouri State,Floyd Williams,CB,69
62,Missouri State,Elijah Leonard,QB,69
62,Missouri State,Dash Luke,WR,68
62,Missouri State,Cole Feuerbacher,QB,68
62,Missouri State,Ebubedike Nnabugwu,LT,68
62,Missouri State,Jeron Askren,TE,67
62,Missouri State,Dylan Dixson,CB,67
62,Missouri State,Yousef Obeid,K,66
62,Missouri State,Ben Liedtke,RG,65
62,Missouri State,Josh Deal,K,65
62,Missouri State,Logan Scrivner,C,65
62,Missouri State,Antonio Smith,FS,64
62,Missouri State,Tyree Bush,CB,64
62,Missouri State,Milton Cross,RG,63
62,Missouri State,Devin Rutherford,CB,63
62,Missouri State,Barrett George,TE,63
62,Missouri State,Stewart Mcdonald,P,62
62,Missouri State,Jake Whiteside,TE,61
62,Missouri State,Juan Nixon Jr,WR,61
62,Missouri State,Quavez Demps,CB,60
62,Missouri State,Anthony Mahar,MLB,60
62,Missouri State,Bam Booker,LOLB,60
62,Missouri State,Darius Webber,RT,60
62,Missouri State,Gavin Kahler,TE,59
62,Missouri State,Tremon Harris Iii,DT,59
62,Missouri State,Pete Strand,FS,58
62,Missouri State,Brayden Thompson,RT,55
62,Missouri State,Montrell Holliday,LOLB,50
689,Navy,Ben Purvis,LG,92
689,Navy,Blake Horvath,QB,90
689,Navy,Alex Tecza,FB,88
689,Navy,Nathan Kent,WR,88
689,Navy,Landon Robinson,DT,87
689,Navy,Andrew Duhart,CB,85
689,Navy,Griffen Willis,DT,85
689,Navy,Braxton Woodson,QB,84
689,Navy,Jaxson Campbell,LOLB,83
689,Navy,Cody Howard,TE,82
689,Navy,Cam Nichols,RG,82
689,Navy,Luke Hutchison,WR,82
689,Navy,Jabrian Davis,C,82
689,Navy,Job Grant,MLB,82
689,Navy,Anfernee Westbrooks,LT,82
689,Navy,Irabonoise Oniha,CB,81
689,Navy,Hoke Smith Ii,C,81
689,Navy,Johnny Donaldson,ROLB,81
689,Navy,Conner Lessane,SS,80
689,Navy,Kendall Whiteside,DT,80
689,Navy,Greyson Crawford,LG,80
689,Navy,Shane Reynolds,FB,79
689,Navy,Luke Molden,RT,79
689,Navy,Peter Roll,SS,79
689,Navy,Kush I Abraham,SS,78
689,Navy,Giuseppe Sessi,SS,77
689,Navy,Adam Walker Ii,FS,77
689,Navy,Elijah Oatsvall,ROLB,77
689,Navy,Ian Pourciau,MLB,77
689,Navy,Kenzo Viteri,FB,76
689,Navy,Kenneth Mcshan,LOLB,76
689,Navy,Tyler Narayan,DT,76
689,Navy,Matthew Seliga,FS,75
689,Navy,Joshua Switzer,SS,75
689,Navy,Casey Smith,WR,75
689,Navy,Jake Lusk,DT,74
689,Navy,Liam Barbee,MLB,74
689,Navy,Thurman Fitzsimmons,FS,74
689,Navy,Vic Listorti,FB,73
689,Navy,Coleman Cauley,MLB,73
689,Navy,Kahlil Francois,FS,73
689,Navy,William Ingle,FB,72
689,Navy,Evan Jackson,RG,72
689,Navy,Jasean Mclean,LOLB,72
689,Navy,Josh Hofmann,C,71
689,Navy,Noah Bull,WR,71
689,Navy,Matt Reyes,DT,69
689,Navy,Drew Bonner,QB,67
689,Navy,Bryce Allen,CB,67
689,Navy,Bobby Valentine,LT,67
689,Navy,Eli Livingston,RT,66
689,Navy,Ron Watson,P,65
689,Navy,Ramon Drake,LG,65
689,Navy,Forrest Boyd,C,65
689,Navy,Rayne Fry,TE,65
689,Navy,Jashon Dewberry,QB,64
689,Navy,Tim Reed,RG,64
689,Navy,Nathan Kirkwood,K,63
689,Navy,Nick Morris,LT,63
689,Navy,Andrew Swinton,ROLB,63
689,Navy,Tim Northgate,DT,62
689,Navy,Chad Edmonds,CB,61
689,Navy,Jaxson Snider,RT,61
689,Navy,Lamichael Cosby,TE,59
689,Navy,Shaq Clayton,TE,59
689,Navy,David Stephens,MLB,59
689,Navy,Maurice Parker,CB,57
689,Navy,Taylor Ortega,ROLB,56
689,Navy,Tommy Conway,LG,56
689,Navy,Duke Meadows,LT,52
689,Navy,Lance Gossett,K,44
690,NC State,Justin Joly,TE,90
690,NC State,T J Blanton,WR,90
690,NC State,Anthony Carter Jr,LG,88
690,NC State,Brian Nelson Ii,CB,87
690,NC State,Sean Brown,ROLB,87
690,NC State,Kenny Soares Jr,ROLB,87
690,NC State,Tra Thomas,LOLB,87
690,NC State,Jacarrius Peak,LT,86
690,NC State,Teague Andersen,RT,85
690,NC State,Jalen Grant,C,85
690,NC State,Cian Slone,LOLB,85
690,NC State,Caden Fordham,MLB,84
690,NC State,Brandon Cleveland,DT,84
690,NC State,Devon Marshall,CB,83
690,NC State,Wesley Grimes,WR,83
690,NC State,Jevony Jackson,LG,83
690,NC State,Jj Johnson,SS,82
690,NC State,Joseph Adedire,LOLB,82
690,NC State,Chazz Wallace,DT,82
690,NC State,Ja Maun Robinson,C,82
690,NC State,Ja Had Carter,SS,81
690,NC State,Noah Rogers,WR,80
690,NC State,Jamie Porter,RG,80
690,NC State,Rico Jackson,LT,79
690,NC State,Floyd Morgan,RT,79
690,NC State,Jackson Vick,CB,78
690,NC State,Rente Hinton,FS,78
690,NC State,Reid Mitchell,TE,78
690,NC State,Jamel Johnson,CB,77
690,NC State,Cj Bailey,QB,77
690,NC State,Dante Daniels,TE,76
690,NC State,Zane Williams,MLB,75
690,NC State,Matt Mccabe,LG,75
690,NC State,Justin Terrell,DT,74
690,NC State,Clay Foltz,C,74
690,NC State,Kelvon Mcbride,ROLB,74
690,NC State,Daemon Fagan,FS,74
690,NC State,Lex Thomas,QB,73
690,NC State,Tyren Travers,MLB,73
690,NC State,Keenan Jackson,WR,73
690,NC State,Sean Weaver,C,73
690,NC State,Gerald Kershaw,LOLB,72
690,NC State,Jivan Baly,CB,72
690,NC State,Sterling Dixon,LOLB,72
690,NC State,Aiden Arias,TE,72
690,NC State,Michael Gibbs,LG,71
690,NC State,Zack Myers,SS,70
690,NC State,Jake Stolt,QB,70
690,NC State,Caden Noonkester,P,69
690,NC State,Deanthony Green,TE,68
690,NC State,Jonathan Paylor,WR,68
690,NC State,Keyvonne King,DT,67
690,NC State,Bucky Hendrickson,FB,67
690,NC State,Jaren Sensabaugh,CB,66
690,NC State,Garrett Mcvay,DT,66
690,NC State,Trent Mitchell,LT,66
690,NC State,Elijah Groves,ROLB,65
690,NC State,Connor Doyle,RT,65
690,NC State,Tank Boston,WR,65
690,NC State,Bailey Benson,MLB,65
690,NC State,Ronnie Royal Iii,FS,64
690,NC State,Kanoah Vinesett,K,63
690,NC State,Asaad Brown Jr,CB,63
690,NC State,Terrell Anderson,WR,62
690,NC State,Cooper Stinnett,WR,62
690,NC State,Marvin Martin,FS,61
690,NC State,Darion Rivers,RT,60
690,NC State,Val Erickson,RG,59
690,NC State,Brody Barnhardt,SS,59
690,NC State,Kamen Smith,RG,56
690,NC State,Will Wilson,QB,49
690,NC State,Joshua Ofor,MLB,45
690,NC State,Owen Fehr,P,40
691,Nebraska,Javin Wright,MLB,93
691,Nebraska,Dane Key,WR,88
691,Nebraska,Ceyair Wright,CB,88
691,Nebraska,Rocco Spindler,RG,88
691,Nebraska,Elijah Jeudy,DT,88
691,Nebraska,Dylan Raiola,QB,87
691,Nebraska,Marques Watson Trent,ROLB,87
691,Nebraska,Deshon Singleton,SS,87
691,Nebraska,Elijah Pritchett,RT,85
691,Nebraska,Henry Lutovsky,LG,85
691,Nebraska,Marques Buford Jr,FS,84
691,Nebraska,Sam Sledge,C,84
691,Nebraska,Dasan Mccullough,LOLB,83
691,Nebraska,Nyziah Hunter,WR,82
691,Nebraska,Jacory Barney Jr,WR,82
691,Nebraska,Justin Evans,C,82
691,Nebraska,Teddy Prochazka,LT,82
691,Nebraska,Heinrich Haarberg,TE,81
691,Nebraska,Blye Hill,CB,81
691,Nebraska,Gunnar Gottula,LT,80
691,Nebraska,Malcolm Hartzog Jr,CB,80
691,Nebraska,Mac Markway,TE,80
691,Nebraska,Vincent Shavers Jr,ROLB,79
691,Nebraska,Janiran Bonner,WR,79
691,Nebraska,Turner Corcoran,LT,79
691,Nebraska,Mario Buford,FS,78
691,Nebraska,Dylan Rogers,MLB,77
691,Nebraska,Grant Brix,RT,77
691,Nebraska,Ryan Byrne,QB,77
691,Nebraska,Tyler Knaak,RG,76
691,Nebraska,Ben Knowles,WR,76
691,Nebraska,Luke Lindenmeyer,TE,75
691,Nebraska,Jamir Conn,CB,75
691,Nebraska,Demitrius Bell,WR,75
691,Nebraska,Dawson Merritt,ROLB,74
691,Nebraska,Brock Knutson,LG,74
691,Nebraska,Riley Van Poppel,DT,73
691,Nebraska,Justyn Rhett,FS,73
691,Nebraska,Marcos Davila,QB,73
691,Nebraska,Dylan Parrott,DT,73
691,Nebraska,Christian Jones,MLB,73
691,Nebraska,Nolan Fennessy,C,73
691,Nebraska,Barret Liebentritt,FB,73
691,Nebraska,Kevin Gallic,TE,73
691,Nebraska,Carter Nelson,TE,72
691,Nebraska,Amare Sanders,CB,72
691,Nebraska,Jalyn Gramstad,QB,72
691,Nebraska,Jason Maciejczak,LG,72
691,Nebraska,Willis Mcgahee Iv,LOLB,72
691,Nebraska,Bryan Hales,RT,72
691,Nebraska,Morgan Bullitt,SS,72
691,Nebraska,Sua Lefotu,DT,72
691,Nebraska,Aidan Flege,TE,72
691,Nebraska,Derek Branch,FS,71
691,Nebraska,Tanner Terch,WR,68
691,Nebraska,Kyle Cunanan,K,67
691,Nebraska,Junior Hewitt,MLB,66
691,Nebraska,Jackson Carpenter,FS,65
691,Nebraska,Maverick Noonan,LOLB,65
691,Nebraska,Kamdyn Koch,P,64
691,Nebraska,Amari Hutchins,CB,64
691,Nebraska,Roger Gradney,SS,63
691,Nebraska,Hugh Bates,CB,63
691,Nebraska,Tristan Alvano,K,62
691,Nebraska,Gibson Pyle,RG,62
691,Nebraska,Phillip Morrow,RT,59
691,Nebraska,Preston Taumua,C,57
691,Nebraska,John Hohl,K,56
691,Nebraska,Caleb Benning,SS,55
691,Nebraska,Morris Gregory,RG,54
691,Nebraska,Desean Levy,RT,54
691,Nebraska,Jermaine Bethel,LOLB,50
692,Nevada,Thomas Witte,DT,86
692,Nevada,Aj Odums,CB,85
692,Nevada,Jace Henry,TE,84
692,Nevada,Nahji Logan,ROLB,82
692,Nevada,Josh Grabowski,RG,82
692,Nevada,Nick Rempert,WR,81
692,Nevada,Andrew Madrigal,C,80
692,Nevada,Jordan Brown,WR,80
692,Nevada,Dylan Lopez,C,80
692,Nevada,John Bolles,RT,80
692,Nevada,Myles Williams,LOLB,79
692,Nevada,Austin Harnetiaux,ROLB,79
692,Nevada,Marshaun Brown,WR,79
692,Nevada,Dj Warnell Jr,SS,78
692,Nevada,Terrelle Lowell,CB,78
692,Nevada,Marcus Bellon,WR,77
692,Nevada,Stone Combs,MLB,77
692,Nevada,Nathaneal Floyd,WR,77
692,Nevada,Devin Gunter,FS,77
692,Nevada,Edward Rhambo,CB,76
692,Nevada,Aj Bianco,QB,76
692,Nevada,Trenton Scott,LT,76
692,Nevada,Nelson Ropati,DT,76
692,Nevada,Marquis Ashley,WR,76
692,Nevada,Zach Little,LG,76
692,Nevada,Kasen Kinchen,FS,75
692,Nevada,Nate Burleson Ii,WR,75
692,Nevada,Adonis Woods,FB,75
692,Nevada,Jayden O Rourke,TE,75
692,Nevada,Chubba Purdy,QB,74
692,Nevada,Dakota Thomas,WR,74
692,Nevada,Bishop Turner,SS,74
692,Nevada,Denario Hartwell,ROLB,74
692,Nevada,Tyler Miller,RG,74
692,Nevada,Kola Babalola,WR,74
692,Nevada,Luke Greenfield,SS,73
692,Nevada,Charles Brown,WR,73
692,Nevada,Rj Esmon,LT,72
692,Nevada,Colin Banning,RG,72
692,Nevada,Logologo Va A,DT,72
692,Nevada,Zavien Abercrombie,CB,70
692,Nevada,Jalen Choice,RT,70
692,Nevada,Zyron Mckenzie,MLB,70
692,Nevada,Shonn Durham,LG,70
692,Nevada,B J Stewart,SS,70
692,Nevada,Lamarcus Holmes,LG,70
692,Nevada,Peter Fleck,TE,69
692,Nevada,Eric Garrison,K,68
692,Nevada,Seth Perkins,TE,67
692,Nevada,Julius Barnes Mcgee,CB,66
692,Nevada,Jakobus Seth,LT,66
692,Nevada,Hezekiah Anahu Ambrosio,ROLB,66
692,Nevada,Jackson Barton,CB,66
692,Nevada,Henry Sellards,RT,65
692,Nevada,Keenan Hillman,FS,65
692,Nevada,B J Kelley,LT,65
692,Nevada,Glenn Williams,LT,64
692,Nevada,Justin Wyatt Jr,FS,64
692,Nevada,Sammy Ware,RT,63
692,Nevada,Brandon Vance,QB,61
692,Nevada,Sean Patterson,TE,61
692,Nevada,Anthony Wolter,QB,60
692,Nevada,Larry Knox,C,56
692,Nevada,Isaiah Hodges,LG,56
692,Nevada,David Paine Jr,DT,56
692,Nevada,Adam Lambert,QB,55
692,Nevada,Brad Brooks,P,55
692,Nevada,Cesar Hopkins,MLB,55
692,Nevada,Najee Foster,DT,53
692,Nevada,Barry Cameron,MLB,53
692,Nevada,Tyler Manship,P,52
693,New Mexico,Tyler Kiehne,DT,87
693,New Mexico,Randolph Kpai,ROLB,87
693,New Mexico,Gabriel Lopez,DT,86
693,New Mexico,Keagan Johnson,WR,84
693,New Mexico,Mihalis Santorineos,MLB,83
693,New Mexico,Richard Pearce,RG,82
693,New Mexico,Jaxton Eck,ROLB,81
693,New Mexico,Dereck Moore,FS,80
693,New Mexico,Austin Brawley,FS,78
693,New Mexico,Isaiah Sillemon,C,78
693,New Mexico,Ky Won Mccray,SS,77
693,New Mexico,Tevin Shaw,LT,77
693,New Mexico,Dimitri Johnson,MLB,76
693,New Mexico,Clint Stephens,SS,76
693,New Mexico,Tavian Combs,SS,76
693,New Mexico,Rj Adams,RT,76
693,New Mexico,David Murphy,FS,76
693,New Mexico,Abraham Williams,CB,76
693,New Mexico,Gordon Staton,LOLB,76
693,New Mexico,Drew Speech,CB,76
693,New Mexico,Israel Mukwiza,LG,75
693,New Mexico,Elvin Harris,LT,75
693,New Mexico,Shawn Miller,WR,75
693,New Mexico,Tyler Lawrence,RT,75
693,New Mexico,Jack Layne,QB,74
693,New Mexico,Michael Buckley,WR,74
693,New Mexico,Isaiah Blair,WR,74
693,New Mexico,Isaiah Roberts,FB,74
693,New Mexico,Derek Hills,QB,73
693,New Mexico,Nevell Brown,LG,73
693,New Mexico,Aiden Valdez,TE,73
693,New Mexico,Kader Diop,WR,73
693,New Mexico,Hugh Dishman,MLB,73
693,New Mexico,Brian Booker,DT,72
693,New Mexico,Isaiah Chavez,QB,72
693,New Mexico,Kaden Robnett,RG,72
693,New Mexico,Jayden Sheridan,CB,72
693,New Mexico,Azariah Levells,CB,72
693,New Mexico,Hunter Haemker,MLB,72
693,New Mexico,Jimmy Drayton,DT,72
693,New Mexico,Cole Welliver,QB,71
693,New Mexico,Albert Nunes,CB,71
693,New Mexico,Caleb Coleman,SS,71
693,New Mexico,Gabriel Motschenbacher,QB,70
693,New Mexico,Travis Gray,LT,70
693,New Mexico,Josh Perry,ROLB,70
693,New Mexico,Malik Aliane,C,70
693,New Mexico,C J Johnson,SS,69
693,New Mexico,Kendrick Lennon,LOLB,69
693,New Mexico,Dorian Thomas,TE,68
693,New Mexico,Sa Kylee Woodard,RG,68
693,New Mexico,Blake Ryan,C,68
693,New Mexico,Jawuan Richmond,LOLB,67
693,New Mexico,Clayton Edwards,CB,67
693,New Mexico,Zhaiel Smith,WR,67
693,New Mexico,Tim Gregg,RG,67
693,New Mexico,Trey Dubuc,TE,66
693,New Mexico,Frankie Edwards Iii,CB,65
693,New Mexico,Cj Mcbean,FS,65
693,New Mexico,Chris Gant Jr,SS,65
693,New Mexico,Darren Mccullers,WR,65
693,New Mexico,Luke Drzewiecki,K,63
693,New Mexico,Shaun Redmon,DT,61
693,New Mexico,Mikey Beck,WR,60
693,New Mexico,Larry Carter,MLB,60
693,New Mexico,James Hammond,TE,59
693,New Mexico,Craig Peralta,RT,59
693,New Mexico,Charles Steinkamp,P,58
693,New Mexico,Antavious Houston,DT,54
693,New Mexico,James Bailey,LG,54
693,New Mexico,Martin Thurman,LG,52
694,New Mexico State,Tyler Martinez,ROLB,85
694,New Mexico State,Bj Tolo,RG,85
694,New Mexico State,Nick Session,SS,84
694,New Mexico State,Dakerric Hobbs,CB,82
694,New Mexico State,Pj Johnson Iii,WR,82
694,New Mexico State,Ma Kyi Lee,LT,82
694,New Mexico State,Joshua Goines,TE,82
694,New Mexico State,Cole Schnettgoecke,DT,81
694,New Mexico State,Sone Aupiu,MLB,80
694,New Mexico State,Adam Parks,TE,80
694,New Mexico State,Josiah Charles,CB,79
694,New Mexico State,Tj Pride,WR,78
694,New Mexico State,Gavin Harris,TE,78
694,New Mexico State,Lanar Kelley Jr,CB,78
694,New Mexico State,Jabril White,FS,77
694,New Mexico State,Armahn Hale,FS,76
694,New Mexico State,Dillon Foley,RT,76
694,New Mexico State,Ta Avili Tuitama,DT,76
694,New Mexico State,Enzo Pierre Tayou,DT,76
694,New Mexico State,Kyle Mccray,FS,76
694,New Mexico State,Dj Hill Smith,FS,75
694,New Mexico State,Tyler King,WR,75
694,New Mexico State,Jerry Lydiatt,TE,74
694,New Mexico State,Aj Williams,WR,74
694,New Mexico State,Trevor Stephens,TE,74
694,New Mexico State,Donovan Faupel,WR,74
694,New Mexico State,Henry Davis Iii,DT,74
694,New Mexico State,Kai Wheeler,C,74
694,New Mexico State,Elijah Harvey,RT,74
694,New Mexico State,Parker Awad,QB,73
694,New Mexico State,Bernock Iya,FS,73
694,New Mexico State,Bryant Jackson,MLB,73
694,New Mexico State,Daquan Hodge,CB,72
694,New Mexico State,Jr Hecklinski,LG,72
694,New Mexico State,Jimmie Hill,ROLB,72
694,New Mexico State,Eric Barton,P,71
694,New Mexico State,Lukas Ungar,TE,71
694,New Mexico State,Florian Staehler,LG,71
694,New Mexico State,Naeten Mitchell,CB,69
694,New Mexico State,Will Kendricks,CB,68
694,New Mexico State,Enrique Hammond,SS,68
694,New Mexico State,James Long,WR,68
694,New Mexico State,Tim Black,RG,68
694,New Mexico State,Nicholas Mcgraw,QB,67
694,New Mexico State,Bryan Sherman,SS,67
694,New Mexico State,Jon Harris,RT,67
694,New Mexico State,Jayden Bell,WR,67
694,New Mexico State,Izeyah Wright,WR,67
694,New Mexico State,Armando Nieves,RT,66
694,New Mexico State,Grant Cutler,QB,65
694,New Mexico State,Sam Garcia,C,65
694,New Mexico State,Shawn Telfer,FS,65
694,New Mexico State,Jalen Brown,MLB,65
694,New Mexico State,Keandre Woodberry,WR,64
694,New Mexico State,Antoine Bozeman,WR,63
694,New Mexico State,Eric Poole,ROLB,63
694,New Mexico State,Jayvon Waller,FB,62
694,New Mexico State,Terron Johns,TE,61
694,New Mexico State,Taylor Spillman,LT,61
694,New Mexico State,Hayden Harlan,RG,61
694,New Mexico State,Matt Banks,WR,61
694,New Mexico State,Shane Covington,C,61
694,New Mexico State,Marcus Pressley,LOLB,60
694,New Mexico State,Markese Moon,CB,60
694,New Mexico State,Felix Whitfield,MLB,60
694,New Mexico State,Antwuan Worley,WR,60
694,New Mexico State,Madison Schaub,RG,59
694,New Mexico State,Tevin Russell,MLB,59
694,New Mexico State,Devin Jones,DT,58
694,New Mexico State,Sioeli Helu,LG,57
694,New Mexico State,Braxton May,TE,56
694,New Mexico State,Danny Berry,CB,55
694,New Mexico State,Tyler Berger,LG,55
694,New Mexico State,David Barker,P,46
717,South Alabama,Amaury Wiggins,RG,87
717,South Alabama,Sam Williams,LG,87
717,South Alabama,Dalton Hughes,MLB,86
717,South Alabama,Ed Smith Iv,DT,85
717,South Alabama,Blayne Myrick,ROLB,83
717,South Alabama,Eddie Mullins,LOLB,83
717,South Alabama,Malachi Preciado,C,82
717,South Alabama,Jordan Davis,LT,81
717,South Alabama,Devin Voisin,WR,81
717,South Alabama,Wesley Miller,FS,81
717,South Alabama,Zach Pyron,QB,80
717,South Alabama,Kenton Jerido,RG,80
717,South Alabama,Darius Mckenzie,MLB,79
717,South Alabama,Jacoby Reese,LOLB,79
717,South Alabama,Keyshawn Woodyard,WR,79
717,South Alabama,Daniel Foster Allen,LT,78
717,South Alabama,Anthony Eager,WR,77
717,South Alabama,Christopher Wallace Jr,CB,77
717,South Alabama,P J Pryor,C,77
717,South Alabama,Trent Singleton,SS,76
717,South Alabama,Asher Hale,LG,76
717,South Alabama,Micah Woods,WR,76
717,South Alabama,Mike Harris,FS,75
717,South Alabama,Reid Gavin,RT,75
717,South Alabama,Damyrion Darby,CB,75
717,South Alabama,Jayvon Henderson,CB,75
717,South Alabama,Brian Dillard,CB,75
717,South Alabama,Julius Kidd,RG,75
717,South Alabama,Ty Goodwill,FS,74
717,South Alabama,Bishop Davenport,QB,73
717,South Alabama,Rj Moss Jr,DT,73
717,South Alabama,Ethan Hubbard,RT,73
717,South Alabama,Chrystyile Caldwell,MLB,72
717,South Alabama,Jaylen Booker,RT,72
717,South Alabama,Cube Gurley,CB,72
717,South Alabama,Anthony Brown,SS,71
717,South Alabama,Clay Anthony,C,71
717,South Alabama,Kaleb Jackson,FS,70
717,South Alabama,Deuce Vance,CB,70
717,South Alabama,Jared Jacobson,LG,70
717,South Alabama,Parker Shattuck,ROLB,70
717,South Alabama,Jeremy Scott,WR,70
717,South Alabama,Wendell Hines,LOLB,69
717,South Alabama,Adrian Griffin,C,69
717,South Alabama,Rod Gibbs,TE,69
717,South Alabama,Dallas Young,CB,69
717,South Alabama,Dennis Overstreet,ROLB,69
717,South Alabama,Cole Blaylock,SS,69
717,South Alabama,Tywon Wray Jr,SS,68
717,South Alabama,Nate Kitchens,TE,68
717,South Alabama,Nehemiah Chandler,CB,67
717,South Alabama,Jared Hollins,QB,67
717,South Alabama,Leavy Johnson,LT,67
717,South Alabama,Brayden Ramey,RG,66
717,South Alabama,Alani Tiller,TE,66
717,South Alabama,Trent Thomas,TE,65
717,South Alabama,William Felton Iv,MLB,65
717,South Alabama,Jerrian Graham,WR,65
717,South Alabama,Tyree Short,WR,62
717,South Alabama,Achilles Woods,DT,62
717,South Alabama,Anthony Zaccaro,TE,61
717,South Alabama,Aleksi Pulkkinen,P,60
717,South Alabama,Ty Carroll,P,57
717,South Alabama,Stephen Bushrod,LG,56
717,South Alabama,Nate Barnett,RT,56
717,South Alabama,Isaiah Peterson,FB,55
717,South Alabama,Dominic Wiseman,DT,55
717,South Alabama,Benji Fowler,LT,54
717,South Alabama,Nathan Jennings,DT,53
717,South Alabama,Logan Joellenbeck,LT,52
717,South Alabama,Davis Little,K,50
717,South Alabama,Hamilton Diboyan,K,44
718,South Carolina,Lanorris Sellers,QB,91
718,South Carolina,Jalon Kilgore,SS,89
718,South Carolina,Dq Smith,FS,89
718,South Carolina,Jared Brown,WR,87
718,South Carolina,Cason Henry,RT,87
718,South Carolina,Gabriel Brownlow Dindy,DT,86
718,South Carolina,Judge Collier,CB,86
718,South Carolina,Trovon Baugh,RG,85
718,South Carolina,Jordan Dingle,TE,85
718,South Carolina,Brady Hunt,TE,83
718,South Carolina,Boaz Stanley,C,83
718,South Carolina,Josiah Thompson,LT,82
718,South Carolina,Davonte Miles,DT,82
718,South Carolina,Cole Shiloh,WR,82
718,South Carolina,Nyck Harbor,WR,79
718,South Carolina,Vandrevius Jacobs,WR,79
718,South Carolina,Jatavius Shivers,RT,79
718,South Carolina,Rodney Newsom Jr,C,79
718,South Carolina,Tree Babalade,LG,78
718,South Carolina,Drew Overton,QB,78
718,South Carolina,Maurice Brown Ii,TE,78
718,South Carolina,Chase Sweigart,RG,78
718,South Carolina,Brandon Cisse,CB,77
718,South Carolina,Mazeo Bennett Jr,WR,77
718,South Carolina,Gerald Kilgore,FS,77
718,South Carolina,Shawn Murphy,ROLB,77
718,South Carolina,Nick Sharpe,RG,77
718,South Carolina,Tanard Smith,LT,77
718,South Carolina,Ryan Brubaker,C,76
718,South Carolina,Jayr Johnson,MLB,75
718,South Carolina,Myles Norwood,CB,75
718,South Carolina,David Bucey,FS,75
718,South Carolina,Michael Smith,TE,73
718,South Carolina,Peyton Williams,SS,73
718,South Carolina,Justin Okoronkwo,ROLB,73
718,South Carolina,Buddy Mack Iii,FS,72
718,South Carolina,Luke Doty,WR,72
718,South Carolina,Vicari Swain,CB,71
718,South Carolina,Air Noland,QB,71
718,South Carolina,Robert Putnam,K,71
718,South Carolina,Lucas Stein,TE,71
718,South Carolina,Monkell Goodwine,DT,70
718,South Carolina,Derrick Duckworth,SS,70
718,South Carolina,Damian Woods,DT,70
718,South Carolina,Markee Anderson,LG,69
718,South Carolina,Malik Clark,WR,69
718,South Carolina,Jerami Queen,WR,69
718,South Carolina,Jaron Willis,MLB,68
718,South Carolina,Keenan Gaither,RT,67
718,South Carolina,Troy Pikes,DT,67
718,South Carolina,Kelvin Hunter,FS,66
718,South Carolina,Jalewis Solomon,CB,66
718,South Carolina,Jeff Kline,ROLB,64
718,South Carolina,Vi Harrison,CB,64
718,South Carolina,Reuben Womack,DT,62
718,South Carolina,Blake Franks,LG,62
718,South Carolina,Andrew Colasurdo,LOLB,62
718,South Carolina,Alan Wilbur,WR,61
718,South Carolina,Mason Love,P,60
718,South Carolina,Peyton Argent,K,60
718,South Carolina,Aaron Harris Gates,TE,59
718,South Carolina,Eric O Neill,FB,58
718,South Carolina,Cole Rasmussen,TE,58
718,South Carolina,Solomon Coles,FS,54
718,South Carolina,Brad English,LT,54
718,South Carolina,Jordon Robinson,ROLB,53
718,South Carolina,Tyler Vance,MLB,48
718,South Carolina,Nick Barrett,DT,47
720,South Florida,Josh Moten,CB,89
720,South Florida,Carl Chester,WR,86
720,South Florida,Brodarius Lewis,DT,86
720,South Florida,Micah Davis,WR,85
720,South Florida,Aloali I Maui,LG,84
720,South Florida,Grant Page,WR,84
720,South Florida,Braylon Braxton,QB,82
720,South Florida,Broderick Roman,C,82
720,South Florida,Dominick Hill,SS,82
720,South Florida,Elijah Metcalf,WR,81
720,South Florida,Davis Dalton,WR,81
720,South Florida,Kyirin Heath,TE,80
720,South Florida,Chuck Montgomery,WR,80
720,South Florida,Deontae Barber,LOLB,80
720,South Florida,Isaiah Gibson Sr,DT,79
720,South Florida,Dorian Kaplan,ROLB,79
720,South Florida,Tychaun Chapman,WR,78
720,South Florida,Bryan Traylor,RT,78
720,South Florida,Ahmere Foster,FS,77
720,South Florida,Bralon Brown,WR,77
720,South Florida,Quinzavious Warren,DT,77
720,South Florida,Brendan Toles,CB,77
720,South Florida,Reed Jesiolowski,FB,77
720,South Florida,Rashad Polk,ROLB,77
720,South Florida,Joseph Harper,MLB,77
720,South Florida,Hayes Creel,LT,76
720,South Florida,Jez Janvier,RG,76
720,South Florida,Chris Jones,MLB,76
720,South Florida,Greg Nunnery,RT,75
720,South Florida,Chris Hayes,DT,75
720,South Florida,Zion Edwards,MLB,75
720,South Florida,John Burks,SS,74
720,South Florida,Jonathan Mcgowan,LOLB,74
720,South Florida,Landry Lyddy,QB,74
720,South Florida,Landon Cutler,TE,74
720,South Florida,Gregory Craig,LOLB,74
720,South Florida,Tyquan Caver,FS,73
720,South Florida,Cameron Knox,FS,73
720,South Florida,Lashawn Clay,FS,73
720,South Florida,Markus Samuel,DT,72
720,South Florida,Ishmael Ibraheem,CB,72
720,South Florida,Ian Foster,CB,72
720,South Florida,Damarious Blake,LT,72
720,South Florida,Bernard Yates,FS,72
720,South Florida,Carlos Slayden,RG,72
720,South Florida,Jacobe Robinson,QB,71
720,South Florida,Kadinn Morris,TE,71
720,South Florida,Jeffrey Barden,C,71
720,South Florida,Marcus Clinton,SS,71
720,South Florida,Luke Beard,TE,71
720,South Florida,Sammy Favors,RG,71
720,South Florida,Jerry Clemons,ROLB,70
720,South Florida,Luke Rogers,LG,70
720,South Florida,John White,QB,68
720,South Florida,Josh Bledsoe,CB,67
720,South Florida,Cameron Mackey,DT,67
720,South Florida,Kj Thomas Paige,CB,66
720,South Florida,Guylijah Theodule,CB,66
720,South Florida,Corey Myrick,SS,66
720,South Florida,Brandon Dalton,DT,65
720,South Florida,Isaiah Hammond,TE,65
720,South Florida,Larry Edwards,RG,63
720,South Florida,Rj Whitehead,RT,61
720,South Florida,Jon Dodson,TE,61
720,South Florida,Jaylin Carter,WR,60
720,South Florida,Kaden Morgan,K,58
720,South Florida,Malakai Murphy,CB,57
720,South Florida,Charles Tucker,P,56
720,South Florida,Denzel Gardner,QB,54
720,South Florida,Shane King,TE,51
720,South Florida,Wyatt Hart,K,45
720,South Florida,Michael Esquivel,MLB,44
719,Southern Miss,Jack Wilty,LG,89
719,Southern Miss,Thomas Shrader,LT,88
719,Southern Miss,Connor Mclaughlin,LT,87
719,Southern Miss,Mike Lofton,C,86
719,Southern Miss,Zane Herring,RG,86
719,Southern Miss,Izaiah Guy,CB,86
719,Southern Miss,Jhalyn Shuler,ROLB,85
719,Southern Miss,Rocco Nicholl,LOLB,85
719,Southern Miss,De Shawn Rucker,CB,84
719,Southern Miss,Chavez Brown,MLB,84
719,Southern Miss,Mudia Reuben,WR,84
719,Southern Miss,Byrum Brown,QB,83
719,Southern Miss,Mac Harris,MLB,83
719,Southern Miss,Weston Wolff,TE,83
719,Southern Miss,Derek Bowman,RT,83
719,Southern Miss,Dre Butler,DT,82
719,Southern Miss,Tavin Ward,FS,82
719,Southern Miss,Cole Best,C,81
719,Southern Miss,Jaelen Stokes,FS,81
719,Southern Miss,Locklan Hewlett,QB,81
719,Southern Miss,Deonte Bowie,LG,81
719,Southern Miss,Jarvis Lee,CB,80
719,Southern Miss,Jaden Alexis,WR,80
719,Southern Miss,James Jenkins,RG,80
719,Southern Miss,Devin Lee,DT,79
719,Southern Miss,Evan Dangler,FB,79
719,Southern Miss,Bryce Archie,QB,79
719,Southern Miss,Cade Roberts,WR,79
719,Southern Miss,Chas Nimrod,WR,78
719,Southern Miss,Ben Knox,CB,78
719,Southern Miss,Kajuan Banks,CB,78
719,Southern Miss,Adam Forbes,RG,77
719,Southern Miss,Boogsie Silvera,SS,76
719,Southern Miss,Jacob Merrifield,DT,76
719,Southern Miss,Wyatt Sullivan,TE,75
719,Southern Miss,Fred Gaskin,SS,75
719,Southern Miss,Cole Skinner,RG,75
719,Southern Miss,Jonas Duclona,CB,75
719,Southern Miss,Amer Amer,ROLB,75
719,Southern Miss,Christian Helms,WR,75
719,Southern Miss,James Chenault,CB,74
719,Southern Miss,Keshaun Singleton,WR,73
719,Southern Miss,Dinellson Exume,DT,73
719,Southern Miss,Zavier Hamilton,ROLB,73
719,Southern Miss,Joshua Porter,WR,73
719,Southern Miss,Khalil Walker,RT,73
719,Southern Miss,Garrett Cates,TE,73
719,Southern Miss,Tj Lawrence,LG,73
719,Southern Miss,Tyler Williams,WR,72
719,Southern Miss,Rodney Hill,MLB,72
719,Southern Miss,Braden Carter,RT,72
719,Southern Miss,Derrick Mccormick,LOLB,72
719,Southern Miss,Turner Mclaughlin,TE,72
719,Southern Miss,Cedrick Hawkins,FS,70
719,Southern Miss,Jeyquan Smith,WR,70
719,Southern Miss,Jahari Grant,DT,70
719,Southern Miss,Tyreek Major,LT,70
719,Southern Miss,Devon Byrd,ROLB,70
719,Southern Miss,Greg Otten,MLB,70
719,Southern Miss,Teriyan Morman,C,69
719,Southern Miss,Jermaine Dalias,FS,68
719,Southern Miss,Jeremiah Jones,SS,65
719,Southern Miss,Seantrel Anderson,ROLB,64
719,Southern Miss,Eli Jones,DT,61
719,Southern Miss,Nico Gramatica,K,60
719,Southern Miss,Gavin Jenkins,CB,60
719,Southern Miss,Emmett Parks,LG,60
719,Southern Miss,Marcelis Tate,QB,58
719,Southern Miss,Luke Goater,P,57
719,Southern Miss,Adam Zouagui,K,57
719,Southern Miss,Chase Leon,P,56
721,Stanford,Ricky Galvin,WR,90
721,Stanford,Collin Wright,CB,88
721,Stanford,Ben Gulbranson,QB,85
721,Stanford,Sam Roush,TE,84
721,Stanford,Jack Leyrer,LG,84
721,Stanford,Braden Marceau Olayinka,DT,82
721,Stanford,Wilfredo Aybar,ROLB,82
721,Stanford,Niki Prongos,RT,82
721,Stanford,Scotty Edwards,SS,81
721,Stanford,Jahsiah Galvan,ROLB,81
721,Stanford,Simione Pale,RG,81
721,Stanford,Bo Tate,ROLB,81
721,Stanford,Tevarua Tafiti,LOLB,80
721,Stanford,Mitch Leigber,FS,80
721,Stanford,Kahlil House,LT,80
721,Stanford,Myles Jackson,QB,80
721,Stanford,Aiden Black,TE,80
721,Stanford,Brandon Nicholson,CB,79
721,Stanford,Brendan Doyle,TE,79
721,Stanford,Zach Buckey,DT,79
721,Stanford,Fisher Anderson,LT,79
721,Stanford,Lorenzo Owens,RG,79
721,Stanford,Dylan Rizk,QB,78
721,Stanford,Ese Dubre,MLB,77
721,Stanford,Caden High,WR,77
721,Stanford,Jay Green,SS,76
721,Stanford,Benji Blackburn,TE,76
721,Stanford,Ernest Cooper,ROLB,76
721,Stanford,James Kutcher,FB,76
721,Stanford,Jaylen Dai Sumlin,FS,75
721,Stanford,Ziron Brown,LG,75
721,Stanford,Allen Thomason,C,75
721,Stanford,Elijah Brown,QB,74
721,Stanford,Zach Johnson,MLB,74
721,Stanford,Jordan Onovughe,WR,74
721,Stanford,Charlie Symonds,RT,74
721,Stanford,James Cotton,C,72
721,Stanford,Cam Richardson,CB,72
721,Stanford,Marcus Brown,WR,72
721,Stanford,Dylan Stephenson,LOLB,72
721,Stanford,Derrik Redd,WR,71
721,Stanford,Benedict Umeh,DT,71
721,Stanford,Hunter Barth,MLB,71
721,Stanford,Hayden Gunter,LT,71
721,Stanford,Peyton Warford,TE,70
721,Stanford,Che Ojarikre,SS,70
721,Stanford,Troy Aldridge,DT,69
721,Stanford,Emmet Kenney,K,68
721,Stanford,Matt Rose,MLB,68
721,Stanford,Jacobi Murray,DT,68
721,Stanford,Aaron Morris,CB,68
721,Stanford,Aidan Flintoft,P,67
721,Stanford,Jahleel Parker,LOLB,67
721,Stanford,Tre Williams,LOLB,67
721,Stanford,Charlie Hoitink,RG,67
721,Stanford,Alejandro Chavez,TE,67
721,Stanford,Gavin Geweniger,ROLB,66
721,Stanford,Sam Mattingly,MLB,66
721,Stanford,Elijah Ali,RT,65
721,Stanford,Kareem Hall,WR,63
721,Stanford,Howie Bates,SS,60
721,Stanford,Lonnie Mcallister,CB,60
721,Stanford,Sam Neely,CB,59
721,Stanford,Maxwell Richardson,MLB,59
721,Stanford,Jose Moses,FB,59
721,Stanford,Gregory Teague,CB,58
721,Stanford,Omari Gaines,FS,58
721,Stanford,Darrius Davis,SS,56
721,Stanford,Quinton Barden,LG,53
721,Stanford,Dakota Clark,K,52
721,Stanford,Darin Johnson,RG,52
721,Stanford,Aj Seidler,K,51
721,Stanford,Joe Kendricks,LOLB,46
722,Syracuse,Justus Ross Simmons,WR,87
722,Syracuse,Mark Petry,C,86
722,Syracuse,Kevin Jobity Jr,DT,86
722,Syracuse,Devin Grant,FS,85
722,Syracuse,Steve Angeli,QB,85
722,Syracuse,Derek Mcdonald,MLB,85
722,Syracuse,Duce Chestnut,SS,84
722,Syracuse,Umari Hatcher,WR,84
722,Syracuse,Chris Thomas Jr,DT,84
722,Syracuse,Dan Villari,TE,83
722,Syracuse,Da Metrius Weatherspoon,RT,83
722,Syracuse,Elijah Fuentes Cundiff,DT,83
722,Syracuse,Johntay Cook Ii,WR,82
722,Syracuse,Tj Ferguson,LG,82
722,Syracuse,Darrell Gill Jr,WR,81
722,Syracuse,Dion Wilson Jr,DT,81
722,Syracuse,Rashard Perry,DT,81
722,Syracuse,Marcus Washington Jr,CB,79
722,Syracuse,George Rooks,DT,79
722,Syracuse,Davien Kerr,CB,78
722,Syracuse,Joe Cruz,RG,78
722,Syracuse,Trevion Mack,LT,78
722,Syracuse,Anwar Sparrow,ROLB,77
722,Syracuse,Austin Collins,LG,75
722,Syracuse,Joshua Miller,LG,75
722,Syracuse,Naquil Betrand,LT,75
722,Syracuse,Nate Prater,CB,75
722,Syracuse,Zach Rice,C,74
722,Syracuse,Demetres Samuel Jr,CB,74
722,Syracuse,Fran Brown Jr,MLB,74
722,Syracuse,David Clement,TE,74
722,Syracuse,Emanuel Ross,WR,74
722,Syracuse,Rickie Collins,QB,73
722,Syracuse,Greg Delaine,CB,73
722,Syracuse,Berry Buxton Iii,CB,73
722,Syracuse,Mycah Peterson,LOLB,72
722,Syracuse,James Heard,MLB,72
722,Syracuse,Jahide Lesaine Jr,ROLB,72
722,Syracuse,Tommy Jarrett,LOLB,72
722,Syracuse,Patrick Alberga,C,72
722,Syracuse,Chris Peal,CB,71
722,Syracuse,Davion Kerr,CB,71
722,Syracuse,Jack Stonehouse,P,70
722,Syracuse,Braheem Long Jr,CB,70
722,Syracuse,Kam Pringle,LT,70
722,Syracuse,Micah Witherspoon,FB,70
722,Syracuse,Tommy Porter,SS,70
722,Syracuse,Jamichael Thompkins,RG,70
722,Syracuse,Zay Craig,FS,69
722,Syracuse,Tyshawn Russell,WR,69
722,Syracuse,Fatim Diggs,MLB,69
722,Syracuse,Travis Brown Miller,RT,69
722,Syracuse,Jackson Kennedy,K,67
722,Syracuse,Jalil Martin,CB,67
722,Syracuse,Darien Williams,WR,66
722,Syracuse,Cassius Wilcox,LOLB,66
722,Syracuse,Julian Mcfadden,WR,65
722,Syracuse,Kaylib Singleton,CB,65
722,Syracuse,Jakhari Williams,QB,65
722,Syracuse,Ethan Stangle,TE,65
722,Syracuse,Cornell Perry,SS,64
722,Syracuse,Darius Johnson,WR,64
722,Syracuse,Jayden Mann,RG,64
722,Syracuse,Jamie Tremble,TE,62
722,Syracuse,Kahlil Stewart,LG,62
722,Syracuse,Rich Belin,QB,60
722,Syracuse,Daunte Bacheyie,TE,60
722,Syracuse,Nick Bryan,ROLB,60
722,Syracuse,Zyian Moultrie Goddard,MLB,58
722,Syracuse,Luke Carney,QB,56
722,Syracuse,Eric Thomas,DT,56
722,Syracuse,Skylar Harvey,RT,56
722,Syracuse,Jadyn Oh,K,47
723,TCU,Bud Clark,FS,92
723,TCU,Josh Hoover,QB,87
723,TCU,Eric Mcalister,WR,87
723,TCU,Coltin Deery,C,87
723,TCU,Kaleb Elarms Orr,MLB,86
723,TCU,Carson Bruno,RG,86
723,TCU,Elijah Jackson,CB,85
723,TCU,Cade Bennett,LG,85
723,TCU,Namdi Obiazor,ROLB,84
723,TCU,Joseph Manjack Iv,WR,84
723,TCU,Chase Curtis,TE,84
723,TCU,Channing Canada,CB,83
723,TCU,Jordan Dwyer,WR,82
723,TCU,Avery Helm,CB,82
723,TCU,Dj Rogers,TE,82
723,TCU,Ansel Din Mbuh,DT,81
723,TCU,Jamel Johnson,SS,81
723,TCU,Ken Seals,QB,80
723,TCU,Jevon Mciver Jr,CB,80
723,TCU,Austin Jordan,CB,79
723,TCU,Remington Strickland,RG,79
723,TCU,Connor Lingren,DT,79
723,TCU,Max Carroll,MLB,78
723,TCU,Ryan Hughes,LT,78
723,TCU,Gekyle Baker,WR,77
723,TCU,Ben Taylor Whitfield,RT,77
723,TCU,Kelten Mickell,DT,76
723,TCU,Ka Morreun Pimpton,TE,75
723,TCU,Rasheed Jackson,LT,75
723,TCU,Major Everhart,WR,75
723,TCU,Michael Teason,LOLB,75
723,TCU,Cooper Powers,LG,75
723,TCU,Markis Deal,DT,74
723,TCU,Kylin Jackson,FS,73
723,TCU,Ryan Yaites,SS,73
723,TCU,Tristan Johnson,DT,73
723,TCU,Quinton Harris,RT,73
723,TCU,Hudson Hooper,MLB,73
723,TCU,Samir Camacho,C,73
723,TCU,Dylan Kinney,LG,72
723,TCU,Jordyn Bailey,WR,72
723,TCU,Kaden Mcfadden,SS,72
723,TCU,Gannon Gaubert,C,72
723,TCU,Logan Schram,LT,71
723,TCU,Creece Brister,RG,71
723,TCU,Dozie Ezukanma,WR,70
723,TCU,Micah Strickland,FS,69
723,TCU,Braylon James,WR,69
723,TCU,Ed Small,WR,68
723,TCU,Wesley Harvey,RT,68
723,TCU,Will Halkyard,TE,68
723,TCU,Matthew Blaire,FB,67
723,TCU,Ethan Craw,P,66
723,TCU,Jordan Lester,FS,65
723,TCU,Adam Schobel,QB,64
723,TCU,Lafayette Kaiuway,TE,63
723,TCU,Perry Cole Jr,DT,63
723,TCU,Dillon Arkansas,LOLB,63
723,TCU,Tariq Scantling,LOLB,63
723,TCU,Ventrelle Hilton,ROLB,62
723,TCU,Devondre Mcgee,CB,61
723,TCU,Taj Mccrae,ROLB,60
723,TCU,Kyle Lemmermann,K,58
723,TCU,Tobias Steppes,LT,57
723,TCU,Brock Atwood,ROLB,56
723,TCU,Sergio Day,SS,56
723,TCU,Steven Williams Owens,LOLB,56
723,TCU,Niko Lashley,LOLB,55
723,TCU,Randy Warlick,ROLB,50
723,TCU,Nate Mccashland,K,44
724,Temple,Demerick Morris,DT,86
724,Temple,Grayson Mains,C,85
724,Temple,John Adams,WR,84
724,Temple,Allan Haye,DT,83
724,Temple,Louis Frye,FS,82
724,Temple,Javier Morton,SS,81
724,Temple,Jalen Stewart,MLB,81
724,Temple,Evan Simon,QB,81
724,Temple,K J Miles,DT,81
724,Temple,Luke Watson,LT,80
724,Temple,Antonio Jones,WR,79
724,Temple,Kevin Terry,RT,79
724,Temple,Johnny Kirkland,C,79
724,Temple,Ian Stewart,WR,78
724,Temple,Sekou Kromah,DT,78
724,Temple,Reggie Jones,DT,78
724,Temple,Eric Stuart,ROLB,77
724,Temple,Xavier Irvin,WR,77
724,Temple,Katin Surprenant,MLB,77
724,Temple,Calvin Cates,DT,77
724,Temple,Gevani Mccoy,QB,76
724,Temple,Aaron Beckwith,DT,76
724,Temple,Jordan Montgomery,LOLB,76
724,Temple,Linus Lindberg,RT,76
724,Temple,Conlan Greene,TE,76
724,Temple,Ben Osueke,CB,75
724,Temple,Jaylen Castleberry,CB,75
724,Temple,Jackson Pruitt,RG,75
724,Temple,Chris Smith,C,75
724,Temple,Avery Powell,FS,74
724,Temple,Ty Davis,LOLB,74
724,Temple,Tyree Alualu,MLB,74
724,Temple,London Hall,ROLB,73
724,Temple,Omar Ibrahim,CB,73
724,Temple,Preston Everhart,WR,73
724,Temple,Peter Clarke,TE,72
724,Temple,Anthony Chiccitt,QB,72
724,Temple,Diego Barajas,RT,72
724,Temple,Damien Ordonez,ROLB,72
724,Temple,Eric King,LG,72
724,Temple,Kevin Smithwick,RG,71
724,Temple,Bryant Wallace,FB,71
724,Temple,Zyil Powell,SS,70
724,Temple,Ihsim Smith Marsette,SS,70
724,Temple,Ryder Kusch,TE,70
724,Temple,Mausa Palu,LG,70
724,Temple,Klay Adams,QB,69
724,Temple,Jayvant Brown,ROLB,69
724,Temple,Willy Love,LOLB,69
724,Temple,Adrian Laing,CB,69
724,Temple,Brandon Taylor,FS,69
724,Temple,Rameir Hardy,WR,68
724,Temple,Daniel Evert,TE,68
724,Temple,Russell Sykes Iv,DT,68
724,Temple,Dante Atton,P,66
724,Temple,Cole Dunn,QB,66
724,Temple,Tyler Douglas,QB,66
724,Temple,Tyler Stewart,WR,66
724,Temple,Jett White,CB,65
724,Temple,Clint Clements,LG,65
724,Temple,Devin Goode,FS,64
724,Temple,Lamarr Johnson Fuller,WR,64
724,Temple,Zavien Bryant,CB,62
724,Temple,Wesley Brown,MLB,62
724,Temple,Earl Kulp,CB,61
724,Temple,Giakoby Hills,RT,61
724,Temple,P J Todd,RG,60
724,Temple,Carl Hardin,K,57
724,Temple,Jamarcus Pierre,CB,56
724,Temple,Lucas Glassburn,K,53
725,Tennessee,Jermod Mccoy,CB,94
725,Tennessee,Miles Kitselman,TE,90
725,Tennessee,Axton Gaines,WR,90
725,Tennessee,Wendell Moe Jr,RG,89
725,Tennessee,Bryson Eason,DT,88
725,Tennessee,Rickey Gibson Iii,CB,87
725,Tennessee,Jeremiah Telander,MLB,87
725,Tennessee,Arion Carter,ROLB,86
725,Tennessee,Joey Aguilar,QB,86
725,Tennessee,Jaxson Moi,DT,86
725,Tennessee,Chris Brazzell Ii,WR,85
725,Tennessee,Lance Heard,LT,84
725,Tennessee,Boo Carter,CB,82
725,Tennessee,Jalen Mcmurray,CB,82
725,Tennessee,Colton Hood,CB,81
725,Tennessee,Shamurad Umarov,LG,81
725,Tennessee,Andre Turrentine,SS,81
725,Tennessee,Sam Pendleton,LG,79
725,Tennessee,Max Anderson,C,77
725,Tennessee,Jourdan Thomas,FS,76
725,Tennessee,David Sanders Jr,RT,75
725,Tennessee,Braylon Staley,WR,75
725,Tennessee,Jake Merklinger,QB,75
725,Tennessee,Nathan Robinson,DT,75
725,Tennessee,Edrees Farooq,FS,75
725,Tennessee,Trevor Duncan,LT,75
725,Tennessee,Mike Matthews,WR,74
725,Tennessee,Jesse Perry,RT,74
725,Tennessee,Jackson Mathews,SS,74
725,Tennessee,Amari Jefferson,WR,73
725,Tennessee,Jeremias Heard,LT,73
725,Tennessee,Bennett Saturday,WR,73
725,Tennessee,Ethan Davis,TE,72
725,Tennessee,Gage Ginther,RG,72
725,Tennessee,George Macintyre,QB,72
725,Tennessee,Marcus Goree Jr,CB,71
725,Tennessee,Zakai Kelly,LOLB,70
725,Tennessee,Dane Mallette,MLB,70
725,Tennessee,Dustin Rodgers,C,70
725,Tennessee,Cole Harrison,TE,70
725,Tennessee,Daevin Hobbs,DT,69
725,Tennessee,Andre Stewart,FS,69
725,Tennessee,Jackson Ross,P,68
725,Tennessee,Bobbie Walker Norman,ROLB,68
725,Tennessee,Bennett Brady,TE,68
725,Tennessee,Jeremy Newton,WR,67
725,Tennessee,Trace Crabsworth,ROLB,66
725,Tennessee,William Satterwhite,C,66
725,Tennessee,Bennett Warren,RT,66
725,Tennessee,Noah Herrick,DT,66
725,Tennessee,Brad Strickland,TE,66
725,Tennessee,Ben Bolton,LOLB,66
725,Tennessee,Max Gilbert,K,65
725,Tennessee,Deshaun Garcia,WR,65
725,Tennessee,Kaleb Beasley,CB,64
725,Tennessee,Carson Wise,MLB,64
725,Tennessee,Julio Tammy,DT,63
725,Tennessee,Khalil Zimmerman,CB,62
725,Tennessee,Justyn Brock,MLB,62
725,Tennessee,Stephen Clinton,TE,62
725,Tennessee,Masai Reddick,RG,58
725,Tennessee,Edwin Spillman,MLB,56
725,Tennessee,Charles Bagley,SS,56
725,Tennessee,Harrison Jackson,RG,56
725,Tennessee,Tyren Ramsey,FB,56
725,Tennessee,Lavar Johnson,CB,55
725,Tennessee,Brian Grant,LG,54
725,Tennessee,Josh Turbyville,K,48
726,Texas,Michael Taaffe,FS,98
726,Texas,Anthony Hill Jr,MLB,95
726,Texas,Trey Moore,ROLB,95
726,Texas,Jack Endries,TE,94
726,Texas,Malik Muhammad,CB,92
726,Texas,Cole Hutson,C,92
726,Texas,Dj Campbell,RG,90
726,Texas,Arch Manning,QB,90
726,Texas,Liona Lefau,ROLB,87
726,Texas,Cole Brevard,DT,87
726,Texas,Deandre Moore Jr,WR,86
726,Texas,Jaylon Guilbeau,CB,86
726,Texas,Emmett Mosley V,WR,85
726,Texas,Hero Kanu,DT,85
726,Texas,Cliff Honeywell,QB,84
726,Texas,Trevor Goosby,LT,82
726,Texas,Brad Spence,MLB,82
726,Texas,Parker Livingstone,WR,82
726,Texas,Alex January,DT,80
726,Texas,Ryan Wingo,WR,79
726,Texas,Maraad Watson,DT,79
726,Texas,Spencer Shannon,TE,78
726,Texas,Jelani Mcdonald,SS,77
726,Texas,Kaliq Lockett,WR,77
726,Texas,Brandon Wymore,FB,77
726,Texas,Trey Owens,QB,76
726,Texas,Jordan Washington,TE,76
726,Texas,Derek Williams Jr,FS,75
726,Texas,Kade Phillips,CB,75
726,Texas,Jonah Williams,ROLB,75
726,Texas,Kobe Black,CB,74
726,Texas,Brandon Baker,RT,74
726,Texas,Jaydon Chatman,LT,74
726,Texas,Lavon Johnson,DT,74
726,Texas,Travis Shaw,DT,73
726,Texas,Warren Roberson,CB,73
726,Texas,Ryan Niblett,CB,73
726,Texas,Connor Stroh,RG,73
726,Texas,Ty Anthony Smith,ROLB,73
726,Texas,Zelus Hicks,SS,72
726,Texas,Andre Cojoe,RT,72
726,Texas,Connor Robertson,C,72
726,Texas,Graceson Littleton,CB,72
726,Texas,Jack Bouwmeester,P,71
726,Texas,Neto Umeozulu,LG,71
726,Texas,Jaime Ffrench,WR,71
726,Texas,Jordon Johnson Rubell,SS,71
726,Texas,Graham Gillespie,FS,71
726,Texas,Jackson Christian,LG,71
726,Texas,Ridge Barker,TE,71
726,Texas,Mason Shipley,K,70
726,Texas,Shane Mcoliver,LOLB,70
726,Texas,Kam Norman,MLB,70
726,Texas,Brady Sarkisian,ROLB,70
726,Texas,Nate Kibble,LG,69
726,Texas,Wardell Mack,CB,68
726,Texas,Daniel Cruz,C,68
726,Texas,Justus Terry,DT,67
726,Texas,Daylan Mccutcheon,WR,67
726,Texas,Santana Wilson,CB,67
726,Texas,Aaron Butler,WR,67
726,Texas,Will Stone,K,66
726,Texas,Tate Haver,TE,66
726,Texas,Xavier Filsaime,SS,65
726,Texas,Vencot Colvin,LOLB,65
726,Texas,Lance St Louis,TE,65
726,Texas,Caleb Chester,CB,62
726,Texas,Emaree Winston,TE,60
726,Texas,Mason Kelsay,QB,58
726,Texas,Franklin Walker,LOLB,57
726,Texas,Jack Woodard,MLB,56
726,Texas,Jaybron Baldwin,RT,55
726,Texas,Casey Ellington,LT,54
740,Utah,Makai Lemon,WR,90
740,Utah,Jayden Maiava,QB,90
740,Utah,Ja Kobi Lane,WR,89
740,Utah,Dj Harvey,CB,88
740,Utah,Kamari Ramsey,FS,88
740,Utah,Dj Wingfield,LG,88
740,Utah,Lake Mcree,TE,87
740,Utah,Decarlos Nicholson,CB,85
740,Utah,Prince Strachan,WR,85
740,Utah,Eric Gentry,ROLB,84
740,Utah,Jay Fair,WR,84
740,Utah,Tobias Raymond,RT,84
740,Utah,Sam Huard,QB,84
740,Utah,Kilian O Connor,C,83
740,Utah,Elijah Paige,LT,82
740,Utah,Abraham Jackson,FS,82
740,Utah,Devan Thompkins,DT,82
740,Utah,J Onre Reed,C,82
740,Utah,Jack Susnjar,LG,82
740,Utah,Desman Stephens Ii,MLB,80
740,Utah,Chasen Johnson,CB,79
740,Utah,Prophet Brown,CB,77
740,Utah,Bishop Fitzgerald,SS,77
740,Utah,Walker Lyons,TE,77
740,Utah,Marcelles Williams,CB,76
740,Utah,Jide Abasiri,DT,76
740,Utah,Keeshawn Silver,DT,75
740,Utah,Cade Fox,QB,75
740,Utah,Anthony Beavers Jr,FS,75
740,Utah,Jadyn Walker,MLB,75
740,Utah,Carson Tabaracci,TE,75
740,Utah,Jon Conrad,RT,74
740,Utah,Erwin Taomi,LG,74
740,Utah,Alani Noa,RG,73
740,Utah,Micah Banuelos,LT,73
740,Utah,Justin Tauanuu,RT,72
740,Utah,Kennedy Urlacher,SS,72
740,Utah,Trestin Castro,CB,71
740,Utah,Jalen Fowler,WR,71
740,Utah,Ta Mere Robinson,ROLB,70
740,Utah,Walter Matthews,TE,70
740,Utah,Max Hurst,RT,68
740,Utah,Luke Longway,FS,68
740,Utah,Garrison Madden,MLB,68
740,Utah,Eron Mckenzie,FB,68
740,Utah,Vincent Kemp,LT,67
740,Utah,Kobe Pepe,DT,67
740,Utah,Xavier Jordan,WR,67
740,Utah,Christian Pierce,SS,66
740,Utah,Marquis Gallegos,FS,66
740,Utah,Tahir Savage,RT,66
740,Utah,Willi Wascher,C,66
740,Utah,James Johnson,CB,66
740,Utah,Devin Mcdonough,TE,66
740,Utah,Sam Johnson,P,65
740,Utah,Hank Pepper,TE,65
740,Utah,Jamaal Jarrett,DT,64
740,Utah,Caden Chittenden,K,64
740,Utah,Joey Olsen,TE,64
740,Utah,Zacharyus Williams,WR,64
740,Utah,Makai Saina,RG,63
740,Utah,Jaylen Griffith,SS,62
740,Utah,Isaiah Rubin,CB,62
740,Utah,Braylon Conley,CB,61
740,Utah,Will Weisberg,P,60
740,Utah,Malcolm Wilson Thomas,DT,59
740,Utah,Rachaad Ray,FS,57
740,Utah,Josh Dudley,DT,57
740,Utah,Gabriel Williams,ROLB,53
740,Utah,Mikell Perkins,MLB,50
740,Utah,Cole Jayne,RG,50
740,Utah,Myles Runnels,ROLB,42
743,Utah State,Spencer Fano,RT,94
743,Utah State,Caleb Lomu,LT,90
743,Utah State,Michael Mokofisi,RG,90
743,Utah State,Tao Johnson,FS,89
743,Utah State,Jaren Kump,C,89
743,Utah State,Devon Dampier,QB,87
743,Utah State,Lander Barton,LOLB,87
743,Utah State,Tanoa Togiai,LG,87
743,Utah State,Levani Damuni,MLB,86
743,Utah State,Elijah Davis,CB,85
743,Utah State,Rayshawn Glover,WR,85
743,Utah State,Smith Snowden,CB,84
743,Utah State,Otto Tia,WR,84
743,Utah State,Aliki Vimahi,DT,83
743,Utah State,Tobias Merriweather,WR,83
743,Utah State,Creed Whittemore,WR,83
743,Utah State,Ryan Davis,WR,83
743,Utah State,Johnathan Hall,ROLB,83
743,Utah State,Trey Reynolds,MLB,83
743,Utah State,Jonah Lea Ea,DT,82
743,Utah State,Donovan Saunders,CB,81
743,Utah State,Nate Ritchie,FS,81
743,Utah State,Rabbit Evans,SS,80
743,Utah State,Blake Cotton,CB,79
743,Utah State,Zereoue Williams,LT,78
743,Utah State,Keith Olson,RG,78
743,Utah State,Isaac Wilson,QB,78
743,Utah State,Dallen Bentley,TE,77
743,Utah State,Alex Harrison,C,77
743,Utah State,Luca Caldarella,WR,77
743,Utah State,Dallas Vakalahi,DT,76
743,Utah State,Daniel Escalante,C,76
743,Utah State,Solatoa Moea I,LG,75
743,Utah State,Rock Caldwell,CB,75
743,Utah State,John Henry Daley,DT,74
743,Utah State,Jackson Bennee,SS,73
743,Utah State,Roger Alderman,LG,72
743,Utah State,Daidren Zipperer,WR,72
743,Utah State,J J Runyon,ROLB,71
743,Utah State,Kana I Lopes,MLB,71
743,Utah State,Logan Castor,TE,71
743,Utah State,Myron Green,LT,70
743,Utah State,Isaiah Garcia,RT,69
743,Utah State,Cyrus Polu,ROLB,69
743,Utah State,Hunter Andrews,TE,69
743,Utah State,Paul Puletasi,LOLB,68
743,Utah State,Debrandon Mosley,SS,68
743,Utah State,Paul Martin,TE,68
743,Utah State,Brendan Zurbrugg,QB,67
743,Utah State,Kevin Loa,FB,67
743,Utah State,Christian Thatcher,LOLB,66
743,Utah State,Trenton Wilson,CB,66
743,Utah State,Drew Clemens,TE,66
743,Utah State,Trent Bush,SS,66
743,Utah State,Justin Stevenson,WR,66
743,Utah State,Eddie Tyson,DT,65
743,Utah State,Elijah Thomas,QB,65
743,Utah State,Karson Kaufusi,DT,65
743,Utah State,Jc Hart,CB,64
743,Utah State,Nathan Tilmon,FS,64
743,Utah State,Andrew Satele,DT,63
743,Utah State,Deshaun Ruth,FS,62
743,Utah State,Nate Johnson,QB,60
743,Utah State,Mana Carvalho,WR,57
743,Utah State,Brian Savea,DT,57
743,Utah State,Barry Glendale,RT,55
743,Utah State,Jeremy Nalu,RG,55
743,Utah State,Joey Cheek,K,52
743,Utah State,Dillon Curtis,K,48
743,Utah State,Isaiah Elmer,ROLB,45
743,Utah State,Kalolo Ta Aga,LT,45
743,Utah State,Orion Phillips,P,45
744,UTEP,Ike Larsen,FS,88
744,UTEP,Matt Lowell,LOLB,86
744,UTEP,Naki Fahina,DT,83
744,UTEP,Josh Sterzer,TE,83
744,UTEP,Jamal Foster,LT,83
744,UTEP,Devin Kramer,FS,82
744,UTEP,Trey Andersen,LT,82
744,UTEP,John Miller,MLB,81
744,UTEP,Bronson Olevao Jr,ROLB,81
744,UTEP,Demick Starling,WR,81
744,UTEP,Broc Lane,TE,80
744,UTEP,Tavo Motu Apuaka,RG,80
744,UTEP,George Maile,LG,80
744,UTEP,Braden Pegan,WR,80
744,UTEP,Hyrum Hatch,TE,80
744,UTEP,Craig Mcdonald,ROLB,79
744,UTEP,Jake Eichorn,C,79
744,UTEP,Bryson Taylor,CB,78
744,UTEP,Corey Thompson Jr,WR,78
744,UTEP,Brady Boyd,WR,78
744,UTEP,Jared Pele,RT,78
744,UTEP,Jacob Conover,QB,78
744,UTEP,Noah Avinger,CB,77
744,UTEP,Gabriel Iniguez Jr,DT,77
744,UTEP,Kahanu Davis,WR,77
744,UTEP,Jason Brewer,FS,76
744,UTEP,Tyree Morris,DT,76
744,UTEP,Omari Okeke,SS,76
744,UTEP,Noah Flores,CB,76
744,UTEP,Bryson Barnes,QB,75
744,UTEP,Bobby Arnold Iii,CB,75
744,UTEP,Ej Fisk,CB,75
744,UTEP,Carlos Orr Gillespie,WR,75
744,UTEP,Jarvis Griffiths,C,75
744,UTEP,Brevin Hamblin,ROLB,74
744,UTEP,Kendrick Cooks,SS,73
744,UTEP,Cj Tiller,QB,73
744,UTEP,Dylan Tucker,CB,73
744,UTEP,Adam Pond,LT,72
744,UTEP,Elia Migao,RG,72
744,UTEP,D Andre Barnes,FS,72
744,UTEP,Anthony Garcia,QB,72
744,UTEP,Matt Lampman,LG,71
744,UTEP,Kyle Pendleton,LOLB,70
744,UTEP,K Leyone Iosua,RG,70
744,UTEP,Cole Keele,DT,70
744,UTEP,Courage Ugo,CB,69
744,UTEP,Reed Driscoll,FS,68
744,UTEP,Brett Mann,LT,68
744,UTEP,J T Stringer,LG,68
744,UTEP,Tymere Burton,MLB,68
744,UTEP,Jimmy Liston,LG,67
744,UTEP,Jr Sia,RT,67
744,UTEP,Camden Jury,LT,67
744,UTEP,Kary Hudson,LT,66
744,UTEP,Carter Brown,K,65
744,UTEP,Roman James,FB,65
744,UTEP,Mike Mccloud,SS,62
744,UTEP,Mick Burrell,LG,62
744,UTEP,Kone Aumua Uiagalelei,DT,61
744,UTEP,Gio Kafentzis,SS,60
744,UTEP,Jared Anderson,TE,59
744,UTEP,Dylan Sprague,P,58
744,UTEP,Max Richart,C,58
744,UTEP,Sammy Talbott,LG,58
744,UTEP,Todd Gaffney,TE,57
744,UTEP,Antonio Shropshire,TE,57
744,UTEP,Tanner Rinker,K,52
744,UTEP,Greg Talbott,RT,51
744,UTEP,Shonn Mullins,MLB,50
741,UTSA,Xavier Smith,SS,85
741,UTSA,Joseph Immediato,RG,85
741,UTSA,Kenny Odom,WR,84
741,UTSA,Kam Thomas,WR,83
741,UTSA,Cole Gustafson,DT,82
741,UTSA,Ivan Escobar,LG,81
741,UTSA,Skyler Locklear,QB,81
741,UTSA,Jaden Smith,WR,80
741,UTSA,Lantz Russell,FS,79
741,UTSA,Azizi Henry,RT,79
741,UTSA,Justin Content,CB,79
741,UTSA,Kd Johnson,DT,78
741,UTSA,Jaylon Shelton,CB,78
741,UTSA,Tyler Jones,SS,77
741,UTSA,Juan Camacho Jr,RT,77
741,UTSA,Yessman Green,CB,77
741,UTSA,Ashton Nickelberry,WR,77
741,UTSA,Stratton Shufelt,MLB,76
741,UTSA,Solo Barnes,FS,76
741,UTSA,Kode Lowe,SS,75
741,UTSA,Jaquan Toney,RG,75
741,UTSA,Cade Mcconnell,QB,75
741,UTSA,Neil Campbell,CB,75
741,UTSA,Donte Thompson,CB,75
741,UTSA,Joshua Rudolph,ROLB,75
741,UTSA,Eli Wilber,FS,75
741,UTSA,Chad Isaac,LOLB,75
741,UTSA,Jayden Wilson,LOLB,74
741,UTSA,Udoka Ezeani,LOLB,74
741,UTSA,Ashton Coker,DT,74
741,UTSA,Luka Matamoros,LT,74
741,UTSA,Judah Ezinwa,TE,74
741,UTSA,Garrett Hawkins,MLB,74
741,UTSA,Cash Cheeks,TE,72
741,UTSA,Jaylan Brown,WR,72
741,UTSA,Jake Riggs,C,72
741,UTSA,Josh Schuchts,TE,71
741,UTSA,Wondame Davis Jr,WR,71
741,UTSA,James Williams,LG,71
741,UTSA,Dylan Brown Turner,ROLB,70
741,UTSA,Tyrone Mcduffie Iii,LG,70
741,UTSA,Noah Stephenson,TE,70
741,UTSA,Calvin Pollard,SS,70
741,UTSA,Taylor Perez,WR,70
741,UTSA,Malachi Nelson,QB,69
741,UTSA,Jeff Tracy,QB,69
741,UTSA,Dennis Lafferty,LT,69
741,UTSA,Rolando Beltran,RG,69
741,UTSA,Deven Harold,FS,68
741,UTSA,Mason Ferguson,WR,66
741,UTSA,Tyler Christie,RT,66
741,UTSA,Allan Mccarter,C,65
741,UTSA,Rafeald Campbell,WR,65
741,UTSA,Preston Parsons,LT,62
741,UTSA,Craig Wydra,C,62
741,UTSA,Isaac Rudolph,TE,61
741,UTSA,Tyler Reyes,FB,61
741,UTSA,Vashon Brunswick Ii,MLB,61
741,UTSA,Tj Tillman,CB,60
741,UTSA,Trace Meadows,LOLB,59
741,UTSA,Cam Weeks,C,59
741,UTSA,Joe Bowman,K,58
741,UTSA,Gabriel Beaver,MLB,58
741,UTSA,Grant Stewart,FS,58
741,UTSA,Nicholas Werth,RT,57
741,UTSA,Rudy Moreland,MLB,57
741,UTSA,Noah Botsford,P,55
741,UTSA,Bo Phillips,ROLB,55
741,UTSA,Josh Hancock,TE,53
741,UTSA,Shay Smith,QB,52
741,UTSA,Marcus Torres,WR,52
741,UTSA,Sean Bush,DT,52
741,UTSA,Jerry Potts,LG,50
742,Vanderbilt,Kamar Missouri,LT,92
742,Vanderbilt,De Corian Clark,WR,88
742,Vanderbilt,Ben Rios,C,88
742,Vanderbilt,Trevor Timmons,LG,86
742,Vanderbilt,Owen Mccown,QB,86
742,Vanderbilt,Jaylen Garth,RT,85
742,Vanderbilt,Devin Mccuin,WR,84
742,Vanderbilt,Venly Tatafu,LG,84
742,Vanderbilt,Jermarius Lewis,FS,84
742,Vanderbilt,David Amador Ii,WR,83
742,Vanderbilt,Willie Mccoy,WR,82
742,Vanderbilt,Cameron Blaylock,DT,82
742,Vanderbilt,Syrus Dumas,CB,82
742,Vanderbilt,Tyan Milton,SS,81
742,Vanderbilt,Cory Godinet,RG,81
742,Vanderbilt,Kaian Roberts Day,DT,81
742,Vanderbilt,Kaden Meier,CB,81
742,Vanderbilt,Zach Morris,CB,81
742,Vanderbilt,Houston Thomas,TE,80
742,Vanderbilt,Vic Shaw,ROLB,80
742,Vanderbilt,Luke Lapeze,C,80
742,Vanderbilt,Daquon Parks,FB,80
742,Vanderbilt,Shad Banks Jr,MLB,79
742,Vanderbilt,Kendrick Blackshire,MLB,79
742,Vanderbilt,Davin Martin,CB,78
742,Vanderbilt,Jonah Miller,LT,76
742,Vanderbilt,Patrick Overmyer,TE,76
742,Vanderbilt,Brandon Tucker,ROLB,76
742,Vanderbilt,Chidera Otutu,DT,76
742,Vanderbilt,Jarius Walker,SS,76
742,Vanderbilt,Bryce Grays,LOLB,76
742,Vanderbilt,Nnanna Anyanwu,ROLB,75
742,Vanderbilt,Noah Lugo,QB,75
742,Vanderbilt,Andrew Alvarado,RT,75
742,Vanderbilt,Jamie Rhett,QB,74
742,Vanderbilt,Darrell Jones,RT,74
742,Vanderbilt,Demetris Allen,LG,74
742,Vanderbilt,Devron Williams Jr,LG,74
742,Vanderbilt,Austin Phillips,TE,74
742,Vanderbilt,Elliott Brow,WR,74
742,Vanderbilt,Owen Pewee,LOLB,73
742,Vanderbilt,Dan Dishman,TE,73
742,Vanderbilt,Jimmy Wyrick,FS,73
742,Vanderbilt,Jameian Buxton,DT,73
742,Vanderbilt,Camron Cooper,ROLB,73
742,Vanderbilt,Dj Allen,WR,72
742,Vanderbilt,Marcellus Wilkerson,LOLB,72
742,Vanderbilt,Jaelen Smith,WR,72
742,Vanderbilt,Dorian Rowe,FS,72
742,Vanderbilt,Brandon Jacob,FS,71
742,Vanderbilt,Deandre Marshall,RG,71
742,Vanderbilt,Rj Lester,CB,71
742,Vanderbilt,Cam Upshaw Jr,SS,71
742,Vanderbilt,Armoni Rue,CB,71
742,Vanderbilt,Elijah Newell,SS,70
742,Vanderbilt,Ian Jackson,MLB,70
742,Vanderbilt,Davion Hurth,RG,69
742,Vanderbilt,Mekhi Anderson,WR,68
742,Vanderbilt,Dematrius Davis Jr,QB,67
742,Vanderbilt,Briley Brown,C,67
742,Vanderbilt,Jakevian Rodgers,CB,67
742,Vanderbilt,Brandon Tennison,QB,66
742,Vanderbilt,Cade Collenback,TE,66
742,Vanderbilt,Ty Rupe,TE,65
742,Vanderbilt,James Walley Jr,MLB,65
742,Vanderbilt,Franklin Wilson,SS,64
742,Vanderbilt,Nathan Wallace,WR,64
742,Vanderbilt,Isaiah Butler Tanner,TE,62
742,Vanderbilt,Kingston Jones,WR,60
742,Vanderbilt,Breck Chambers,P,59
742,Vanderbilt,A Marion Breland,LT,58
742,Vanderbilt,Caile Hogan,P,56
742,Vanderbilt,Michael Petro,P,46
745,Virginia,Eli Stowers,TE,93
745,Virginia,Jordan White,C,90
745,Virginia,Diego Pavia,QB,88
745,Virginia,Bryan Longwell,ROLB,88
745,Virginia,Isaia Glass,LT,88
745,Virginia,Martel Hight,CB,87
745,Virginia,Randon Fontenette,SS,87
745,Virginia,Junior Sherrill,WR,87
745,Virginia,Trent Hudson,WR,87
745,Virginia,Chase Mitchell,RG,87
745,Virginia,Mason Nelson,DT,87
745,Virginia,Marlon Jones Jr,CB,86
745,Virginia,Sterling Porcher,LG,86
745,Virginia,Richie Hoskins,WR,86
745,Virginia,Yilanan Ouattara,DT,85
745,Virginia,Zaylin Wood,DT,85
745,Virginia,Joshua Singh,DT,84
745,Virginia,Langston Patterson,MLB,83
745,Virginia,Nick Rinaldi,MLB,83
745,Virginia,Gage Pitchford,RG,83
745,Virginia,Charlie Clark,RT,83
745,Virginia,David Siegel,RT,83
745,Virginia,Marlen Sewell,SS,82
745,Virginia,Jace Gleason,RT,82
745,Virginia,Orion Irving,LT,81
745,Virginia,Kevo Wesley,LG,80
745,Virginia,Kolbey Taylor,CB,80
745,Virginia,Gabe Fisher,FB,80
745,Virginia,Cj Heard,SS,79
745,Virginia,Misael Sandoval,LT,79
745,Virginia,Prince Kollie,ROLB,79
745,Virginia,Cade Mcconnell,C,78
745,Virginia,Trudell Berry,CB,78
745,Virginia,Jaylin Lackey,CB,77
745,Virginia,Bradley Mann,DT,77
745,Virginia,Cole Spence,TE,76
745,Virginia,Lionel Reddick,LOLB,76
745,Virginia,Jordan Matthews,CB,75
745,Virginia,Bryce Cowan,MLB,75
745,Virginia,Aaron Bryant,DT,75
745,Virginia,Glenn Seabrooks Iii,DT,75
745,Virginia,Gunner Givens,RG,75
745,Virginia,Everett Donaghy,QB,75
745,Virginia,Chance Fitzgerald,WR,74
745,Virginia,Keegan Wechsler,C,74
745,Virginia,Durham Harris,TE,74
745,Virginia,Jalen Gilbert,FS,74
745,Virginia,Walter Bartell,LG,74
745,Virginia,Jeremiah Dillon,WR,73
745,Virginia,Vanzale Hinton,CB,72
745,Virginia,Drew Dickey,QB,72
745,Virginia,Tristen Brown,WR,72
745,Virginia,Brock Taylor,K,70
745,Virginia,Blaze Berlowitz,QB,70
745,Virginia,Cj Williams,LT,70
745,Virginia,Dontae Carter,FS,69
745,Virginia,Nick Haberer,P,67
745,Virginia,Branden Silas,LOLB,67
745,Virginia,Jason Ash,LT,66
745,Virginia,Jorrell Riddick,SS,66
745,Virginia,Joseph Mcvay,WR,66
745,Virginia,Austin Howard,ROLB,65
745,Virginia,Jeremy St Hilaire,QB,64
745,Virginia,Mason Rohmiller,K,64
745,Virginia,Josh Cowan,LOLB,64
745,Virginia,Brycen Coleman,TE,62
745,Virginia,D Juan Hooker,FS,62
745,Virginia,Terry Nwabuisi Ezeala,DT,56
745,Virginia,Tate Hamby,FS,56
745,Virginia,Courtland Williams,CB,56
745,Virginia,Jamichael Poole,DT,55
745,Virginia,Conor Weasler,P,49
745,Virginia,Angelo Bishop,MLB,48
746,Virginia Tech,Chandler Morris,QB,88
746,Virginia Tech,Noah Josey,LG,88
746,Virginia Tech,Kam Robinson,MLB,88
746,Virginia Tech,Jam Jackson,CB,88
746,Virginia Tech,Jahmal Edrine,WR,87
746,Virginia Tech,Wallace Unamba,RG,87
746,Virginia Tech,Brady Wilson,C,86
746,Virginia Tech,Jahmeer Carter,DT,86
746,Virginia Tech,David Wohlabaugh Jr,RT,86
746,Virginia Tech,Devin Neal,FS,85
746,Virginia Tech,Jayden Thomas,WR,85
746,Virginia Tech,Cam Ross,WR,85
746,Virginia Tech,Mckale Boley,LT,85
746,Virginia Tech,James Jackson,ROLB,85
746,Virginia Tech,Monroe Mills,RT,84
746,Virginia Tech,Antonio Clary,SS,84
746,Virginia Tech,Kevin Wigenton Ii,RG,84
746,Virginia Tech,Sage Ennis,TE,84
746,Virginia Tech,Connor Edwards,FB,84
746,Virginia Tech,Donavon Platt,CB,83
746,Virginia Tech,Drake Metcalf,C,83
746,Virginia Tech,Trell Harris,WR,83
746,Virginia Tech,Dakota Twitty,TE,83
746,Virginia Tech,Kenan Johnson,CB,82
746,Virginia Tech,Da Marcus Crosby Ii,SS,82
746,Virginia Tech,Makilan Thomas,RT,82
746,Virginia Tech,Jack Witmer,RT,82
746,Virginia Tech,Jason Hammond,DT,81
746,Virginia Tech,Anthony Britton,DT,80
746,Virginia Tech,Trey Mcdonald,MLB,80
746,Virginia Tech,Bryce Robinson,TE,80
746,Virginia Tech,Jordan Robinson,CB,79
746,Virginia Tech,Andre Greene Jr,WR,78
746,Virginia Tech,Hunter Osborne,DT,78
746,Virginia Tech,Jacob Holmes,DT,78
746,Virginia Tech,David Byron,QB,78
746,Virginia Tech,Tyshawn Wyatt,LT,78
746,Virginia Tech,Christian Charles,SS,77
746,Virginia Tech,Kameron Courtney,WR,77
746,Virginia Tech,Marco Craig,LOLB,77
746,Virginia Tech,Ethan Sipe,LT,77
746,Virginia Tech,Dre Walker,CB,76
746,Virginia Tech,Ethan Minter,FS,76
746,Virginia Tech,Ja Son Prevard,CB,76
746,Virginia Tech,Stevie Bracey,MLB,75
746,Virginia Tech,Maddox Marcellus,ROLB,75
746,Virginia Tech,Caleb Hardy,SS,75
746,Virginia Tech,Cole Surber,LG,75
746,Virginia Tech,Corbin Patton,LT,74
746,Virginia Tech,Karson Gay,TE,74
746,Virginia Tech,Dawson Alters,C,74
746,Virginia Tech,Grant Ellinger,LG,74
746,Virginia Tech,Matthew Peck,LT,74
746,Virginia Tech,Emmanuel Karnley,CB,73
746,Virginia Tech,Daniel Kaelin,QB,73
746,Virginia Tech,Josiah Persinger,CB,71
746,Virginia Tech,Justin Zames,TE,70
746,Virginia Tech,Cole Geer,QB,70
746,Virginia Tech,Ja Maric Morris,CB,68
746,Virginia Tech,Suderian Harrison,WR,68
746,Virginia Tech,Maurice Cunningham,DT,68
746,Virginia Tech,Jameel Mcallister,LOLB,67
746,Virginia Tech,Allen Hanna,FB,67
746,Virginia Tech,Will Bettridge,K,66
746,Virginia Tech,Daniel Sparks,P,66
746,Virginia Tech,Myles Brown,MLB,66
746,Virginia Tech,Ben York,RT,65
746,Virginia Tech,Landon Danley,SS,59
746,Virginia Tech,Keke Adams,FS,59
746,Virginia Tech,Grayson Reid,RG,58
746,Virginia Tech,Logan Kotter,LOLB,55
747,Wake Forest,Tomas Rimac,LG,91
747,Wake Forest,Donavon Greene,WR,88
747,Wake Forest,Caleb Woodson,ROLB,86
747,Wake Forest,Christian Ellis,SS,85
747,Wake Forest,Benji Gosnell,TE,85
747,Wake Forest,Caleb Brown,CB,84
747,Wake Forest,Jaden Muskrat,RG,84
747,Wake Forest,Kelvin Gilliam Jr,DT,83
747,Wake Forest,Dante Lovett,CB,83
747,Wake Forest,Elhadj Fall,DT,83
747,Wake Forest,Jaden Keller,MLB,83
747,Wake Forest,Isaiah Brown Murray,CB,82
747,Wake Forest,Montavious Cunningham,RT,82
747,Wake Forest,Isaiah Cash,SS,81
747,Wake Forest,Kyron Drones,QB,80
747,Wake Forest,Layth Ghannam,LT,80
747,Wake Forest,Brody Meadows,RG,79
747,Wake Forest,Arias Nash,DT,79
747,Wake Forest,Garret Rangel,QB,79
747,Wake Forest,Antwone Santiago,ROLB,79
747,Wake Forest,Immanuel Hickman,DT,78
747,Wake Forest,Lucas Austin,RT,78
747,Wake Forest,Kyle Altuner,C,78
747,Wake Forest,Jordan Bass,ROLB,77
747,Wake Forest,Quentin Reddish,FS,77
747,Wake Forest,Ayden Greene,WR,77
747,Wake Forest,Kemari Copeland,DT,77
747,Wake Forest,Tyler Childress,SS,77
747,Wake Forest,Thomas Williams,CB,77
747,Wake Forest,Johnny Garrett,LT,76
747,Wake Forest,Kaleb Spencer,MLB,76
747,Wake Forest,Cameron Seldon,WR,75
747,Wake Forest,Jahzari Priester,DT,75
747,Wake Forest,Joseph Reddish,CB,75
747,Wake Forest,Henry Spencer,FB,75
747,Wake Forest,Jahmari Deloatch,CB,73
747,Wake Forest,Harrison Saint Germain,TE,73
747,Wake Forest,Krystian Williams,CB,73
747,Wake Forest,Michael Short,MLB,73
747,Wake Forest,Grant Karczewski,LG,73
747,Wake Forest,Brody Jones,ROLB,73
747,Wake Forest,Tucker Holloway,WR,72
747,Wake Forest,Chanz Wiggins,WR,72
747,Wake Forest,Ja Ricous Hairston,TE,72
747,Wake Forest,Devin Alves,FS,71
747,Wake Forest,Takye Heath,WR,71
747,Wake Forest,Hannes Hammer,LT,71
747,Wake Forest,Sherrod Covil Jr,SS,70
747,Wake Forest,Emmett Laws,DT,70
747,Wake Forest,Drew Doyle,TE,70
747,Wake Forest,Tyson Flowers,FS,69
747,Wake Forest,Tommy Ricard,C,69
747,Wake Forest,Elijah Haughawout,C,69
747,Wake Forest,John Love,K,68
747,Wake Forest,William Watson Iii,QB,68
747,Wake Forest,Nick Veltsistas,P,67
747,Wake Forest,Carter Stallard,LG,67
747,Wake Forest,Aidan Lynch,RT,67
747,Wake Forest,Will Johnson,MLB,65
747,Wake Forest,Nathaniel Wright,RG,65
747,Wake Forest,Kyle Lowe,K,63
747,Wake Forest,Keylen Adams,WR,63
747,Wake Forest,George Ballance,MLB,62
747,Wake Forest,Gavin Crawford,RG,61
747,Wake Forest,Ricky Stiles,FB,61
747,Wake Forest,Colby Mcclain,ROLB,61
747,Wake Forest,Aj Brand,QB,59
747,Wake Forest,Gabe Williams,LOLB,59
747,Wake Forest,Christian Epling,TE,56
747,Wake Forest,Brendan Mclean,FS,53
747,Wake Forest,Tate Kendall,TE,51
748,Washington,Fa Alili Fa Amoe,RT,87
748,Washington,Nick Andersen,FS,86
748,Washington,Melvin Siani,LT,85
748,Washington,Zach Lohavichan,DT,85
748,Washington,Devin Kylany,C,84
748,Washington,Jacob Dennison,LT,84
748,Washington,Wyatt Crespi,DT,84
748,Washington,Derrell Johnson Ii,LG,84
748,Washington,Dylan Hazen,MLB,83
748,Washington,Davaughn Patterson,SS,83
748,Washington,Harry Lodge,TE,83
748,Washington,Quincy Bryant,ROLB,82
748,Washington,Jayden Loving,DT,82
748,Washington,Sterling Berkhalter,WR,82
748,Washington,Mateen Ibirogba,DT,82
748,Washington,Zamari Stevenson,CB,81
748,Washington,Jaydon Collins,LT,81
748,Washington,George Sell,RG,80
748,Washington,Rushaun Tongue,SS,79
748,Washington,Lardarius Webb Jr,CB,78
748,Washington,Robby Ashford,QB,78
748,Washington,Jaxon Mull,CB,78
748,Washington,Ashaad Williams,CB,78
748,Washington,Aiden Hall,MLB,78
748,Washington,Dallas Afalava,DT,78
748,Washington,Micah Mays Jr,WR,77
748,Washington,Rodrick Tialavea,LG,77
748,Washington,George Steih,RT,77
748,Washington,Deshawn Purdie,QB,76
748,Washington,Karon Prunty,CB,76
748,Washington,Reginald Vick Jr,WR,76
748,Washington,Sawyer Racanelli,WR,76
748,Washington,Jeremiah Melvin,WR,76
748,Washington,Carlos Hernandez,WR,75
748,Washington,Sascha Garcia,CB,75
748,Washington,Kamrean Johnson,TE,75
748,Washington,William Tackie Jr,CB,75
748,Washington,Quentin Morton,FS,75
748,Washington,Michael Frogge,TE,74
748,Washington,Devin Mcrae,C,73
748,Washington,Philip Bennett,LT,73
748,Washington,Tramon Robinson,FB,73
748,Washington,Uber Ajongo,LT,72
748,Washington,Travon West,CB,72
748,Washington,Hank Lucas,C,72
748,Washington,Chris Barnes,WR,70
748,Washington,Ja Marion Kennedy,RG,70
748,Washington,Thurman Jordan,RT,68
748,Washington,Zachary Zinger,TE,68
748,Washington,Matthew Dennis,K,67
748,Washington,Kadear Dembele,DT,67
748,Washington,Braylon Johnson,FS,66
748,Washington,Daniel Conover,RT,66
748,Washington,Clinton Richard,RT,65
748,Washington,Joel Lowenberg,LOLB,65
748,Washington,Myles Turpin,FS,64
748,Washington,Dakota Church,P,62
748,Washington,Jaylon Edmond,CB,62
748,Washington,Frank Cusano,ROLB,62
748,Washington,Darius Jones,MLB,62
748,Washington,Will Cobb,TE,62
748,Washington,Jaishaun Offutt,LG,61
748,Washington,Dominic Deluca,TE,60
748,Washington,Elijiah Oehlke,QB,58
748,Washington,Jacob Cosby Mosley,SS,58
748,Washington,Caleb Carlson,K,55
748,Washington,Steele Pizzella,QB,52
748,Washington,Whittman Whaley,MLB,49
748,Washington,Nick Sawyer,LT,45
749,Washington State,Denzel Boston,WR,91
749,Washington State,Tacario Davis,CB,91
749,Washington State,Drew Azzopardi,RT,89
749,Washington State,Jacob Manu,MLB,88
749,Washington State,Ephesians Prysock,CB,87
749,Washington State,Zach Durfee,ROLB,87
749,Washington State,Quentin Moore,TE,86
749,Washington State,Xe Ree Alexander,MLB,86
749,Washington State,Taariq Al Uqdah,MLB,85
749,Washington State,Carver Willis,LT,85
749,Washington State,Geirean Hatchett,RG,84
749,Washington State,Logan Sagapolu,DT,84
749,Washington State,Omari Evans,WR,83
749,Washington State,Cj Christian,SS,83
749,Washington State,Hayden Moore,LOLB,83
749,Washington State,Demond Williams Jr,QB,82
749,Washington State,Landen Hatchett,C,81
749,Washington State,Kai Horton,QB,81
749,Washington State,Deshawn Lynch,LOLB,81
749,Washington State,Alex Mclaughlin,SS,80
749,Washington State,Simote Pepa,DT,80
749,Washington State,Maximus Mccree,RT,80
749,Washington State,Dyson Mccutcheon,CB,79
749,Washington State,Russell Davis Ii,LOLB,79
749,Washington State,Jacob Lane,LOLB,79
749,Washington State,Anthony Ward,MLB,78
749,Washington State,Makell Esteen,FS,77
749,Washington State,Decker Degraaf,TE,77
749,Washington State,Griffin Miller,ROLB,77
749,Washington State,Kevin Green Jr,WR,76
749,Washington State,Omar Khan,DT,76
749,Washington State,Ryan Otton,TE,75
749,Washington State,Vincent Holmes,FS,75
749,Washington State,Soane Faasolo,LT,75
749,Washington State,Zachary Henning,C,75
749,Washington State,Rashid Williams,WR,74
749,Washington State,Rahshawn Clark,FS,74
749,Washington State,Elishah Jackett,RT,74
749,Washington State,Zaydrius Rainey Sale,MLB,73
749,Washington State,Audric Harris,WR,73
749,Washington State,Champ Taulealea,RG,71
749,Washington State,Matthew Leo Ioane,QB,71
749,Washington State,Jonathan Epperson Jr,LOLB,71
749,Washington State,Chris Lawson,WR,69
749,Washington State,John Mills,LT,69
749,Washington State,Charles Ellerson,ROLB,68
749,Washington State,Raiden Vines Bright,WR,68
749,Washington State,Grady Gross,K,67
749,Washington State,Marcus Harris,WR,67
749,Washington State,Ryan Kean,TE,67
749,Washington State,Vincent Wheeler,CB,66
749,Washington State,Dash Beierly,QB,66
749,Washington State,Jack Shaffer,RT,66
749,Washington State,Leroy Bryant,CB,65
749,Washington State,Jake Flores,C,65
749,Washington State,Rahim Wright Ii,CB,64
749,Washington State,Jayden Harts,LG,63
749,Washington State,Kade Eldridge,TE,63
749,Washington State,Dominic Macon,DT,63
749,Washington State,Tae Littlejohn,RG,62
749,Washington State,Tristan Warner,SS,61
749,Washington State,Paki Finau,LG,60
749,Washington State,Paul Mencke Jr,SS,60
749,Washington State,Richard Leota,FB,60
749,Washington State,James Murphy Day,LT,59
749,Washington State,Troy Petz,P,58
749,Washington State,Asa Maae,FS,58
749,Washington State,Ethan Moczulski,K,57
749,Washington State,Deven Bryant,MLB,56
749,Washington State,Treston Mcmillan,QB,50
749,Washington State,Luke Dunne,P,48
