Rank,Club / Country,Club,Country,ELO
1,Paris Saint-GermainFrance,Paris Saint-Germain,France,2054
2,Bayern MunchenGermany,Bayern Munchen,Germany,1984
3,BarcelonaSpain,Barcelona,Spain,1973
4,Liverpool FCEngland,Liverpool FC,England,1959
5,ArsenalEngland,Arsenal,England,1954
6,Inter MilanItaly,Inter Milan,Italy,1947
7,Real MadridSpain,Real Madrid,Spain,1936
8,Manchester CityEngland,Manchester City,England,1912
9,Borussia DortmundGermany,Borussia Dortmund,Germany,1887
10,Atletico MadridSpain,Atletico Madrid,Spain,1872
11,Aston VillaEngland,Aston Villa,England,1871
12,Chelsea FCEngland,Chelsea FC,England,1853
13,SSC NapoliItaly,SSC Napoli,Italy,1849
14,AS RomaItaly,AS Roma,Italy,1846
15,Bayer LeverkusenGermany,Bayer Leverkusen,Germany,1841
16,AtalantaItaly,Atalanta,Italy,1838
17,BenficaPortugal,Benfica,Portugal,1825
18,PSV EindhovenNetherlands,PSV Eindhoven,Netherlands,1823
19,VillarrealSpain,Villarreal,Spain,1820
20,SportingPortugal,Sporting,Portugal,1812
21,Newcastle UnitedEngland,Newcastle United,England,1805
22,JuventusItaly,Juventus,Italy,1796
23,Crystal PalaceEngland,Crystal Palace,England,1794
24,PalmeirasBrazil,Palmeiras,Brazil,1793
25,Brighton & Hove AlbionEngland,Brighton & Hove Albion,England,1785
26,AC MilanItaly,AC Milan,Italy,1777
27,FlamengoBrazil,Flamengo,Brazil,1772
28,Athletic BilbaoSpain,Athletic Bilbao,Spain,1770
29,GalatasarayTurkey,Galatasaray,Turkey,1769
30,Eintracht FrankfurtGermany,Eintracht Frankfurt,Germany,1766
31,LazioItaly,Lazio,Italy,1758
32,FeyenoordNetherlands,Feyenoord,Netherlands,1753
33,Slavia PragueCzech Republic,Slavia Prague,Czech Republic,1749
34,FiorentinaItaly,Fiorentina,Italy,1749
35,Brentford FCEngland,Brentford FC,England,1748
36,OlympiakosGreece,Olympiakos,Greece,1746
37,AFC BournemouthEngland,AFC Bournemouth,England,1746
38,LilleFrance,Lille,France,1743
39,Nottingham ForestEngland,Nottingham Forest,England,1743
40,Everton FCEngland,Everton FC,England,1735
41,Real BetisSpain,Real Betis,Spain,1733
42,Racing ClubArgentina,Racing Club,Argentina,1731
43,FenerbahçeTurkey,Fenerbahçe,Turkey,1730
44,Club BruggeBelgium,Club Brugge,Belgium,1730
45,AS MonacoFrance,AS Monaco,France,1729
46,Union St.GilloiseBelgium,Union St.Gilloise,Belgium,1723
47,FC PortoPortugal,FC Porto,Portugal,1722
48,FK Red Star BelgradeSerbia,FK Red Star Belgrade,Serbia,1720
49,BolognaItaly,Bologna,Italy,1719
50,CelticScotland,Celtic,Scotland,1719
51,River PlateArgentina,River Plate,Argentina,1716
52,Mainz 05Germany,Mainz 05,Germany,1715
53,VfB StuttgartGermany,VfB Stuttgart,Germany,1715
54,LyonFrance,Lyon,France,1713
55,Al AhlyEgypt,Al Ahly,Egypt,1712
56,Manchester UnitedEngland,Manchester United,England,1709
57,MarseilleFrance,Marseille,France,1706
58,Botafogo FRBrazil,Botafogo FR,Brazil,1702
59,OsasunaSpain,Osasuna,Spain,1701
60,FulhamEngland,Fulham,England,1696
61,RB LeipzigGermany,RB Leipzig,Germany,1694
62,NiceFrance,Nice,France,1692
63,Celta VigoSpain,Celta Vigo,Spain,1687
64,Werder BremenGermany,Werder Bremen,Germany,1686
65,Ajax AmsterdamNetherlands,Ajax Amsterdam,Netherlands,1686
66,Zenit St. PetersburgRussia,Zenit St. Petersburg,Russia,1685
67,Al HilalSaudi Arabia,Al Hilal,Saudi Arabia,1684
68,The New SaintsWales,The New Saints,Wales,1683
69,Flora TallinnEstonia,Flora Tallinn,Estonia,1681
70,Cruz AzulMexico,Cruz Azul,Mexico,1681
71,Fluminense FCBrazil,Fluminense FC,Brazil,1677
72,Tottenham HotspurEngland,Tottenham Hotspur,England,1676
73,FreiburgGermany,Freiburg,Germany,1675
74,BragaPortugal,Braga,Portugal,1672
75,ValenciaSpain,Valencia,Spain,1670
76,CorinthiansBrazil,Corinthians,Brazil,1666
77,RC StrasbourgFrance,RC Strasbourg,France,1665
78,FCI Levadia TallinnEstonia,FCI Levadia Tallinn,Estonia,1663
79,PFC Ludogorets 1945 RazgradBulgaria,PFC Ludogorets 1945 Razgrad,Bulgaria,1661
80,Como 1907Italy,Como 1907,Italy,1658
81,Viktoria PlzeňCzech Republic,Viktoria Plzeň,Czech Republic,1657
82,InternacionalBrazil,Internacional,Brazil,1656
83,São PauloBrazil,São Paulo,Brazil,1653
84,Shakhtar DonetskUkraine,Shakhtar Donetsk,Ukraine,1651
85,West Ham UnitedEngland,West Ham United,England,1651
86,Toluca FCMexico,Toluca FC,Mexico,1649
87,Red Bull Bragantino SPBrazil,Red Bull Bragantino SP,Brazil,1647
88,Dinamo ZagrebCroatia,Dinamo Zagreb,Croatia,1647
89,CruzeiroBrazil,Cruzeiro,Brazil,1647
90,AméricaMexico,América,Mexico,1647
91,Wolverhampton WanderersEngland,Wolverhampton Wanderers,England,1645
92,Rayo VallecanoSpain,Rayo Vallecano,Spain,1645
93,PeñarolUruguay,Peñarol,Uruguay,1644
94,AZ AlkmaarNetherlands,AZ Alkmaar,Netherlands,1644
95,RangersScotland,Rangers,Scotland,1643
96,Boca JuniorsArgentina,Boca Juniors,Argentina,1643
97,Dynamo KyivUkraine,Dynamo Kyiv,Ukraine,1642
98,Mamelodi Sundowns FCSouth Africa,Mamelodi Sundowns FC,South Africa,1641
99,IndependienteEcuador,Independiente,Ecuador,1640
100,Pyramids FCEgypt,Pyramids FC,Egypt,1640
101,Maccabi Tel AvivIsrael,Maccabi Tel Aviv,Israel,1635
102,Esperance de TunisTunisia,Esperance de Tunis,Tunisia,1634
103,GenoaItaly,Genoa,Italy,1632
104,Al NassrSaudi Arabia,Al Nassr,Saudi Arabia,1631
105,Zrinjski MostarBosnia and Herzegovina,Zrinjski MostarBosnia and,Herzegovina,1631
106,LensFrance,Lens,France,1629
107,Rosario CentralArgentina,Rosario Central,Argentina,1629
108,IndependienteArgentina,Independiente,Argentina,1627
109,PAOK FCGreece,PAOK FC,Greece,1625
110,BrestFrance,Brest,France,1624
111,LDU de QuitoEcuador,LDU de Quito,Ecuador,1624
112,HuracánArgentina,Huracán,Argentina,1623
113,WolfsburgGermany,Wolfsburg,Germany,1622
114,Deportivo AlavesSpain,Deportivo Alaves,Spain,1621
115,TorinoItaly,Torino,Italy,1619
116,RCD EspanyolSpain,RCD Espanyol,Spain,1619
117,NacionalUruguay,Nacional,Uruguay,1616
118,Real SociedadSpain,Real Sociedad,Spain,1616
119,Club Atlético PlatenseArgentina,Club Atlético Platense,Argentina,1616
120,Sparta PragueCzech Republic,Sparta Prague,Czech Republic,1615
121,Al-AhliSaudi Arabia,Al-Ahli,Saudi Arabia,1614
122,KRC GenkBelgium,KRC Genk,Belgium,1614
123,Atlético MineiroBrazil,Atlético Mineiro,Brazil,1614
124,LevanteSpain,Levante,Spain,1612
125,PanathinaikosGreece,Panathinaikos,Greece,1610
126,MonterreyMexico,Monterrey,Mexico,1606
127,MallorcaSpain,Mallorca,Spain,1605
128,AEKGreece,AEK,Greece,1604
129,Bodø / GlimtNorway,Bodø / Glimt,Norway,1604
130,FerencvárosHungary,Ferencváros,Hungary,1603
131,FC SheriffMoldova,FC Sheriff,Moldova,1602
132,Partizan BeogradSerbia,Partizan Beograd,Serbia,1601
133,Pafos FCCyprus,Pafos FC,Cyprus,1600
134,FC UtrechtNetherlands,FC Utrecht,Netherlands,1599
135,BolívarBolivia,Bolívar,Bolivia,1598
136,Borussia MönchengladbachGermany,Borussia Mönchengladbach,Germany,1598
137,KøbenhavnDenmark,København,Denmark,1597
138,FC TwenteNetherlands,FC Twente,Netherlands,1596
139,PFC CSKA SofiaBulgaria,PFC CSKA Sofia,Bulgaria,1596
140,Steaua BucureştiRomania,Steaua Bucureşti,Romania,1596
141,Argentinos JuniorsArgentina,Argentinos Juniors,Argentina,1594
142,AugsburgGermany,Augsburg,Germany,1594
143,RennesFrance,Rennes,France,1593
144,Red Bull SalzburgAustria,Red Bull Salzburg,Austria,1591
145,CF PachucaMexico,CF Pachuca,Mexico,1590
146,GrêmioBrazil,Grêmio,Brazil,1590
147,LeganesSpain,Leganes,Spain,1590
148,Dinamo MinskBelarus,Dinamo Minsk,Belarus,1588
149,BahiaBrazil,Bahia,Brazil,1586
150,SevillaSpain,Sevilla,Spain,1585
151,Vitória GuimarãesPortugal,Vitória Guimarães,Portugal,1584
152,Universitario de DeportesPeru,Universitario de Deportes,Peru,1583
153,Tigres UANLMexico,Tigres UANL,Mexico,1583
154,AEK LarnacaCyprus,AEK Larnaca,Cyprus,1583
155,1. FC Union BerlinGermany,1. FC Union Berlin,Germany,1582
156,Hapoel Be'er ShevaIsrael,Hapoel Be'er Sheva,Israel,1582
157,Fortaleza Esporte ClubeBrazil,Fortaleza Esporte Clube,Brazil,1581
158,ToulouseFrance,Toulouse,France,1580
159,HoffenheimGermany,Hoffenheim,Germany,1579
160,Levski SofiaBulgaria,Levski Sofia,Bulgaria,1579
161,MillonariosColombia,Millonarios,Colombia,1578
162,PersepolisIran,Persepolis,Iran,1577
163,Aris LimassolCyprus,Aris Limassol,Cyprus,1577
164,FAR RabatMorocco,FAR Rabat,Morocco,1576
165,GetafeSpain,Getafe,Spain,1576
166,Auckland CityNew Zealand,Auckland City,New Zealand,1576
167,RSC AnderlechtBelgium,RSC Anderlecht,Belgium,1576
168,Colo ColoChile,Colo Colo,Chile,1575
169,QarabağAzerbaijan,Qarabağ,Azerbaijan,1574
170,Estudiantes de la PlataArgentina,Estudiantes de la Plata,Argentina,1574
171,Zorya LuhanskUkraine,Zorya Luhansk,Ukraine,1574
172,Sturm GrazAustria,Sturm Graz,Austria,1573
173,Litex LovechBulgaria,Litex Lovech,Bulgaria,1573
174,Kawasaki FrontaleJapan,Kawasaki Frontale,Japan,1572
175,CSKA MoskvaRussia,CSKA Moskva,Russia,1572
176,OlimpiaHonduras,Olimpia,Honduras,1572
177,Atlético NacionalColombia,Atlético Nacional,Colombia,1569
178,Al-SaddQatar,Al-Sadd,Qatar,1568
179,Al IttihadSaudi Arabia,Al Ittihad,Saudi Arabia,1568
180,Dinamo MoskvaRussia,Dinamo Moskva,Russia,1567
181,Dacia ChisinauMoldova,Dacia Chisinau,Moldova,1567
182,LanúsArgentina,Lanús,Argentina,1564
183,FC MidtjyllandDenmark,FC Midtjylland,Denmark,1563
184,América de CaliColombia,América de Cali,Colombia,1563
185,GironaSpain,Girona,Spain,1563
186,CFR ClujRomania,CFR Cluj,Romania,1560
187,SepahanIran,Sepahan,Iran,1559
188,Independiente RivadaviaArgentina,Independiente Rivadavia,Argentina,1557
189,Omonia NicosiaCyprus,Omonia Nicosia,Cyprus,1556
190,SC Dnipro-1Ukraine,SC Dnipro-1,Ukraine,1554
191,Universidad CatólicaEcuador,Universidad Católica,Ecuador,1554
192,PortuguesaBrazil,Portuguesa,Brazil,1554
193,San Lorenzo de AlmagroArgentina,San Lorenzo de Almagro,Argentina,1554
194,Independiente MedellínColombia,Independiente Medellín,Colombia,1553
195,SD HuescaSpain,SD Huesca,Spain,1553
196,AuxerreFrance,Auxerre,France,1553
197,The StrongestBolivia,The Strongest,Bolivia,1552
198,Slovan BratislavaSlovakia,Slovan Bratislava,Slovakia,1552
199,Deportivo RiestraArgentina,Deportivo Riestra,Argentina,1551
200,Atlético PRBrazil,Atlético PR,Brazil,1551
201,Baník OstravaCzech Republic,Baník Ostrava,Czech Republic,1551
202,Shamrock RoversIreland,Shamrock Rovers,Ireland,1550
203,Atletico Petro LuandaAngola,Atletico Petro Luanda,Angola,1550
204,Maccabi Haifa FCIsrael,Maccabi Haifa FC,Israel,1549
205,CagliariItaly,Cagliari,Italy,1548
206,BeşiktaşTurkey,Beşiktaş,Turkey,1548
207,TP MazembeCongo DR,TP MazembeCongo DR,#N/A,1548
208,APOEL NicosiaCyprus,APOEL Nicosia,Cyprus,1547
209,Ceará SCBrazil,Ceará SC,Brazil,1547
210,UdineseItaly,Udinese,Italy,1546
211,Lokomotiv MoskvaRussia,Lokomotiv Moskva,Russia,1544
212,KuPSFinland,KuPS,Finland,1544
213,TigreArgentina,Tigre,Argentina,1542
214,Mirassol Futebol ClubeBrazil,Mirassol Futebol Clube,Brazil,1542
215,FC KrasnodarRussia,FC Krasnodar,Russia,1541
216,VitóriaBrazil,Vitória,Brazil,1541
217,Fortuna DüsseldorfGermany,Fortuna Düsseldorf,Germany,1541
218,Vélez SarsfieldArgentina,Vélez Sarsfield,Argentina,1540
219,Malmö FFSweden,Malmö FF,Sweden,1539
220,Olimpija LjubljanaSlovenia,Olimpija Ljubljana,Slovenia,1539
221,Hamburger SVGermany,Hamburger SV,Germany,1539
222,Nomme Kalju FC (EST)Estonia,Nomme Kalju FC (EST),Estonia,1539
223,Parma Calcio 1913Italy,Parma Calcio 1913,Italy,1539
224,Vasco da GamaBrazil,Vasco da Gama,Brazil,1538
225,MariborSlovenia,Maribor,Slovenia,1538
226,El ZamalekEgypt,El Zamalek,Egypt,1538
227,Cherno More VarnaBulgaria,Cherno More Varna,Bulgaria,1538
228,RCA Raja Casablanca AthleticMorocco,RCA Raja Casablanca Athletic,Morocco,1537
229,Hammarby IFSweden,Hammarby IF,Sweden,1537
230,Barcelona SCEcuador,Barcelona SC,Ecuador,1536
231,Dnipro DnipropetrovskUkraine,Dnipro Dnipropetrovsk,Ukraine,1536
232,Hajduk SplitCroatia,Hajduk Split,Croatia,1535
233,Al-Duhail SCQatar,Al-Duhail SC,Qatar,1535
234,Tractor SaziIran,Tractor Sazi,Iran,1535
235,Cerro PorteñoParaguay,Cerro Porteño,Paraguay,1534
236,TolimaColombia,Tolima,Colombia,1534
237,Shanghai ShenhuaChina PR,Shanghai ShenhuaChina PR,#N/A,1533
238,IngolstadtGermany,Ingolstadt,Germany,1532
239,Lokomotiv AstanaKazakhstan,Lokomotiv Astana,Kazakhstan,1531
240,Shanghai Port F.C.China PR,Shanghai Port F.C.China PR,#N/A,1531
241,Spartak MoskvaRussia,Spartak Moskva,Russia,1530
242,PFC SochiRussia,PFC Sochi,Russia,1530
243,FC BaselSwitzerland,FC Basel,Switzerland,1529
244,Hellas VeronaItaly,Hellas Verona,Italy,1529
245,GuadalajaraMexico,Guadalajara,Mexico,1529
246,Wydad CasablancaMorocco,Wydad Casablanca,Morocco,1529
247,Young BoysSwitzerland,Young Boys,Switzerland,1528
248,RijekaCroatia,Rijeka,Croatia,1528
249,CarpiItaly,Carpi,Italy,1528
250,Cádiz CFSpain,Cádiz CF,Spain,1527
251,1. FC KölnGermany,1. FC Köln,Germany,1527
252,Kashima AntlersJapan,Kashima Antlers,Japan,1526
253,LecceItaly,Lecce,Italy,1526
254,Stoke CityEngland,Stoke City,England,1526
255,FBC MelgarPeru,FBC Melgar,Peru,1525
256,Buriram UnitedThailand,Buriram United,Thailand,1524
257,Vissel KobeJapan,Vissel Kobe,Japan,1524
258,CR BelouizdadAlgeria,CR Belouizdad,Algeria,1524
259,Universidad de ChileChile,Universidad de Chile,Chile,1524
260,Sporting CristalPeru,Sporting Cristal,Peru,1523
261,1. FC HeidenheimGermany,1. FC Heidenheim,Germany,1522
262,Al AhliUnited Arab Emirates,Al Ahli,United Arab Emirates,1522
263,RS BerkaneMorocco,RS Berkane,Morocco,1522
264,ElcheSpain,Elche,Spain,1522
265,US MonastirTunisia,US Monastir,Tunisia,1521
266,TrabzonsporTurkey,Trabzonspor,Turkey,1521
267,Orlando PiratesSouth Africa,Orlando Pirates,South Africa,1520
268,FC FamalicãoPortugal,FC Famalicão,Portugal,1519
269,Deportivo SaprissaCosta Rica,Deportivo Saprissa,Costa Rica,1518
270,Junior FCColombia,Junior FC,Colombia,1518
271,Lech PoznańPoland,Lech Poznań,Poland,1517
272,ElfsborgSweden,Elfsborg,Sweden,1517
273,MC AlgerAlgeria,MC Alger,Algeria,1517
274,EibarSpain,Eibar,Spain,1517
275,Molde FKNorway,Molde FK,Norway,1516
276,AucasEcuador,Aucas,Ecuador,1516
277,Aris Thessaloniki FCGreece,Aris Thessaloniki FC,Greece,1516
278,Swansea CityEngland,Swansea City,England,1515
279,OleksandriyaUkraine,Oleksandriya,Ukraine,1515
280,Wigan AthleticEngland,Wigan Athletic,England,1515
281,NEC NijmegenNetherlands,NEC Nijmegen,Netherlands,1514
282,Schalke 04Germany,Schalke 04,Germany,1514
283,NK CeljeSlovenia,NK Celje,Slovenia,1514
284,JablonecCzech Republic,Jablonec,Czech Republic,1513
285,Etoile du SahelTunisia,Etoile du Sahel,Tunisia,1513
286,Godoy Cruz Antonio TombaArgentina,Godoy Cruz Antonio Tomba,Argentina,1512
287,LiverpoolUruguay,Liverpool,Uruguay,1512
288,Ulsan HyundaiSouth Korea,Ulsan Hyundai,South Korea,1512
289,KS Raków CzęstochowaPoland,KS Raków Częstochowa,Poland,1511
290,Kairat AlmatyKazakhstan,Kairat Almaty,Kazakhstan,1510
291,Royal Antwerp FCBelgium,Royal Antwerp FC,Belgium,1510
292,Santa FeColombia,Santa Fe,Colombia,1509
293,Viking FKNorway,Viking FK,Norway,1509
294,DSC Arminia BielefeldGermany,DSC Arminia Bielefeld,Germany,1508
295,Newell's Old BoysArgentina,Newell's Old Boys,Argentina,1508
296,Stade Malien BamakoMali,Stade Malien Bamako,Mali,1508
297,Jeonbuk FCSouth Korea,Jeonbuk FC,South Korea,1507
298,Vita ClubCongo DR,Vita ClubCongo DR,#N/A,1506
299,Alianza LimaPeru,Alianza Lima,Peru,1506
300,HJK HelsinkiFinland,HJK Helsinki,Finland,1506
301,Barracas CentralArgentina,Barracas Central,Argentina,1506
302,Al Hilal OmdurmanSudan,Al Hilal Omdurman,Sudan,1506
303,Sanfrecce HiroshimaJapan,Sanfrecce Hiroshima,Japan,1505
304,Sporting GijónSpain,Sporting Gijón,Spain,1504
305,St. PauliGermany,St. Pauli,Germany,1504
306,LD AlajuelenseCosta Rica,LD Alajuelense,Costa Rica,1504
307,Beijing GuoanChina PR,Beijing GuoanChina PR,#N/A,1504
308,CS Universitatea CraiovaRomania,CS Universitatea Craiova,Romania,1503
309,Chengdu Rongcheng F.C.China PR,Chengdu Rongcheng F.C.China PR,#N/A,1502
310,TimişoaraRomania,Timişoara,Romania,1502
311,Leeds UnitedEngland,Leeds United,England,1502
312,LeónMexico,León,Mexico,1501
313,Neath AthleticWales,Neath Athletic,Wales,1501
314,Dunajska StredaSlovakia,Dunajska Streda,Slovakia,1500
315,NantesFrance,Nantes,France,1500
316,Always ReadyBolivia,Always Ready,Bolivia,1499
317,Talleres de CordobaArgentina,Talleres de Cordoba,Argentina,1499
318,BurnleyEngland,Burnley,England,1499
319,Puskás FCHungary,Puskás FC,Hungary,1499
320,Empoli FCItaly,Empoli FC,Italy,1498
321,Birmingham CityEngland,Birmingham City,England,1498
322,Team WellingtonNew Zealand,Team Wellington,New Zealand,1498
323,LibertadParaguay,Libertad,Paraguay,1497
324,CA Central CordobaArgentina,CA Central Cordoba,Argentina,1497
325,Neman GrodnoBelarus,Neman Grodno,Belarus,1497
326,İstanbul BaşakşehirTurkey,İstanbul Başakşehir,Turkey,1497
327,1º de AgostoAngola,1º de Agosto,Angola,1496
328,Paide LinnameeskondEstonia,Paide Linnameeskond,Estonia,1496
329,FrosinoneItaly,Frosinone,Italy,1496
330,BrøndbyDenmark,Brøndby,Denmark,1495
331,EsteghlalIran,Esteghlal,Iran,1495
332,Defensa y JusticiaArgentina,Defensa y Justicia,Argentina,1495
333,CuiabaBrazil,Cuiaba,Brazil,1495
334,Las PalmasSpain,Las Palmas,Spain,1495
335,Bangkok UnitedThailand,Bangkok United,Thailand,1494
336,CataniaItaly,Catania,Italy,1494
337,Santos FCBrazil,Santos FC,Brazil,1494
338,Club Sport HeredianoCosta Rica,Club Sport Herediano,Costa Rica,1493
339,GoiásBrazil,Goiás,Brazil,1493
340,ServetteSwitzerland,Servette,Switzerland,1492
341,AIKSweden,AIK,Sweden,1492
342,Columbus CrewUnited States,Columbus Crew,United States,1492
343,Club Atlético BucaramangaColombia,Club Atlético Bucaramanga,Colombia,1492
344,Deportivo XerezSpain,Deportivo Xerez,Spain,1491
345,Hertha BSCGermany,Hertha BSC,Germany,1491
346,Sparta RotterdamNetherlands,Sparta Rotterdam,Netherlands,1490
347,Pumas UNAMMexico,Pumas UNAM,Mexico,1490
348,SochauxFrance,Sochaux,France,1490
349,Atlético TucumánArgentina,Atlético Tucumán,Argentina,1489
350,Monarcas MoreliaMexico,Monarcas Morelia,Mexico,1488
351,PalestinoChile,Palestino,Chile,1488
352,ASEC MimosasIvory Coast,ASEC Mimosas,Ivory Coast,1488
353,Holstein KielGermany,Holstein Kiel,Germany,1487
354,Legia WarszawaPoland,Legia Warszawa,Poland,1487
355,Go Ahead EaglesNetherlands,Go Ahead Eagles,Netherlands,1487
356,Apollon LimassolCyprus,Apollon Limassol,Cyprus,1486
357,ReimsFrance,Reims,France,1486
358,Riga FCLatvia,Riga FC,Latvia,1486
359,Deportivo La CoruñaSpain,Deportivo La Coruña,Spain,1486
360,VfL BochumGermany,VfL Bochum,Germany,1485
361,Zalgiris VilniusLithuania,Zalgiris Vilnius,Lithuania,1485
362,Patronato de ParanaArgentina,Patronato de Parana,Argentina,1484
363,BelgranoArgentina,Belgrano,Argentina,1483
364,Al-MerreikhSudan,Al-Merreikh,Sudan,1483
365,JS KabylieAlgeria,JS Kabylie,Algeria,1483
366,GentBelgium,Gent,Belgium,1482
367,Torpedo ZhodinoBelarus,Torpedo Zhodino,Belarus,1482
368,US CremoneseItaly,US Cremonese,Italy,1482
369,Yokohama F. MarinosJapan,Yokohama F. Marinos,Japan,1482
370,AlmeríaSpain,Almería,Spain,1482
371,LASK LinzAustria,LASK Linz,Austria,1481
372,Jiangsu Suning FCChina PR,Jiangsu Suning FCChina PR,#N/A,1481
373,OlimpiaParaguay,Olimpia,Paraguay,1480
374,Los Angeles FCUnited States,Los Angeles FC,United States,1480
375,BudućnostMontenegro,Budućnost,Montenegro,1480
376,NecaxaMexico,Necaxa,Mexico,1480
377,Venezia FCItaly,Venezia FC,Italy,1479
378,Al ShababSaudi Arabia,Al Shabab,Saudi Arabia,1479
379,CSD MunicipalGuatemala,CSD Municipal,Guatemala,1479
380,Once CaldasColombia,Once Caldas,Colombia,1478
381,DjurgårdenSweden,Djurgården,Sweden,1478
382,Mjällby AIFSweden,Mjällby AIF,Sweden,1478
383,West BromEngland,West Brom,England,1478
384,CD Santa ClaraPortugal,CD Santa Clara,Portugal,1477
385,SK BrannNorway,SK Brann,Norway,1477
386,Rosenborg BKNorway,Rosenborg BK,Norway,1476
387,FC Infonet TallinnEstonia,FC Infonet Tallinn,Estonia,1476
388,ASD Spezia Calcio 2008Italy,ASD Spezia Calcio 2008,Italy,1475
389,Shandong Taishan F.C.China PR,Shandong Taishan F.C.China PR,#N/A,1475
390,Bolton WanderersEngland,Bolton Wanderers,England,1475
391,LinfieldNorthern Ireland,Linfield,Northern Ireland,1475
392,CS Deportivo PereiraColombia,CS Deportivo Pereira,Colombia,1475
393,Urawa Red DiamondsJapan,Urawa Red Diamonds,Japan,1474
394,Coquimbo UnidoChile,Coquimbo Unido,Chile,1474
395,Instituto Atlético Central CórdobaArgentina,Instituto Atlético Central Córdoba,Argentina,1473
396,Nasaf QarshiUzbekistan,Nasaf Qarshi,Uzbekistan,1473
397,Leicester CityEngland,Leicester City,England,1473
398,St Patrick'sIreland,St Patrick's,Ireland,1473
399,Cardiff CityEngland,Cardiff City,England,1472
400,Sporting CharleroiBelgium,Sporting Charleroi,Belgium,1472
401,Rigas Futbola skolaLatvia,Rigas Futbola skola,Latvia,1472
402,Györi ETOHungary,Györi ETO,Hungary,1471
403,Rubin KazanRussia,Rubin Kazan,Russia,1471
404,Atlético GoianienseBrazil,Atlético Goianiense,Brazil,1471
405,Real ZaragozaSpain,Real Zaragoza,Spain,1470
406,Spartak TrnavaSlovakia,Spartak Trnava,Slovakia,1470
407,Hull CityEngland,Hull City,England,1470
408,SassuoloItaly,Sassuolo,Italy,1470
409,AroucaPortugal,Arouca,Portugal,1469
410,AL AhedLebanon,AL Ahed,Lebanon,1469
411,BlackpoolEngland,Blackpool,England,1469
412,NordsjællandDenmark,Nordsjælland,Denmark,1469
413,LorientFrance,Lorient,France,1468
414,SamsunsporTurkey,Samsunspor,Turkey,1468
415,Wolfsberger ACAustria,Wolfsberger AC,Austria,1468
416,FUS RabatMorocco,FUS Rabat,Morocco,1468
417,AnorthosisCyprus,Anorthosis,Cyprus,1467
418,EstorilPortugal,Estoril,Portugal,1467
419,Borac Banja LukaBosnia and Herzegovina,Borac Banja LukaBosnia and,Herzegovina,1467
420,MotaguaHonduras,Motagua,Honduras,1467
421,EC JuventudeBrazil,EC Juventude,Brazil,1466
422,Al-Ain FCUnited Arab Emirates,Al-Ain FC,United Arab Emirates,1466
423,Luton Town F.C.England,Luton Town F.C.,England,1466
424,Coton SportCameroon,Coton Sport,Cameroon,1465
425,TenerifeSpain,Tenerife,Spain,1465
426,SC BastiaFrance,SC Bastia,France,1464
427,FC Arda KardzhaliBulgaria,FC Arda Kardzhali,Bulgaria,1464
428,Connah's QuayWales,Connah's Quay,Wales,1464
429,Austria WienAustria,Austria Wien,Austria,1464
430,Pohang SteelersSouth Korea,Pohang Steelers,South Korea,1464
431,CS PetrocubMoldova,CS Petrocub,Moldova,1463
432,Sporting FingalIreland,Sporting Fingal,Ireland,1463
433,FK Akhmat GroznyRussia,FK Akhmat Grozny,Russia,1463
434,KoperSlovenia,Koper,Slovenia,1463
435,Le Havre ACFrance,Le Havre AC,France,1463
436,Sillamäe KalevEstonia,Sillamäe Kalev,Estonia,1462
437,Alianza FCEl Salvador,Alianza FC,El Salvador,1462
438,GuaraníParaguay,Guaraní,Paraguay,1462
439,Defensor SportingUruguay,Defensor Sporting,Uruguay,1462
440,Vancouver WhitecapsCanada,Vancouver Whitecaps,Canada,1462
441,Al-Wehdat SCJordan,Al-Wehdat SC,Jordan,1461
442,Atlético San LuisMexico,Atlético San Luis,Mexico,1461
443,Derry CityIreland,Derry City,Ireland,1461
444,MoreirensePortugal,Moreirense,Portugal,1460
445,Al WahdaUnited Arab Emirates,Al Wahda,United Arab Emirates,1460
446,CriciúmaBrazil,Criciúma,Brazil,1460
447,KF ShkendijaMacedonia,KF Shkendija,Macedonia,1460
448,Pogoń SzczecinPoland,Pogoń Szczecin,Poland,1460
449,Djoliba ACMali,Djoliba AC,Mali,1459
450,BrasiliaBrazil,Brasilia,Brazil,1459
451,Cusco FCPeru,Cusco FC,Peru,1459
452,IlvesFinland,Ilves,Finland,1459
453,Seattle Sounders FCUnited States,Seattle Sounders FC,United States,1459
454,Blackburn Rovers F.C.England,Blackburn Rovers F.C.,England,1459
455,CS SfaxienTunisia,CS Sfaxien,Tunisia,1458
456,Orense SCEcuador,Orense SC,Ecuador,1458
457,BATE BorisovBelarus,BATE Borisov,Belarus,1458
458,VojvodinaSerbia,Vojvodina,Serbia,1458
459,El NacionalEcuador,El Nacional,Ecuador,1458
460,Slovan LiberecCzech Republic,Slovan Liberec,Czech Republic,1457
461,Rapid WienAustria,Rapid Wien,Austria,1457
462,Colombe du Dja et LoboCameroon,Colombe du Dja et Lobo,Cameroon,1457
463,Paksi SEHungary,Paksi SE,Hungary,1457
464,Olympiakos VolosGreece,Olympiakos Volos,Greece,1457
465,PEC ZwolleNetherlands,PEC Zwolle,Netherlands,1457
466,CS ConstantineAlgeria,CS Constantine,Algeria,1457
467,KryvbasUkraine,Kryvbas,Ukraine,1456
468,NovaraItaly,Novara,Italy,1456
469,FC VasluiRomania,FC Vaslui,Romania,1456
470,KasımpaşaTurkey,Kasımpaşa,Turkey,1456
471,Casa PiaPortugal,Casa Pia,Portugal,1455
472,SienaItaly,Siena,Italy,1455
473,Mushuc Runa SCEcuador,Mushuc Runa SC,Ecuador,1454
474,Philadelphia UnionUnited States,Philadelphia Union,United States,1454
475,Eintracht BraunschweigGermany,Eintracht Braunschweig,Germany,1454
476,CoritibaBrazil,Coritiba,Brazil,1454
477,Club TijuanaMexico,Club Tijuana,Mexico,1454
478,Hradec KrálovéCzech Republic,Hradec Králové,Czech Republic,1454
479,Jagiellonia BiałystokPoland,Jagiellonia Białystok,Poland,1454
480,TiraspolMoldova,Tiraspol,Moldova,1452
481,Polissya ZhytomyrUkraine,Polissya Zhytomyr,Ukraine,1452
482,Club AfricainTunisia,Club Africain,Tunisia,1452
483,Ponte PretaBrazil,Ponte Preta,Brazil,1451
484,Deportivo CuencaEcuador,Deportivo Cuenca,Ecuador,1451
485,Real EstelíNicaragua,Real Estelí,Nicaragua,1451
486,Bidvest WitsSouth Africa,Bidvest Wits,South Africa,1451
487,FC Milsami OrheiMoldova,FC Milsami Orhei,Moldova,1451
488,SC Paderborn 07Germany,SC Paderborn 07,Germany,1451
489,Tobol KostanayKazakhstan,Tobol Kostanay,Kazakhstan,1451
490,GranadaSpain,Granada,Spain,1450
491,Rio AvePortugal,Rio Ave,Portugal,1449
492,FK Desna ChernihivUkraine,FK Desna Chernihiv,Ukraine,1449
493,OsijekCroatia,Osijek,Croatia,1448
494,Gimcheon Sangmu FCSouth Korea,Gimcheon Sangmu FC,South Korea,1448
495,Queens Park RangersEngland,Queens Park Rangers,England,1448
496,Nîmes OlympiqueFrance,Nîmes Olympique,France,1447
497,HibernianScotland,Hibernian,Scotland,1447
498,Universidad CatólicaChile,Universidad Católica,Chile,1447
499,Nueva ChicagoArgentina,Nueva Chicago,Argentina,1447
500,Clermont FootFrance,Clermont Foot,France,1446
501,MálagaSpain,Málaga,Spain,1446
502,Topolski Sportski ClubSerbia,Topolski Sportski Club,Serbia,1445
503,Gimnasia y Esgrima La PlataArgentina,Gimnasia y Esgrima La Plata,Argentina,1445
504,Sport RecifeBrazil,Sport Recife,Brazil,1445
505,Deportivo PastoColombia,Deportivo Pasto,Colombia,1444
506,SC HeerenveenNetherlands,SC Heerenveen,Netherlands,1444
507,FC SeoulSouth Korea,FC Seoul,South Korea,1443
508,Ipswich Town F.C.England,Ipswich Town F.C.,England,1443
509,MiddlesbroughEngland,Middlesbrough,England,1443
510,Racing ClubUruguay,Racing Club,Uruguay,1442
511,LuganoSwitzerland,Lugano,Switzerland,1442
512,ŽilinaSlovakia,Žilina,Slovakia,1442
513,FK SarajevoBosnia and Herzegovina,FK SarajevoBosnia and,Herzegovina,1442
514,Iskra-StalMoldova,Iskra-Stal,Moldova,1441
515,San Martín de TucumánArgentina,San Martín de Tucumán,Argentina,1441
516,Delfin SCEcuador,Delfin SC,Ecuador,1440
517,HonkaFinland,Honka,Finland,1440
518,Unión Santa FeArgentina,Unión Santa Fe,Argentina,1440
519,FC Inter Turku (FIN)Finland,FC Inter Turku (FIN),Finland,1440
520,FK RostovRussia,FK Rostov,Russia,1440
521,BK HäckenSweden,BK Häcken,Sweden,1439
522,SarmientoArgentina,Sarmiento,Argentina,1439
523,NancyFrance,Nancy,France,1439
524,EmelecEcuador,Emelec,Ecuador,1439
525,Evian TGFrance,Evian TG,France,1439
526,GFC AjaccioFrance,GFC Ajaccio,France,1438
527,Mohun Bagan Super GiantIndia,Mohun Bagan Super Giant,India,1437
528,Santo AndréBrazil,Santo André,Brazil,1437
529,AlanyasporTurkey,Alanyaspor,Turkey,1437
530,América MineiroBrazil,América Mineiro,Brazil,1436
531,Pakhtakor TashkentUzbekistan,Pakhtakor Tashkent,Uzbekistan,1436
532,Saint-Eloi LupopoCongo DR,Saint-Eloi LupopoCongo DR,#N/A,1436
533,Rapid BucureştiRomania,Rapid Bucureşti,Romania,1436
534,Remo StarsNigeria,Remo Stars,Nigeria,1435
535,IslochBelarus,Isloch,Belarus,1435
536,KV MechelenBelgium,KV Mechelen,Belgium,1435
537,Orlando CityUnited States,Orlando City,United States,1434
538,Boston RiverUruguay,Boston River,Uruguay,1434
539,CiencianoPeru,Cienciano,Peru,1434
540,FigueirenseBrazil,Figueirense,Brazil,1434
541,Cerezo OsakaJapan,Cerezo Osaka,Japan,1433
542,Ordabasy ShymkentKazakhstan,Ordabasy Shymkent,Kazakhstan,1433
543,Heart of MidlothianScotland,Heart of Midlothian,Scotland,1433
544,Metalurh DonetskUkraine,Metalurh Donetsk,Ukraine,1432
545,Al MasryEgypt,Al Masry,Egypt,1432
546,Bangor CityWales,Bangor City,Wales,1432
547,SunderlandEngland,Sunderland,England,1432
548,AL Ansar SCLebanon,AL Ansar SC,Lebanon,1432
549,Sportivo AmelianoParaguay,Sportivo Ameliano,Paraguay,1432
550,ÁguilaEl Salvador,Águila,El Salvador,1432
551,AktobeKazakhstan,Aktobe,Kazakhstan,1432
552,ReadingEngland,Reading,England,1431
553,AngersFrance,Angers,France,1431
554,HérculesSpain,Hércules,Spain,1431
555,Audax Italiano La FloridaChile,Audax Italiano La Florida,Chile,1430
556,Dempo SCIndia,Dempo SC,India,1430
557,Diriangén FCNicaragua,Diriangén FC,Nicaragua,1430
558,Dolphins FCNigeria,Dolphins FC,Nigeria,1429
559,FC ZürichSwitzerland,FC Zürich,Switzerland,1429
560,Hannover 96Germany,Hannover 96,Germany,1429
561,Saint-ÉtienneFrance,Saint-Étienne,France,1429
562,ČukaričkiSerbia,Čukarički,Serbia,1428
563,PortsmouthEngland,Portsmouth,England,1428
564,Gwangju FCSouth Korea,Gwangju FC,South Korea,1428
565,ShelbourneIreland,Shelbourne,Ireland,1427
566,Stellenbosch FCSouth Africa,Stellenbosch FC,South Africa,1427
567,El Jaish (Doha)Qatar,El Jaish (Doha),Qatar,1427
568,Mount Pleasant FCJamaica,Mount Pleasant FC,Jamaica,1427
569,Motema PembeCongo DR,Motema PembeCongo DR,#N/A,1426
570,Amiens SCFrance,Amiens SC,France,1426
571,Al TaawonSaudi Arabia,Al Taawon,Saudi Arabia,1426
572,Sportivo TrinidenseParaguay,Sportivo Trinidense,Paraguay,1425
573,Krylya Sovetov SamaraRussia,Krylya Sovetov Samara,Russia,1425
574,FC UralRussia,FC Ural,Russia,1425
575,AtlasMexico,Atlas,Mexico,1425
576,Sharjah Cultural ClubUnited Arab Emirates,Sharjah Cultural Club,United Arab Emirates,1425
577,BanfieldArgentina,Banfield,Argentina,1424
578,MetzFrance,Metz,France,1424
579,Inter Miami CFUnited States,Inter Miami CF,United States,1424
580,Gil Vicente FCPortugal,Gil Vicente FC,Portugal,1423
581,GOL Gohar Sirjan FCIran,GOL Gohar Sirjan FC,Iran,1423
582,Persib BandungIndonesia,Persib Bandung,Indonesia,1423
583,Guarani FCBrazil,Guarani FC,Brazil,1422
584,Antigua GuatemalaGuatemala,Antigua Guatemala,Guatemala,1422
585,CSD ComunicacionesGuatemala,CSD Comunicaciones,Guatemala,1422
586,Águilas DoradasColombia,Águilas Doradas,Colombia,1422
587,MarathónHonduras,Marathón,Honduras,1422
588,All BoysArgentina,All Boys,Argentina,1422
589,Everton CDChile,Everton CD,Chile,1422
590,ES SétifAlgeria,ES Sétif,Algeria,1421
591,Deportivo HerediaGuatemala,Deportivo Heredia,Guatemala,1421
592,Melbourne City FCAustralia,Melbourne City FC,Australia,1421
593,Atlético RafaelaArgentina,Atlético Rafaela,Argentina,1420
594,BordeauxFrance,Bordeaux,France,1420
595,FC BrestBelarus,FC Brest,Belarus,1420
596,Cerro LargoUruguay,Cerro Largo,Uruguay,1420
597,KonyasporTurkey,Konyaspor,Turkey,1419
598,Defence Force FCTrinidad and Tobago,Defence Force FCTrinidad and,Tobago,1419
599,KaiserslauternGermany,Kaiserslautern,Germany,1419
600,USM AlgerAlgeria,USM Alger,Algeria,1419
601,Muangthong UnitedThailand,Muangthong United,Thailand,1419
602,Port F.C.Thailand,Port F.C.,Thailand,1419
603,FC St. Gallen 1879Switzerland,FC St. Gallen 1879,Switzerland,1418
604,EnyimbaNigeria,Enyimba,Nigeria,1418
605,FC CincinnatiUnited States,FC Cincinnati,United States,1418
606,Nagoya Grampus EightJapan,Nagoya Grampus Eight,Japan,1418
607,Fatih KaragümrükTurkey,Fatih Karagümrük,Turkey,1418
608,DynamosZimbabwe,Dynamos,Zimbabwe,1417
609,Bala Town FCWales,Bala Town FC,Wales,1417
610,FC PlatinumZimbabwe,FC Platinum,Zimbabwe,1416
611,Larne FCNorthern Ireland,Larne FC,Northern Ireland,1416
612,Cercle BruggeBelgium,Cercle Brugge,Belgium,1416
613,SK Sigma OlomoucCzech Republic,SK Sigma Olomouc,Czech Republic,1416
614,MoskvaRussia,Moskva,Russia,1416
615,FC Ruh BrestBelarus,FC Ruh Brest,Belarus,1416
616,CrotoneItaly,Crotone,Italy,1416
617,Al WaslUnited Arab Emirates,Al Wasl,United Arab Emirates,1416
618,Alianza AtléticoPeru,Alianza Atlético,Peru,1416
619,GuingampFrance,Guingamp,France,1415
620,Al-Faisaly SC AmmanJordan,Al-Faisaly SC Amman,Jordan,1415
621,NeftçiAzerbaijan,Neftçi,Azerbaijan,1415
622,Stade TunisienTunisia,Stade Tunisien,Tunisia,1414
623,RizesporTurkey,Rizespor,Turkey,1414
624,FC CSKA 1948 SofiaBulgaria,FC CSKA 1948 Sofia,Bulgaria,1414
625,Asociación Deportiva Tarma (ADT)Peru,Asociación Deportiva Tarma (ADT),Peru,1414
626,Avaí FCBrazil,Avaí FC,Brazil,1414
627,WatfordEngland,Watford,England,1413
628,Santa CruzBrazil,Santa Cruz,Brazil,1412
629,Viitorul ConstanţaRomania,Viitorul Constanţa,Romania,1412
630,Olympic Club de SafiMorocco,Olympic Club de Safi,Morocco,1412
631,CobresalChile,Cobresal,Chile,1411
632,GunnersZimbabwe,Gunners,Zimbabwe,1411
633,Sagrada EsperançaAngola,Sagrada Esperança,Angola,1411
634,Amkar Perm'Russia,Amkar Perm',Russia,1411
635,Foolad KhuzestanIran,Foolad Khuzestan,Iran,1410
636,Nacional PotosíBolivia,Nacional Potosí,Bolivia,1410
637,Hapoel HaifaIsrael,Hapoel Haifa,Israel,1410
638,Farul ConstanțaRomania,Farul Constanța,Romania,1410
639,Gamba OsakaJapan,Gamba Osaka,Japan,1410
640,Universitatea ClujRomania,Universitatea Cluj,Romania,1410
641,Gangwon FCSouth Korea,Gangwon FC,South Korea,1410
642,Dinamo TbilisiGeorgia,Dinamo Tbilisi,Georgia,1409
643,Paradou ACAlgeria,Paradou AC,Algeria,1409
644,ÑublenseChile,Ñublense,Chile,1409
645,Gazişehir Gaziantep FKTurkey,Gazişehir Gaziantep FK,Turkey,1409
646,Bohemian FCIreland,Bohemian FC,Ireland,1409
647,Shakhtyor SoligorskBelarus,Shakhtyor Soligorsk,Belarus,1408
648,FK Zirka KirovohradUkraine,FK Zirka Kirovohrad,Ukraine,1408
649,Enugu RangersNigeria,Enugu Rangers,Nigeria,1408
650,Real EspañaHonduras,Real España,Honduras,1408
651,BeneventoItaly,Benevento,Italy,1408
652,VPSFinland,VPS,Finland,1408
653,Mahindra UnitedIndia,Mahindra United,India,1408
654,KayserisporTurkey,Kayserispor,Turkey,1407
655,Incheon UnitedSouth Korea,Incheon United,South Korea,1407
656,WesterloBelgium,Westerlo,Belgium,1407
657,Plateau UnitedNigeria,Plateau United,Nigeria,1407
658,Botev PlovdivBulgaria,Botev Plovdiv,Bulgaria,1407
659,FC Dinamo BatumiGeorgia,FC Dinamo Batumi,Georgia,1407
660,Técnico UniversitarioEcuador,Técnico Universitario,Ecuador,1407
661,SampdoriaItaly,Sampdoria,Italy,1407
662,Kuban' KrasnodarRussia,Kuban' Krasnodar,Russia,1406
663,Le MansFrance,Le Mans,France,1406
664,Rukh VynnykyUkraine,Rukh Vynnyky,Ukraine,1405
665,AS Réal BamakoMali,AS Réal Bamako,Mali,1405
666,XelajúGuatemala,Xelajú,Guatemala,1405
667,Club Atlético GrauPeru,Club Atlético Grau,Peru,1405
668,Colón Santa FeArgentina,Colón Santa Fe,Argentina,1405
669,JS SaouraAlgeria,JS Saoura,Algeria,1405
670,River Plate PRPuerto Rico,River Plate PR,Puerto Rico,1405
671,NŠ MuraSlovenia,NŠ Mura,Slovenia,1405
672,Joinville ECBrazil,Joinville EC,Brazil,1404
673,AGFDenmark,AGF,Denmark,1404
674,Nejmeh SCLebanon,Nejmeh SC,Lebanon,1404
675,New York Red BullsUnited States,New York Red Bulls,United States,1404
676,Minnesota UnitedUnited States,Minnesota United,United States,1404
677,ZESCO UnitedZambia,ZESCO United,Zambia,1403
678,QuerétaroMexico,Querétaro,Mexico,1403
679,HuachipatoChile,Huachipato,Chile,1401
680,LuzernSwitzerland,Luzern,Switzerland,1401
681,GomelBelarus,Gomel,Belarus,1401
682,Coban ImperialGuatemala,Coban Imperial,Guatemala,1401
683,Stade Renard de MelongCameroon,Stade Renard de Melong,Cameroon,1401
684,LokomotivaCroatia,Lokomotiva,Croatia,1400
685,Nacional AsunciónParaguay,Nacional Asunción,Paraguay,1400
686,FC JuárezMexico,FC Juárez,Mexico,1400
687,BG Pathum UnitedThailand,BG Pathum United,Thailand,1400
688,SaturnRussia,Saturn,Russia,1399
689,Gazelle FC de GarouaCameroon,Gazelle FC de Garoua,Cameroon,1399
690,Fortuna SittardNetherlands,Fortuna Sittard,Netherlands,1399
691,TemperleyArgentina,Temperley,Argentina,1399
692,Arsenal de SarandíArgentina,Arsenal de Sarandí,Argentina,1399
693,Power DynamosZambia,Power Dynamos,Zambia,1399
694,GrenobleFrance,Grenoble,France,1399
695,Beitar Jerusalem FCIsrael,Beitar Jerusalem FC,Israel,1398
696,Piast GliwicePoland,Piast Gliwice,Poland,1398
697,Al Qadsiah FCSaudi Arabia,Al Qadsiah FC,Saudi Arabia,1398
698,U.S. Salernitana 1919Italy,U.S. Salernitana 1919,Italy,1398
699,BariItaly,Bari,Italy,1398
700,PalermoItaly,Palermo,Italy,1397
701,NK BravoSlovenia,NK Bravo,Slovenia,1397
702,Al-RayyanQatar,Al-Rayyan,Qatar,1397
703,SutjeskaMontenegro,Sutjeska,Montenegro,1396
704,HeraclesNetherlands,Heracles,Netherlands,1396
705,EyüpsporTurkey,Eyüpspor,Turkey,1396
706,Vinotinto F.C. EcuadorEcuador,Vinotinto F.C. Ecuador,Ecuador,1396
707,Greuther FürthGermany,Greuther Fürth,Germany,1396
708,AC MonzaItaly,AC Monza,Italy,1396
709,Astra PloieştiRomania,Astra Ploieşti,Romania,1395
710,ASO ChlefAlgeria,ASO Chlef,Algeria,1395
711,FC Iberia 1999Georgia,FC Iberia 1999,Georgia,1395
712,Motor ActionZimbabwe,Motor Action,Zimbabwe,1394
713,Daejeon CitizenSouth Korea,Daejeon Citizen,South Korea,1394
714,BoulogneFrance,Boulogne,France,1394
715,CS Alagoano ALBrazil,CS Alagoano AL,Brazil,1394
716,AL GharafaQatar,AL Gharafa,Qatar,1394
717,Dila GoriGeorgia,Dila Gori,Georgia,1394
718,Unión La CaleraChile,Unión La Calera,Chile,1394
719,Randers FCDenmark,Randers FC,Denmark,1394
720,CaenFrance,Caen,France,1394
721,Radnički 1923 KragujevacSerbia,Radnički 1923 Kragujevac,Serbia,1394
722,AL Ettifaq FCSaudi Arabia,AL Ettifaq FC,Saudi Arabia,1394
723,Sint-TruidenBelgium,Sint-Truiden,Belgium,1393
724,Independiente FBC (Campo Grande)Paraguay,Independiente FBC (Campo Grande),Paraguay,1393
725,Seinaejoen JKFinland,Seinaejoen JK,Finland,1393
726,Portland TimbersUnited States,Portland Timbers,United States,1393
727,Lokomotiv PlovdivBulgaria,Lokomotiv Plovdiv,Bulgaria,1393
728,Grêmio PrudenteBrazil,Grêmio Prudente,Brazil,1393
729,DanubioUruguay,Danubio,Uruguay,1393
730,Simba SCTanzania,Simba SC,Tanzania,1392
731,Pune FCIndia,Pune FC,India,1392
732,Tromsø ILNorway,Tromsø IL,Norway,1392
733,Asante KotokoGhana,Asante Kotoko,Ghana,1391
734,NürnbergGermany,Nürnberg,Germany,1391
735,Alianza FCColombia,Alianza FC,Colombia,1391
736,ZimbruMoldova,Zimbru,Moldova,1391
737,Kashiwa ReysolJapan,Kashiwa Reysol,Japan,1391
738,Sport HuancayoPeru,Sport Huancayo,Peru,1390
739,FC OrenburgRussia,FC Orenburg,Russia,1390
740,Abia WarriorsNigeria,Abia Warriors,Nigeria,1390
741,Zob Ahan Isfahan FCIran,Zob Ahan Isfahan FC,Iran,1390
742,CartaginésCosta Rica,Cartaginés,Costa Rica,1390
743,SilkeborgDenmark,Silkeborg,Denmark,1390
744,Polonia WarszawaPoland,Polonia Warszawa,Poland,1390
745,AuroraBolivia,Aurora,Bolivia,1389
746,FC UfaRussia,FC Ufa,Russia,1389
747,Club Deportivo GarcilasoPeru,Club Deportivo Garcilaso,Peru,1389
748,FC Machida ZelviaJapan,FC Machida Zelvia,Japan,1388
749,Modern Sport FCEgypt,Modern Sport FC,Egypt,1388
750,FC TokyoJapan,FC Tokyo,Japan,1388
751,Mladá BoleslavCzech Republic,Mladá Boleslav,Czech Republic,1388
752,Bohemians 1905Czech Republic,Bohemians 1905,Czech Republic,1388
753,Maghreb FèsMorocco,Maghreb Fès,Morocco,1388
754,New York City FCUnited States,New York City FC,United States,1388
755,HighlandersZimbabwe,Highlanders,Zimbabwe,1388
756,TepliceCzech Republic,Teplice,Czech Republic,1387
757,ValenciennesFrance,Valenciennes,France,1387
758,Zhejiang ProfessionalChina PR,Zhejiang ProfessionalChina PR,#N/A,1387
759,ŽeljezničarBosnia and Herzegovina,ŽeljezničarBosnia and,Herzegovina,1387
760,Ceramica CleopatraEgypt,Ceramica Cleopatra,Egypt,1386
761,SivassporTurkey,Sivasspor,Turkey,1386
762,DarmstadtGermany,Darmstadt,Germany,1386
763,Gornik ZabrzePoland,Gornik Zabrze,Poland,1386
764,Chernomorets BurgasBulgaria,Chernomorets Burgas,Bulgaria,1386
765,AtromitosGreece,Atromitos,Greece,1386
766,AS NikaCongo DR,AS NikaCongo DR,#N/A,1385
767,TSV HartbergAustria,TSV Hartberg,Austria,1385
768,Kyoto Sanga FCJapan,Kyoto Sanga FC,Japan,1385
769,Racing SantanderSpain,Racing Santander,Spain,1385
770,FC GroningenNetherlands,FC Groningen,Netherlands,1385
771,KavalaGreece,Kavala,Greece,1384
772,MP AntalyasporTurkey,MP Antalyaspor,Turkey,1384
773,Union Sportive de DoualaCameroon,Union Sportive de Douala,Cameroon,1384
774,IFK GöteborgSweden,IFK Göteborg,Sweden,1383
775,Mazatlán FCMexico,Mazatlán FC,Mexico,1383
776,Norwich CityEngland,Norwich City,England,1382
777,Oud-Heverlee LeuvenBelgium,Oud-Heverlee Leuven,Belgium,1382
778,Göztepe AŞTurkey,Göztepe AŞ,Turkey,1382
779,Olympique de BamakoMali,Olympique de Bamako,Mali,1382
780,Gyeongnam FCSouth Korea,Gyeongnam FC,South Korea,1382
781,ViborgDenmark,Viborg,Denmark,1382
782,FC Kolos KovalivkaUkraine,FC Kolos Kovalivka,Ukraine,1382
783,Penybont FCWales,Penybont FC,Wales,1381
784,National BankEgypt,National Bank,Egypt,1381
785,Sarpsborg 08Norway,Sarpsborg 08,Norway,1381
786,SéwéIvory Coast,Séwé,Ivory Coast,1381
787,Lobos B.U.A.P.Mexico,Lobos B.U.A.P.,Mexico,1381
788,Johor Darul Ta'zim FCMalaysia,Johor Darul Ta'zim FC,Malaysia,1381
789,Juventud de Las PiedrasUruguay,Juventud de Las Piedras,Uruguay,1381
790,LausanneCameroon,Lausanne,Cameroon,1381
791,San Diego FCUruguay,San Diego FC,Uruguay,1380
792,Arnett GardensJamaica,Arnett Gardens,Jamaica,1380
793,Universidad ConcepciónChile,Universidad Concepción,Chile,1380
794,Slavia SofiaBulgaria,Slavia Sofia,Bulgaria,1380
795,Shooting StarsNigeria,Shooting Stars,Nigeria,1380
796,Deportivo TáchiraVenezuela,Deportivo Táchira,Venezuela,1379
797,Standard LiègeBelgium,Standard Liège,Belgium,1379
798,Cracovia KrakówPoland,Cracovia Kraków,Poland,1379
799,Navbahor NamanganUzbekistan,Navbahor Namangan,Uzbekistan,1379
800,DebrecenHungary,Debrecen,Hungary,1379
801,Al-JaziraUnited Arab Emirates,Al-Jazira,United Arab Emirates,1379
802,Bendel InsuranceNigeria,Bendel Insurance,Nigeria,1378
803,Fortaleza CEIF FCColombia,Fortaleza CEIF FC,Colombia,1378
804,Canon SportifCameroon,Canon Sportif,Cameroon,1378
805,Houston DynamoUnited States,Houston Dynamo,United States,1378
806,St. MirrenScotland,St. Mirren,Scotland,1378
807,AldosiviArgentina,Aldosivi,Argentina,1377
808,Jeju UnitedSouth Korea,Jeju United,South Korea,1377
809,Interclube de AngolaAngola,Interclube de Angola,Angola,1377
810,CD AntofagastaChile,CD Antofagasta,Chile,1377
811,AFC Herrmannstadt SibiuRomania,AFC Herrmannstadt Sibiu,Romania,1377
812,GlentoranNorthern Ireland,Glentoran,Northern Ireland,1377
813,NK Istra 1961Croatia,NK Istra 1961,Croatia,1377
814,Chievo VeronaItaly,Chievo Verona,Italy,1377
815,SiriusSweden,Sirius,Sweden,1376
816,BursasporTurkey,Bursaspor,Turkey,1376
817,Persipura JayapuraIndonesia,Persipura Jayapura,Indonesia,1376
818,Paraná ClubeBrazil,Paraná Clube,Brazil,1376
819,MC OranAlgeria,MC Oran,Algeria,1376
820,Nashville SCUnited States,Nashville SC,United States,1376
821,Sevilla FC Puerto RicoPuerto Rico,Sevilla FC Puerto Rico,Puerto Rico,1375
822,BresciaItaly,Brescia,Italy,1375
823,Plaza ColoniaUruguay,Plaza Colonia,Uruguay,1375
824,sekhukhune united fcSouth Africa,sekhukhune united fc,South Africa,1375
825,Novi PazarSerbia,Novi Pazar,Serbia,1375
826,MacaráEcuador,Macará,Ecuador,1375
827,Deportivo CaliColombia,Deportivo Cali,Colombia,1375
828,CD Plaza AmadorPanama,CD Plaza Amador,Panama,1375
829,Tauro FCPanama,Tauro FC,Panama,1374
830,Charlotte FCUruguay,Charlotte FC,Uruguay,1374
831,Arsenal TulaRussia,Arsenal Tula,Russia,1374
832,UMS de LoumCameroon,UMS de Loum,Cameroon,1374
833,Sepsi OSKRomania,Sepsi OSK,Romania,1373
834,San Martín San JuanArgentina,San Martín San Juan,Argentina,1373
835,Osmanlıspor FKTurkey,Osmanlıspor FK,Turkey,1373
836,San PedroIvory Coast,San Pedro,Ivory Coast,1373
837,MC El BayadhAlgeria,MC El Bayadh,Algeria,1373
838,Deportivo RecoletaParaguay,Deportivo Recoleta,Paraguay,1373
839,Red ArrowsZambia,Red Arrows,Zambia,1372
840,SalgaocarIndia,Salgaocar,India,1372
841,Hekari UnitedPapua New Guinea,Hekari United,Papua New Guinea,1372
842,Karpaty LvivUkraine,Karpaty Lviv,Ukraine,1372
843,Independiente de La ChorreraPanama,Independiente de La Chorrera,Panama,1371
844,Vitória SetúbalPortugal,Vitória Setúbal,Portugal,1371
845,Sheffield United FCEngland,Sheffield United FC,England,1371
846,Leones Negros U. de G.Mexico,Leones Negros U. de G.,Mexico,1371
847,Pusamania Borneo FCIndonesia,Pusamania Borneo FC,Indonesia,1371
848,CliftonvilleNorthern Ireland,Cliftonville,Northern Ireland,1370
849,Akwa UnitedNigeria,Akwa United,Nigeria,1370
850,FC Torpedo MoscowRussia,FC Torpedo Moscow,Russia,1370
851,FredrikstadNorway,Fredrikstad,Norway,1370
852,Pandurii Târgu JiuRomania,Pandurii Târgu Jiu,Romania,1370
853,Slavia-MozyrBelarus,Slavia-Mozyr,Belarus,1370
854,Eding Sport FCCameroon,Eding Sport FC,Cameroon,1370
855,AnkaragücüTurkey,Ankaragücü,Turkey,1370
856,FK Kauno ZalgirisLithuania,FK Kauno Zalgiris,Lithuania,1369
857,SouthamptonEngland,Southampton,England,1369
858,New England RevolutionUnited States,New England Revolution,United States,1369
859,Sydney FCAustralia,Sydney FC,Australia,1369
860,Al Khartoum SCSudan,Al Khartoum SC,Sudan,1369
861,Deportes TemucoChile,Deportes Temuco,Chile,1369
862,Chicken Inn FCZimbabwe,Chicken Inn FC,Zimbabwe,1369
863,Pwd BamendaCameroon,Pwd Bamenda,Cameroon,1369
864,Al-Hussein SC IrbidJordan,Al-Hussein SC Irbid,Jordan,1368
865,Aluminium ArakIran,Aluminium Arak,Iran,1368
866,Daegu FCSouth Korea,Daegu FC,South Korea,1368
867,Tokyo VerdyJapan,Tokyo Verdy,Japan,1368
868,NK VaraždinCroatia,NK Varaždin,Croatia,1368
869,Sabah FKAzerbaijan,Sabah FK,Azerbaijan,1368
870,O'HigginsChile,O'Higgins,Chile,1368
871,Renaissance Club ZemamraMorocco,Renaissance Club Zemamra,Morocco,1367
872,AEL LimassolCyprus,AEL Limassol,Cyprus,1367
873,Unión EspañolaChile,Unión Española,Chile,1367
874,Jeanne d'Arc de BamakoMali,Jeanne d'Arc de Bamako,Mali,1367
875,Kano PillarsNigeria,Kano Pillars,Nigeria,1367
876,Al-IttihadLibya,Al-Ittihad,Libya,1367
877,IraklisGreece,Iraklis,Greece,1367
878,Irtysh PavlodarKazakhstan,Irtysh Pavlodar,Kazakhstan,1367
879,SC FarensePortugal,SC Farense,Portugal,1367
880,Oţelul GalaţiRomania,Oţelul Galaţi,Romania,1367
881,Hegelmann Litauen KaunasLithuania,Hegelmann Litauen Kaunas,Lithuania,1367
882,Unisport FC Du Haut-NkamCameroon,Unisport FC Du Haut-Nkam,Cameroon,1367
883,Bayelsa UnitedNigeria,Bayelsa United,Nigeria,1367
884,LA GalaxyUnited States,LA Galaxy,United States,1366
885,FC VerisMoldova,FC Veris,Moldova,1366
886,MontpellierFrance,Montpellier,France,1366
887,Ashanti Gold FCGhana,Ashanti Gold FC,Ghana,1366
888,Waitakere UnitedNew Zealand,Waitakere United,New Zealand,1366
889,Avispa FukuokaJapan,Avispa Fukuoka,Japan,1366
890,Maccabi NetanyaIsrael,Maccabi Netanya,Israel,1366
891,ThunSwitzerland,Thun,Switzerland,1366
892,Real Salt LakeUnited States,Real Salt Lake,United States,1366
893,Tianjin Jinmen Tiger F.C.China PR,Tianjin Jinmen Tiger F.C.China PR,#N/A,1365
894,RužomberokSlovakia,Ružomberok,Slovakia,1365
895,GAISSweden,GAIS,Sweden,1365
896,Maxline VitebskBelarus,Maxline Vitebsk,Belarus,1365
897,Kabuscorp SCPAngola,Kabuscorp SCP,Angola,1365
898,SlováckoCzech Republic,Slovácko,Czech Republic,1364
899,BloomingBolivia,Blooming,Bolivia,1364
900,Academia F. Amadou DialloIvory Coast,Academia F. Amadou Diallo,Ivory Coast,1363
901,2 de MayoParaguay,2 de Mayo,Paraguay,1363
902,Hapoel JerusalemIsrael,Hapoel Jerusalem,Israel,1363
903,PFC Lokomotiv Sofia 1929Bulgaria,PFC Lokomotiv Sofia 1929,Bulgaria,1363
904,Córdoba CFSpain,Córdoba CF,Spain,1363
905,Deportivo MalacatecoGuatemala,Deportivo Malacateco,Guatemala,1362
906,TS GalaxySouth Africa,TS Galaxy,South Africa,1362
907,VålerengaNorway,Vålerenga,Norway,1362
908,PortimonensePortugal,Portimonense,Portugal,1361
909,AberdeenScotland,Aberdeen,Scotland,1361
910,Mouscron-PéruwelzBelgium,Mouscron-Péruwelz,Belgium,1361
911,Al-Faisaly FC HarmahSaudi Arabia,Al-Faisaly FC Harmah,Saudi Arabia,1361
912,Ikorodu CityNigeria,Ikorodu City,Nigeria,1361
913,CA BizertinTunisia,CA Bizertin,Tunisia,1361
914,Kalmar FFSweden,Kalmar FF,Sweden,1361
915,GV San JoseBolivia,GV San Jose,Bolivia,1360
916,Club Atletico TorqueUruguay,Club Atletico Torque,Uruguay,1360
917,CS Marítimo MadeiraPortugal,CS Marítimo Madeira,Portugal,1360
918,LevadiakosGreece,Levadiakos,Greece,1360
919,MOL Fehérvár FCHungary,MOL Fehérvár FC,Hungary,1360
920,BeroeBulgaria,Beroe,Bulgaria,1360
921,Al Fateh FCSaudi Arabia,Al Fateh FC,Saudi Arabia,1360
922,Persija JakartaIndonesia,Persija Jakarta,Indonesia,1360
923,Suwon FCSouth Korea,Suwon FC,South Korea,1360
924,FC Struga Trim-LumMacedonia,FC Struga Trim-Lum,Macedonia,1359
925,Real ValladolidSpain,Real Valladolid,Spain,1359
926,Xanthi FCGreece,Xanthi FC,Greece,1359
927,Nasarawa UnitedNigeria,Nasarawa United,Nigeria,1359
928,CesenaItaly,Cesena,Italy,1359
929,IFK NorrköpingSweden,IFK Norrköping,Sweden,1359
930,Rubio ÑúParaguay,Rubio Ñú,Paraguay,1359
931,MantaEcuador,Manta,Ecuador,1359
932,Eastern SuburbsNew Zealand,Eastern Suburbs,New Zealand,1359
933,Olancho FCHonduras,Olancho FC,Honduras,1359
934,Asteras TripolisGreece,Asteras Tripolis,Greece,1358
935,F.C.V. Dender E.H.Belgium,F.C.V. Dender E.H.,Belgium,1358
936,Huddersfield TownEngland,Huddersfield Town,England,1358
937,QuilmesArgentina,Quilmes,Argentina,1358
938,Bodrum F.K.Turkey,Bodrum F.K.,Turkey,1358
939,Dundalk FCIreland,Dundalk FC,Ireland,1358
940,Consadole SapporoJapan,Consadole Sapporo,Japan,1358
941,Jaguares ChiapasMexico,Jaguares Chiapas,Mexico,1358
942,Wiliete SCAngola,Wiliete SC,Angola,1358
943,Deportivo La Guaira FCVenezuela,Deportivo La Guaira FC,Venezuela,1358
944,FC Nizhny NovgorodRussia,FC Nizhny Novgorod,Russia,1357
945,FC Skonto RigaLatvia,FC Skonto Riga,Latvia,1357
946,OFI CreteGreece,OFI Crete,Greece,1357
947,Atlanta United FCUnited States,Atlanta United FC,United States,1356
948,SlavenCroatia,Slaven,Croatia,1356
949,Bali UnitedIndonesia,Bali United,Indonesia,1356
950,MTK BudapestHungary,MTK Budapest,Hungary,1356
951,Sanga BalendeCongo DR,Sanga BalendeCongo DR,#N/A,1356
952,Gostaresh FooladIran,Gostaresh Foolad,Iran,1356
953,Eastern StarsPapua New Guinea,Eastern Stars,Papua New Guinea,1356
954,TroyesFrance,Troyes,France,1356
955,Kwara UnitedNigeria,Kwara United,Nigeria,1356
956,BelenensesPortugal,Belenenses,Portugal,1356
957,ElazığsporTurkey,Elazığspor,Turkey,1356
958,RKC WaalwijkNetherlands,RKC Waalwijk,Netherlands,1356
959,Smouha SCEgypt,Smouha SC,Egypt,1356
960,FC VizelaPortugal,FC Vizela,Portugal,1355
961,L.A. FirpoEl Salvador,L.A. Firpo,El Salvador,1355
962,MelipillaChile,Melipilla,Chile,1355
963,Liga de LojaEcuador,Liga de Loja,Ecuador,1355
964,Deportiva San CarlosCosta Rica,Deportiva San Carlos,Costa Rica,1355
965,Ngezi Platinum FCZimbabwe,Ngezi Platinum FC,Zimbabwe,1355
966,Naft TehranIran,Naft Tehran,Iran,1354
967,FC DallasUnited States,FC Dallas,United States,1354
968,FC Bravos DO MaquisAngola,FC Bravos DO Maquis,Angola,1354
969,Al ShababUnited Arab Emirates,Al Shabab,United Arab Emirates,1354
970,Churchill Brothers SCIndia,Churchill Brothers SC,India,1354
971,Valmiera FKLatvia,Valmiera FK,Latvia,1354
972,Suwon BluewingsSouth Korea,Suwon Bluewings,South Korea,1354
973,PanthèreCameroon,Panthère,Cameroon,1354
974,Monomatapa UnitedZimbabwe,Monomatapa United,Zimbabwe,1353
975,Port TalbotWales,Port Talbot,Wales,1353
976,BamboutosCameroon,Bamboutos,Cameroon,1353
977,General Caballero JLMParaguay,General Caballero JLM,Paraguay,1353
978,León de HuánucoPeru,León de Huánuco,Peru,1353
979,Dinamo BucureştiRomania,Dinamo Bucureşti,Romania,1352
980,AjaxCongo DR,AjaxCongo DR,#N/A,1352
981,CaracasVenezuela,Caracas,Venezuela,1352
982,Tukoko UniversityPapua New Guinea,Tukoko University,Papua New Guinea,1352
983,Feutcheu FCCameroon,Feutcheu FC,Cameroon,1352
984,MalavanIran,Malavan,Iran,1352
985,Suduva MarijampoleLithuania,Suduva Marijampole,Lithuania,1352
986,Gold Coast UnitedAustralia,Gold Coast United,Australia,1352
987,Supersport UnitedSouth Africa,Supersport United,South Africa,1352
988,ZarzisTunisia,Zarzis,Tunisia,1352
989,Torpedo KutaisiGeorgia,Torpedo Kutaisi,Georgia,1352
990,PSM MakassarIndonesia,PSM Makassar,Indonesia,1351
991,VitesseNetherlands,Vitesse,Netherlands,1351
992,ENPPIEgypt,ENPPI,Egypt,1351
993,Shkupi SkopjeMacedonia,Shkupi Skopje,Macedonia,1351
994,FC Energetik-BGU MinskBelarus,FC Energetik-BGU Minsk,Belarus,1351
995,Mes RafsanjanIran,Mes Rafsanjan,Iran,1351
996,El Tanque SisleyUruguay,El Tanque Sisley,Uruguay,1350
997,C.F. Estrela da AmadoraPortugal,C.F. Estrela da Amadora,Portugal,1350
998,Galway United FCIreland,Galway United FC,Ireland,1350
999,Central EspañolUruguay,Central Español,Uruguay,1350
1000,Uniao da MadeiraPortugal,Uniao da Madeira,Portugal,1350
1001,Shonan BellmareJapan,Shonan Bellmare,Japan,1350
1002,Masvingo UnitedZimbabwe,Masvingo United,Zimbabwe,1350
1003,ChorrilloPanama,Chorrillo,Panama,1350
1004,GiresunsporTurkey,Giresunspor,Turkey,1350
1005,Sportivo LuqueñoParaguay,Sportivo Luqueño,Paraguay,1349
1006,GuastatoyaGuatemala,Guastatoya,Guatemala,1349
1007,MC El EulmaAlgeria,MC El Eulma,Algeria,1349
1008,SO ArméeIvory Coast,SO Armée,Ivory Coast,1349
1009,Benfica LuandaAngola,Benfica Luanda,Angola,1349
1010,Deportivo LaraVenezuela,Deportivo Lara,Venezuela,1349
1011,Al Ahly ShendiSudan,Al Ahly Shendi,Sudan,1349
1012,FC Haka JFinland,FC Haka J,Finland,1349
1013,Shimizu S-PulseJapan,Shimizu S-Pulse,Japan,1348
1014,Al NasrUnited Arab Emirates,Al Nasr,United Arab Emirates,1348
1015,Velež MostarBosnia and Herzegovina,Velež MostarBosnia and,Herzegovina,1348
1016,Bunyodkor TashkentUzbekistan,Bunyodkor Tashkent,Uzbekistan,1348
1017,Roda JC KerkradeNetherlands,Roda JC Kerkrade,Netherlands,1348
1018,Wuhan Three Towns F.C.China PR,Wuhan Three Towns F.C.China PR,#N/A,1348
1019,LNZ CherkasyUkraine,LNZ Cherkasy,Ukraine,1347
1020,Cape Town City FCSouth Africa,Cape Town City FC,South Africa,1347
1021,Śląsk WrocławPoland,Śląsk Wrocław,Poland,1347
1022,ÚjpestHungary,Újpest,Hungary,1347
1023,OlimpoArgentina,Olimpo,Argentina,1347
1024,Niger TornadoesNigeria,Niger Tornadoes,Nigeria,1347
1025,Los Chankas CYCPeru,Los Chankas CYC,Peru,1347
1026,Giwa FCNigeria,Giwa FC,Nigeria,1347
1027,Sol de AméricaParaguay,Sol de América,Paraguay,1346
1028,MFK KarvináCzech Republic,MFK Karviná,Czech Republic,1346
1029,KilmarnockScotland,Kilmarnock,Scotland,1346
1030,Ratchaburi FCThailand,Ratchaburi FC,Thailand,1346
1031,DiósgyörHungary,Diósgyör,Hungary,1346
1032,Drogheda UnitedIreland,Drogheda United,Ireland,1346
1033,EskişehirsporTurkey,Eskişehirspor,Turkey,1346
1034,Montevideo WanderersUruguay,Montevideo Wanderers,Uruguay,1346
1035,Tiko UnitedCameroon,Tiko United,Cameroon,1346
1036,Club de Deportes LimacheChile,Club de Deportes Limache,Chile,1346
1037,Saba QomIran,Saba Qom,Iran,1345
1038,Spartak MyjavaSlovakia,Spartak Myjava,Slovakia,1345
1039,Akhisar BelediyeTurkey,Akhisar Belediye,Turkey,1345
1040,Zalaegerszegi TEHungary,Zalaegerszegi TE,Hungary,1345
1041,SharksNigeria,Sharks,Nigeria,1345
1042,Bnei Yehuda Tel Aviv FCIsrael,Bnei Yehuda Tel Aviv FC,Israel,1345
1043,LlanelliWales,Llanelli,Wales,1345
1044,Paços de FerreiraPortugal,Paços de Ferreira,Portugal,1344
1045,AFC UTA AradRomania,AFC UTA Arad,Romania,1344
1046,Union de TouargaMorocco,Union de Touarga,Morocco,1344
1047,ArlesFrance,Arles,France,1344
1048,Real TomayapoBolivia,Real Tomayapo,Bolivia,1344
1049,FK VitebskBelarus,FK Vitebsk,Belarus,1344
1050,Heart of LionsGhana,Heart of Lions,Ghana,1344
1051,FK AGMKUzbekistan,FK AGMK,Uzbekistan,1344
1052,Katsina UnitedNigeria,Katsina United,Nigeria,1344
1053,Waterford FCIreland,Waterford FC,Ireland,1344
1054,GKS KatowicePoland,GKS Katowice,Poland,1344
1055,FK PanevėžysLithuania,FK Panevėžys,Lithuania,1344
1056,Managua FCNicaragua,Managua FC,Nicaragua,1343
1057,Cardiff Met UniversityWales,Cardiff Met University,Wales,1343
1058,Beira-MarPortugal,Beira-Mar,Portugal,1343
1059,Recreativo da CaálaAngola,Recreativo da Caála,Angola,1343
1060,Sport ÁncashPeru,Sport Áncash,Peru,1343
1061,PanetolikosGreece,Panetolikos,Greece,1343
1062,NacionalPortugal,Nacional,Portugal,1343
1063,CrusadersNorthern Ireland,Crusaders,Northern Ireland,1343
1064,Henan Songshan Longmen F.C.China PR,Henan Songshan Longmen F.C.China PR,#N/A,1343
1065,San Luis FCMexico,San Luis FC,Mexico,1343
1066,Al-Arabi DohaQatar,Al-Arabi Doha,Qatar,1343
1067,RangersChile,Rangers,Chile,1342
1068,AmaZulu FCSouth Africa,AmaZulu FC,South Africa,1342
1069,Kisvárda Master GoodHungary,Kisvárda Master Good,Hungary,1342
1070,Erzurum BBTurkey,Erzurum BB,Turkey,1342
1071,La Luz FCUruguay,La Luz FC,Uruguay,1342
1072,Carabobo FCVenezuela,Carabobo FC,Venezuela,1342
1073,Dorados SinaloaMexico,Dorados Sinaloa,Mexico,1342
1074,New SogerCongo DR,New SogerCongo DR,#N/A,1342
1075,FC EmmenNetherlands,FC Emmen,Netherlands,1342
1076,Llaneros F.C.Colombia,Llaneros F.C.,Colombia,1341
1077,Vysočina JihlavaCzech Republic,Vysočina Jihlava,Czech Republic,1341
1078,Kaizer ChiefsSouth Africa,Kaizer Chiefs,South Africa,1341
1079,Hearts of OakGhana,Hearts of Oak,Ghana,1341
1080,Portmore United FCJamaica,Portmore United FC,Jamaica,1341
1081,Deportivo QuevedoEcuador,Deportivo Quevedo,Ecuador,1341
1082,Qingdao West Coast F.C.China PR,Qingdao West Coast F.C.China PR,#N/A,1341
1083,Nueve de OctubreEcuador,Nueve de Octubre,Ecuador,1341
1084,Jorge WilstermannBolivia,Jorge Wilstermann,Bolivia,1341
1085,Victoria United FCCameroon,Victoria United FC,Cameroon,1341
1086,Korona KielcePoland,Korona Kielce,Poland,1340
1087,Warri Wolves FCNigeria,Warri Wolves FC,Nigeria,1340
1088,Melbourne VictoryAustralia,Melbourne Victory,Australia,1340
1089,Santiago MorningChile,Santiago Morning,Chile,1340
1090,Khazar Lankaran FKAzerbaijan,Khazar Lankaran FK,Azerbaijan,1340
1091,AS MagentaNew Caledonia,AS Magenta,New Caledonia,1340
1092,TondelaPortugal,Tondela,Portugal,1340
1093,ChavesPortugal,Chaves,Portugal,1340
1094,Sloboda UžiceSerbia,Sloboda Užice,Serbia,1340
1095,LivornoItaly,Livorno,Italy,1339
1096,Mordovia SaranskRussia,Mordovia Saransk,Russia,1339
1097,De GraafschapNetherlands,De Graafschap,Netherlands,1339
1098,Chacarita JuniorsArgentina,Chacarita Juniors,Argentina,1339
1099,ZirəAzerbaijan,Zirə,Azerbaijan,1339
1100,JSM BéjaïaAlgeria,JSM Béjaïa,Algeria,1339
1101,ZED FCEgypt,ZED FC,Egypt,1339
1102,FK Mladost LučaniSerbia,FK Mladost Lučani,Serbia,1339
1103,DijonFrance,Dijon,France,1339
1104,Cavaliers FCJamaica,Cavaliers FC,Jamaica,1338
1105,Chapecoense AFBrazil,Chapecoense AF,Brazil,1338
1106,Guaireña FCParaguay,Guaireña FC,Paraguay,1338
1107,AVS Futebol SADPortugal,AVS Futebol SAD,Portugal,1338
1108,Tigres FCColombia,Tigres FC,Colombia,1338
1109,ExcelsiorNetherlands,Excelsior,Netherlands,1338
1110,Mura 05Slovenia,Mura 05,Slovenia,1337
1111,ADC Juan Pablo IIPeru,ADC Juan Pablo II,Peru,1337
1112,Aduana StarsGhana,Aduana Stars,Ghana,1337
1113,ZPC KaribaZimbabwe,ZPC Kariba,Zimbabwe,1337
1114,Medeama SCGhana,Medeama SC,Ghana,1337
1115,Naval 1º de MaioPortugal,Naval 1º de Maio,Portugal,1337
1116,Unión San FelipeChile,Unión San Felipe,Chile,1336
1117,El GeishEgypt,El Geish,Egypt,1336
1118,KhimkiRussia,Khimki,Russia,1336
1119,Western SydneyAustralia,Western Sydney,Australia,1336
1120,Široki BrijegBosnia and Herzegovina,Široki BrijegBosnia and,Herzegovina,1336
1121,Bloemfontein CelticSouth Africa,Bloemfontein Celtic,South Africa,1336
1122,Canterbury UnitedNew Zealand,Canterbury United,New Zealand,1336
1123,USM KhenchelaAlgeria,USM Khenchela,Algeria,1336
1124,San MarcosChile,San Marcos,Chile,1336
1125,Sagan TosuJapan,Sagan Tosu,Japan,1336
1126,SPAL 2013Italy,SPAL 2013,Italy,1336
1127,Lokomotiv TashkentUzbekistan,Lokomotiv Tashkent,Uzbekistan,1335
1128,HonvédHungary,Honvéd,Hungary,1335
1129,PodbrezováSlovakia,Podbrezová,Slovakia,1335
1130,Sud AméricaUruguay,Sud América,Uruguay,1335
1131,Zaria BălțiMoldova,Zaria Bălți,Moldova,1335
1132,Ma PauTrinidad and Tobago,Ma PauTrinidad and,Tobago,1334
1133,CD MagallanesChile,CD Magallanes,Chile,1334
1134,Atheltic Club Port of SpainTrinidad and Tobago,Atheltic Club Port of SpainTrinidad and,Tobago,1334
1135,Petrolul PloieştiRomania,Petrolul Ploieşti,Romania,1334
1136,Kecskeméti TEHungary,Kecskeméti TE,Hungary,1334
1137,Heartland FCNigeria,Heartland FC,Nigeria,1334
1138,River PlateUruguay,River Plate,Uruguay,1334
1139,NC MagraAlgeria,NC Magra,Algeria,1334
1140,Sporting San MiguelitoPanama,Sporting San Miguelito,Panama,1334
1141,Grasshopper Club ZürichSwitzerland,Grasshopper Club Zürich,Switzerland,1334
1142,Etoile MetlaouiTunisia,Etoile Metlaoui,Tunisia,1334
1143,Omiya ArdijaJapan,Omiya Ardija,Japan,1334
1144,PendiksporTurkey,Pendikspor,Turkey,1334
1145,Wikki TouristNigeria,Wikki Tourist,Nigeria,1334
1146,FK SileksMacedonia,FK Sileks,Macedonia,1334
1147,Ittihad TangerMorocco,Ittihad Tanger,Morocco,1334
1148,FC AshdodIsrael,FC Ashdod,Israel,1333
1149,ZavrčSlovenia,Zavrč,Slovenia,1333
1150,Young AfricansTanzania,Young Africans,Tanzania,1333
1151,Deportivo CapiatáParaguay,Deportivo Capiatá,Paraguay,1333
1152,Hilal Al-ObayedSudan,Hilal Al-Obayed,Sudan,1333
1153,Deportivo MixcoGuatemala,Deportivo Mixco,Guatemala,1332
1154,Difaâ El JadidaMorocco,Difaâ El Jadida,Morocco,1332
1155,Stade d'AbidjanIvory Coast,Stade d'Abidjan,Ivory Coast,1332
1156,SionSwitzerland,Sion,Switzerland,1332
1157,KS Warta PoznańPoland,KS Warta Poznań,Poland,1332
1158,Chonburi FCThailand,Chonburi FC,Thailand,1332
1159,Ethnikos AchnasCyprus,Ethnikos Achnas,Cyprus,1332
1160,Radomiak RadomPoland,Radomiak Radom,Poland,1332
1161,CobreloaChile,Cobreloa,Chile,1332
1162,Stal KamianskeUkraine,Stal Kamianske,Ukraine,1331
1163,ZnojmoCzech Republic,Znojmo,Czech Republic,1331
1164,Bengaluru FCIndia,Bengaluru FC,India,1331
1165,KošiceSlovakia,Košice,Slovakia,1331
1166,Bella VistaUruguay,Bella Vista,Uruguay,1331
1167,Veres RivneUkraine,Veres Rivne,Ukraine,1331
1168,Apejes de MfouCameroon,Apejes de Mfou,Cameroon,1331
1169,La EquidadColombia,La Equidad,Colombia,1331
1170,MyPaFinland,MyPa,Finland,1330
1171,Stella ClubIvory Coast,Stella Club,Ivory Coast,1330
1172,Universitario de VintoBolivia,Universitario de Vinto,Bolivia,1330
1173,Sport ColombiaParaguay,Sport Colombia,Paraguay,1330
1174,AnnabaAlgeria,Annaba,Algeria,1330
1175,Pharco FCEgypt,Pharco FC,Egypt,1330
1176,TrenčínSlovakia,Trenčín,Slovakia,1330
1177,East Bengal ClubIndia,East Bengal Club,India,1330
1178,VentspilsLatvia,Ventspils,Latvia,1330
1179,BakıAzerbaijan,Bakı,Azerbaijan,1330
1180,C.A. CerroUruguay,C.A. Cerro,Uruguay,1330
1181,Waterhouse FCJamaica,Waterhouse FC,Jamaica,1330
1182,General CaballeroParaguay,General Caballero,Paraguay,1330
1183,Hassania AgadirMorocco,Hassania Agadir,Morocco,1329
1184,W Connection FCTrinidad and Tobago,W Connection FCTrinidad and,Tobago,1329
1185,Club Atletico ProgresoUruguay,Club Atletico Progreso,Uruguay,1329
1186,FC VoluntariRomania,FC Voluntari,Romania,1329
1187,Sporting San José FCCosta Rica,Sporting San José FC,Costa Rica,1329
1188,MotherwellScotland,Motherwell,Scotland,1329
1189,Ventforet KofuJapan,Ventforet Kofu,Japan,1329
1190,Ben GuerdaneTunisia,Ben Guerdane,Tunisia,1329
1191,BraşovRomania,Braşov,Romania,1329
1192,OlhanensePortugal,Olhanense,Portugal,1329
1193,Inverness CTScotland,Inverness CT,Scotland,1329
1194,DomžaleSlovenia,Domžale,Slovenia,1329
1195,FC Arsenal KievUkraine,FC Arsenal Kiev,Ukraine,1328
1196,Sunshine StarsNigeria,Sunshine Stars,Nigeria,1328
1197,Club River PlateParaguay,Club River Plate,Paraguay,1328
1198,Stade GabésienTunisia,Stade Gabésien,Tunisia,1328
1199,Narva TransEstonia,Narva Trans,Estonia,1328
1200,Austin FCUruguay,Austin FC,Uruguay,1328
1201,Vorskla PoltavaUkraine,Vorskla Poltava,Ukraine,1328
1202,Club Deportivo MaldonadoUruguay,Club Deportivo Maldonado,Uruguay,1328
1203,SevastopolUkraine,Sevastopol,Ukraine,1328
1204,Léopards de DolisiéCongo,Léopards de Dolisié,Congo,1328
1205,RhylWales,Rhyl,Wales,1328
1206,AS FortunaCameroon,AS Fortuna,Cameroon,1328
1207,Highlands ParkSouth Africa,Highlands Park,South Africa,1328
1208,Royal Excel Mouscron PéruwelzBelgium,Royal Excel Mouscron Péruwelz,Belgium,1328
1209,Club PetroleroBolivia,Club Petrolero,Bolivia,1328
1210,Adelaide UnitedAustralia,Adelaide United,Australia,1328
1211,Železničar PančevoSerbia,Železničar Pančevo,Serbia,1328
1212,Academia Puerto CabelloVenezuela,Academia Puerto Cabello,Venezuela,1327
1213,Patriotas BoyacáColombia,Patriotas Boyacá,Colombia,1327
1214,Lamontville Golden ArrowsSouth Africa,Lamontville Golden Arrows,South Africa,1327
1215,Botafogo FCCameroon,Botafogo FC,Cameroon,1327
1216,Uniautónoma FCColombia,Uniautónoma FC,Colombia,1327
1217,StrømsgodsetNorway,Strømsgodset,Norway,1327
1218,Blau-Weiß LinzAustria,Blau-Weiß Linz,Austria,1327
1219,Sligo RoversIreland,Sligo Rovers,Ireland,1326
1220,Deportes IquiqueChile,Deportes Iquique,Chile,1326
1221,Hatayspor KulübüTurkey,Hatayspor Kulübü,Turkey,1326
1222,Sfîntul GheorgheMoldova,Sfîntul Gheorghe,Moldova,1326
1223,FK IMTSerbia,FK IMT,Serbia,1326
1224,Tianjin TianhaiChina PR,Tianjin TianhaiChina PR,#N/A,1326
1225,PanioniosGreece,Panionios,Greece,1326
1226,HNK GoricaCroatia,HNK Gorica,Croatia,1326
1227,Ittihad El-ShortaEgypt,Ittihad El-Shorta,Egypt,1326
1228,CAPS UnitedZimbabwe,CAPS United,Zimbabwe,1325
1229,BotoşaniRomania,Botoşani,Romania,1325
1230,IonikosGreece,Ionikos,Greece,1325
1231,AtlanteMexico,Atlante,Mexico,1325
1232,Chiangrai UnitedThailand,Chiangrai United,Thailand,1325
1233,RoeselareBelgium,Roeselare,Belgium,1325
1234,OrdusporTurkey,Orduspor,Turkey,1325
1235,BalıkesirsporTurkey,Balıkesirspor,Turkey,1325
1236,Motor LublinPoland,Motor Lublin,Poland,1325
1237,Bukola BabesNigeria,Bukola Babes,Nigeria,1325
1238,Odense BoldklubDenmark,Odense Boldklub,Denmark,1325
1239,Kristiansund BKNorway,Kristiansund BK,Norway,1324
1240,Maniema UnionCongo DR,Maniema UnionCongo DR,#N/A,1324
1241,Pars Jonoubi JamIran,Pars Jonoubi Jam,Iran,1324
1242,3 de FebreroParaguay,3 de Febrero,Paraguay,1324
1243,FK GorodeyaBelarus,FK Gorodeya,Belarus,1324
1244,USM El HarrachAlgeria,USM El Harrach,Algeria,1324
1245,Isidro MetapánEl Salvador,Isidro Metapán,El Salvador,1324
1246,Bnei SakhninIsrael,Bnei Sakhnin,Israel,1323
1247,Fovu de BahamCameroon,Fovu de Baham,Cameroon,1323
1248,River Plate EcuadorEcuador,River Plate Ecuador,Ecuador,1323
1249,FC WinterthurSwitzerland,FC Winterthur,Switzerland,1323
1250,CaernarfonWales,Caernarfon,Wales,1323
1251,DečićMontenegro,Dečić,Montenegro,1323
1252,Deportivo Los CaimanesPeru,Deportivo Los Caimanes,Peru,1323
1253,RC ArbaâAlgeria,RC Arbaâ,Algeria,1323
1254,Hajduk KulaSerbia,Hajduk Kula,Serbia,1323
1255,HwangeZimbabwe,Hwange,Zimbabwe,1323
1256,Pécsi MFCHungary,Pécsi MFC,Hungary,1323
1257,Deportivo BinacionalPeru,Deportivo Binacional,Peru,1323
1258,Sport LoretoPeru,Sport Loreto,Peru,1323
1259,Club PueblaMexico,Club Puebla,Mexico,1323
1260,Albirex NiigataJapan,Albirex Niigata,Japan,1323
1261,AD GuanacastecaCosta Rica,AD Guanacasteca,Costa Rica,1323
1262,SimurqAzerbaijan,Simurq,Azerbaijan,1323
1263,Juan AurichPeru,Juan Aurich,Peru,1322
1264,Defensor La BocanaPeru,Defensor La Bocana,Peru,1322
1265,Sportivo San LorenzoParaguay,Sportivo San Lorenzo,Paraguay,1322
1266,Al-Ramtha SCJordan,Al-Ramtha SC,Jordan,1322
1267,ColeraineNorthern Ireland,Coleraine,Northern Ireland,1322
1268,Club Atlético TembetaryParaguay,Club Atlético Tembetary,Paraguay,1322
1269,OFK BeogradSerbia,OFK Beograd,Serbia,1322
1270,Desportivo Da HuílaAngola,Desportivo Da Huíla,Angola,1322
1271,Al-WakraQatar,Al-Wakra,Qatar,1322
1272,Bechem UnitedGhana,Bechem United,Ghana,1322
1273,CD FASEl Salvador,CD FAS,El Salvador,1322
1274,AcadémicaPortugal,Académica,Portugal,1322
1275,Oriente PetroleroBolivia,Oriente Petrolero,Bolivia,1321
1276,Curicó UnidoChile,Curicó Unido,Chile,1321
1277,Lechia GdańskPoland,Lechia Gdańsk,Poland,1321
1278,Spartak Nal'chikRussia,Spartak Nal'chik,Russia,1321
1279,Fagiano OkayamaJapan,Fagiano Okayama,Japan,1321
1280,FC MinskBelarus,FC Minsk,Belarus,1321
1281,Bakaridjan de BarouéliMali,Bakaridjan de Barouéli,Mali,1321
1282,Persebaya SurabayaIndonesia,Persebaya Surabaya,Indonesia,1321
1283,Zagłębie LubinPoland,Zagłębie Lubin,Poland,1321
1284,FK Rotor VolgogradRussia,FK Rotor Volgograd,Russia,1320
1285,Astres FC de DoualaCameroon,Astres FC de Douala,Cameroon,1320
1286,Chicago FireUnited States,Chicago Fire,United States,1320
1287,IF GnistanFinland,IF Gnistan,Finland,1320
1288,Imbabura S.C.Ecuador,Imbabura S.C.,Ecuador,1319
1289,Kayseri ErciyessporTurkey,Kayseri Erciyesspor,Turkey,1319
1290,Almere City FCNetherlands,Almere City FC,Netherlands,1319
1291,Deportes La SerenaChile,Deportes La Serena,Chile,1319
1292,Olympique AkbouAlgeria,Olympique Akbou,Algeria,1319
1293,Metalist KharkivUkraine,Metalist Kharkiv,Ukraine,1319
1294,Saipa FCIran,Saipa FC,Iran,1319
1295,Cumbayá FCEcuador,Cumbayá FC,Ecuador,1319
1296,Yenisey KrasnoyarskRussia,Yenisey Krasnoyarsk,Russia,1319
1297,Universidad César VallejoPeru,Universidad César Vallejo,Peru,1319
1298,AS TandaIvory Coast,AS Tanda,Ivory Coast,1319
1299,Platinum StarsSouth Africa,Platinum Stars,South Africa,1319
1300,Deportivo CarapeguáParaguay,Deportivo Carapeguá,Paraguay,1319
1301,VoždovacSerbia,Voždovac,Serbia,1319
1302,San Antonio Bulo BuloBolivia,San Antonio Bulo Bulo,Bolivia,1318
1303,LeixõesPortugal,Leixões,Portugal,1318
1304,Al-Ittihad AlexandriaEgypt,Al-Ittihad Alexandria,Egypt,1318
1305,Recreativo do LiboloAngola,Recreativo do Libolo,Angola,1318
1306,GençlerbirligiTurkey,Gençlerbirligi,Turkey,1318
1307,Université NgaoundéréCameroon,Université Ngaoundéré,Cameroon,1318
1308,Polokwane CitySouth Africa,Polokwane City,South Africa,1318
1309,Hapoel Tel AvivIsrael,Hapoel Tel Aviv,Israel,1318
1310,Universidad de San CarlosGuatemala,Universidad de San Carlos,Guatemala,1318
1311,ManisasporTurkey,Manisaspor,Turkey,1318
1312,Deportivo SanarateGuatemala,Deportivo Sanarate,Guatemala,1318
1313,CD JaguaresColombia,CD Jaguares,Colombia,1318
1314,KortrijkBelgium,Kortrijk,Belgium,1317
1315,DamashIran,Damash,Iran,1317
1316,Cúcuta DeportivoColombia,Cúcuta Deportivo,Colombia,1317
1317,Manica DiamondsZimbabwe,Manica Diamonds,Zimbabwe,1317
1318,Altay S.K.Turkey,Altay S.K.,Turkey,1317
1319,Sandefjord FootballNorway,Sandefjord Football,Norway,1317
1320,Haverfordwest CountyWales,Haverfordwest County,Wales,1316
1321,Bayamón FCPuerto Rico,Bayamón FC,Puerto Rico,1316
1322,Sport BoysPeru,Sport Boys,Peru,1316
1323,FK TosnoRussia,FK Tosno,Russia,1316
1324,US BiskraAlgeria,US Biskra,Algeria,1316
1325,GrödigAustria,Grödig,Austria,1316
1326,BalmazújvárosHungary,Balmazújváros,Hungary,1316
1327,BoavistaPortugal,Boavista,Portugal,1316
1328,Fauve Azur Elite FCCameroon,Fauve Azur Elite FC,Cameroon,1316
1329,DRB TadjenanetAlgeria,DRB Tadjenanet,Algeria,1316
1330,FC GoaIndia,FC Goa,India,1316
1331,Don Bosco SCCongo DR,Don Bosco SCCongo DR,#N/A,1316
1332,Volos New Football ClubGreece,Volos New Football Club,Greece,1316
1333,NAC BredaNetherlands,NAC Breda,Netherlands,1316
1334,Widzew ŁódzPoland,Widzew Łódz,Poland,1316
1335,CD Génesis de ComayaguaHonduras,CD Génesis de Comayagua,Honduras,1316
1336,TacuarembóUruguay,Tacuarembó,Uruguay,1316
1337,Horoya ACGuinea,Horoya AC,Guinea,1315
1338,AC Ajaccio (FRA)France,AC Ajaccio (FRA),France,1315
1339,ASGNNNiger,ASGNN,Niger,1315
1340,Vardar SkopjeMacedonia,Vardar Skopje,Macedonia,1315
1341,Damac FCSaudi Arabia,Damac FC,Saudi Arabia,1315
1342,ŠKF SereďSlovakia,ŠKF Sereď,Slovakia,1315
1343,El GounahEgypt,El Gounah,Egypt,1315
1344,LillestrømNorway,Lillestrøm,Norway,1315
1345,FC KrumovgradBulgaria,FC Krumovgrad,Bulgaria,1315
1346,FC AnyangSouth Korea,FC Anyang,South Korea,1315
1347,Monaghan UnitedIreland,Monaghan United,Ireland,1315
1348,Wisła PłockPoland,Wisła Płock,Poland,1315
1349,Athens Kallithea F.C.Greece,Athens Kallithea F.C.,Greece,1314
1350,Unirea UrziceniRomania,Unirea Urziceni,Romania,1314
1351,Dewa United F.C.Indonesia,Dewa United F.C.,Indonesia,1314
1352,WWS RangersZimbabwe,WWS Rangers,Zimbabwe,1314
1353,NáuticoBrazil,Náutico,Brazil,1314
1354,Moroka SwallowsSouth Africa,Moroka Swallows,South Africa,1314
1355,OCK KhouribgaMorocco,OCK Khouribga,Morocco,1314
1356,Dundee UnitedScotland,Dundee United,Scotland,1314
1357,Bibiani Gold Stars F.C.Ghana,Bibiani Gold Stars F.C.,Ghana,1314
1358,Deportivo QuitoEcuador,Deportivo Quito,Ecuador,1314
1359,Colorado RapidsUnited States,Colorado Rapids,United States,1314
1360,Olympique BéjaTunisia,Olympique Béja,Tunisia,1314
1361,Albion F.C.Uruguay,Albion F.C.,Uruguay,1314
1362,NeftchiUzbekistan,Neftchi,Uzbekistan,1313
1363,QäbäläAzerbaijan,Qäbälä,Azerbaijan,1313
1364,Simba Bhora FCZimbabwe,Simba Bhora FC,Zimbabwe,1313
1365,St. Louis CityUkraine,St. Louis City,Ukraine,1313
1366,FénixUruguay,Fénix,Uruguay,1313
1367,Sporting GagnoaIvory Coast,Sporting Gagnoa,Ivory Coast,1313
1368,Yunnan Yukun F.C.China PR,Yunnan Yukun F.C.China PR,#N/A,1313
1369,Racing Club d'AbidjanIvory Coast,Racing Club d'Abidjan,Ivory Coast,1313
1370,Boyacá Chicó FCColombia,Boyacá Chicó FC,Colombia,1313
1371,Deportivo AchuapaGuatemala,Deportivo Achuapa,Guatemala,1313
1372,Royal PariBolivia,Royal Pari,Bolivia,1313
1373,FK Spartak SuboticaSerbia,FK Spartak Subotica,Serbia,1313
1374,CD America de QuitoEcuador,CD America de Quito,Ecuador,1313
1375,Sporting LagosNigeria,Sporting Lagos,Nigeria,1313
1376,Dynamo de DoualaCameroon,Dynamo de Douala,Cameroon,1312
1377,NewtownWales,Newtown,Wales,1312
1378,Padideh F.C.Iran,Padideh F.C.,Iran,1312
1379,FK Spartak 1918 VarnaBulgaria,FK Spartak 1918 Varna,Bulgaria,1312
1380,Kheybar KhorramabadIran,Kheybar Khorramabad,Iran,1312
1381,Santos LagunaMexico,Santos Laguna,Mexico,1312
1382,Ifeanyi Ubah UnitedNigeria,Ifeanyi Ubah United,Nigeria,1312
1383,FC U Craiova 1948Romania,FC U Craiova 1948,Romania,1311
1384,Independiente PetroleroBolivia,Independiente Petrolero,Bolivia,1311
1385,Estudiantes TecosMexico,Estudiantes Tecos,Mexico,1311
1386,Maccabi Bnei ReinehIsrael,Maccabi Bnei Reineh,Israel,1311
1387,Tampere UnitedFinland,Tampere United,Finland,1311
1388,Dreams FCGhana,Dreams FC,Ghana,1311
1389,Aigle RoyalCameroon,Aigle Royal,Cameroon,1311
1390,Ben AknounAlgeria,Ben Aknoun,Algeria,1311
1391,Sibir NovosibirskRussia,Sibir Novosibirsk,Russia,1311
1392,Sporting Kansas CityUnited States,Sporting Kansas City,United States,1311
1393,Paykan F.C.Iran,Paykan F.C.,Iran,1311
1394,Shams Azar F.C.Iran,Shams Azar F.C.,Iran,1311
1395,Chadormalu Sports ClubIran,Chadormalu Sports Club,Iran,1310
1396,Seongnam FCSouth Korea,Seongnam FC,South Korea,1310
1397,Carlos A. MannucciPeru,Carlos A. Mannucci,Peru,1310
1398,KACM MarrakechMorocco,KACM Marrakech,Morocco,1310
1399,Radnički NišSerbia,Radnički Niš,Serbia,1310
1400,Bhayangkara FCIndonesia,Bhayangkara FC,Indonesia,1310
1401,Berekum Chelsea FCGhana,Berekum Chelsea FC,Ghana,1310
1402,Nkana FCZambia,Nkana FC,Zambia,1310
1403,Gualaceo SCEcuador,Gualaceo SC,Ecuador,1310
1404,PetrojetEgypt,Petrojet,Egypt,1310
1405,MonsBelgium,Mons,Belgium,1310
1406,Ironi Kiryat SchmonaIsrael,Ironi Kiryat Schmona,Israel,1309
1407,Puntarenas FCCosta Rica,Puntarenas FC,Costa Rica,1309
1408,Bryne FKNorway,Bryne FK,Norway,1309
1409,Telephonaat Beni SuefEgypt,Telephonaat Beni Suef,Egypt,1309
1410,BrujasCosta Rica,Brujas,Costa Rica,1309
1411,HamKamNorway,HamKam,Norway,1309
1412,Villa TeresaUruguay,Villa Teresa,Uruguay,1309
1413,AS Aïn M'lilaAlgeria,AS Aïn M'lila,Algeria,1308
1414,Wisła KrakówPoland,Wisła Kraków,Poland,1308
1415,MattersburgAustria,Mattersburg,Austria,1308
1416,Busan I'ParkSouth Korea,Busan I'Park,South Korea,1308
1417,LDU PortoviejoEcuador,LDU Portoviejo,Ecuador,1308
1418,Kaisar KyzylordaKazakhstan,Kaisar Kyzylorda,Kazakhstan,1308
1419,Júbilo IwataJapan,Júbilo Iwata,Japan,1308
1420,IFK VärnamoSweden,IFK Värnamo,Sweden,1308
1421,Amicale FCVanuatu,Amicale FC,Vanuatu,1308
1422,SantosSouth Africa,Santos,South Africa,1308
1423,Academia del Balompi� Boliviano (ABB)Bolivia,Academia del Balompi� Boliviano (ABB),Bolivia,1308
1424,FC Tsarsko Selo Sofia 2015Bulgaria,FC Tsarsko Selo Sofia 2015,Bulgaria,1308
1425,Willem IINetherlands,Willem II,Netherlands,1307
1426,ES MostaganemAlgeria,ES Mostaganem,Algeria,1307
1427,Mes KermanIran,Mes Kerman,Iran,1307
1428,CNIPeru,CNI,Peru,1307
1429,ÜmraniyesporTurkey,Ümraniyespor,Turkey,1307
1430,Monagas SCVenezuela,Monagas SC,Venezuela,1307
1431,FK Mariupol Illichivets'Ukraine,FK Mariupol Illichivets',Ukraine,1307
1432,Al Mokawloon Al ArabEgypt,Al Mokawloon Al Arab,Egypt,1307
1433,Yverdon-Sport FCSwitzerland,Yverdon-Sport FC,Switzerland,1307
1434,Total ChalacoPeru,Total Chalaco,Peru,1307
1435,Árabe UnidoPanama,Árabe Unido,Panama,1306
1436,SamartexGhana,Samartex,Ghana,1306
1437,AremaIndonesia,Arema,Indonesia,1306
1438,Sporting Clube de GoaIndia,Sporting Clube de Goa,India,1306
1439,Africa Sports NationalIvory Coast,Africa Sports National,Ivory Coast,1306
1440,Oita TrinitaJapan,Oita Trinita,Japan,1306
1441,SkalicaSlovakia,Skalica,Slovakia,1306
1442,El Kanemi WarriorsNigeria,El Kanemi Warriors,Nigeria,1305
1443,Neuchâtel XamaxSwitzerland,Neuchâtel Xamax,Switzerland,1305
1444,ZanacoZambia,Zanaco,Zambia,1305
1445,Asoc. Dep. y Rec. Jicaral SercobaCosta Rica,Asoc. Dep. y Rec. Jicaral Sercoba,Costa Rica,1305
1446,KFC KomárnoSlovakia,KFC Komárno,Slovakia,1305
1447,Shahrdari TabrizIran,Shahrdari Tabriz,Iran,1305
1448,CD UT CajamarcaPeru,CD UT Cajamarca,Peru,1305
1449,KhroubAlgeria,Khroub,Algeria,1304
1450,Municipal LimeñoEl Salvador,Municipal Limeño,El Salvador,1304
1451,United Sports ClubIndia,United Sports Club,India,1304
1452,Shabanie MineZimbabwe,Shabanie Mine,Zimbabwe,1304
1453,Dukla PrahaCzech Republic,Dukla Praha,Czech Republic,1304
1454,Gokulam Kerala FcIndia,Gokulam Kerala Fc,India,1304
1455,Olimpik DonetskUkraine,Olimpik Donetsk,Ukraine,1304
1456,Vista HermosaEl Salvador,Vista Hermosa,El Salvador,1304
1457,KFUM-Kameratene OsloNorway,KFUM-Kameratene Oslo,Norway,1304
1458,San LuisChile,San Luis,Chile,1304
1459,Rapide Club Oued ZemMorocco,Rapide Club Oued Zem,Morocco,1303
1460,Delta Force FCNigeria,Delta Force FC,Nigeria,1303
1461,AD Unión MagdalenaColombia,AD Unión Magdalena,Colombia,1303
1462,USFAS BamakoMali,USFAS Bamako,Mali,1303
1463,Szombathelyi HaladásHungary,Szombathelyi Haladás,Hungary,1303
1464,LautokaFiji,Lautoka,Fiji,1303
1465,ErgotelisGreece,Ergotelis,Greece,1303
1466,PersidafonIndonesia,Persidafon,Indonesia,1303
1467,Kabwe WarriorsZambia,Kabwe Warriors,Zambia,1303
1468,LučkoCroatia,Lučko,Croatia,1303
1469,New Edubiase FCGhana,New Edubiase FC,Ghana,1302
1470,Minyor PernikBulgaria,Minyor Pernik,Bulgaria,1302
1471,Larisa AelGreece,Larisa Ael,Greece,1302
1472,Puerto Rico IslandersPuerto Rico,Puerto Rico Islanders,Puerto Rico,1302
1473,SofapakaKenya,Sofapaka,Kenya,1302
1474,PrimorjeSlovenia,Primorje,Slovenia,1302
1475,Ismaily SCEgypt,Ismaily SC,Egypt,1302
1476,Nations FCGhana,Nations FC,Ghana,1302
1477,Zawisza BydgoszczPoland,Zawisza Bydgoszcz,Poland,1302
1478,Wadi Degla FCEgypt,Wadi Degla FC,Egypt,1302
1479,FC DaugavaLatvia,FC Daugava,Latvia,1302
1480,GefleSweden,Gefle,Sweden,1302
1481,IztapaGuatemala,Iztapa,Guatemala,1302
1482,Deportivo MunicipalPeru,Deportivo Municipal,Peru,1301
1483,Merreikh El-FasherSudan,Merreikh El-Fasher,Sudan,1301
1484,SaïdaAlgeria,Saïda,Algeria,1301
1485,Turnu SeverinRomania,Turnu Severin,Romania,1301
1486,Marumo Gallants FCSouth Africa,Marumo Gallants FC,South Africa,1301
1487,Atlético CholomaHonduras,Atlético Choloma,Honduras,1301
1488,FC Zbrojovka BrnoCzech Republic,FC Zbrojovka Brno,Czech Republic,1301
1489,Juventud IndependienteEl Salvador,Juventud Independiente,El Salvador,1301
1490,Atlético HuilaColombia,Atlético Huila,Colombia,1301
1491,Ebusua DwarfsGhana,Ebusua Dwarfs,Ghana,1301
1492,OFK TitogradMontenegro,OFK Titograd,Montenegro,1301
1493,Deportivo MarquenseGuatemala,Deportivo Marquense,Guatemala,1301
1494,ZetaMontenegro,Zeta,Montenegro,1301
1495,ÁguilasCosta Rica,Águilas,Costa Rica,1300
1496,Cork CityIreland,Cork City,Ireland,1300
1497,Al-Jazeera AmmanJordan,Al-Jazeera Amman,Jordan,1300
1498,JalapaGuatemala,Jalapa,Guatemala,1300
1499,Barry Town United FCWales,Barry Town United FC,Wales,1300
1500,GuabiráBolivia,Guabirá,Bolivia,1300
1501,Prachuap FCThailand,Prachuap FC,Thailand,1300
1502,Beyond Limits FANigeria,Beyond Limits FA,Nigeria,1300
1503,FC Chindia TârgovişteRomania,FC Chindia Târgovişte,Romania,1300
1504,San Francisco FCPanama,San Francisco FC,Panama,1300
1505,CDT Real OruroBolivia,CDT Real Oruro,Bolivia,1300
1506,Deportes CopiapóChile,Deportes Copiapó,Chile,1300
1507,Kyzylzhar PetropavlovskKazakhstan,Kyzylzhar Petropavlovsk,Kazakhstan,1300
1508,Mumbai City FCIndia,Mumbai City FC,India,1300
1509,Cerro Porteño PFParaguay,Cerro Porteño PF,Paraguay,1299
1510,Joenkoepings SoedraSweden,Joenkoepings Soedra,Sweden,1299
1511,MFM FCNigeria,MFM FC,Nigeria,1299
1512,PacíficoPeru,Pacífico,Peru,1299
1513,FK PardubiceCzech Republic,FK Pardubice,Czech Republic,1299
1514,Odds BallklubbNorway,Odds Ballklubb,Norway,1299
1515,PescaraItaly,Pescara,Italy,1299
1516,Universidad Central de Venezuela FCVenezuela,Universidad Central de Venezuela FC,Venezuela,1299
1517,Waterford United FCIreland,Waterford United FC,Ireland,1299
1518,AZAL PFC BakuAzerbaijan,AZAL PFC Baku,Azerbaijan,1299
1519,AlaniyaRussia,Alaniya,Russia,1299
1520,ZuliaVenezuela,Zulia,Venezuela,1299
1521,Aluminium HormozganIran,Aluminium Hormozgan,Iran,1299
1522,MCO OujdaMorocco,MCO Oujda,Morocco,1299
1523,SuchitepéquezGuatemala,Suchitepéquez,Guatemala,1299
1524,AD Municipal LiberiaCosta Rica,AD Municipal Liberia,Costa Rica,1299
1525,Jeonnam DragonsSouth Korea,Jeonnam Dragons,South Korea,1298
1526,Herentals FCZimbabwe,Herentals FC,Zimbabwe,1298
1527,KladnoCzech Republic,Kladno,Czech Republic,1298
1528,FC ZlinCzech Republic,FC Zlin,Czech Republic,1298
1529,AssyriskaSweden,Assyriska,Sweden,1298
1530,Esteghlal KhuzestanIran,Esteghlal Khuzestan,Iran,1298
1531,XinabajulGuatemala,Xinabajul,Guatemala,1298
1532,Liberty ProfessionalsGhana,Liberty Professionals,Ghana,1298
1533,FK AudaLatvia,FK Auda,Latvia,1298
1534,PenafielPortugal,Penafiel,Portugal,1298
1535,Centre Salif KéitaMali,Centre Salif Kéita,Mali,1298
1536,Pattaya UnitedThailand,Pattaya United,Thailand,1298
1537,Dalian Yingbo F.C.China PR,Dalian Yingbo F.C.China PR,#N/A,1298
1538,AL SafaLebanon,AL Safa,Lebanon,1298
1539,Odisha FCIndia,Odisha FC,India,1298
1540,DuguwolofilaMali,Duguwolofila,Mali,1297
1541,NK RogaškaSlovenia,NK Rogaška,Slovenia,1297
1542,Enosis ParalimniCyprus,Enosis Paralimni,Cyprus,1297
1543,FKS Stal MielecPoland,FKS Stal Mielec,Poland,1297
1544,Ramonense POCosta Rica,Ramonense PO,Costa Rica,1297
1545,Panserraikos FCGreece,Panserraikos FC,Greece,1297
1546,FK Septemvri SofiaBulgaria,FK Septemvri Sofia,Bulgaria,1297
1547,FC MinajUkraine,FC Minaj,Ukraine,1297
1548,BolognesiPeru,Bolognesi,Peru,1297
1549,Rampla JuniorsUruguay,Rampla Juniors,Uruguay,1297
1550,Chabab Atlas KhénifraMorocco,Chabab Atlas Khénifra,Morocco,1297
1551,RabotničkiMacedonia,Rabotnički,Macedonia,1297
1552,Madura UnitedIndonesia,Madura United,Indonesia,1297
1553,VictoriaHonduras,Victoria,Honduras,1297
1554,Deportivo SantaníParaguay,Deportivo Santaní,Paraguay,1297
1555,Al FeihaSaudi Arabia,Al Feiha,Saudi Arabia,1296
1556,Chippa UnitedSouth Africa,Chippa United,South Africa,1296
1557,Go RoundNigeria,Go Round,Nigeria,1296
1558,Auckland FCNew Zealand,Auckland FC,New Zealand,1296
1559,Doma UnitedNigeria,Doma United,Nigeria,1296
1560,MZKS Arka GdyniaPoland,MZKS Arka Gdynia,Poland,1296
1561,Wellington PhoenixAustralia,Wellington Phoenix,Australia,1296
1562,Western United FCSolomon Islands,Western United FC,Solomon Islands,1296
1563,PetrovacMontenegro,Petrovac,Montenegro,1296
1564,MO BéjaiaAlgeria,MO Béjaia,Algeria,1296
1565,Richards BaySouth Africa,Richards Bay,South Africa,1296
1566,Alki OroklinisCyprus,Alki Oroklinis,Cyprus,1296
1567,Sable BatiéCameroon,Sable Batié,Cameroon,1295
1568,EnvigadoColombia,Envigado,Colombia,1295
1569,FC Unirea 2004 SloboziaRomania,FC Unirea 2004 Slobozia,Romania,1295
1570,Harare CityZimbabwe,Harare City,Zimbabwe,1295
1571,Obolon' KyivUkraine,Obolon' Kyiv,Ukraine,1295
1572,Săgeata NăvodariRomania,Săgeata Năvodari,Romania,1295
1573,Omonia AradippouCyprus,Omonia Aradippou,Cyprus,1295
1574,Ironi Tiberias F.C.Israel,Ironi Tiberias F.C.,Israel,1295
1575,Al Ahli TripoliLibya,Al Ahli Tripoli,Libya,1295
1576,Argeș PiteștiRomania,Argeș Pitești,Romania,1295
1577,CF MontrealCanada,CF Montreal,Canada,1295
1578,Rah AhanIran,Rah Ahan,Iran,1295
1579,Tivoli GardensJamaica,Tivoli Gardens,Jamaica,1295
1580,Olympic El Qanah FCEgypt,Olympic El Qanah FC,Egypt,1295
1581,RentistasUruguay,Rentistas,Uruguay,1294
1582,SogndalNorway,Sogndal,Norway,1294
1583,FC Anzhi MakhachkalaRussia,FC Anzhi Makhachkala,Russia,1294
1584,FC VaduzSwitzerland,FC Vaduz,Switzerland,1294
1585,Deportivo Walter FerrettiNicaragua,Deportivo Walter Ferretti,Nicaragua,1294
1586,CODM MeknèsMorocco,CODM Meknès,Morocco,1294
1587,FeirensePortugal,Feirense,Portugal,1294
1588,FK SlutskBelarus,FK Slutsk,Belarus,1294
1589,NapredakSerbia,Napredak,Serbia,1294
1590,FA ŠiauliaiLithuania,FA Šiauliai,Lithuania,1294
1591,Qatar SCQatar,Qatar SC,Qatar,1294
1592,José GálvezPeru,José Gálvez,Peru,1294
1593,StabækNorway,Stabæk,Norway,1294
1594,FC DordrechtNetherlands,FC Dordrecht,Netherlands,1294
1595,FK Tuzla CityBosnia and Herzegovina,FK Tuzla CityBosnia and,Herzegovina,1294
1596,Real CartagenaColombia,Real Cartagena,Colombia,1294
1597,Ruch ChorzówPoland,Ruch Chorzów,Poland,1294
1598,Maccabi Petah TikvaIsrael,Maccabi Petah Tikva,Israel,1293
1599,NecaxaHonduras,Necaxa,Honduras,1293
1600,Caïman DoualaCameroon,Caïman Douala,Cameroon,1293
1601,Chongqing Liangjiang Athletic F.C.China PR,Chongqing Liangjiang Athletic F.C.China PR,#N/A,1293
1602,Green BuffaloesZambia,Green Buffaloes,Zambia,1293
1603,Joe PublicTrinidad and Tobago,Joe PublicTrinidad and,Tobago,1293
1604,CiclonBolivia,Ciclon,Bolivia,1293
1605,Deportivo AnzoáteguiVenezuela,Deportivo Anzoátegui,Venezuela,1293
1606,Changchun YataiChina PR,Changchun YataiChina PR,#N/A,1293
1607,EkranasLithuania,Ekranas,Lithuania,1293
1608,Akwa StarletsNigeria,Akwa Starlets,Nigeria,1292
1609,Barrio MéxicoCosta Rica,Barrio México,Costa Rica,1292
1610,BucasporTurkey,Bucaspor,Turkey,1292
1611,Jigawa Golden StarsNigeria,Jigawa Golden Stars,Nigeria,1292
1612,Onze CréateursMali,Onze Créateurs,Mali,1292
1613,RadomljeSlovenia,Radomlje,Slovenia,1292
1614,Nassaji MazandaranIran,Nassaji Mazandaran,Iran,1292
1615,AboomoslemIran,Aboomoslem,Iran,1292
1616,LokerenBelgium,Lokeren,Belgium,1292
1617,AlianzaPanama,Alianza,Panama,1292
1618,Kaduna United FCNigeria,Kaduna United FC,Nigeria,1292
1619,Semen PadangIndonesia,Semen Padang,Indonesia,1292
1620,SK Austria KlagenfurtAustria,SK Austria Klagenfurt,Austria,1292
1621,LPTA TozeurTunisia,LPTA Tozeur,Tunisia,1292
1622,CapacoCongo DR,CapacoCongo DR,#N/A,1292
1623,Zhetysu TaldykorganKazakhstan,Zhetysu Taldykorgan,Kazakhstan,1292
1624,Nea SalamisCyprus,Nea Salamis,Cyprus,1292
1625,Olympique de MedeaAlgeria,Olympique de Medea,Algeria,1291
1626,Shenzhen Peng City F.C.China PR,Shenzhen Peng City F.C.China PR,#N/A,1291
1627,Metropolitanos FCVenezuela,Metropolitanos FC,Venezuela,1291
1628,Olympiakos NicosiaCyprus,Olympiakos Nicosia,Cyprus,1291
1629,Livyi Bereh KyivUkraine,Livyi Bereh Kyiv,Ukraine,1291
1630,Magesi F.C.South Africa,Magesi F.C.,South Africa,1291
1631,Rising StarsNigeria,Rising Stars,Nigeria,1291
1632,TarabaNigeria,Taraba,Nigeria,1291
1633,ÖsterSweden,Öster,Sweden,1291
1634,Chepo FCPanama,Chepo FC,Panama,1291
1635,Sport Boys WarnesBolivia,Sport Boys Warnes,Bolivia,1291
1636,Sportif de ChebbaTunisia,Sportif de Chebba,Tunisia,1291
1637,GaziantepsporTurkey,Gaziantepspor,Turkey,1291
1638,Royal AMSouth Africa,Royal AM,South Africa,1290
1639,Deportes QuindíoColombia,Deportes Quindío,Colombia,1290
1640,Leones FCColombia,Leones FC,Colombia,1290
1641,AC OuluFinland,AC Oulu,Finland,1290
1642,Al-Kholood ClubSaudi Arabia,Al-Kholood Club,Saudi Arabia,1290
1643,Montego Bay UnitedJamaica,Montego Bay United,Jamaica,1290
1644,Union DoualaCameroon,Union Douala,Cameroon,1290
1645,CSMS IaşiRomania,CSMS Iaşi,Romania,1290
1646,HispanoHonduras,Hispano,Honduras,1290
1647,Qingdao JonoonChina PR,Qingdao JonoonChina PR,#N/A,1290
1648,Free State StarsSouth Africa,Free State Stars,South Africa,1290
1649,Viktoria ŽižkovCzech Republic,Viktoria Žižkov,Czech Republic,1290
1650,KitcheeHong Kong,Kitchee,Hong Kong,1290
1651,Moghreb TétouanMorocco,Moghreb Tétouan,Morocco,1289
1652,AdanasporTurkey,Adanaspor,Turkey,1289
1653,United PetrotrinTrinidad and Tobago,United PetrotrinTrinidad and,Tobago,1289
1654,Young Sport Academy BamendaCameroon,Young Sport Academy Bamenda,Cameroon,1289
1655,JagodinaSerbia,Jagodina,Serbia,1289
1656,FC Samgurali TskhaltuboGeorgia,FC Samgurali Tskhaltubo,Georgia,1289
1657,Malut United FCIndonesia,Malut United FC,Indonesia,1289
1658,KoloaleSolomon Islands,Koloale,Solomon Islands,1289
1659,IndiosMexico,Indios,Mexico,1289
1660,Keşlə Futbol KlubuAzerbaijan,Keşlə Futbol Klubu,Azerbaijan,1288
1661,AS RejicheTunisia,AS Rejiche,Tunisia,1288
1662,LierseBelgium,Lierse,Belgium,1288
1663,Pas HamedanIran,Pas Hamedan,Iran,1288
1664,Dundee FCScotland,Dundee FC,Scotland,1288
1665,Cape Town SpursSouth Africa,Cape Town Spurs,South Africa,1288
1666,Vegalta SendaiJapan,Vegalta Sendai,Japan,1288
1667,TacuaryParaguay,Tacuary,Paraguay,1288
1668,Pretoria UniversitySouth Africa,Pretoria University,South Africa,1288
1669,Zamora FCVenezuela,Zamora FC,Venezuela,1288
1670,NK KrkaSlovenia,NK Krka,Slovenia,1288
1671,União de LeiriaPortugal,União de Leiria,Portugal,1288
1672,V-Varen NagasakiJapan,V-Varen Nagasaki,Japan,1288
1673,CA PalmaflorBolivia,CA Palmaflor,Bolivia,1288
1674,Dalian ShideChina PR,Dalian ShideChina PR,#N/A,1287
1675,Renaissance de NgoumouCameroon,Renaissance de Ngoumou,Cameroon,1287
1676,Guangzhou F.C.China PR,Guangzhou F.C.China PR,#N/A,1287
1677,FK Inhulets' PetroveUkraine,FK Inhulets' Petrove,Ukraine,1287
1678,Belén Siglo XXICosta Rica,Belén Siglo XXI,Costa Rica,1287
1679,ADO Den HaagNetherlands,ADO Den Haag,Netherlands,1287
1680,Santiago WanderersChile,Santiago Wanderers,Chile,1287
1681,Sriwijaya FCIndonesia,Sriwijaya FC,Indonesia,1287
1682,VirungaCongo DR,VirungaCongo DR,#N/A,1287
1683,Al-Zawraa SCIraq,Al-Zawraa SC,Iraq,1287
1684,Deportivo LlacuabambaPeru,Deportivo Llacuabamba,Peru,1287
1685,KarlovacCroatia,Karlovac,Croatia,1287
1686,Lobi StarsNigeria,Lobi Stars,Nigeria,1286
1687,SV RoeselareBelgium,SV Roeselare,Belgium,1286
1688,Sport Rosario (Huaraz)Peru,Sport Rosario (Huaraz),Peru,1286
1689,FC Arsenal DzerzhinskBelarus,FC Arsenal Dzerzhinsk,Belarus,1286
1690,VestsjællandDenmark,Vestsjælland,Denmark,1286
1691,RWD MolenbeekBelgium,RWD Molenbeek,Belgium,1286
1692,El Entag El HarbyEgypt,El Entag El Harby,Egypt,1286
1693,DragonsCongo DR,DragonsCongo DR,#N/A,1286
1694,Issia WaziIvory Coast,Issia Wazi,Ivory Coast,1286
1695,ÖrebroSweden,Örebro,Sweden,1286
1696,Maritzburg UnitedSouth Africa,Maritzburg United,South Africa,1286
1697,Zulte WaregemBelgium,Zulte Waregem,Belgium,1286
1698,Halmstads BKSweden,Halmstads BK,Sweden,1286
1699,Internaţional Curtea de ArgeşRomania,Internaţional Curtea de Argeş,Romania,1286
1700,Maestro United ZambiaZambia,Maestro United Zambia,Zambia,1286
1701,AOK KerkyraGreece,AOK Kerkyra,Greece,1286
1702,Al ShoalahSaudi Arabia,Al Shoalah,Saudi Arabia,1286
1703,Accra Great OlympicsGhana,Accra Great Olympics,Ghana,1286
1704,FC YelimayKazakhstan,FC Yelimay,Kazakhstan,1285
1705,MictlánGuatemala,Mictlán,Guatemala,1285
1706,HønefossNorway,Hønefoss,Norway,1285
1707,TarazKazakhstan,Taraz,Kazakhstan,1285
1708,AtyrauKazakhstan,Atyrau,Kazakhstan,1285
1709,Central Coast Mariners FCAustralia,Central Coast Mariners FC,Australia,1285
1710,ChikhuraGeorgia,Chikhura,Georgia,1285
1711,KV OostendeBelgium,KV Oostende,Belgium,1285
1712,Avion Fc Du NkamCameroon,Avion Fc Du Nkam,Cameroon,1285
1713,Lokomotiv MezdraBulgaria,Lokomotiv Mezdra,Bulgaria,1285
1714,Crucero del NorteArgentina,Crucero del Norte,Argentina,1285
1715,RanheimNorway,Ranheim,Norway,1285
1716,Vasas BudapestHungary,Vasas Budapest,Hungary,1284
1717,Degerfors IFSweden,Degerfors IF,Sweden,1284
1718,Al Quwa Al JawiyaIraq,Al Quwa Al Jawiya,Iraq,1284
1719,FK Istiqlol DushanbeTajikistan,FK Istiqlol Dushanbe,Tajikistan,1284
1720,SkenderbeuAlbania,Skenderbeu,Albania,1284
1721,USM Bel AbbèsAlgeria,USM Bel Abbès,Algeria,1284
1722,Veria FCGreece,Veria FC,Greece,1284
1723,VVV-VenloNetherlands,VVV-Venlo,Netherlands,1284
1724,El-Sharkia Lel Dokhan (Eastern Company SC)Egypt,El-Sharkia Lel Dokhan (Eastern Company SC),Egypt,1284
1725,Karela United FCGhana,Karela United FC,Ghana,1284
1726,Hay Al Wadi SCSudan,Hay Al Wadi SC,Sudan,1284
1727,LimónCosta Rica,Limón,Costa Rica,1284
1728,JS El OmraneTunisia,JS El Omrane,Tunisia,1283
1729,Williamsville Athletic ClubIvory Coast,Williamsville Athletic Club,Ivory Coast,1283
1730,Suphanburi FCThailand,Suphanburi FC,Thailand,1283
1731,WSG TirolAustria,WSG Tirol,Austria,1283
1732,Grazer AKAustria,Grazer AK,Austria,1283
1733,Hapoel Rishon LeZionIsrael,Hapoel Rishon LeZion,Israel,1283
1734,ÅtvidabergSweden,Åtvidaberg,Sweden,1283
1735,Polonia BytomPoland,Polonia Bytom,Poland,1283
1736,Al AhliQatar,Al Ahli,Qatar,1283
1737,Club Vaca Díez de PandoBolivia,Club Vaca Díez de Pando,Bolivia,1283
1738,São Salvador do KongoAngola,São Salvador do Kongo,Angola,1283
1739,A.E. Kifisia F.C.Greece,A.E. Kifisia F.C.,Greece,1282
1740,San SimonPeru,San Simon,Peru,1282
1741,Turku PSFinland,Turku PS,Finland,1282
1742,FK Liepājas MetalurgsLatvia,FK Liepājas Metalurgs,Latvia,1282
1743,ElimaCongo DR,ElimaCongo DR,#N/A,1282
1744,Nyíregyháza SpartacusHungary,Nyíregyháza Spartacus,Hungary,1282
1745,Gateway FCNigeria,Gateway FC,Nigeria,1282
1746,FK RiteriaiLithuania,FK Riteriai,Lithuania,1282
1747,Al-Khaleej ClubSaudi Arabia,Al-Khaleej Club,Saudi Arabia,1282
1748,FF JaroFinland,FF Jaro,Finland,1281
1749,Halcones FCGuatemala,Halcones FC,Guatemala,1281
1750,CS UruguayCosta Rica,CS Uruguay,Costa Rica,1281
1751,Chornomorets OdesaUkraine,Chornomorets Odesa,Ukraine,1281
1752,Hawke's Bay UnitedNew Zealand,Hawke's Bay United,New Zealand,1281
1753,Steel AzinIran,Steel Azin,Iran,1281
1754,SC Austria LustenauAustria,SC Austria Lustenau,Austria,1281
1755,Pirin BlagoevgradBulgaria,Pirin Blagoevgrad,Bulgaria,1281
1756,Lion BlesséCameroon,Lion Blessé,Cameroon,1280
1757,VolynUkraine,Volyn,Ukraine,1280
1758,ÖrgryteSweden,Örgryte,Sweden,1280
1759,FalkirkScotland,Falkirk,Scotland,1280
1760,Sanat Naft AbadanIran,Sanat Naft Abadan,Iran,1280
1761,Real JuventudHonduras,Real Juventud,Honduras,1280
1762,Matsumoto YamagaJapan,Matsumoto Yamaga,Japan,1280
1763,Ocean Boys FCNigeria,Ocean Boys FC,Nigeria,1280
1764,Triangle FCZimbabwe,Triangle FC,Zimbabwe,1280
1765,Shakhter KaragandyKazakhstan,Shakhter Karagandy,Kazakhstan,1280
1766,Police Tero FCThailand,Police Tero FC,Thailand,1280
1767,New Star de DoualaCameroon,New Star de Douala,Cameroon,1280
1768,Al-Riyadh SCSaudi Arabia,Al-Riyadh SC,Saudi Arabia,1279
1769,AizawlIndia,Aizawl,India,1279
1770,NkwaziZambia,Nkwazi,Zambia,1279
1771,AluminijSlovenia,Aluminij,Slovenia,1279
1772,Al-SaltJordan,Al-Salt,Jordan,1279
1773,Sogakope WAFAGhana,Sogakope WAFA,Ghana,1279
1774,Turan TovuzAzerbaijan,Turan Tovuz,Azerbaijan,1279
1775,Puszcza NiepołomicePoland,Puszcza Niepołomice,Poland,1279
1776,Västerås SKSweden,Västerås SK,Sweden,1279
1777,FC Dunărea CălăraşiRomania,FC Dunărea Călăraşi,Romania,1279
1778,Río AbajoPanama,Río Abajo,Panama,1279
1779,GranitBelarus,Granit,Belarus,1279
1780,SønderjyskEDenmark,SønderjyskE,Denmark,1279
1781,San Jose EarthquakesUnited States,San Jose Earthquakes,United States,1278
1782,FK HaugesundNorway,FK Haugesund,Norway,1278
1783,Molinos El Pirata FCPeru,Molinos El Pirata FC,Peru,1278
1784,Ironi Ramat HaSharonIsrael,Ironi Ramat HaSharon,Israel,1278
1785,FK TambovRussia,FK Tambov,Russia,1278
1786,NK Tabor SežanaSlovenia,NK Tabor Sežana,Slovenia,1278
1787,Metalist 1925 KharkivUkraine,Metalist 1925 Kharkiv,Ukraine,1278
1788,PiraeSyria,Pirae,Syria,1278
1789,Čelik NikšićMontenegro,Čelik Nikšić,Montenegro,1278
1790,Botev VratsaBulgaria,Botev Vratsa,Bulgaria,1278
1791,SuvaFiji,Suva,Fiji,1278
1792,12 de Octubre de ItauguaParaguay,12 de Octubre de Itaugua,Paraguay,1278
1793,Persik KediriIndonesia,Persik Kediri,Indonesia,1278
1794,DragonTahiti,Dragon,Tahiti,1278
1795,C.D. Lunda SulAngola,C.D. Lunda Sul,Angola,1278
1796,Mezőkövesd-ZsóryHungary,Mezőkövesd-Zsóry,Hungary,1278
1797,BaniyasUnited Arab Emirates,Baniyas,United Arab Emirates,1278
1798,Miramar MisionesUruguay,Miramar Misiones,Uruguay,1278
1799,Mineros de GuayanaVenezuela,Mineros de Guayana,Venezuela,1278
1800,Guizhou HengfengChina PR,Guizhou HengfengChina PR,#N/A,1278
1801,Zemplin MichalovceSlovakia,Zemplin Michalovce,Slovakia,1277
1802,Hamam SousseTunisia,Hamam Sousse,Tunisia,1277
1803,Sogdiyona JizzaxUzbekistan,Sogdiyona Jizzax,Uzbekistan,1277
1804,FK Proleter Novi SadSerbia,FK Proleter Novi Sad,Serbia,1277
1805,RNK SplitCroatia,RNK Split,Croatia,1277
1806,Clan JuvenilEcuador,Clan Juvenil,Ecuador,1277
1807,CostuleniMoldova,Costuleni,Moldova,1277
1808,Union Sportive BougoubaMali,Union Sportive Bougouba,Mali,1277
1809,FK KolubaraSerbia,FK Kolubara,Serbia,1277
1810,Târgu MureşRomania,Târgu Mureş,Romania,1277
1811,CarmarthenWales,Carmarthen,Wales,1277
1812,Ikorodu UnitedNigeria,Ikorodu United,Nigeria,1276
1813,BekescsabaHungary,Bekescsaba,Hungary,1276
1814,FC LahtiFinland,FC Lahti,Finland,1276
1815,DiyarbakirsporTurkey,Diyarbakirspor,Turkey,1276
1816,CD EL VencedorEl Salvador,CD EL Vencedor,El Salvador,1276
1817,Progresso da Lunda SulAngola,Progresso da Lunda Sul,Angola,1276
1818,CortuluáColombia,Cortuluá,Colombia,1276
1819,Grbalj RadanoviciMontenegro,Grbalj Radanovici,Montenegro,1276
1820,Guadalupe FCCosta Rica,Guadalupe FC,Costa Rica,1276
1821,Portuguesa FCVenezuela,Portuguesa FC,Venezuela,1276
1822,RenovaMacedonia,Renova,Macedonia,1276
1823,Yokohama FCJapan,Yokohama FC,Japan,1276
1824,AS SlimaneTunisia,AS Slimane,Tunisia,1276
1825,Havadar S.C.Iran,Havadar S.C.,Iran,1275
1826,Douanes NiameyNiger,Douanes Niamey,Niger,1275
1827,Sandecja Nowy SączPoland,Sandecja Nowy Sącz,Poland,1275
1828,Lamphun WarriorThailand,Lamphun Warrior,Thailand,1275
1829,Jeunesse Sportive SoualemMorocco,Jeunesse Sportive Soualem,Morocco,1275
1830,Ayacucho FCPeru,Ayacucho FC,Peru,1275
1831,Universitatea CraiovaRomania,Universitatea Craiova,Romania,1275
1832,Ajman ClubUnited Arab Emirates,Ajman Club,United Arab Emirates,1275
1833,PAS GianninaGreece,PAS Giannina,Greece,1275
1834,Waasland-BeverenBelgium,Waasland-Beveren,Belgium,1275
1835,Santos de GuápilesCosta Rica,Santos de Guápiles,Costa Rica,1275
1836,Partick ThistleScotland,Partick Thistle,Scotland,1275
1837,Hienghène SportNew Caledonia,Hienghène Sport,New Caledonia,1275
1838,Deportivo del EstePanama,Deportivo del Este,Panama,1274
1839,Gyirmót SEHungary,Gyirmót SE,Hungary,1274
1840,FK IskraMontenegro,FK Iskra,Montenegro,1274
1841,Chabab Rif Al HoceimaMorocco,Chabab Rif Al Hoceima,Morocco,1274
1842,Aragua FCVenezuela,Aragua FC,Venezuela,1274
1843,TelOne FCZimbabwe,TelOne FC,Zimbabwe,1274
1844,Esan UnitedThailand,Esan United,Thailand,1274
1845,Fajr SepasiIran,Fajr Sepasi,Iran,1274
1846,Politehnica IaşiRomania,Politehnica Iaşi,Romania,1274
1847,Voinţa SibiuRomania,Voinţa Sibiu,Romania,1274
1848,FK Mladost Novi SadSerbia,FK Mladost Novi Sad,Serbia,1274
1849,Moors World of Sport FCZimbabwe,Moors World of Sport FC,Zimbabwe,1274
1850,BełchatówPoland,Bełchatów,Poland,1274
1851,Chapungu UnitedZimbabwe,Chapungu United,Zimbabwe,1273
1852,Al-Okhdood ClubSaudi Arabia,Al-Okhdood Club,Saudi Arabia,1273
1853,JC AbidjanIvory Coast,JC Abidjan,Ivory Coast,1273
1854,Dan KassawaNiger,Dan Kassawa,Niger,1273
1855,Juventud RetaltecaGuatemala,Juventud Retalteca,Guatemala,1273
1856,UranaNiger,Urana,Niger,1273
1857,VenusSyria,Venus,Syria,1273
1858,Santa Lucia CotzumalguapaGuatemala,Santa Lucia Cotzumalguapa,Guatemala,1273
1859,Chengdu BladesChina PR,Chengdu BladesChina PR,#N/A,1272
1860,Académica do SoyoAngola,Académica do Soyo,Angola,1272
1861,BrommapojkarnaSweden,Brommapojkarna,Sweden,1272
1862,AS MatelotsCameroon,AS Matelots,Cameroon,1272
1863,Araz PFKAzerbaijan,Araz PFK,Azerbaijan,1272
1864,Ferroviário da BeiraMozambique,Ferroviário da Beira,Mozambique,1272
1865,ACS Poli TimişoaraRomania,ACS Poli Timişoara,Romania,1272
1866,Njala QuanCameroon,Njala Quan,Cameroon,1272
1867,FK Tekstilac OdžaciSerbia,FK Tekstilac Odžaci,Serbia,1272
1868,AaBDenmark,AaB,Denmark,1272
1869,SOL FCIvory Coast,SOL FC,Ivory Coast,1272
1870,HŠK PosušjeBosnia and Herzegovina,HŠK PosušjeBosnia and,Herzegovina,1272
1871,BaFiji,Ba,Fiji,1272
1872,Lausanne SportSwitzerland,Lausanne Sport,Switzerland,1272
1873,Haidob En NahudSudan,Haidob En Nahud,Sudan,1272
1874,DravaSlovenia,Drava,Slovenia,1271
1875,MuğanAzerbaijan,Muğan,Azerbaijan,1271
1876,Sacachispas ChiquimulaGuatemala,Sacachispas Chiquimula,Guatemala,1271
1877,FC Rapid GhidighiciMoldova,FC Rapid Ghidighici,Moldova,1271
1878,CambuurNetherlands,Cambuur,Netherlands,1271
1879,Mersin İdmanyurduTurkey,Mersin İdmanyurdu,Turkey,1271
1880,KPVFinland,KPV,Finland,1271
1881,JavorSerbia,Javor,Serbia,1271
1882,Violette ACHaiti,Violette AC,Haiti,1271
1883,Shabab Al SahelLebanon,Shabab Al Sahel,Lebanon,1271
1884,Persiwa WamenaIndonesia,Persiwa Wamena,Indonesia,1271
1885,Wydad FèsMorocco,Wydad Fès,Morocco,1271
1886,Sreenidi DeccanIndia,Sreenidi Deccan,India,1271
1887,Green EaglesZambia,Green Eagles,Zambia,1271
1888,FC Luch MinskBelarus,FC Luch Minsk,Belarus,1270
1889,Umm-SalalQatar,Umm-Salal,Qatar,1270
1890,Dalkurd FFSweden,Dalkurd FF,Sweden,1270
1891,NAPSA Stars FCZambia,NAPSA Stars FC,Zambia,1270
1892,Black MambasZimbabwe,Black Mambas,Zimbabwe,1270
1893,Shooting StarsZimbabwe,Shooting Stars,Zimbabwe,1270
1894,C.D. CacahuatiqueEl Salvador,C.D. Cacahuatique,El Salvador,1270
1895,Okzhetpes KokshetauKazakhstan,Okzhetpes Kokshetau,Kazakhstan,1270
1896,Atlético de KolkataIndia,Atlético de Kolkata,India,1270
1897,Zoman FCIvory Coast,Zoman FC,Ivory Coast,1270
1898,SCR AltachAustria,SCR Altach,Austria,1270
1899,IFK MariehamnFinland,IFK Mariehamn,Finland,1270
1900,RoPS RovaniemiFinland,RoPS Rovaniemi,Finland,1270
1901,Lokomotiv Gorna OryahovitsaBulgaria,Lokomotiv Gorna Oryahovitsa,Bulgaria,1270
1902,Deportivo ChiantlaGuatemala,Deportivo Chiantla,Guatemala,1270
1903,Macarthur FCAustralia,Macarthur FC,Australia,1270
1904,Oestersunds FKSweden,Oestersunds FK,Sweden,1270
1905,ESPOLIEcuador,ESPOLI,Ecuador,1270
1906,FC VolendamNetherlands,FC Volendam,Netherlands,1270
1907,Union Deportivo UniversitarioPanama,Union Deportivo Universitario,Panama,1269
1908,JUTH FCNigeria,JUTH FC,Nigeria,1269
1909,FC PyunikArmenia,FC Pyunik,Armenia,1269
1910,Meizhou Hakka F.C.China PR,Meizhou Hakka F.C.China PR,#N/A,1269
1911,AtenasUruguay,Atenas,Uruguay,1269
1912,Esbjerg fBDenmark,Esbjerg fB,Denmark,1269
1913,Lion City Sailors FCSingapore,Lion City Sailors FC,Singapore,1269
1914,Dunav RuseBulgaria,Dunav Ruse,Bulgaria,1269
1915,Karmiotissa Pano PolemidionCyprus,Karmiotissa Pano Polemidion,Cyprus,1269
1916,Shahin Bushehr FCIran,Shahin Bushehr FC,Iran,1269
1917,Black RhinosZimbabwe,Black Rhinos,Zimbabwe,1269
1918,PoliceTrinidad and Tobago,PoliceTrinidad and,Tobago,1269
1919,Afrique Football ÉliteMali,Afrique Football Élite,Mali,1269
1920,Al-SailiyaQatar,Al-Sailiya,Qatar,1269
1921,Army UnitedThailand,Army United,Thailand,1269
1922,Shijiazhuang Ever BrightChina PR,Shijiazhuang Ever BrightChina PR,#N/A,1269
1923,Odra WodzisławPoland,Odra Wodzisław,Poland,1269
1924,SV RiedAustria,SV Ried,Austria,1268
1925,EaglesZimbabwe,Eagles,Zimbabwe,1268
1926,St. GeorgeEthiopia,St. George,Ethiopia,1268
1927,Granit MikashevichiBelarus,Granit Mikashevichi,Belarus,1268
1928,Vendsyssel FFDenmark,Vendsyssel FF,Denmark,1268
1929,Volga NyzhnyiRussia,Volga Nyzhnyi,Russia,1268
1930,Hay al-Arab (SUD)Sudan,Hay al-Arab (SUD),Sudan,1268
1931,How MineZimbabwe,How Mine,Zimbabwe,1268
1932,FC MaktaaralKazakhstan,FC Maktaaral,Kazakhstan,1268
1933,GoricaSlovenia,Gorica,Slovenia,1268
1934,Avenir de La MarsaTunisia,Avenir de La Marsa,Tunisia,1268
1935,USM BlidaAlgeria,USM Blida,Algeria,1268
1936,SKA-KhabarovskRussia,SKA-Khabarovsk,Russia,1268
1937,AkokanaNiger,Akokana,Niger,1268
1938,F91 DudelangeLuxembourg,F91 Dudelange,Luxembourg,1268
1939,FK ZemunSerbia,FK Zemun,Serbia,1267
1940,Henderson EelsSolomon Islands,Henderson Eels,Solomon Islands,1267
1941,DC UnitedUnited States,DC United,United States,1267
1942,Binga FCMali,Binga FC,Mali,1267
1943,Sololá FCGuatemala,Sololá FC,Guatemala,1267
1944,Víkingur ReykjavikIceland,Víkingur Reykjavik,Iceland,1267
1945,Al WahdaSaudi Arabia,Al Wahda,Saudi Arabia,1267
1946,Nogoom FCEgypt,Nogoom FC,Egypt,1267
1947,Scottland Football ClubZimbabwe,Scottland Football Club,Zimbabwe,1267
1948,General DíazParaguay,General Díaz,Paraguay,1267
1949,BarnecheaChile,Barnechea,Chile,1267
1950,Flint Town UnitedWales,Flint Town United,Wales,1267
1951,GreenFuel FCZimbabwe,GreenFuel FC,Zimbabwe,1266
1952,CerritoUruguay,Cerrito,Uruguay,1266
1953,Akritas ChlorakasCyprus,Akritas Chlorakas,Cyprus,1266
1954,Dukla Banska BystricaSlovakia,Dukla Banska Bystrica,Slovakia,1266
1955,OFTA FCCameroon,OFTA FC,Cameroon,1266
1956,Nalkutan FCVanuatu,Nalkutan FC,Vanuatu,1266
1957,Adana DemirsporTurkey,Adana Demirspor,Turkey,1266
1958,DubnicaSlovakia,Dubnica,Slovakia,1266
1959,CD das AvesPortugal,CD das Aves,Portugal,1266
1960,Persis SoloIndonesia,Persis Solo,Indonesia,1266
1961,Bulawayo ChiefsZimbabwe,Bulawayo Chiefs,Zimbabwe,1266
1962,Royal WahingdohIndia,Royal Wahingdoh,India,1266
1963,AL Shorta SCIraq,AL Shorta SC,Iraq,1266
1964,Atlético Sport AviaçãoAngola,Atlético Sport Aviação,Angola,1266
1965,SumqayıtAzerbaijan,Sumqayıt,Azerbaijan,1266
1966,AS SaléMorocco,AS Salé,Morocco,1266
1967,Athlone TownIreland,Athlone Town,Ireland,1266
1968,AarauSwitzerland,Aarau,Switzerland,1266
1969,Atlético VenezuelaVenezuela,Atlético Venezuela,Venezuela,1265
1970,Termalica NiecieczaPoland,Termalica Nieciecza,Poland,1265
1971,Podbeskidzie Bielsko-BialaPoland,Podbeskidzie Bielsko-Biala,Poland,1265
1972,Al Ahli BenghaziLibya,Al Ahli Benghazi,Libya,1265
1973,Vejle BoldklubDenmark,Vejle Boldklub,Denmark,1265
1974,JSM LaâyouneMorocco,JSM Laâyoune,Morocco,1265
1975,AS KorofinaMali,AS Korofina,Mali,1265
1976,Haras El-Hodood SCEgypt,Haras El-Hodood SC,Egypt,1265
1977,Dunaújváros Pálhalma SEHungary,Dunaújváros Pálhalma SE,Hungary,1265
1978,Nakhon Ratchasima FCThailand,Nakhon Ratchasima FC,Thailand,1265
1979,Once MunicipalEl Salvador,Once Municipal,El Salvador,1265
1980,NK ZadarCroatia,NK Zadar,Croatia,1265
1981,Baroka FCSouth Africa,Baroka FC,South Africa,1265
1982,Vision FCGhana,Vision FC,Ghana,1264
1983,PSBS BiakIndonesia,PSBS Biak,Indonesia,1264
1984,KCCA FCTogo,KCCA FC,Togo,1264
1985,Wiener NeustadtAustria,Wiener Neustadt,Austria,1264
1986,MedimurjeCroatia,Medimurje,Croatia,1264
1987,Persiba BalikpapanIndonesia,Persiba Balikpapan,Indonesia,1264
1988,Grombalia SportsTunisia,Grombalia Sports,Tunisia,1264
1989,Béni-KhalledTunisia,Béni-Khalled,Tunisia,1264
1990,Al Nahdha DammamSaudi Arabia,Al Nahdha Dammam,Saudi Arabia,1264
1991,CD VidaHonduras,CD Vida,Honduras,1264
1992,Mufulira WanderersZambia,Mufulira Wanderers,Zambia,1263
1993,Buffaloes FCZimbabwe,Buffaloes FC,Zimbabwe,1263
1994,San Juan FCPuerto Rico,San Juan FC,Puerto Rico,1263
1995,Usc BassamIvory Coast,Usc Bassam,Ivory Coast,1263
1996,TefanaTahiti,Tefana,Tahiti,1263
1997,Othellos Athienou FCCyprus,Othellos Athienou FC,Cyprus,1263
1998,Comerciantes UnidosPeru,Comerciantes Unidos,Peru,1263
1999,FK Donji SremSerbia,FK Donji Srem,Serbia,1263
2000,Shark XICongo DR,Shark XICongo DR,#N/A,1263
2001,Dalian Professional FCChina PR,Dalian Professional FCChina PR,#N/A,1263
2002,Chainat FCThailand,Chainat FC,Thailand,1263
2003,Atlético BalboaEl Salvador,Atlético Balboa,El Salvador,1263
2004,PSPS PekanbaruIndonesia,PSPS Pekanbaru,Indonesia,1263
2005,Hapoel Nof HaGalilIsrael,Hapoel Nof HaGalil,Israel,1263
2006,FK Jezero PlavMontenegro,FK Jezero Plav,Montenegro,1263
2007,Zamfara United FCNigeria,Zamfara United FC,Nigeria,1263
2008,Veti ClubCongo DR,Veti ClubCongo DR,#N/A,1262
2009,Al Hilal KadougliSudan,Al Hilal Kadougli,Sudan,1262
2010,Al Ahli KhartoumSudan,Al Ahli Khartoum,Sudan,1262
2011,Wuachon UnitedThailand,Wuachon United,Thailand,1262
2012,Resistencia Sport ClubParaguay,Resistencia Sport Club,Paraguay,1262
2013,Olympic NiameyNiger,Olympic Niamey,Niger,1262
2014,Dinamo-AutoMoldova,Dinamo-Auto,Moldova,1262
2015,Hoang Anh Gia LaiVietnam,Hoang Anh Gia Lai,Vietnam,1262
2016,Parrillas OneHonduras,Parrillas One,Honduras,1262
2017,Harbin YitengChina PR,Harbin YitengChina PR,#N/A,1262
2018,Olympique du KefTunisia,Olympique du Kef,Tunisia,1262
2019,Académica LobitoAngola,Académica Lobito,Angola,1261
2020,Prison LeopardsZambia,Prison Leopards,Zambia,1261
2021,AEL Kalloni FCGreece,AEL Kalloni FC,Greece,1261
2022,Al-Bourj FCLebanon,Al-Bourj FC,Lebanon,1261
2023,FC Wacker InnsbruckAustria,FC Wacker Innsbruck,Austria,1261
2024,EO Sidi BouzidTunisia,EO Sidi Bouzid,Tunisia,1261
2025,Real Kashmir FCIndia,Real Kashmir FC,India,1261
2026,US BitamTahiti,US Bitam,Tahiti,1261
2027,RC BafoussamCameroon,RC Bafoussam,Cameroon,1261
2028,LengthensZimbabwe,Lengthens,Zimbabwe,1261
2029,Chennai City FCIndia,Chennai City FC,India,1261
2030,Ústí nad LabemCzech Republic,Ústí nad Labem,Czech Republic,1261
2031,Radnik BijeljinaBosnia and Herzegovina,Radnik BijeljinaBosnia and,Herzegovina,1261
2032,NIGELECNiger,NIGELEC,Niger,1261
2033,Blessing FCCongo DR,Blessing FCCongo DR,#N/A,1261
2034,Tema YouthGhana,Tema Youth,Ghana,1260
2035,CabindaAngola,Cabinda,Angola,1260
2036,FK KrupaBosnia and Herzegovina,FK KrupaBosnia and,Herzegovina,1260
2037,Victoria BranestiRomania,Victoria Branesti,Romania,1260
2038,BSK BorčaSerbia,BSK Borča,Serbia,1260
2039,Ermis AradippouCyprus,Ermis Aradippou,Cyprus,1260
2040,Berekum ArsenalGhana,Berekum Arsenal,Ghana,1260
2041,Ifira Black BirdVanuatu,Ifira Black Bird,Vanuatu,1260
2042,KiglonZimbabwe,Kiglon,Zimbabwe,1260
2043,FC TskhinvaliGeorgia,FC Tskhinvali,Georgia,1260
2044,Saint GeorgeEthiopia,Saint George,Ethiopia,1260
2045,Estudiantes de MéridaVenezuela,Estudiantes de Mérida,Venezuela,1260
2046,Akademija PandevMacedonia,Akademija Pandev,Macedonia,1259
2047,Llandudno FCWales,Llandudno FC,Wales,1259
2048,Samut Prakan CityThailand,Samut Prakan City,Thailand,1259
2049,Najran SCSaudi Arabia,Najran SC,Saudi Arabia,1259
2050,SiófokHungary,Siófok,Hungary,1259
2051,Njube SundownsZimbabwe,Njube Sundowns,Zimbabwe,1259
2052,El RajaEgypt,El Raja,Egypt,1259
2053,Al Fallah Atbara FCSudan,Al Fallah Atbara FC,Sudan,1259
2054,Herrera FCPanama,Herrera FC,Panama,1259
2055,TavriiaUkraine,Tavriia,Ukraine,1259
2056,Unirea Alba IuliaRomania,Unirea Alba Iulia,Romania,1259
2057,Forest RangersZambia,Forest Rangers,Zambia,1259
2058,Akzhaiyk UralskKazakhstan,Akzhaiyk Uralsk,Kazakhstan,1259
2059,PříbramCzech Republic,Příbram,Czech Republic,1259
2060,PetržalkaSlovakia,Petržalka,Slovakia,1259
2061,Hapoel HaderaIsrael,Hapoel Hadera,Israel,1259
2062,Nchanga RangersZambia,Nchanga Rangers,Zambia,1259
2063,Pérez ZeledónCosta Rica,Pérez Zeledón,Costa Rica,1259
2064,AS-FANNiger,AS-FAN,Niger,1259
2065,FK MetalacSerbia,FK Metalac,Serbia,1258
2066,Sukhothai FCThailand,Sukhothai FC,Thailand,1258
2067,JEF UnitedJapan,JEF United,Japan,1258
2068,KAC KénitraMorocco,KAC Kénitra,Morocco,1258
2069,EGS GafsaTunisia,EGS Gafsa,Tunisia,1258
2070,HasaacasGhana,Hasaacas,Ghana,1258
2071,HobroDenmark,Hobro,Denmark,1258
2072,Dacia BuiucaniMoldova,Dacia Buiucani,Moldova,1258
2073,Accra Lions FCGhana,Accra Lions FC,Ghana,1258
2074,Tamale CityGhana,Tamale City,Ghana,1258
2075,FK Sloga DobojBosnia and Herzegovina,FK Sloga DobojBosnia and,Herzegovina,1258
2076,Police United FCThailand,Police United FC,Thailand,1258
2077,Central SportSyria,Central Sport,Syria,1257
2078,Čelik ZenicaBosnia and Herzegovina,Čelik ZenicaBosnia and,Herzegovina,1257
2079,Al SharkeyahEgypt,Al Sharkeyah,Egypt,1257
2080,AS BamakoMali,AS Bamako,Mali,1257
2081,FK Horizont TurnovoMacedonia,FK Horizont Turnovo,Macedonia,1257
2082,Eleven Wonders FCGhana,Eleven Wonders FC,Ghana,1257
2083,Liga MuçulmanaMozambique,Liga Muçulmana,Mozambique,1257
2084,Baladiyat El Mahalla SCEgypt,Baladiyat El Mahalla SC,Egypt,1257
2085,Metallurg BekobodUzbekistan,Metallurg Bekobod,Uzbekistan,1257
2086,J.S. Groupe BazanoDenmark,J.S. Groupe Bazano,Denmark,1257
2087,Barito PuteraIndonesia,Barito Putera,Indonesia,1257
2088,GFK TikveshMacedonia,GFK Tikvesh,Macedonia,1257
2089,Inter Allies FCGhana,Inter Allies FC,Ghana,1257
2090,Neftochimic Burgas 1962Bulgaria,Neftochimic Burgas 1962,Bulgaria,1257
2091,Punjab Football ClubIndia,Punjab Football Club,India,1257
2092,Anzoátegui F.C.Venezuela,Anzoátegui F.C.,Venezuela,1257
2093,UniversitarioBolivia,Universitario,Bolivia,1257
2094,FC Stade Lausanne-OuchySwitzerland,FC Stade Lausanne-Ouchy,Switzerland,1257
2095,Siquinalá FCGuatemala,Siquinalá FC,Guatemala,1256
2096,Yobe Desert StarsNigeria,Yobe Desert Stars,Nigeria,1256
2097,Admira Wacker MödlingAustria,Admira Wacker Mödling,Austria,1256
2098,Sepidrood Rasht SCIran,Sepidrood Rasht SC,Iran,1256
2099,Gaitcha FCNNew Caledonia,Gaitcha FCN,New Caledonia,1256
2100,Helsingborgs IFSweden,Helsingborgs IF,Sweden,1256
2101,San Juan JablotehTrinidad and Tobago,San Juan JablotehTrinidad and,Tobago,1256
2102,KongsvingerNorway,Kongsvinger,Norway,1256
2103,Nantong Zhiyun FCChina PR,Nantong Zhiyun FCChina PR,#N/A,1256
2104,Ocean PacifiqueDenmark,Ocean Pacifique,Denmark,1256
2105,DenizlisporTurkey,Denizlispor,Turkey,1256
2106,Viettel Football ClubVietnam,Viettel Football Club,Vietnam,1256
2107,Bouaké FCIvory Coast,Bouaké FC,Ivory Coast,1256
2108,Jamshedpur FCIndia,Jamshedpur FC,India,1255
2109,King FaisalGhana,King Faisal,Ghana,1255
2110,Amidaus Professionals FCGhana,Amidaus Professionals FC,Ghana,1255
2111,CS Hammam-LifTunisia,CS Hammam-Lif,Tunisia,1255
2112,YanbianChina PR,YanbianChina PR,#N/A,1255
2113,Gaborone UnitedBotswana,Gaborone United,Botswana,1255
2114,Tallinna JK LegionEstonia,Tallinna JK Legion,Estonia,1255
2115,Ross CountyScotland,Ross County,Scotland,1255
2116,Alamal AtbaraSudan,Alamal Atbara,Sudan,1255
2117,Ittihad Zemouri de KhemissetMorocco,Ittihad Zemouri de Khemisset,Morocco,1255
2118,SandnesNorway,Sandnes,Norway,1255
2119,CA BatnaAlgeria,CA Batna,Algeria,1255
2120,FC NoahArmenia,FC Noah,Armenia,1255
2121,ABM Galaxy FCVanuatu,ABM Galaxy FC,Vanuatu,1255
2122,Mumbai FCIndia,Mumbai FC,India,1255
2123,Makedonija Gjorče PetrovMacedonia,Makedonija Gjorče Petrov,Macedonia,1255
2124,AS PoliceMali,AS Police,Mali,1255
2125,Teungueth FCSenegal,Teungueth FC,Senegal,1255
2126,Mladi RadnikSerbia,Mladi Radnik,Serbia,1255
2127,Arcahaie FCHaiti,Arcahaie FC,Haiti,1254
2128,El MansuraEgypt,El Mansura,Egypt,1254
2129,Newcastle United JetsAustralia,Newcastle United Jets,Australia,1254
2130,Crown FCNigeria,Crown FC,Nigeria,1254
2131,Varbergs BoISSweden,Varbergs BoIS,Sweden,1254
2132,Ekenäs IdrottsföreningFinland,Ekenäs Idrottsförening,Finland,1254
2133,Nkoyi BilombeDenmark,Nkoyi Bilombe,Denmark,1254
2134,LyngbyDenmark,Lyngby,Denmark,1254
2135,RC RelizaneAlgeria,RC Relizane,Algeria,1254
2136,Al-Ain FCSaudi Arabia,Al-Ain FC,Saudi Arabia,1254
2137,SahelNiger,Sahel,Niger,1254
2138,Ankaran HrvatiniSlovenia,Ankaran Hrvatini,Slovenia,1254
2139,Ceahlăul PiatraRomania,Ceahlăul Piatra,Romania,1254
2140,MogrenMontenegro,Mogren,Montenegro,1254
2141,AS Puma GeneraleňaCosta Rica,AS Puma Generaleňa,Costa Rica,1254
2142,Santa Gema FCPanama,Santa Gema FC,Panama,1254
2143,LikasiCongo DR,LikasiCongo DR,#N/A,1254
2144,Doxa DramasGreece,Doxa Dramas,Greece,1254
2145,Ha Noi FCVietnam,Ha Noi FC,Vietnam,1254
2146,CobresolPeru,Cobresol,Peru,1254
2147,Dinamo VranjeSerbia,Dinamo Vranje,Serbia,1253
2148,Alianza Universidad HuanucoPeru,Alianza Universidad Huanuco,Peru,1253
2149,Cavalry FCCanada,Cavalry FC,Canada,1253
2150,Sportul StudentescRomania,Sportul Studentesc,Romania,1253
2151,Gornik LecznaPoland,Gornik Leczna,Poland,1253
2152,Canon BuromecaCongo DR,Canon BuromecaCongo DR,#N/A,1253
2153,Brisbane Roar FCAustralia,Brisbane Roar FC,Australia,1253
2154,Scorpion FC de BéCameroon,Scorpion FC de Bé,Cameroon,1253
2155,Panthrakikos KomotiniGreece,Panthrakikos Komotini,Greece,1253
2156,SrirachaThailand,Sriracha,Thailand,1253
2157,Partizani TiranaAlbania,Partizani Tirana,Albania,1253
2158,El MinyaEgypt,El Minya,Egypt,1253
2159,Persema MalangIndonesia,Persema Malang,Indonesia,1253
2160,Merreikh NyalaSudan,Merreikh Nyala,Sudan,1253
2161,TRAU F.C.India,TRAU F.C.,India,1253
2162,ŠibenikCroatia,Šibenik,Croatia,1253
2163,FK Olympic TashkentUzbekistan,FK Olympic Tashkent,Uzbekistan,1253
2164,APOP / KinyrasCyprus,APOP / Kinyras,Cyprus,1253
2165,FK Arsenal TivatMontenegro,FK Arsenal Tivat,Montenegro,1253
2166,Kansanshi DynamosZambia,Kansanshi Dynamos,Zambia,1253
2167,Tom' TomskRussia,Tom' Tomsk,Russia,1252
2168,USGNNiger,USGN,Niger,1252
2169,Saraburi FCThailand,Saraburi FC,Thailand,1252
2170,Rad BeogradSerbia,Rad Beograd,Serbia,1252
2171,Zagłębie SosnowiecPoland,Zagłębie Sosnowiec,Poland,1252
2172,Gigira LaitepoPapua New Guinea,Gigira Laitepo,Papua New Guinea,1252
2173,Kerala Blasters FCIndia,Kerala Blasters FC,India,1252
2174,TsholotshoZimbabwe,Tsholotsho,Zimbabwe,1252
2175,Al-Tai FCSaudi Arabia,Al-Tai FC,Saudi Arabia,1252
2176,Zimbabwe SaintsZimbabwe,Zimbabwe Saints,Zimbabwe,1252
2177,Rangdajied UnitedIndia,Rangdajied United,India,1252
2178,Hapoel Kfar SabaIsrael,Hapoel Kfar Saba,Israel,1252
2179,PA SambizangaAngola,PA Sambizanga,Angola,1252
2180,Cosmos de BafiaCameroon,Cosmos de Bafia,Cameroon,1252
2181,TammekaEstonia,Tammeka,Estonia,1251
2182,Ħamrun SpartansMalta,Ħamrun Spartans,Malta,1251
2183,Ibanda SportCongo DR,Ibanda SportCongo DR,#N/A,1251
2184,LimerickIreland,Limerick,Ireland,1251
2185,UWI FCJamaica,UWI FC,Jamaica,1251
2186,BreiðablikIceland,Breiðablik,Iceland,1251
2187,Rajasthan UnitedIndia,Rajasthan United,India,1251
2188,Central Coast F.C.Solomon Islands,Central Coast F.C.,Solomon Islands,1251
2189,ONGC FCIndia,ONGC FC,India,1251
2190,Mighty JetsGhana,Mighty Jets,Ghana,1251
2191,SKN Sankt PöltenAustria,SKN Sankt Pölten,Austria,1251
2192,NA Hussein DeyAlgeria,NA Hussein Dey,Algeria,1251
2193,Lincoln Red Imps FCGibraltar,Lincoln Red Imps FC,Gibraltar,1251
2194,Al BatinSaudi Arabia,Al Batin,Saudi Arabia,1251
2195,KabashaCongo DR,KabashaCongo DR,#N/A,1251
2196,Social SolHonduras,Social Sol,Honduras,1251
2197,Bikita Minerals FCZimbabwe,Bikita Minerals FC,Zimbabwe,1251
2198,FC Gareji SagarejoGeorgia,FC Gareji Sagarejo,Georgia,1251
2199,Budafoki MTEHungary,Budafoki MTE,Hungary,1250
2200,Rudar VelenjeSlovenia,Rudar Velenje,Slovenia,1250
2201,Legon Cities FCGhana,Legon Cities FC,Ghana,1250
2202,Yeni MalatyasporTurkey,Yeni Malatyaspor,Turkey,1250
2203,FK Jedinstvo UbSerbia,FK Jedinstvo Ub,Serbia,1250
2204,Kaloum StarGuinea,Kaloum Star,Guinea,1250
2205,LLB AcadémicBurundi,LLB Académic,Burundi,1250
2206,Olympic ClubCongo DR,Olympic ClubCongo DR,#N/A,1250
2207,FK ŠilasLithuania,FK Šilas,Lithuania,1250
2208,AS Nyuki de ButemboDenmark,AS Nyuki de Butembo,Denmark,1250
2209,HighwayZimbabwe,Highway,Zimbabwe,1250
2210,Al RaedSaudi Arabia,Al Raed,Saudi Arabia,1250
2211,Nord SportDenmark,Nord Sport,Denmark,1250
2212,US BougouniMali,US Bougouni,Mali,1250
2213,CentralTrinidad and Tobago,CentralTrinidad and,Tobago,1250
2214,Sheasham FCZimbabwe,Sheasham FC,Zimbabwe,1250
2215,Yadah FCZimbabwe,Yadah FC,Zimbabwe,1250
2216,Persiram Raja AmpatIndonesia,Persiram Raja Ampat,Indonesia,1250
2217,Al-Orobah FCSaudi Arabia,Al-Orobah FC,Saudi Arabia,1250
2218,Aïn FakrounAlgeria,Aïn Fakroun,Algeria,1250
2219,GlenavonNorthern Ireland,Glenavon,Northern Ireland,1250
2220,Etoile du KivuCongo DR,Etoile du KivuCongo DR,#N/A,1250
2221,Doxa KatokopiaCyprus,Doxa Katokopia,Cyprus,1250
2222,Nembe City FCNigeria,Nembe City FC,Nigeria,1250
2223,PlatenseHonduras,Platense,Honduras,1250
2224,Independiente FCEl Salvador,Independiente FC,El Salvador,1250
2225,SabéIvory Coast,Sabé,Ivory Coast,1250
2226,Diables NoirsCongo,Diables Noirs,Congo,1250
2227,Entente Sportive du BafingIvory Coast,Entente Sportive du Bafing,Ivory Coast,1250
2228,MornarMontenegro,Mornar,Montenegro,1249
2229,Persita TangerangIndonesia,Persita Tangerang,Indonesia,1249
2230,Township RollersBotswana,Township Rollers,Botswana,1249
2231,AL Adalh FCSaudi Arabia,AL Adalh FC,Saudi Arabia,1249
2232,Racing United FCJamaica,Racing United FC,Jamaica,1249
2233,SunkarKazakhstan,Sunkar,Kazakhstan,1249
2234,KF TiranaAlbania,KF Tirana,Albania,1249
2235,Gaz Metan MediaşRomania,Gaz Metan Mediaş,Romania,1249
2236,Ararat-Armenia FCArmenia,Ararat-Armenia FC,Armenia,1249
2237,Progresso Associação do SambizangaAngola,Progresso Associação do Sambizanga,Angola,1249
2238,Deportivo SavioHonduras,Deportivo Savio,Honduras,1249
2239,UMECIT FCPanama,UMECIT FC,Panama,1249
2240,AS KasserineTunisia,AS Kasserine,Tunisia,1249
2241,Young Green EaglesZambia,Young Green Eagles,Zambia,1249
2242,İstanbulsporTurkey,İstanbulspor,Turkey,1249
2243,AzamTanzania,Azam,Tanzania,1249
2244,FC AlashkertArmenia,FC Alashkert,Armenia,1249
2245,AC Kuya SportCongo DR,AC Kuya SportCongo DR,#N/A,1249
2246,EupenBelgium,Eupen,Belgium,1249
2247,Miedź LegnicaPoland,Miedź Legnica,Poland,1248
2248,Olympic Sport AboboIvory Coast,Olympic Sport Abobo,Ivory Coast,1248
2249,SlivenBulgaria,Sliven,Bulgaria,1248
2250,Metalleghe BSIBosnia and Herzegovina,Metalleghe BSIBosnia and,Herzegovina,1248
2251,El DoradoDenmark,El Dorado,Denmark,1248
2252,Lobos UPNFMHonduras,Lobos UPNFM,Honduras,1248
2253,FK Kom PodgoricaMontenegro,FK Kom Podgorica,Montenegro,1248
2254,ZestafoniGeorgia,Zestafoni,Georgia,1248
2255,US Panda B5Congo DR,US Panda B5Congo DR,#N/A,1248
2256,Al Bataeh ClubUnited Arab Emirates,Al Bataeh Club,United Arab Emirates,1248
2257,FC Lubumbashi sportCongo DR,FC Lubumbashi sportCongo DR,#N/A,1248
2258,Uniao Sport Clube do UigeAngola,Uniao Sport Clube do Uige,Angola,1248
2259,Wad Hashim SC SennarSudan,Wad Hashim SC Sennar,Sudan,1248
2260,GabèsTunisia,Gabès,Tunisia,1248
2261,Kuwait SCKuwait,Kuwait SC,Kuwait,1248
2262,Tamme AutoEstonia,Tamme Auto,Estonia,1248
2263,Mouna FCIvory Coast,Mouna FC,Ivory Coast,1248
2264,MolungeCongo DR,MolungeCongo DR,#N/A,1247
2265,Shabab Al-Ordon ClubJordan,Shabab Al-Ordon Club,Jordan,1247
2266,Juventud EscuintlecaGuatemala,Juventud Escuintleca,Guatemala,1247
2267,Young ApostlesGhana,Young Apostles,Ghana,1247
2268,Pelita Bandung RayaIndonesia,Pelita Bandung Raya,Indonesia,1247
2269,Mitra KukarIndonesia,Mitra Kukar,Indonesia,1247
2270,CS Fola EschLuxembourg,CS Fola Esch,Luxembourg,1247
2271,WarriorEstonia,Warrior,Estonia,1247
2272,Surkhon-2011Uzbekistan,Surkhon-2011,Uzbekistan,1247
2273,Marek DupnitsaBulgaria,Marek Dupnitsa,Bulgaria,1247
2274,ASI D'AbengourouIvory Coast,ASI D'Abengourou,Ivory Coast,1247
2275,Verdes FCBelize,Verdes FC,Belize,1247
2276,La U UniversitariosCosta Rica,La U Universitarios,Costa Rica,1247
2277,JCT FCIndia,JCT FC,India,1247
2278,Mutondo StarsZambia,Mutondo Stars,Zambia,1247
2279,PlataniasGreece,Platanias,Greece,1247
2280,Krumkachy MinskBelarus,Krumkachy Minsk,Belarus,1247
2281,StjarnanIceland,Stjarnan,Iceland,1247
2282,Deportivo ZuliaVenezuela,Deportivo Zulia,Venezuela,1246
2283,Wad Nubawi Khartoum FCSudan,Wad Nubawi Khartoum FC,Sudan,1246
2284,Ranchers BeesNigeria,Ranchers Bees,Nigeria,1246
2285,Gombe UnitedNigeria,Gombe United,Nigeria,1246
2286,FK JervNorway,FK Jerv,Norway,1246
2287,PSS SlemanIndonesia,PSS Sleman,Indonesia,1246
2288,Gran Valencia FCVenezuela,Gran Valencia FC,Venezuela,1246
2289,APEPCyprus,APEP,Cyprus,1246
2290,ZhenisKazakhstan,Zhenis,Kazakhstan,1246
2291,CSyD CarcháGuatemala,CSyD Carchá,Guatemala,1246
2292,Papua New Guinea U20Papua New Guinea,Papua New Guinea U20,Papua New Guinea,1246
2293,Germinal BeerschotBelgium,Germinal Beerschot,Belgium,1246
2294,Togo-PortUganda,Togo-Port,Uganda,1246
2295,AS DenguéléIvory Coast,AS Denguélé,Ivory Coast,1246
2296,AS NiananMali,AS Nianan,Mali,1246
2297,Akademik SofiaBulgaria,Akademik Sofia,Bulgaria,1246
2298,Asyut PetrolEgypt,Asyut Petrol,Egypt,1246
2299,FC PaschingAustria,FC Pasching,Austria,1246
2300,Briton Ferry LlansawelWales,Briton Ferry Llansawel,Wales,1245
2301,Al Qadsia KuwaitKuwait,Al Qadsia Kuwait,Kuwait,1245
2302,Petro SouthsPapua New Guinea,Petro Souths,Papua New Guinea,1245
2303,Club Olympique de MédenineTunisia,Club Olympique de Médenine,Tunisia,1245
2304,Flame LillyZimbabwe,Flame Lilly,Zimbabwe,1245
2305,FK BokeljMontenegro,FK Bokelj,Montenegro,1245
2306,Eleven WiseGhana,Eleven Wise,Ghana,1245
2307,DSK ShivajiansIndia,DSK Shivajians,India,1245
2308,Differdange 03Luxembourg,Differdange 03,Luxembourg,1245
2309,Hvidovre IFDenmark,Hvidovre IF,Denmark,1245
2310,Olympique de MissiraMali,Olympique de Missira,Mali,1245
2311,Atlético do NamibeAngola,Atlético do Namibe,Angola,1245
2312,Tiga SportNew Caledonia,Tiga Sport,New Caledonia,1245
2313,UnderhillZimbabwe,Underhill,Zimbabwe,1245
2314,AD Grecia FCCosta Rica,AD Grecia FC,Costa Rica,1245
2315,Pontypridd TownWales,Pontypridd Town,Wales,1245
2316,Abha ClubSaudi Arabia,Abha Club,Saudi Arabia,1244
2317,DiarafSenegal,Diaraf,Senegal,1244
2318,Youssoufia BerrechidMorocco,Youssoufia Berrechid,Morocco,1244
2319,FC MKCongo DR,FC MKCongo DR,#N/A,1244
2320,Al-Hilal AlsahilSudan,Al-Hilal Alsahil,Sudan,1244
2321,Al-Ahli AtbaraSudan,Al-Ahli Atbara,Sudan,1244
2322,Angostura FCVenezuela,Angostura FC,Venezuela,1244
2323,MSP BatnaAlgeria,MSP Batna,Algeria,1244
2324,PSISIndonesia,PSIS,Indonesia,1244
2325,Persijap JeparaIndonesia,Persijap Jepara,Indonesia,1244
2326,Ubon UMT FCThailand,Ubon UMT FC,Thailand,1244
2327,Lae City DwellersPapua New Guinea,Lae City Dwellers,Papua New Guinea,1244
2328,Binh DuongVietnam,Binh Duong,Vietnam,1244
2329,Tiare TahitiSyria,Tiare Tahiti,Syria,1244
2330,Kokand 1912Uzbekistan,Kokand 1912,Uzbekistan,1244
2331,Ahal FKTurkmenistan,Ahal FK,Turkmenistan,1244
2332,Tokushima VortisJapan,Tokushima Vortis,Japan,1244
2333,AdzopéIvory Coast,Adzopé,Ivory Coast,1244
2334,H&H Export Sébaco FCNicaragua,H&H Export Sébaco FC,Nicaragua,1244
2335,Mjøndalen IFNorway,Mjøndalen IF,Norway,1244
2336,Real Hope FAHaiti,Real Hope FA,Haiti,1244
2337,FK Turan TurkistanKazakhstan,FK Turan Turkistan,Kazakhstan,1244
2338,FK AksuKazakhstan,FK Aksu,Kazakhstan,1244
2339,Saint-ClémentCongo DR,Saint-ClémentCongo DR,#N/A,1243
2340,Al-Zoma KhartoumSudan,Al-Zoma Khartoum,Sudan,1243
2341,TempêteHaiti,Tempête,Haiti,1243
2342,KukesiAlbania,Kukesi,Albania,1243
2343,FK MolodechnoBelarus,FK Molodechno,Belarus,1243
2344,MaristSolomon Islands,Marist,Solomon Islands,1243
2345,Club SandoTrinidad and Tobago,Club SandoTrinidad and,Tobago,1243
2346,Chennaiyin FCIndia,Chennaiyin FC,India,1243
2347,Szolnoki MÁVHungary,Szolnoki MÁV,Hungary,1243
2348,El Nasr TadeenEgypt,El Nasr Tadeen,Egypt,1243
2349,Erakor Golden StarVanuatu,Erakor Golden Star,Vanuatu,1243
2350,VostokKazakhstan,Vostok,Kazakhstan,1243
2351,FC UlytauKazakhstan,FC Ulytau,Kazakhstan,1243
2352,Shabab El Bourj SCLebanon,Shabab El Bourj SC,Lebanon,1243
2353,FC SimbaDenmark,FC Simba,Denmark,1243
2354,FK Kaspiy AktauKazakhstan,FK Kaspiy Aktau,Kazakhstan,1243
2355,Santos de AngolaAngola,Santos de Angola,Angola,1243
2356,Kober SC BahriSudan,Kober SC Bahri,Sudan,1242
2357,Nong Bua Pitchaya FCThailand,Nong Bua Pitchaya FC,Thailand,1242
2358,FK Mladost Doboj KakanjBosnia and Herzegovina,FK Mladost Doboj KakanjBosnia and,Herzegovina,1242
2359,Basake Holy Stars FCGhana,Basake Holy Stars FC,Ghana,1242
2360,MuunganoCongo DR,MuunganoCongo DR,#N/A,1242
2361,Alkali NassaraNiger,Alkali Nassara,Niger,1242
2362,Chegutu Pirates FCZimbabwe,Chegutu Pirates FC,Zimbabwe,1242
2363,FK Gorno LisiceMacedonia,FK Gorno Lisice,Macedonia,1242
2364,Concordia ChiajnaRomania,Concordia Chiajna,Romania,1242
2365,CD AudazEl Salvador,CD Audaz,El Salvador,1242
2366,Club Omnisports de Korhogo (CIV)Ivory Coast,Club Omnisports de Korhogo (CIV),Ivory Coast,1242
2367,Mont BleuDenmark,Mont Bleu,Denmark,1242
2368,FC KuressaareEstonia,FC Kuressaare,Estonia,1242
2369,CD ChalatenangoEl Salvador,CD Chalatenango,El Salvador,1242
2370,NaftaSlovenia,Nafta,Slovenia,1242
2371,A.D. Municipal Santa AnaCosta Rica,A.D. Municipal Santa Ana,Costa Rica,1242
2372,Lajong SCIndia,Lajong SC,India,1242
2373,Kalyani Bharat FCIndia,Kalyani Bharat FC,India,1242
2374,GD Baixa de KassanjeAngola,GD Baixa de Kassanje,Angola,1242
2375,InterblockSlovenia,Interblock,Slovenia,1242
2376,Haskovo 2009Bulgaria,Haskovo 2009,Bulgaria,1242
2377,NK ZagrebCroatia,NK Zagreb,Croatia,1241
2378,KazakhmysKazakhstan,Kazakhmys,Kazakhstan,1241
2379,Real Santa CruzBolivia,Real Santa Cruz,Bolivia,1241
2380,FH HafnarfjordurIceland,FH Hafnarfjordur,Iceland,1241
2381,FK Radnik SurdulicaSerbia,FK Radnik Surdulica,Serbia,1241
2382,Al-AbbassiehLebanon,Al-Abbassieh,Lebanon,1241
2383,Santa Tecla FCEl Salvador,Santa Tecla FC,El Salvador,1241
2384,FC BuzăuRomania,FC Buzău,Romania,1241
2385,Moossou FCIvory Coast,Moossou FC,Ivory Coast,1241
2386,Roan UnitedZambia,Roan United,Zambia,1241
2387,Wassaman UnitedGhana,Wassaman United,Ghana,1241
2388,JSK Chabab Kasba TadlaMorocco,JSK Chabab Kasba Tadla,Morocco,1241
2389,Sabana de MoptiMali,Sabana de Mopti,Mali,1241
2390,AC MamahiraMali,AC Mamahira,Mali,1241
2391,FC Renaissance du CongoDenmark,FC Renaissance du Congo,Denmark,1241
2392,EspoirNiger,Espoir,Niger,1241
2393,Partizan MinskBelarus,Partizan Minsk,Belarus,1241
2394,FC Spicul ChișcăreniMoldova,FC Spicul Chișcăreni,Moldova,1241
2395,Ndoki ya NdombeCongo DR,Ndoki ya NdombeCongo DR,#N/A,1241
2396,Sportist SvogeBulgaria,Sportist Svoge,Bulgaria,1241
2397,FK Otrant-OlympicMontenegro,FK Otrant-Olympic,Montenegro,1241
2398,ATS KoroMali,ATS Koro,Mali,1241
2399,Standard SumgayitAzerbaijan,Standard Sumgayit,Azerbaijan,1241
2400,EtarBulgaria,Etar,Bulgaria,1240
2401,PAEEK KyreniaCyprus,PAEEK Kyrenia,Cyprus,1240
2402,Dunfermline AthleticScotland,Dunfermline Athletic,Scotland,1240
2403,OuragahioIvory Coast,Ouragahio,Ivory Coast,1240
2404,Al-Shahania S.C.Qatar,Al-Shahania S.C.,Qatar,1240
2405,Gahar ZagrosIran,Gahar Zagros,Iran,1240
2406,Armed ForcesSingapore,Armed Forces,Singapore,1240
2407,Tiburones Rojos de VeracruzMexico,Tiburones Rojos de Veracruz,Mexico,1240
2408,NK KrskoSlovenia,NK Krsko,Slovenia,1240
2409,FK AtlantasLithuania,FK Atlantas,Lithuania,1240
2410,Deltras SidoarjoIndonesia,Deltras Sidoarjo,Indonesia,1240
2411,Naft Masjed Soleyman FCIran,Naft Masjed Soleyman FC,Iran,1240
2412,Wexford YouthsIreland,Wexford Youths,Ireland,1240
2413,Maverly Hughenden FCJamaica,Maverly Hughenden FC,Jamaica,1240
2414,Dunbeholden FCJamaica,Dunbeholden FC,Jamaica,1240
2415,Luanda City FCAngola,Luanda City FC,Angola,1239
2416,Atletico Lusaka FCZambia,Atletico Lusaka FC,Zambia,1239
2417,Racing de CasablancaMorocco,Racing de Casablanca,Morocco,1239
2418,El DakhleyaEgypt,El Dakhleya,Egypt,1239
2419,ASM OranAlgeria,ASM Oran,Algeria,1239
2420,Tafea FCVanuatu,Tafea FC,Vanuatu,1239
2421,FK TransINVESTLithuania,FK TransINVEST,Lithuania,1238
2422,RewaFiji,Rewa,Fiji,1238
2423,Hilal El-FasherSudan,Hilal El-Fasher,Sudan,1238
2424,FK Zlatibor ČajetinaSerbia,FK Zlatibor Čajetina,Serbia,1238
2425,Mansheyat Bani HasanJordan,Mansheyat Bani Hasan,Jordan,1238
2426,PSMSIndonesia,PSMS,Indonesia,1238
2427,Misr El MakasaEgypt,Misr El Makasa,Egypt,1238
2428,SocozakiDenmark,Socozaki,Denmark,1238
2429,Mash'al MuborakUzbekistan,Mash'al Muborak,Uzbekistan,1238
2430,CibaoDenmark,Cibao,Denmark,1238
2431,Aswan FCEgypt,Aswan FC,Egypt,1238
2432,Sportive de DjerbaTunisia,Sportive de Djerba,Tunisia,1238
2433,Al Ittihad KalbaUnited Arab Emirates,Al Ittihad Kalba,United Arab Emirates,1238
2434,AC RangersDenmark,AC Rangers,Denmark,1238
2435,Meshki Pooshan Football ClubIran,Meshki Pooshan Football Club,Iran,1238
2436,CibaliaCroatia,Cibalia,Croatia,1237
2437,Bofoakwa TanoGhana,Bofoakwa Tano,Ghana,1237
2438,AFC EskilstunaSweden,AFC Eskilstuna,Sweden,1237
2439,Al Ahly MeroweSudan,Al Ahly Merowe,Sudan,1237
2440,HardbodyZimbabwe,Hardbody,Zimbabwe,1237
2441,Lys SassandraIvory Coast,Lys Sassandra,Ivory Coast,1237
2442,Bukavu DawaCongo DR,Bukavu DawaCongo DR,#N/A,1237
2443,Rayo ZulianoVenezuela,Rayo Zuliano,Venezuela,1237
2444,LynNorway,Lyn,Norway,1237
2445,BellinzonaSwitzerland,Bellinzona,Switzerland,1237
2446,Sektzia Ness Ziona FCIsrael,Sektzia Ness Ziona FC,Israel,1237
2447,Deportivo ZacapaGuatemala,Deportivo Zacapa,Guatemala,1237
2448,Bray WanderersIreland,Bray Wanderers,Ireland,1237
2449,Beijing RenheChina PR,Beijing RenheChina PR,#N/A,1237
2450,Northeast United FCIndia,Northeast United FC,India,1237
2451,Perseru Badak LampungIndonesia,Perseru Badak Lampung,Indonesia,1237
2452,KF Besa DobërdollMacedonia,KF Besa Dobërdoll,Macedonia,1236
2453,CD Real de MinasHonduras,CD Real de Minas,Honduras,1236
2454,Sudeva Delhi FCIndia,Sudeva Delhi FC,India,1236
2455,Saurimo FCAngola,Saurimo FC,Angola,1236
2456,Chiangmai FCThailand,Chiangmai FC,Thailand,1236
2457,Bulawayo City FCZimbabwe,Bulawayo City FC,Zimbabwe,1236
2458,Roumde AdjiaCameroon,Roumde Adjia,Cameroon,1236
2459,Villa EspanolaUruguay,Villa Espanola,Uruguay,1236
2460,Ghazl El MehallaEgypt,Ghazl El Mehalla,Egypt,1236
2461,Prestatyn Town FCWales,Prestatyn Town FC,Wales,1236
2462,FC Hebar 1918Bulgaria,FC Hebar 1918,Bulgaria,1236
2463,Mohammedan SCIndia,Mohammedan SC,India,1236
2464,Malampa Revivors FCVanuatu,Malampa Revivors FC,Vanuatu,1236
2465,Jocoro FCEl Salvador,Jocoro FC,El Salvador,1236
2466,Kenkre FCIndia,Kenkre FC,India,1235
2467,AC HorsensDenmark,AC Horsens,Denmark,1235
2468,Nikao SokattakCook Islands,Nikao Sokattak,Cook Islands,1235
2469,Deportivo Las SabanasNicaragua,Deportivo Las Sabanas,Nicaragua,1235
2470,DongoZimbabwe,Dongo,Zimbabwe,1235
2471,KfarsoumJordan,Kfarsoum,Jordan,1235
2472,Inter de BarinasVenezuela,Inter de Barinas,Venezuela,1235
2473,Hamilton AcademicalScotland,Hamilton Academical,Scotland,1235
2474,KF GostivariMacedonia,KF Gostivari,Macedonia,1235
2475,Hapoel Petah Tikva FCIsrael,Hapoel Petah Tikva FC,Israel,1235
2476,Qingdao HainiuChina PR,Qingdao HainiuChina PR,#N/A,1235
2477,AS Avenir de TombouctouMali,AS Avenir de Tombouctou,Mali,1235
2478,CO BouafleIvory Coast,CO Bouafle,Ivory Coast,1235
2479,Al Shorta Al QadarifSudan,Al Shorta Al Qadarif,Sudan,1235
2480,Eastern Sports ClubHong Kong,Eastern Sports Club,Hong Kong,1235
2481,Ferroviário Do HuamboAngola,Ferroviário Do Huambo,Angola,1235
2482,MalekesaCongo DR,MalekesaCongo DR,#N/A,1234
2483,Speranţa CrihanaMoldova,Speranţa Crihana,Moldova,1234
2484,Saint-LucCongo DR,Saint-LucCongo DR,#N/A,1234
2485,Babeti ya SikaCongo DR,Babeti ya SikaCongo DR,#N/A,1234
2486,Indígenas de MatagalpaNicaragua,Indígenas de Matagalpa,Nicaragua,1234
2487,HIFKFinland,HIFK,Finland,1234
2488,C.D. Fuerte San FranciscoEl Salvador,C.D. Fuerte San Francisco,El Salvador,1234
2489,Jyvaskyla JKFinland,Jyvaskyla JK,Finland,1234
2490,Kafue CelticZambia,Kafue Celtic,Zambia,1234
2491,FC DiarraMali,FC Diarra,Mali,1234
2492,Yopougon FCIvory Coast,Yopougon FC,Ivory Coast,1234
2493,FC HelsingørDenmark,FC Helsingør,Denmark,1234
2494,Vipers SCUganda,Vipers SC,Uganda,1233
2495,ND TriglavSlovenia,ND Triglav,Slovenia,1233
2496,Khorfakkan ClubUnited Arab Emirates,Khorfakkan Club,United Arab Emirates,1233
2497,HiréIvory Coast,Hiré,Ivory Coast,1233
2498,Jwaneng Galaxy FCBotswana,Jwaneng Galaxy FC,Botswana,1233
2499,Valencia de LeoganeHaiti,Valencia de Leogane,Haiti,1233
2500,FC EdmontonCanada,FC Edmonton,Canada,1233
2501,Olimpik SarajevoBosnia and Herzegovina,Olimpik SarajevoBosnia and,Herzegovina,1233
2502,Solomon Warriors FCSolomon Islands,Solomon Warriors FC,Solomon Islands,1233
2503,Toronto FCCanada,Toronto FC,Canada,1233
2504,Hapoel Ramat GanIsrael,Hapoel Ramat Gan,Israel,1233
2505,North Eastern Re Organising Cultural AssociationIndia,North Eastern Re Organising Cultural Association,India,1233
2506,Gloria BistritaRomania,Gloria Bistrita,Romania,1233
2507,Al Ahli Wad MedaniSudan,Al Ahli Wad Medani,Sudan,1233
2508,Kapfenberger SVAustria,Kapfenberger SV,Austria,1233
2509,TTM ChiangmaiThailand,TTM Chiangmai,Thailand,1233
2510,Merikh KostiSudan,Merikh Kosti,Sudan,1233
2511,Montedio YamagataJapan,Montedio Yamagata,Japan,1232
2512,Lusaka DynamosZambia,Lusaka Dynamos,Zambia,1232
2513,Hapoel Ra'ananaIsrael,Hapoel Ra'anana,Israel,1232
2514,Moca FCDenmark,Moca FC,Denmark,1232
2515,Academia CantolaoPeru,Academia Cantolao,Peru,1232
2516,CavalyHaiti,Cavaly,Haiti,1232
2517,WaiBOP UnitedNew Zealand,WaiBOP United,New Zealand,1232
2518,Guangzhou City F.C.China PR,Guangzhou City F.C.China PR,#N/A,1232
2519,Hapoel Ironi AkkoIsrael,Hapoel Ironi Akko,Israel,1232
2520,LovćenMontenegro,Lovćen,Montenegro,1232
2521,PuaikuraCook Islands,Puaikura,Cook Islands,1232
2522,Union Sportive du Cercle de KitaMali,Union Sportive du Cercle de Kita,Mali,1232
2523,NdjadiCongo DR,NdjadiCongo DR,#N/A,1232
2524,FC Pune CityIndia,FC Pune City,India,1232
2525,Matiti MabeCongo DR,Matiti MabeCongo DR,#N/A,1231
2526,CS MakisoCongo DR,CS MakisoCongo DR,#N/A,1231
2527,NkoyCongo DR,NkoyCongo DR,#N/A,1231
2528,Maccabi Ahi NazarethIsrael,Maccabi Ahi Nazareth,Israel,1231
2529,Trelleborgs FFSweden,Trelleborgs FF,Sweden,1231
2530,ZumuntaNiger,Zumunta,Niger,1231
2531,Étoiles du MandéMali,Étoiles du Mandé,Mali,1231
2532,PK-35 VantaaFinland,PK-35 Vantaa,Finland,1231
2533,Forge FCCanada,Forge FC,Canada,1231
2534,Dauphins NoirsCongo DR,Dauphins NoirsCongo DR,#N/A,1230
2535,FK SenicaSlovakia,FK Senica,Slovakia,1230
2536,Chirag KeralaIndia,Chirag Kerala,India,1230
2537,Kalteng PutraIndonesia,Kalteng Putra,Indonesia,1230
2538,Bantu RoversZimbabwe,Bantu Rovers,Zimbabwe,1230
2539,StartNorway,Start,Norway,1230
2540,Liaoning HongyunChina PR,Liaoning HongyunChina PR,#N/A,1230
2541,Al-Shamal SCQatar,Al-Shamal SC,Qatar,1230
2542,Tasman UnitedNew Zealand,Tasman United,New Zealand,1230
2543,Jeunesse Sportive de KinshasaCongo DR,Jeunesse Sportive de KinshasaCongo DR,#N/A,1230
2544,Al AmirSudan,Al Amir,Sudan,1230
2545,FK Borec VelesMacedonia,FK Borec Veles,Macedonia,1230
2546,Nacional de BenguelaAngola,Nacional de Benguela,Angola,1230
2547,SyrianskaSweden,Syrianska,Sweden,1229
2548,KhonkaenThailand,Khonkaen,Thailand,1229
2549,Humble LionsJamaica,Humble Lions,Jamaica,1229
2550,Thai HondaThailand,Thai Honda,Thailand,1229
2551,Harbour ViewJamaica,Harbour View,Jamaica,1229
2552,Tripple BZimbabwe,Tripple B,Zimbabwe,1229
2553,Deportiva CarmelitaCosta Rica,Deportiva Carmelita,Costa Rica,1229
2554,União de MalanjeAngola,União de Malanje,Angola,1229
2555,Colón C-3Panama,Colón C-3,Panama,1229
2556,Morobe WawensPapua New Guinea,Morobe Wawens,Papua New Guinea,1229
2557,FC GagraGeorgia,FC Gagra,Georgia,1228
2558,Centro ÍtaloVenezuela,Centro Ítalo,Venezuela,1228
2559,Khon Kaen United FCThailand,Khon Kaen United FC,Thailand,1228
2560,Harju JalgpallikoolEstonia,Harju Jalgpallikool,Estonia,1228
2561,Manu UraTahiti,Manu Ura,Tahiti,1228
2562,XorazmUzbekistan,Xorazm,Uzbekistan,1228
2563,Al Ahly SC NabatiehLebanon,Al Ahly SC Nabatieh,Lebanon,1228
2564,Pasaquina F.C.El Salvador,Pasaquina F.C.,El Salvador,1228
2565,Club Atletico PantojaDenmark,Club Atletico Pantoja,Denmark,1228
2566,Kwekwe United FCZimbabwe,Kwekwe United FC,Zimbabwe,1228
2567,St. JohnstoneScotland,St. Johnstone,Scotland,1228
2568,Hrvatski DragovoljacCroatia,Hrvatski Dragovoljac,Croatia,1228
2569,Slavija SarajevoBosnia and Herzegovina,Slavija SarajevoBosnia and,Herzegovina,1228
2570,GD Escolinha Isaac de BenguelaAngola,GD Escolinha Isaac de Benguela,Angola,1228
2571,Qizilqum ZarafshonUzbekistan,Qizilqum Zarafshon,Uzbekistan,1228
2572,Tuti SC KhartoumSudan,Tuti SC Khartoum,Sudan,1228
2573,Al Nasr FCEgypt,Al Nasr FC,Egypt,1228
2574,Deportivo PetareVenezuela,Deportivo Petare,Venezuela,1228
2575,R.F.C. SeraingBelgium,R.F.C. Seraing,Belgium,1227
2576,OFK Mladost Donja GoricaMontenegro,OFK Mladost Donja Gorica,Montenegro,1227
2577,Trident FCZambia,Trident FC,Zambia,1227
2578,Kalulushi Modern StarsZambia,Kalulushi Modern Stars,Zambia,1227
2579,Pirin Gotse DelchevBulgaria,Pirin Gotse Delchev,Bulgaria,1227
2580,Al-Markhiya Sports ClubQatar,Al-Markhiya Sports Club,Qatar,1227
2581,Dinamo SamarkandUzbekistan,Dinamo Samarkand,Uzbekistan,1227
2582,RojoluCongo DR,RojoluCongo DR,#N/A,1227
2583,Colwyn Bay F.C.Wales,Colwyn Bay F.C.,Wales,1227
2584,NitraSlovakia,Nitra,Slovakia,1227
2585,FK PodgoricaMontenegro,FK Podgorica,Montenegro,1227
2586,Tucanes FCVenezuela,Tucanes FC,Venezuela,1227
2587,JL Chiangmai United FCThailand,JL Chiangmai United FC,Thailand,1227
2588,BantousCongo DR,BantousCongo DR,#N/A,1227
2589,GIF SundsvallSweden,GIF Sundsvall,Sweden,1226
2590,SiguiMali,Sigui,Mali,1226
2591,Persitara JakartaIndonesia,Persitara Jakarta,Indonesia,1226
2592,Al Ansar FC (Medina)Saudi Arabia,Al Ansar FC (Medina),Saudi Arabia,1226
2593,Dibba Al-Hisn SCUnited Arab Emirates,Dibba Al-Hisn SC,United Arab Emirates,1226
2594,FK PohronieSlovakia,FK Pohronie,Slovakia,1226
2595,Chiredzi FCZimbabwe,Chiredzi FC,Zimbabwe,1226
2596,Wuhan Yangtze RiverChina PR,Wuhan Yangtze RiverChina PR,#N/A,1226
2597,Kotoku RoyalsGhana,Kotoku Royals,Ghana,1226
2598,Konkola BladesZambia,Konkola Blades,Zambia,1226
2599,CD OlmedoEcuador,CD Olmedo,Ecuador,1226
2600,Uthai Thani FCThailand,Uthai Thani FC,Thailand,1226
2601,Siam Navy FCThailand,Siam Navy FC,Thailand,1225
2602,United Sikkim F.CIndia,United Sikkim F.C,India,1225
2603,FC Academia ChisinauMoldova,FC Academia Chisinau,Moldova,1225
2604,Carmona Sport Club do UígeAngola,Carmona Sport Club do Uíge,Angola,1225
2605,Apollon SmyrnisGreece,Apollon Smyrnis,Greece,1225
2606,Finn HarpsIreland,Finn Harps,Ireland,1225
2607,EFYMIvory Coast,EFYM,Ivory Coast,1225
2608,Perth GloryAustralia,Perth Glory,Australia,1225
2609,PorthmadogWales,Porthmadog,Wales,1225
2610,Hoverla UzhhorodUkraine,Hoverla Uzhhorod,Ukraine,1225
2611,Vaivase-Tai FCSamoa,Vaivase-Tai FC,Samoa,1225
2612,Jomo CosmosSouth Africa,Jomo Cosmos,South Africa,1225
2613,Atletico SocopoVenezuela,Atletico Socopo,Venezuela,1225
2614,Veraguas FCPanama,Veraguas FC,Panama,1225
2615,VictoriaZimbabwe,Victoria,Zimbabwe,1225
2616,Kruoja PakruojisLithuania,Kruoja Pakruojis,Lithuania,1225
2617,Ohod Saudi FCSaudi Arabia,Ohod Saudi FC,Saudi Arabia,1224
2618,Yafoot FC Yaounde 2Cameroon,Yafoot FC Yaounde 2,Cameroon,1224
2619,Sporting Central AcademyJamaica,Sporting Central Academy,Jamaica,1224
2620,Rudar PljevljaMontenegro,Rudar Pljevlja,Montenegro,1224
2621,Elmina SharksGhana,Elmina Sharks,Ghana,1224
2622,Arenel Movers FCZimbabwe,Arenel Movers FC,Zimbabwe,1224
2623,Nsoatreman FCGhana,Nsoatreman FC,Ghana,1224
2624,Mladost VelikaBosnia and Herzegovina,Mladost VelikaBosnia and,Herzegovina,1224
2625,Douglas WarriorsZimbabwe,Douglas Warriors,Zimbabwe,1224
2626,AS Black StarsMali,AS Black Stars,Mali,1224
2627,Rivoli UnitedJamaica,Rivoli United,Jamaica,1224
2628,PS KemiFinland,PS Kemi,Finland,1224
2629,DragónEl Salvador,Dragón,El Salvador,1224
2630,Revan BakuAzerbaijan,Revan Baku,Azerbaijan,1224
2631,SD Atletico NacionalPanama,SD Atletico Nacional,Panama,1224
2632,Al Shabab Al Arabi BeirutLebanon,Al Shabab Al Arabi Beirut,Lebanon,1224
2633,Air IndiaIndia,Air India,India,1224
2634,ASK Dragão do UígeAngola,ASK Dragão do Uíge,Angola,1224
2635,Al-KhorQatar,Al-Khor,Qatar,1224
2636,JangorzoNiger,Jangorzo,Niger,1224
2637,ES BingervilleIvory Coast,ES Bingerville,Ivory Coast,1224
2638,JuticalpaHonduras,Juticalpa,Honduras,1224
2639,PAC Omonia 29MCyprus,PAC Omonia 29M,Cyprus,1223
2640,CD Platense MunicipalEl Salvador,CD Platense Municipal,El Salvador,1223
2641,Urena SCVenezuela,Urena SC,Venezuela,1223
2642,Office Niger SportsMali,Office Niger Sports,Mali,1223
2643,Al MouradaSudan,Al Mourada,Sudan,1223
2644,FC KapazAzerbaijan,FC Kapaz,Azerbaijan,1223
2645,Domant FCAngola,Domant FC,Angola,1223
2646,Johvi FC LokomotivEstonia,Johvi FC Lokomotiv,Estonia,1223
2647,SK BabīteLatvia,SK Babīte,Latvia,1223
2648,VutukaCongo DR,VutukaCongo DR,#N/A,1223
2649,Livingston FCScotland,Livingston FC,Scotland,1223
2650,Lime HotspursZambia,Lime Hotspurs,Zambia,1223
2651,MontanaBulgaria,Montana,Bulgaria,1223
2652,Persela LamonganIndonesia,Persela Lamongan,Indonesia,1222
2653,Porcelana FCAngola,Porcelana FC,Angola,1222
2654,FK Bregalnica StipMacedonia,FK Bregalnica Stip,Macedonia,1222
2655,Debo ClubMali,Debo Club,Mali,1222
2656,FK Zvijezda 09Bosnia and Herzegovina,FK Zvijezda 09Bosnia and,Herzegovina,1222
2657,Cranborne Bullets FCZimbabwe,Cranborne Bullets FC,Zimbabwe,1222
2658,FB GulbeneLatvia,FB Gulbene,Latvia,1222
2659,Atlético El VigíaVenezuela,Atlético El Vigía,Venezuela,1222
2660,CAS de SévaréMali,CAS de Sévaré,Mali,1222
2661,Lampang FCThailand,Lampang FC,Thailand,1222
2662,Jedinstvo BPMontenegro,Jedinstvo BP,Montenegro,1222
2663,Police FCNiger,Police FC,Niger,1222
2664,Konkola Mine PoliceZambia,Konkola Mine Police,Zambia,1221
2665,AS Eliwidj FCMali,AS Eliwidj FC,Mali,1221
2666,Al AsalahJordan,Al Asalah,Jordan,1221
2667,CA Bordj Bou ArreridjAlgeria,CA Bordj Bou Arreridj,Algeria,1221
2668,Belshina BobruiskBelarus,Belshina Bobruisk,Belarus,1221
2669,FK InđijaSerbia,FK Inđija,Serbia,1221
2670,Songkhla United FCThailand,Songkhla United FC,Thailand,1221
2671,Nakambala LeopardsZambia,Nakambala Leopards,Zambia,1221
2672,AE KouklionCyprus,AE Kouklion,Cyprus,1221
2673,FK Voska SportMacedonia,FK Voska Sport,Macedonia,1221
2674,Vidima-RakovskiBulgaria,Vidima-Rakovski,Bulgaria,1221
2675,Caledonia AIATrinidad and Tobago,Caledonia AIATrinidad and,Tobago,1221
2676,Hamilton Wanderers AfcNew Zealand,Hamilton Wanderers Afc,New Zealand,1221
2677,US TataouineTunisia,US Tataouine,Tunisia,1221
2678,MFK Tatran Liptovský MikulášSlovakia,MFK Tatran Liptovský Mikuláš,Slovakia,1221
2679,Atlético MarteEl Salvador,Atlético Marte,El Salvador,1221
2680,KarabüksporTurkey,Karabükspor,Turkey,1221
2681,Dragon de YaoundéCameroon,Dragon de Yaoundé,Cameroon,1220
2682,T&TECTrinidad and Tobago,T&TECTrinidad and,Tobago,1220
2683,SmederevoSerbia,Smederevo,Serbia,1220
2684,AL Tadamon SourLebanon,AL Tadamon Sour,Lebanon,1220
2685,Trat FCThailand,Trat FC,Thailand,1220
2686,OpavaCzech Republic,Opava,Czech Republic,1220
2687,MadangPapua New Guinea,Madang,Papua New Guinea,1220
2688,TantaEgypt,Tanta,Egypt,1220
2689,FC Merani TbilisiGeorgia,FC Merani Tbilisi,Georgia,1220
2690,KarvanAzerbaijan,Karvan,Azerbaijan,1219
2691,Lumwana RadiantsZambia,Lumwana Radiants,Zambia,1219
2692,FC SmorgonBelarus,FC Smorgon,Belarus,1219
2693,Al Akhaa Al AhliLebanon,Al Akhaa Al Ahli,Lebanon,1219
2694,Machine Sazi FCIran,Machine Sazi FC,Iran,1219
2695,EgerHungary,Eger,Hungary,1219
2696,AberystwythWales,Aberystwyth,Wales,1219
2697,TshinkunkuCongo DR,TshinkunkuCongo DR,#N/A,1219
2698,Alpha UnitedGuyana,Alpha United,Guyana,1219
2699,Nakhon PathomThailand,Nakhon Pathom,Thailand,1219
2700,OriónCosta Rica,Orión,Costa Rica,1218
2701,Borac ČačakSerbia,Borac Čačak,Serbia,1218
2702,Shanghai ShenxinChina PR,Shanghai ShenxinChina PR,#N/A,1218
2703,QuelatonZimbabwe,Quelaton,Zimbabwe,1218
2704,Sport Lubango e BenficaAngola,Sport Lubango e Benfica,Angola,1218
2705,Art Municipal JalapaNicaragua,Art Municipal Jalapa,Nicaragua,1218
2706,AS LossiNew Caledonia,AS Lossi,New Caledonia,1218
2707,Bontang PKTIndonesia,Bontang PKT,Indonesia,1218
2708,Sporting BeirutLebanon,Sporting Beirut,Lebanon,1218
2709,PTT Rayong FCThailand,PTT Rayong FC,Thailand,1218
2710,UNAN ManaguaNicaragua,UNAN Managua,Nicaragua,1218
2711,1º de MaioAngola,1º de Maio,Angola,1218
2712,North Queensland FuryAustralia,North Queensland Fury,Australia,1218
2713,Tenax CS FCZimbabwe,Tenax CS FC,Zimbabwe,1218
2714,Welshpool TownWales,Welshpool Town,Wales,1218
2715,NK Zvijezda GradacacBosnia and Herzegovina,NK Zvijezda GradacacBosnia and,Herzegovina,1218
2716,FK SpartaksLatvia,FK Spartaks,Latvia,1217
2717,NK Igman KonjicBosnia and Herzegovina,NK Igman KonjicBosnia and,Herzegovina,1217
2718,Hapoel AshkelonIsrael,Hapoel Ashkelon,Israel,1217
2719,Wellington Phoenix ReservesNew Zealand,Wellington Phoenix Reserves,New Zealand,1217
2720,FC Dnyapro MogilevBelarus,FC Dnyapro Mogilev,Belarus,1217
2721,Wanderers SCNew Zealand,Wanderers SC,New Zealand,1217
2722,Adamawa UnitedNigeria,Adamawa United,Nigeria,1217
2723,Jazeerat Al FeelSudan,Jazeerat Al Feel,Sudan,1217
2724,Corona BraşovRomania,Corona Braşov,Romania,1217
2725,Anagennisi DeryneiaCyprus,Anagennisi Deryneia,Cyprus,1216
2726,Stade Malien SikassoMali,Stade Malien Sikasso,Mali,1216
2727,C.D. Honduras ProgresoHonduras,C.D. Honduras Progreso,Honduras,1216
2728,Tulevik ViljandiEstonia,Tulevik Viljandi,Estonia,1216
2729,Persikabo 1973 (INA)Indonesia,Persikabo 1973 (INA),Indonesia,1216
2730,Džiugas TelšiaiLithuania,Džiugas Telšiai,Lithuania,1216
2731,FK GulistonUzbekistan,FK Guliston,Uzbekistan,1216
2732,Dibba Al-Fujairah ClubUnited Arab Emirates,Dibba Al-Fujairah Club,United Arab Emirates,1216
2733,Mont-DoreNew Caledonia,Mont-Dore,New Caledonia,1215
2734,RC KinshasaCongo DR,RC KinshasaCongo DR,#N/A,1215
2735,Tampines Rovers FCSingapore,Tampines Rovers FC,Singapore,1215
2736,Al IttihadSudan,Al Ittihad,Sudan,1215
2737,KaliakraBulgaria,Kaliakra,Bulgaria,1215
2738,San José de OruroBolivia,San José de Oruro,Bolivia,1215
2739,El NsoorSudan,El Nsoor,Sudan,1215
2740,Atlético VeragüensePanama,Atlético Veragüense,Panama,1215
2741,Shabab Al-Aqaba ClubJordan,Shabab Al-Aqaba Club,Jordan,1215
2742,CD Junior ManaguaNicaragua,CD Junior Managua,Nicaragua,1215
2743,Al-KharitiyatQatar,Al-Kharitiyat,Qatar,1214
2744,Naftan NovopolotskBelarus,Naftan Novopolotsk,Belarus,1214
2745,Al-Yarmouk FCJordan,Al-Yarmouk FC,Jordan,1214
2746,Chambishi FCZambia,Chambishi FC,Zambia,1214
2747,TravnikBosnia and Herzegovina,TravnikBosnia and,Herzegovina,1214
2748,FC Phoenix 1976Trinidad and Tobago,FC Phoenix 1976Trinidad and,Tobago,1214
2749,Universitario de CobijaBolivia,Universitario de Cobija,Bolivia,1214
2750,CD SonsonateEl Salvador,CD Sonsonate,El Salvador,1214
2751,Kozara GradiškaBosnia and Herzegovina,Kozara GradiškaBosnia and,Herzegovina,1214
2752,Santa Rita de Cássia FCAngola,Santa Rita de Cássia FC,Angola,1214
2753,CoatepequeGuatemala,Coatepeque,Guatemala,1213
2754,DestroyersBolivia,Destroyers,Bolivia,1213
2755,CF UngheniMoldova,CF Ungheni,Moldova,1213
2756,LootusEstonia,Lootus,Estonia,1213
2757,FC TelaviGeorgia,FC Telavi,Georgia,1213
2758,FK Utenis UtenaLithuania,FK Utenis Utena,Lithuania,1213
2759,Real TamaleGhana,Real Tamale,Ghana,1213
2760,Rancho Santana FCNicaragua,Rancho Santana FC,Nicaragua,1213
2761,CSF Spartanii SelemetMoldova,CSF Spartanii Selemet,Moldova,1213
2762,FC StumbrasLithuania,FC Stumbras,Lithuania,1212
2763,Rudar PrijedorBosnia and Herzegovina,Rudar PrijedorBosnia and,Herzegovina,1212
2764,Real SociedadHonduras,Real Sociedad,Honduras,1212
2765,Tonnerre Kalara ClubCameroon,Tonnerre Kalara Club,Cameroon,1212
2766,MOIKAzerbaijan,MOIK,Azerbaijan,1212
2767,GagauziyaMoldova,Gagauziya,Moldova,1212
2768,HB Chelghoum LaïdAlgeria,HB Chelghoum Laïd,Algeria,1212
2769,CSyD Nueva ConcepciónGuatemala,CSyD Nueva Concepción,Guatemala,1211
2770,Austria KärntenAustria,Austria Kärnten,Austria,1211
2771,Faulkland FCJamaica,Faulkland FC,Jamaica,1210
2772,Hyderabad FCIndia,Hyderabad FC,India,1210
2773,Alacranes del NorteEl Salvador,Alacranes del Norte,El Salvador,1210
2774,Sisaket FCThailand,Sisaket FC,Thailand,1210
2775,Black LeopardsSouth Africa,Black Leopards,South Africa,1209
2776,FC Carlos SteinPeru,FC Carlos Stein,Peru,1209
2777,Səbail FKAzerbaijan,Səbail FK,Azerbaijan,1209
2778,Raja Beni MellalMorocco,Raja Beni Mellal,Morocco,1209
2779,FC SaxanMoldova,FC Saxan,Moldova,1209
2780,CD PetapaGuatemala,CD Petapa,Guatemala,1209
2781,Al Islah Bourg ShamalyLebanon,Al Islah Bourg Shamaly,Lebanon,1209
2782,Croatia SesveteCroatia,Croatia Sesvete,Croatia,1209
2783,Juventus BucureştiRomania,Juventus Bucureşti,Romania,1209
2784,Trujillanos FCVenezuela,Trujillanos FC,Venezuela,1209
2785,Sandals South CoastJamaica,Sandals South Coast,Jamaica,1209
2786,Al-MergheniSudan,Al-Mergheni,Sudan,1209
2787,Llaneros de GuanareVenezuela,Llaneros de Guanare,Venezuela,1208
2788,NadiFiji,Nadi,Fiji,1208
2789,CaroníVenezuela,Caroní,Venezuela,1208
2790,Kitwe UnitedZambia,Kitwe United,Zambia,1208
2791,AndijonUzbekistan,Andijon,Uzbekistan,1208
2792,Ittihad Al-RamthaJordan,Ittihad Al-Ramtha,Jordan,1208
2793,SvetkavitsaBulgaria,Svetkavitsa,Bulgaria,1208
2794,Esteghlal AhvazIran,Esteghlal Ahvaz,Iran,1208
2795,FC Ma'anJordan,FC Ma'an,Jordan,1207
2796,United City F.C.Peru,United City F.C.,Peru,1207
2797,Atar ClubMali,Atar Club,Mali,1207
2798,Unión ComercioPeru,Unión Comercio,Peru,1207
2799,Yaracuyanos FCVenezuela,Yaracuyanos FC,Venezuela,1207
2800,FC Sioni BolnisiGeorgia,FC Sioni Bolnisi,Georgia,1207
2801,FC Nõmme UnitedEstonia,FC Nõmme United,Estonia,1207
2802,Falkenbergs FFSweden,Falkenbergs FF,Sweden,1206
2803,Samut SongkramThailand,Samut Songkram,Thailand,1206
2804,Al ShimaliSudan,Al Shimali,Sudan,1206
2805,Real PotosíBolivia,Real Potosí,Bolivia,1206
2806,TOTThailand,TOT,Thailand,1206
2807,AalesundNorway,Aalesund,Norway,1206
2808,Al-NilSudan,Al-Nil,Sudan,1206
2809,Chivas USAUnited States,Chivas USA,United States,1206
2810,FK SkopjeMacedonia,FK Skopje,Macedonia,1206
2811,Estudiantes de CaracasVenezuela,Estudiantes de Caracas,Venezuela,1206
2812,RANS Nusantara F.C.Indonesia,RANS Nusantara F.C.,Indonesia,1205
2813,Airbus UK Broughton FCWales,Airbus UK Broughton FC,Wales,1205
2814,WhaWhaZimbabwe,WhaWha,Zimbabwe,1205
2815,Pärnu JK VaprusEstonia,Pärnu JK Vaprus,Estonia,1204
2816,Ballymena UnitedNorthern Ireland,Ballymena United,Northern Ireland,1204
2817,FC LvivUkraine,FC Lviv,Ukraine,1204
2818,SapovnelaGeorgia,Sapovnela,Georgia,1204
2819,Al-DhafraUnited Arab Emirates,Al-Dhafra,United Arab Emirates,1204
2820,UESEl Salvador,UES,El Salvador,1203
2821,Fk Metalurg SkopjeMacedonia,Fk Metalurg Skopje,Macedonia,1203
2822,FC RustaviGeorgia,FC Rustavi,Georgia,1203
2823,Universidad San Martín de PorresPeru,Universidad San Martín de Porres,Peru,1203
2824,Shortan GuzorUzbekistan,Shortan Guzor,Uzbekistan,1203
2825,Real MamoréBolivia,Real Mamoré,Bolivia,1203
2826,Lokomotivi TbilisiGeorgia,Lokomotivi Tbilisi,Georgia,1203
2827,LyubimetsBulgaria,Lyubimets,Bulgaria,1203
2828,Barbican FCJamaica,Barbican FC,Jamaica,1203
2829,Al-JalilJordan,Al-Jalil,Jordan,1202
2830,PelisterMacedonia,Pelister,Macedonia,1202
2831,Masachapa F.C.Nicaragua,Masachapa F.C.,Nicaragua,1202
2832,Treasure BeachJamaica,Treasure Beach,Jamaica,1202
2833,FK Turon YaypanUzbekistan,FK Turon Yaypan,Uzbekistan,1202
2834,Fuerza Amarilla SCEcuador,Fuerza Amarilla SC,Ecuador,1202
2835,LamiaGreece,Lamia,Greece,1202
2836,PápaHungary,Pápa,Hungary,1202
2837,US SoufAlgeria,US Souf,Algeria,1202
2838,Tripoli ACLebanon,Tripoli AC,Lebanon,1201
2839,Brong Ahafo StarsGhana,Brong Ahafo Stars,Ghana,1201
2840,Academia QuintanaPuerto Rico,Academia Quintana,Puerto Rico,1201
2841,Carolina GigantesPuerto Rico,Carolina Gigantes,Puerto Rico,1201
2842,ACS FC Academica ClinceniRomania,ACS FC Academica Clinceni,Romania,1200
2843,SmolevichyBelarus,Smolevichy,Belarus,1200
2844,FK Drina ZvornikBosnia and Herzegovina,FK Drina ZvornikBosnia and,Herzegovina,1200
2845,Chinandega FCNicaragua,Chinandega FC,Nicaragua,1200
2846,Maardu LinnameeskondEstonia,Maardu Linnameeskond,Estonia,1199
2847,Guaynabo FluminensePuerto Rico,Guaynabo Fluminense,Puerto Rico,1199
2848,Al MesaimeerQatar,Al Mesaimeer,Qatar,1199
2849,Al-HikmaLebanon,Al-Hikma,Lebanon,1199
2850,Southern UnitedNew Zealand,Southern United,New Zealand,1198
2851,Banga GargzdaiLithuania,Banga Gargzdai,Lithuania,1198
2852,Sloboda TuzlaBosnia and Herzegovina,Sloboda TuzlaBosnia and,Herzegovina,1198
2853,MayagüezPuerto Rico,Mayagüez,Puerto Rico,1198
2854,FK PalangaLithuania,FK Palanga,Lithuania,1198
2855,ZaprešićCroatia,Zaprešić,Croatia,1197
2856,Dubai ClubUnited Arab Emirates,Dubai Club,United Arab Emirates,1197
2857,Dinamo BenderMoldova,Dinamo Bender,Moldova,1197
2858,Al Urooba ClubUnited Arab Emirates,Al Urooba Club,United Arab Emirates,1196
2859,FK LeotarBosnia and Herzegovina,FK LeotarBosnia and,Herzegovina,1196
2860,Racing BeirutLebanon,Racing Beirut,Lebanon,1196
2861,Gradina SrebrenikBosnia and Herzegovina,Gradina SrebrenikBosnia and,Herzegovina,1196
2862,WA TlemcenAlgeria,WA Tlemcen,Algeria,1196
2863,Persiraja AcehIndonesia,Persiraja Aceh,Indonesia,1195
2864,Chapelton Maroons FCJamaica,Chapelton Maroons FC,Jamaica,1195
2865,CaerswsWales,Caersws,Wales,1195
2866,Sahab SCJordan,Sahab SC,Jordan,1195
2867,AlkiCyprus,Alki,Cyprus,1194
2868,That Ras ClubJordan,That Ras Club,Jordan,1194
2869,FC SamtrediaGeorgia,FC Samtredia,Georgia,1194
2870,VitezBosnia and Herzegovina,VitezBosnia and,Herzegovina,1193
2871,Hindustan AeroIndia,Hindustan Aero,India,1193
2872,FK Belasica StrumicaMacedonia,FK Belasica Strumica,Macedonia,1193
2873,Kaposvári RákócziHungary,Kaposvári Rákóczi,Hungary,1193
2874,Point Fortin FCTrinidad and Tobago,Point Fortin FCTrinidad and,Tobago,1192
2875,Loughgall F.C.Northern Ireland,Loughgall F.C.,Northern Ireland,1192
2876,Muaither SCQatar,Muaither SC,Qatar,1192
2877,Juventus ManaguaNicaragua,Juventus Managua,Nicaragua,1192
2878,Grobiņas Sporta CentrsLatvia,Grobiņas Sporta Centrs,Latvia,1192
2879,FC Guria LanchkhutiGeorgia,FC Guria Lanchkhuti,Georgia,1192
2880,Talinna KalevEstonia,Talinna Kalev,Estonia,1191
2881,Puerto Rico UnitedPuerto Rico,Puerto Rico United,Puerto Rico,1191
2882,Al Rabta KostiSudan,Al Rabta Kosti,Sudan,1191
2883,Al Ahli SC AmmanJordan,Al Ahli SC Amman,Jordan,1190
2884,Kaya F.C.-IloiloPeru,Kaya F.C.-Iloilo,Peru,1190
2885,Ala'ab DamanhourEgypt,Ala'ab Damanhour,Egypt,1190
2886,Noah JūrmalaLatvia,Noah Jūrmala,Latvia,1190
2887,Dungannon SwiftsNorthern Ireland,Dungannon Swifts,Northern Ireland,1190
2888,BBCU FCThailand,BBCU FC,Thailand,1190
2889,CS MioveniRomania,CS Mioveni,Romania,1190
2890,Mgaear Al SarhanJordan,Mgaear Al Sarhan,Jordan,1190
2891,NapredokMacedonia,Napredok,Macedonia,1190
2892,Łódzki KSPoland,Łódzki KS,Poland,1190
2893,Rakvere JK TarvasEstonia,Rakvere JK Tarvas,Estonia,1190
2894,JSM SkikdaAlgeria,JSM Skikda,Algeria,1189
2895,HB KøgeDenmark,HB Køge,Denmark,1189
2896,Klaipedos GranitasLithuania,Klaipedos Granitas,Lithuania,1189
2897,BuxoroUzbekistan,Buxoro,Uzbekistan,1189
2898,FK TeteksMacedonia,FK Teteks,Macedonia,1189
2899,JS KairouanaiseTunisia,JS Kairouanaise,Tunisia,1188
2900,Hajer FC Al-HasaSaudi Arabia,Hajer FC Al-Hasa,Saudi Arabia,1188
2901,Sporting de CabindaAngola,Sporting de Cabinda,Angola,1187
2902,Ballinamallard UnitedNorthern Ireland,Ballinamallard United,Northern Ireland,1187
2903,FajardoPuerto Rico,Fajardo,Puerto Rico,1187
2904,National AssemblyZambia,National Assembly,Zambia,1186
2905,Al-Sareeh SCJordan,Al-Sareeh SC,Jordan,1186
2906,Lime Hall AcademyJamaica,Lime Hall Academy,Jamaica,1186
2907,Reno FCJamaica,Reno FC,Jamaica,1186
2908,Prison Service FCTrinidad and Tobago,Prison Service FCTrinidad and,Tobago,1186
2909,FC KTPFinland,FC KTP,Finland,1186
2910,Portadown FCNorthern Ireland,Portadown FC,Northern Ireland,1186
2911,Afan LidoWales,Afan Lido,Wales,1185
2912,Zlate MoravceSlovakia,Zlate Moravce,Slovakia,1184
2913,AL Hazem FCSaudi Arabia,AL Hazem FC,Saudi Arabia,1183
2914,Tatran PrešovSlovakia,Tatran Prešov,Slovakia,1183
2915,Ilukstes NSSLatvia,Ilukstes NSS,Latvia,1183
2916,Mladost CDMacedonia,Mladost CD,Macedonia,1183
2917,Al FujairahUnited Arab Emirates,Al Fujairah,United Arab Emirates,1182
2918,Shabab AL Ghazieh SCLebanon,Shabab AL Ghazieh SC,Lebanon,1181
2919,NistruMoldova,Nistru,Moldova,1181
2920,AC LALA FCVenezuela,AC LALA FC,Venezuela,1180
2921,Lupe ole SoagaSamoa,Lupe ole Soaga,Samoa,1180
2922,GOŠK GabelaBosnia and Herzegovina,GOŠK GabelaBosnia and,Herzegovina,1180
2923,FK Sputnik RechytsaBelarus,FK Sputnik Rechytsa,Belarus,1180
2924,WIT Georgia TbilisiGeorgia,WIT Georgia Tbilisi,Georgia,1180
2925,Shabab Baalbek SCLebanon,Shabab Baalbek SC,Lebanon,1180
2926,Vitosha BistritsaBulgaria,Vitosha Bistritsa,Bulgaria,1179
2927,Al Egtmaaey TripoliLebanon,Al Egtmaaey Tripoli,Lebanon,1179
2928,Salam ZghartaLebanon,Salam Zgharta,Lebanon,1179
2929,La PazBolivia,La Paz,Bolivia,1178
2930,KiwiSamoa,Kiwi,Samoa,1178
2931,BuildconZambia,Buildcon,Zambia,1178
2932,Paernu LinnameeskondEstonia,Paernu Linnameeskond,Estonia,1177
2933,Ayia NapaCyprus,Ayia Napa,Cyprus,1175
2934,FK Tauras TaurageLithuania,FK Tauras Taurage,Lithuania,1174
2935,BeraneMontenegro,Berane,Montenegro,1174
2936,Institute FCNorthern Ireland,Institute FC,Northern Ireland,1174
2937,ArdsNorthern Ireland,Ards,Northern Ireland,1174
2938,Young Heart ManawatuNew Zealand,Young Heart Manawatu,New Zealand,1174
2939,Sporting Clube de BenguelaAngola,Sporting Clube de Benguela,Angola,1173
2940,Cunupia FCTrinidad and Tobago,Cunupia FCTrinidad and,Tobago,1173
2941,Ajax LasnamäeEstonia,Ajax Lasnamäe,Estonia,1173
2942,Molynes United FCJamaica,Molynes United FC,Jamaica,1173
2943,České BudějoviceCzech Republic,České Budějovice,Czech Republic,1173
2944,Atlético ChiriquíPanama,Atlético Chiriquí,Panama,1173
2945,Merani MartviliGeorgia,Merani Martvili,Georgia,1172
2946,Boys' TownJamaica,Boys' Town,Jamaica,1172
2947,Nevėžis KėdainiaiLithuania,Nevėžis Kėdainiai,Lithuania,1171
2948,SC Chabab MohammédiaMorocco,SC Chabab Mohammédia,Morocco,1171
2949,FK JelgavaLatvia,FK Jelgava,Latvia,1171
2950,FC Kolkheti-1913 PotiGeorgia,FC Kolkheti-1913 Poti,Georgia,1171
2951,ArrowsIndia,Arrows,India,1171
2952,Cefn Druids AFCWales,Cefn Druids AFC,Wales,1170
2953,Tupapa MaraerengaCook Islands,Tupapa Maraerenga,Cook Islands,1170
2954,Real MadrizNicaragua,Real Madriz,Nicaragua,1169
2955,VereyaBulgaria,Vereya,Bulgaria,1169
2956,Al-ShaabUnited Arab Emirates,Al-Shaab,United Arab Emirates,1169
2957,CD OcotalNicaragua,CD Ocotal,Nicaragua,1168
2958,Tornados de HumacaoPuerto Rico,Tornados de Humacao,Puerto Rico,1166
2959,Niki VolouGreece,Niki Volou,Greece,1166
2960,Mačva ŠabacSerbia,Mačva Šabac,Serbia,1166
2961,ObodUzbekistan,Obod,Uzbekistan,1165
2962,Caguas HuracánPuerto Rico,Caguas Huracán,Puerto Rico,1165
2963,FC ZugdidiGeorgia,FC Zugdidi,Georgia,1164
2964,BFC DaugavpilsLatvia,BFC Daugavpils,Latvia,1163
2965,HattaUnited Arab Emirates,Hatta,United Arab Emirates,1161
2966,Longford TownIreland,Longford Town,Ireland,1161
2967,AEZ ZakakiouCyprus,AEZ Zakakiou,Cyprus,1161
2968,Dnepr MogilevBelarus,Dnepr Mogilev,Belarus,1160
2969,SiauliaiLithuania,Siauliai,Lithuania,1159
2970,Shenzhen FCChina PR,Shenzhen FCChina PR,#N/A,1159
2971,Gresik United FCIndonesia,Gresik United FC,Indonesia,1159
2972,FK Bačka PalankaSerbia,FK Bačka Palanka,Serbia,1158
2973,Carrick RangersNorthern Ireland,Carrick Rangers,Northern Ireland,1158
2974,Dainava AlytusLithuania,Dainava Alytus,Lithuania,1157
2975,FC Torpedo MinskBelarus,FC Torpedo Minsk,Belarus,1156
2976,Al-Baqa'a SCJordan,Al-Baqa'a SC,Jordan,1156
2977,NK RudešCroatia,NK Rudeš,Croatia,1156
2978,Emirates ClubUnited Arab Emirates,Emirates Club,United Arab Emirates,1154
2979,FK Tukums 2000Latvia,FK Tukums 2000,Latvia,1153
2980,Tobago UnitedTrinidad and Tobago,Tobago UnitedTrinidad and,Tobago,1153
2981,FOX Villa FCNicaragua,FOX Villa FC,Nicaragua,1153
2982,Indeni FCZambia,Indeni FC,Zambia,1153
2983,Hebei F.C.China PR,Hebei F.C.China PR,#N/A,1151
2984,FC JurmalaLatvia,FC Jurmala,Latvia,1149
2985,Vere United FCJamaica,Vere United FC,Jamaica,1148
2986,FC FloreştiMoldova,FC Floreşti,Moldova,1143
2987,FC Shukura KobuletiGeorgia,FC Shukura Kobuleti,Georgia,1138
2988,FC Codru LozovaMoldova,FC Codru Lozova,Moldova,1138
2989,PobedaMacedonia,Pobeda,Macedonia,1138
2990,South EndTrinidad and Tobago,South EndTrinidad and,Tobago,1137
2991,Lietava JonavaLithuania,Lietava Jonava,Lithuania,1136
2992,Metalurh ZaporizhyaUkraine,Metalurh Zaporizhya,Ukraine,1130
2993,SK Super NovaLatvia,SK Super Nova,Latvia,1129
2994,University College DublinIreland,University College Dublin,Ireland,1120
2995,Warrenpoint TownNorthern Ireland,Warrenpoint Town,Northern Ireland,1116
2996,La Horquetta Rangers FCTrinidad and Tobago,La Horquetta Rangers FCTrinidad and,Tobago,1114
2997,Newry City AFCNorthern Ireland,Newry City AFC,Northern Ireland,1109
2998,FK MettaLatvia,FK Metta,Latvia,1093
