player_name,nationality,player_id,tour,amateur
"Abbate, Ryan",United States,32153,,0
"Abbott, Jamie",England,14794,,0
"Aberg, Ludvig",Sweden,23950,,0
"Abou El Ela, Issa",Egypt,8863,,1
"Abreu, Alexandre",Portugal,24555,,0
"Acikalin, Leon",Turkey,21644,,0
"Ackerman, Derek",United States,27455,,0
"Adam, Cameron",Scotland,30031172,,1
"Adamonis, Brad",United States,7612,,0
"Adrounie, Tom",United States,30736,,0
"Africa, Keelan",South Africa,24573,,0
"Agren, Jonathan",Sweden,20400,,0
"Aguado, Camilo",Colombia,25686,,0
"Aguilar, Felipe",Chile,8135,,0
"Aguilar, Mario Galiano",Spain,19557,,0
"Ahlawat, Veer",India,22897,,0
"Ahlers, Jaco",South Africa,11852,,0
"Ahokas, Antti",Finland,11897,,0
"Aiken, Thomas",South Africa,7679,,0
"Akana, Blaze",United States,30618,,1
"Akesson, Bjorn",Sweden,11530,,0
"Akina, Kihei",United States,32652,,1
"Akope, Deo",Uganda,8749,,0
"Akutsu, Mikiya",Japan,15726,,0
"Al Kaabi, Saleh",Qatar,17056,,1
"Al Kurdi, Shergo",Saudi Arabia,23074,,0
"Al Mulla, Othman",Saudi Arabia,11985,,0
"Al Musharrekh, Ahmed",United Arab Emirates,14407,,0
"Al Musharrekh, Hassin",United Arab Emirates,22704,,0
"Al Rumhy, Azzan",Oman,18024,,1
"Al Shahrani, Abdulrahman Abdulla",Qatar,15960,,1
"Al Sharif, Saud",Saudi Arabia,22606,,0
"Al Zayed, Ahmed",Bahrain,30586,,1
"Albano, Jr., Anthony",United States,29601,,0
"Albers, Anton",Germany,25305,,0
"Albertse, Louis",South Africa,24341,,0
"Albertson, Anders",United States,21235,,0
"Albertus, Max",Netherlands,16496,,0
"Alexander, Tyson",United States,14002,,0
"Alford, Ryan",United States,29152,,0
"Alkaabi, Khalifa",Bahrain,30582,,0
"Alker, Steven",New Zealand,4871,,0
"Alkowari, Ali",Bahrain,26093,,0
"Alkuwari, Jaham",Qatar,24543,,1
"Allan, James",England,18778,,0
"Allan, Stephen",Australia,5697,,0
"Allenby, Robert",Australia,4949,,0
"Alligood, Andrew",United States,27560,,0
"Alvarado, Benjamin",Chile,12547,,0
"Alvarez, Felipe",Colombia,19461,,0
"Amat, Bastien",France,28592,,0
"Amin, Paresh",unknown,10058297,,0
"Amm, David",Zimbabwe,18286,,0
"An, Byeong Hun",Korea - Republic of,14459,,0
"Anand, Vinamra",India,32006,,1
"Ancer, Abraham",Mexico,18238,,0
"Andersen, Jeppe Kristian",Denmark,20158,,0
"Andersen, Mason",United States,23540,,0
"Anderson, Cole",United States,29828,,0
"Anderson, Mark",United States,12131,,0
"Anderson, Matthew",Canada,26617,,0
"Anderson, Samuel",England,28677,,0
"Andrade, Billy",United States,708,,0
"Ang, Ryan",Singapore,29123,,0
"Angles, Pep",Spain,19634,,0
"Anguiano, Mark",United States,19029,,0
"Angus, Nate",United States,31382,,0
"Anstiss, James",New Zealand,24328,,0
"Antcliff, Maverick",Australia,22815,,0
"Antonisse, Dario",Netherlands,27144,,0
"Antropenko, Elisey",Russian Federation,30514,,1
"Aphibarnrat, Kiradech",Thailand,12321,,0
"Arendell, Connor",United States,16213,,0
"Arizabaleta, Alvaro Tote",Colombia,15246,,0
"Arkenau, Hinrich",Germany,20356,,0
"Arman, Nick",United States,26907,,0
"Armitage, Marcus",England,17813,,0
"Armour, Ryan",United States,8469,,0
"Armstrong, Dawson",United States,24906,,0
"Armstrong, Josh",Australia,19201,,0
"Arnaud, Michael",United States,13815,,0
"Arnaus, Adri",Spain,23236,,0
"Arnold, Jamie",Australia,10861,,0
"Arnold, Scott",Australia,11810,,0
"Arozena, Juan",Argentina,25843,,0
"Arthur, Astin",South Africa,31766,,1
"Asaji, Yosuke",Japan,12637,,0
"Ashfield, James",Wales,28636,,0
"Aslan, Tarik",Turkey,26277,,1
"Astl, Leonhard",Austria,10539,,0
"Asuza, Edwin Inana",Kenya,28128,,0
"Atkins, Matt",United States,19360,,0
"Attieh, Khaled",Saudi Arabia,15221,,0
"Atwal, Arjun",India,5701,,0
"Augenstein, John",United States,26211,,0
"Auterson, Mike",United States,27681,,0
"Axelsen, John",Denmark,19637,,0
"Axley, Eric",United States,8024,,0
"Aylwin, Kevin",United States,18700,,0
"Ayora, Angel",Spain,30445,,0
"Babic, Matej",Slovakia,31341,,0
"Baca, Matej",Czech Republic,28737,,1
"Bachem, Nick",Germany,23016,,0
"Baddeley, Aaron",Australia,6252,,0
"Bae, Eric",United States,28637,,0
"Bae, Sangmoon",Korea - Republic of,10081,,0
"Bae, Yongjun",Korea - Republic of,25628,,0
"Baek, Peter Launer",Denmark,19642,,0
"Baek, Todd",Korea - Republic of,12745,,0
"Bai, Bobby",China,17346,,0
"Bailey, Brooklin",United States,24987,,0
"Bairstow, Sam",England,28615,,0
"Baisoya, Honey",India,16013,,0
"Baisoya, Sachin",India,23823,,0
"Baker, Chris",United States,13971,,0
"Balala, Adel",Kenya,28137,,1
"Balcar, Michael",United States,24483,,0
"Baldwin, Mark",United States,11569,,0
"Baldwin, Matthew",England,13344,,0
"Balin, Daniel",United States,14872,,0
"Ballester, Jose Luis",Spain,28473,,0
"Ballesteros, Javier",Spain,17325,,0
"Ballo, Pete",United States,28320,,0
"Baltl, Timon",Austria,17586,,0
"Ban, Shintaro",United States,25076,,0
"Banke, Christian",United States,31149,,0
"Barbaree, Philip",United States,21993,,0
"Barber, Blayne",United States,15608,,0
"Barbieri, Nathan",Australia,24300,,0
"Barco, Luis Fernando",Peru,16849,,0
"Bard, Derek",United States,21422,,0
"Bares, Jakub",Czech Republic,17519,,0
"Barhoumi, Elyes",Tunisia,21563,,1
"Barjon, Paul",France,16566,,0
"Barker, Kyle",South Africa,23951,,0
"Barker, Lachlan",Australia,30448,,0
"Barnard, Charl",South Africa,33140,,1
"Barnes, Erik",United States,14799,,0
"Barnes, Ricky",United States,6846,,0
"Barron, Haydn",Australia,19068,,0
"Barrow, Callan",England,28620,,0
"Bass, Thomas",United States,25033,,0
"Basson, Christiaan",South Africa,11953,,0
"Basson, Dwayne",South Africa,19419,,0
"Bateman, Harry",New Zealand,16921,,0
"Bateman, Wil",Canada,15499,,0
"Batens, Thijmen",Netherlands,29545,,0
"Bauchou, Zach",United States,19846,,0
"Baumgartner, Jonas",Germany,26799,,0
"Bauni, Santiago",Argentina,17025,,0
"Bautista, Austin",Australia,21152,,0
"Bawden, Bradley",England,26979,,0
"Bayley, Derek",United States,26117,,0
"Bayliss, William",Australia,25852,,0
"Beach, Alex",United States,23853,,0
"Beck, Darren",Australia,9905,,0
"Beck, Evan",United States,22025,,1
"Becker, Braden",Australia,17908,,0
"Becker, Rafael",Brazil,17275,,0
"Beckler, Andrew",United States,29765,,0
"Beckman, Cameron",United States,3869,,0
"Bedi, Aadil",India,25416,,0
"Beem, Rich",United States,6301,,0
"Bekirian, Jean",Armenia,25626,,0
"Bekker, Oliver",South Africa,12819,,0
"Beljan, Charlie",United States,13118,,0
"Bell, Parker",United States,32331,,1
"Benak, David",Czech Republic,23210,,0
"Benitez, Isidro",Mexico,20972,,0
"Benitez, Juan Carlos",Mexico,24488,,0
"Bennett, Daniel",South Africa,30332,,1
"Bennett, Grant",United States,28136,,0
"Bennett, Sam",United States,28158,,0
"Bensel, Jr., Frank",United States,9434,,0
"Bentein, Liam",Belgium,32384,,1
"Berardo, Clement",France,14970,,0
"Berberian, Jr., Rich",United States,19863,,0
"Berg, Neo",Sweden,29200,,1
"Bergamaschi, Filippo",Italy,15266,,0
"Berganio Jr, David",United States,4970,,0
"Bergendi, René",Slovakia,31521,,1
"Berger, Daniel",United States,17606,,0
"Bergeron, Jacob",United States,25077,,0
"Bergstol, Brian",United States,13119,,0
"Bergstrom, Albin",Sweden,23620,,0
"Beringer, Eric",United States,16809,,0
"Berna Manzanares, Daniel",Spain,18419,,0
"Berry, Brandon",United States,31887,,0
"Berry, Joshua",England,31520,,0
"Bertasio, Nino",Italy,13013,,0
"Bertheussen, Elias",Norway,12488,,0
"Bertsch, Justin",United States,26101,,0
"Bertsch, Shane",United States,5605,,0
"Besard, Matthis",Belgium,26562,,0
"Bessa, Tomas",Portugal,19456,,0
"Besseling, Wil",Netherlands,9413,,0
"Betschart, Oliver",Bermuda,31779,,0
"Bettencourt, Matt",United States,7835,,0
"Bevell, Josh",United States,32185,,0
"Beverly, Aaron",United States,26512,,0
"Bezuidenhout, Christiaan",South Africa,18103,,0
"Bezuidenhout, Theunis",South Africa,22909,,0
"Bhatia, Akshay",United States,26096,,0
"Bhattacharya, Shaurya",India,29312,,0
"Bhullar, Gaganjeet",India,10766,,0
"Bibbs, Taylor",United States,26283,,0
"Bide, Francisco",Argentina,16776,,0
"Bienz, Nick",United States,32516,,0
"Binaghi, Giovanni",Italy,32472,,1
"Binfield, Wade",United States,18435,,0
"Bingaman, Brandon",United States,29496,,0
"Binu, Shaurya",India,30674,,0
"Biondi, Fred",Brazil,25614,,0
"Bishnoi, Sunhit",India,29208,,0
"Bittle, Kit",New Zealand,24329,,0
"Bjerregaard, Lucas",Denmark,11619,,0
"Bjork, Alexander",Sweden,14775,,0
"Bjorn, Thomas",Denmark,5725,,0
"Bjornsson, Andri",Iceland,22991,,0
"Blaauw, Jacques",South Africa,13681,,0
"Blaauw, Reinhardt",South Africa,26197,,0
"Black, Otto",United States,22353,,0
"Blair, Michael",Canada,22262,,0
"Blair, Zac",United States,17639,,0
"Blake, Jay Don",United States,612,,0
"Blakefield, Mark",United States,13104,,0
"Blanchet, Chandler",United States,24956,,0
"Bland, Adam",Australia,10829,,0
"Bland, Richard",England,6516,,0
"Blanks, Kris",United States,7185,,0
"Blaum, Ryan",United States,9643,,0
"Bleier, Christoph",Austria,24911,,1
"Blick, Cody",United States,21876,,0
"Bling, Devon",United States,26186,,0
"Blixt, Jonas",Sweden,8182,,0
"Blizard, Rohan",Australia,11838,,0
"Block, Michael",United States,12333,,0
"Blomme, Adam",Sweden,23784,,0
"Blomstrand, Christofer",Sweden,20167,,0
"Bloor, George",England,26594,,0
"Blyth, Adam",Australia,7704,,0
"Boandl, Lukas",Austria,26456,,1
"Board, Dillon",United States,29199,,0
"Bogdanoff, Steve",United States,32680,,0
"Bohn, Jason",United States,6462,,0
"Bolton, Jake",England,25195,,0
"Boneta, Albert",Spain,29948,,0
"Boon, Caylum",South Africa,25175,,0
"Boote, David",Wales,17809,,0
"Booth, Grant",Australia,25389,,0
"Bootsma, Philip",Netherlands,20765,,0
"Borchert, Matthew",United States,12978,,0
"Borda, David",Spain,13112,,0
"Boriboonsub, Denwit David",Thailand,27261,,0
"Borja, Piri",United States,16810,,0
"Boros, Guy",United States,4650,,0
"Boshoff, Paul",South Africa,23313,,0
"Boshoff, William Louis",South Africa,29473,,0
"Botha, Barend",South Africa,32473,,0
"Bouniol, Cyril",France,18240,,0
"Bourdy, Gregory",France,7932,,0
"Bovari, Pietro",Italy,24077,,0
"Bowditch, Steven",Australia,7053,,0
"Bowser, Evan",United States,23454,,0
"Boyd, Gary",England,12795,,0
"Bozzelli, Dominic",United States,17564,,0
"Brack, Dylan",United States,33067,,0
"Bradbeer, Peter",United States,32520,,0
"Bradbury, Dan",England,29971,,0
"Bradley, Keegan",United States,13872,,0
"Bradley, Sean",South Africa,22874,,0
"Bradshaw, David",United States,11600,,0
"Brady, Adam",Australia,24159,,0
"Braeunig, Christian",Germany,22969,,0
"Braley, Matthew",United States,31270,,0
"Brame Jr., Grady",United States,23455,,0
"Bramlett, Joseph",United States,14698,,0
"Brandt-Richards, Dale",Australia,15160,,0
"Bransdon, David",Australia,5624,,0
"Brazel, Sam",Australia,8390,,0
"Brazil, Robert",Ireland,23400,,0
"Breen, Adam",South Africa,28409,,0
"Brehm, Ryan",United States,10423,,0
"Bremner, Merrick",South Africa,10811,,0
"Brenchley, Max",United States,32677,,1
"Brennan, Michael",United States,29197,,0
"Brereton, Darcy",Australia,24367,,0
"Bresnu, Adam",France,26080,,1
"Bridgeman, Jacob",United States,29433,,0
"Brier, Markus",Austria,6391,,0
"Brightwell, Jonathan",United States,28536,,0
"Bring, Christoffer",Denmark,23244,,0
"Brixi, Gordan",Czech Republic,23817,,0
"Broadhurst, Sam",England,27983,,0
"Broberg, Kristoffer",Sweden,15603,,0
"Brock, Josh",United States,14003,,0
"Broin, Gunnar",United States,32332,,0
"Brooks, Joe",England,23160,,0
"Broomhead, Jonothan",South Africa,30210,,0
"Brown, Barclay",England,29947,,0
"Brown, Blades",United States,32152,,0
"Brown, Daniel",England,20766,,0
"Brown, Evan",United States,30806,,0
"Brown, Hamish",Denmark,22168,,0
"Brown, Luke",New Zealand,22715,,0
"Brown, Luke",South Africa,24608,,0
"Brown, Scott",United States,11330,,0
"Brown, Steven",England,15771,,0
"Brown, Zahkai",United States,17642,,0
"Browne Jr, Olin",United States,16488,,0
"Browne, Olin",United States,2130,,0
"Bruiners, Heinrich",South Africa,11976,,0
"Brun, Julien",France,16363,,0
"Brunner, Brad",United States,21502,,0
"Brunner, Noah",Switzerland,30460,,1
"Bruyeres, William",Australia,27485,,0
"Bryan, George",United States,23054,,0
"Bryan, Wesley",United States,21236,,0
"Bryant, Davis",United States,32550,,0
"Buchanan, Jack",Australia,27379,,0
"Buchanan, Jackson",United States,32333,,0
"Buchi, Davide",Italy,25184,,0
"Buckley, Hayden",United States,25363,,0
"Buendia, Alfonso",Spain,26886,,0
"Bugdalski, Jackson",Australia,19204,,0
"Buhl, William",United States,29713,,0
"Buijs, Lars",Belgium,21209,,0
"Bulle, Kent",United States,15715,,0
"Bullen, Michael",England,20431,,0
"Buranatanyarat, Itthipat",Thailand,16425,,0
"Burgess, Connor",United States,31365,,0
"Burgoon, Bronson",United States,11082,,0
"Burke, Christiaan",South Africa,26199,,0
"Burmester, Dean",South Africa,14424,,0
"Burnand, Jordan",South Africa,31351,,0
"Burnett, Ryan",United States,31161,,0
"Burnette, Beck",United States,32467,,0
"Burns, Sam",United States,19483,,0
"Burry, Zachary",United States,26513,,0
"Bustos, Carlos",Chile,19248,,0
"Butler, John Marshall",United States,32462,,0
"Buttacavoli, Michael",United States,15395,,0
"Byers, Harvey",England,26642,,0
"Byrd, Jackson",United States,33516,,1
"Byrd, Jonathan",United States,6931,,0
"Byrd, Marcus",United States,29304,,0
"Byun, Jinjae",Korea - Republic of,13916,,0
"Cabra, Zach",United States,23132,,0
"Cabrera Bello, Rafa",Spain,7457,,0
"Cabrera, Angel",Argentina,5717,,0
"Cabrera, Joaquin",Colombia,25920,,0
"Cafourek, Jan",Czech Republic,19851,,0
"Cahill, Matt",United States,31030,,0
"Cairns, Ethan",United States,28641,,0
"Cairns, Ryan",Zimbabwe,10634,,0
"Calcavecchia, Mark",United States,30,,0
"Calderon, Matias",Chile,22607,,0
"Caldwell, Jonathan",Northern Ireland,13682,,0
"Caldwell, Zach",United States,27867,,0
"Calkins, Brady",United States,29766,,0
"Calvesbert, Robi",Puerto Rico,16042,,1
"Camelo Ferreira, Hugo",Portugal,30333,,0
"Cameron, Ross",Scotland,14093,,0
"Campbell Jnr, Colm",Northern Ireland,18903,,1
"Campbell, Andrew",Australia,18959,,0
"Campbell, Ben",New Zealand,14373,,0
"Campbell, Ben A",Australia,27486,,0
"Campbell, Brian",United States,18628,,0
"Campbell, Chad",United States,6248,,0
"Campbell, Matthew",United States,23541,,0
"Campbell, Michael",New Zealand,4984,,0
"Campbell, Phoenix",Australia,29184,,0
"Campbell, Ryan",Scotland,21908,,0
"Campillo, Jorge",Spain,14016,,0
"Campos, Rafael",Puerto Rico,12909,,0
"Canizares, Alejandro",Spain,11509,,0
"Cannon, Christopher",England,15222,,0
"Cannon, Will",United States,22919,,0
"Canonica, Emanuele",Italy,4124,,0
"Canter, Laurie",England,14795,,0
"Cantero Gutierrez, Ivan",Spain,19635,,0
"Cantlay, Patrick",United States,15466,,0
"Cantwell, Tim",United States,30730,,0
"Cao, Senshou",China,19777,,0
"Cao, Yi",China,15067,,0
"Capan III, Frankie",United States,21412,,0
"Cappelen, Sebastian",Denmark,14776,,0
"Carballo, Miguel Angel",Argentina,8570,,0
"Card III, Jay",United States,29163,,0
"Carey, David",Ireland,20668,,0
"Carll, Kevin",United States,9874,,0
"Carlson, Brian",United States,25563,,0
"Carlson, Nick",United States,32679,,0
"Carlton, Hoke",United States,28527,,0
"Carmona, Mario",Mexico,26119,,0
"Caron, Jason",United States,1798,,0
"Caron, Rowin",Netherlands,14983,,0
"Carr, Ben",United States,30732,,0
"Carrera, Luis",Mexico,29579,,0
"Carrete, Eduardo",Mexico,20973,,0
"Carruthers, Coby",Australia,30783,,1
"Carter, Jak",Australia,30447,,0
"Cascio, Samuel",Australia,33107,,1
"Casey, Paul",England,7108,,0
"Cassidy, Nic",United States,33366,,0
"Castagnara, Giulio",Italy,16547,,0
"Castillo, Christian",United States,28588,,0
"Castillo, Michael",United States,30619,,0
"Castillo, Ricky",United States,27819,,0
"Castro, Cole",United States,32071,,0
"Castro, Roberto",United States,12643,,0
"Catlin, John",United States,18524,,0
"Cauley, Bud",United States,14502,,0
"Cavaliere, Christian",United States,31190,,1
"Cave, Seb",England,30032803,,1
"Cayeux, Marc",Zimbabwe,5904,,0
"Cazaubon, Rodolfo",Mexico,18185,,0
"Cejka, Alex",Germany,4425,,0
"Celano, Ryan",United States,29665,,0
"Celia, Ricardo",Colombia,19000,,0
"Celli, Filippo",Italy,23549,,0
"Ceylan, Mehmet",Turkey,18428,,0
"Chacarra, Eugenio",Spain,26745,,0
"Chadha, Abhijit Singh",India,16032,,0
"Chai, Bowen",China,31731,,0
"Chalmers, Greg",Australia,5625,,0
"Champ, Cameron",United States,23542,,0
"Chan, Lorens",United States,13740,,0
"Chandler, Will",United States,31212,,0
"Chandra, Yashas M S",India,19129,,0
"Chang, Derek",United States,19594,,0
"Chang, Heemin",Korea - Republic of,23565,,0
"Chang, Tse-Yu",Chinese Taipei,25515,,0
"Chang, Xihuan",China,30595,,1
"Chang, Yikeun",Korea - Republic of,18338,,0
"Chantananuwat, Ratchanon",Thailand,27275,,1
"Chappell, Kevin",United States,13305,,0
"Charania, Riz",Kenya,10640,,0
"Charles, Max",Australia,31768,,0
"Charoenkul, Gunn",Thailand,14128,,0
"Chatfield, Davis",United States,30620,,0
"Chawrasia, S.S.P.",India,7040,,0
"Cheema, Angad",India,15816,,0
"Chege, Samuel",Kenya,26089,,0
"Chegwidden, Zack",England,28160,,0
"Chen, Guxin",China,24504,,0
"Chen, Yilong",China,21509,,0
"Chen, Zihao Z.",China,15405,,0
"Chesters, Ashley",England,18735,,0
"Cheung, Matthew",Hong Kong,24297,,0
"Chi, Andre",United States,33299,,0
"Chiam, Nicklaus",Singapore,16102,,0
"Chiarella, Alex",United States,25285,,0
"Chicoyne, Jakob",Canada,32262,,1
"Chidale, Paul",Malawi,23486,,0
"Chikkarangappa, S",India,15817,,0
"Chin, John",United States,14797,,0
"Chinhoi, Robson",Zimbabwe,23143,,0
"Chisnall, Ryan",New Zealand,16924,,0
"Cho, Min-gyu",Korea - Republic of,12096,,0
"Cho, Sungmin",Korea - Republic of,19817,,0
"Cho, Wooyoung",Korea - Republic of,25806,,0
"Choat, Anthony",Australia,14470,,0
"Choi, Albin",Canada,15606,,0
"Choi, Jinho",Korea - Republic of,7024,,0
"Choi, K.J.",Korea - Republic of,1804,,0
"Choi, Minchel",Korea - Republic of,15019,,0
"Choi, Sam",United States,25091,,0
"Choi, Seungbin",Korea - Republic of,26580,,0
"Chopra, Daniel",Sweden,2035,,0
"Chopra, Varun",United States,29043,,0
"Chouhan, Om Prakash",India,13794,,0
"Christensen, Tiger",Germany,31123,,0
"Christiansen, Austen",United States,30077,,0
"Chrystie, Russell",England,28368,,0
"Chuenboonngam, Chonlatit",Thailand,23378,,0
"Chung, Henry",United States,27206,,0
"Chung, Jin",United States,18868,,0
"Chung, Sydney",United States,24470,,0
"Churchman, Cory",United States,25093,,0
"Cianchetti, Luca",Italy,20843,,0
"Cink, Stewart",United States,5665,,0
"Clanton, Luke",United States,32330,,0
"Clare Neves, Pedro",Portugal,29028,,1
"Clark, Wyndham",United States,23604,,0
"Clarke, Darren",Northern Ireland,3523,,0
"Clarke, Josh",Australia,24279,,0
"Claverie, Luis",Spain,6527,,0
"Clearwater, Keith",United States,589,,0
"Clegg, Ford",United States,31704,,0
"Clements, Todd",England,22608,,0
"Clemons, Dominic",England,32594,,1
"Clerici, Fiorino",Switzerland,28170,,0
"Cocha, Tommy",Argentina,12805,,0
"Cochran, Case",United States,18434,,0
"Cockerill, Aaron",Canada,15596,,0
"Coetsee, Wallie",South Africa,5936,,0
"Coetzee, Byron",South Africa,26741,,0
"Coetzee, George",South Africa,10884,,0
"Cohen, Asaf",Israel,21021,,0
"Cohen, Gavin",United States,33134,,0
"Cole, Eric",United States,21756,,0
"Cole, Preston",United States,27707,,0
"Cole, Ryan",United States,24485,,0
"Coletta, Brett",Australia,18177,,0
"Colgate, Michael",United States,28074,,0
"Collet, Tyler",United States,28077,,0
"Collins, Chad",United States,7744,,0
"Collins, Cougar",Canada,25333,,0
"Collyer, Blake",Australia,19389,,0
"Colsaerts, Nicolas",Belgium,6893,,0
"Compton, Erik",United States,6556,,0
"Cone, Trevor",United States,21880,,0
"Connelly, Austin",Canada,19704,,0
"Conners, Corey",Canada,17576,,0
"Conradie, Estiaan",South Africa,23523,,0
"Conradie, Ruan",South Africa,23524,,0
"Conran, James",Australia,21105,,0
"Contini, Martin",Argentina,19295,,0
"Coody, Parker",United States,27870,,0
"Coody, Pierceson",United States,28309,,0
"Cook, Austin",United States,18579,,0
"Cook, Ben",United States,24486,,0
"Cooke, Peter",Australia,8607,,0
"Cooper, Davis",United States,31049,,0
"Cootes, Roy",United States,26574,,0
"Cope, Jack",England,28712,,0
"Cordes, Anthony",United States,27985,,0
"Cordoba, Cledy",Uruguay,16862,,0
"Cordova, Diego",Mexico,27552,,0
"Corpening, Franklin",United States,13510,,0
"Cort, Matthew",England,7313,,0
"Cortes, Raul",Mexico,16436,,0
"Cossement, Nathan",Belgium,30199,,0
"Cottam, Kyle",United States,29671,,0
"Couch, Chris",United States,4614,,0
"Couilleau, Oscar",France,31649,,1
"Coupland, David",England,12427,,0
"Couples, Fred",United States,44,,0
"Coussaud, Ugo",France,20727,,0
"Couvra, Martin",France,27811,,0
"Covello, Vince",United States,11441,,0
"Cover, Patrick",United States,26102,,0
"Cox, Trey",United States,31345,,0
"Crabtree, Christopher",United States,10968,,0
"Crampton, Sebastian",United States,26575,,0
"Crane, Ben",United States,6674,,0
"Crawford, Aaron",Canada,18788,,0
"Crawford, Chris",United States,22043,,0
"Crawford, Cory",Australia,17785,,0
"Crawford, Timmy",United States,32556,,0
"Creasy, Connor",United States,31421,,0
"Creel, Joshua",United States,17570,,0
"Creighton, Myles",Canada,26143,,0
"Creighton, Peter",United States,23050,,0
"Cremer, Sven",Germany,18743,,0
"Crick, Brandon",United States,14847,,0
"Cripps, Jayden",Australia,27487,,0
"Crisologo, Chris",Canada,23462,,0
"Crocker, Sean",United States,23610,,0
"Crockett, Charlie",England,32460,,0
"Croft, Daniel",England,28616,,0
"Croker, Quinnton",Australia,25813,,0
"Cronje, Sean",South Africa,29494,,0
"Crosbie, Keagan",South Africa,29789,,0
"Cross, Spencer",United States,29802,,0
"Crouch, A.J.",United States,27559,,0
"Crowe, Harrison",Australia,24280,,0
"Crowe, Trace",United States,27780,,0
"Cruz, Tiago",Portugal,8813,,0
"Cuartero Blanco, Emilio",Spain,19459,,0
"Cui, Edan",United States,33459,,1
"Cullen, Nick",Australia,14247,,0
"Cummins, Quade",United States,27996,,0
"Cunningham, George",United States,24960,,0
"Curran, Jon",United States,14699,,0
"Curtis, Lawrence",Australia,29096,,0
"Cwinyaai, Joseph",Uganda,33201,,1
"Czuchry, Drew",United States,28419,,0
"D'Amario, Adam",United States,25132,,0
"Da Silva, Adilson",Brazil,5239,,0
"Daffue, MJ",South Africa,17068,,0
"Dahiya, Rakshit",India,33353,,1
"Dahmen, Joel",United States,14509,,0
"Daibarra, Wil",Australia,33080,,0
"Dale, Sean",United States,15118,,0
"Dalke, Brad",United States,21501,,0
"Daly, Connor",United States,31306,,0
"Daly, John",United States,863,,0
"Daly, Jr., John",United States,32432,,1
"Dalziel, Greg",Scotland,28451,,0
"Danek, Stepan",Czech Republic,25946,,0
"Dann, Charlie",Australia,20552,,0
"Dantorp, Jens",Sweden,14018,,0
"Das, Shankar",India,10774,,0
"Daux, Franck",France,20670,,0
"Davenport, Reid",United States,31210,,0
"Davidse, Keenan",South Africa,13725,,0
"Davidson, Ethan",United States,32461,,0
"Davidson, Jack",Wales,24052,,0
"Davies, Archie",Wales,28638,,1
"Davies, Gareth",England,7393,,0
"Davis, Billy",United States,31762,,1
"Davis, Brian",England,5663,,0
"Davis, Cam",Australia,17786,,0
"Davis, Ryan",United States,29078,,0
"Davison, Callum",Canada,25241,,0
"Dawson, Robin",Ireland,20953,,0
"Day, Glen",United States,3410,,0
"Day, Jason",Australia,9771,,0
"Daydou, Alexandre",France,20129,,0
"De Beer, Kyle",South Africa,27414,,0
"De Bondt, Alan",Belgium,17430,,0
"De Borba, Scott",United States,27442,,0
"De Bruyn, Jannik",Germany,23112,,0
"De Decker, Andre",South Africa,21303,,0
"De Jager, Louis",South Africa,12821,,0
"De Jonge, Brendon",Zimbabwe,8767,,0
"De Kock, Allister",South Africa,16037,,0
"De La Fuente, Santiago",Mexico,29195,,0
"De La Riva, Eduardo",Spain,6637,,0
"De Leo, Gregorio",Italy,26506,,0
"De Los Santos, Justin",Philippines,24356,,0
"De Smidt, Ruan",South Africa,15864,,0
"De Sousa, Raphael",Switzerland,8040,,0
"De Villiers, Jacques",South Africa,21026,,0
"De Vries, Wouter",Netherlands,9414,,0
"De Wouters D'oplinter, Jean",Belgium,24844,,0
"DeChambeau, Bryson",United States,19841,,0
"DeLaet, Graham",Canada,10252,,0
"DeMorat, Mickey",United States,25078,,0
"DeMoss, Mookie",United States,20351,,0
"DeSilva, Chaka",Bermuda,29023,,0
"Dean, Joe",England,16497,,0
"Dean, Kellen",United States,33841,,1
"Decottignies-Lafon, Mathieu",France,13998,,0
"Del Rey, Alejandro",Spain,22259,,0
"Del Solar, Cristobal",Chile,17422,,0
"Del Val, Samuel",Spain,15791,,0
"Deminsky, Derek",United States,30430,,0
"Deneen, Morgan",United States,28075,,0
"Denk, Luca",Austria,21657,,0
"Deraney, Joe",United States,26618,,1
"Derrick, Brock",United States,29972,,0
"Detry, Thomas",Belgium,14181,,0
"Deus, Willy",Uganda,27979,,0
"Deyzel, Werner",South Africa,26313,,0
"Dharma, M.",India,12881,,0
"Di Nitto, Enrico",Italy,17652,,0
"DiMarco, Cristian",United States,25135,,0
"Diab, Jason",South Africa,21296,,0
"Diaz, Roberto",Mexico,15394,,0
"Dickinson, Paul",United States,7925,,0
"Dickson, Taylor",United States,27420,,0
"Dickson, Will",United States,29323,,0
"Didone, Aiden",Australia,27031,,0
"Dilisio, Steven",United States,29198,,0
"Dillard, IV, Mulbe",United States,28398,,0
"Dillas, Jarryd",Bermuda,27327,,1
"Ding, Wenyi",China,26193,,0
"Dingle, Wynand",South Africa,12863,,0
"Dinsmore, Tyson",United States,31213,,0
"Dinwiddie, Robert",England,11894,,0
"Dive, Martin",Australia,13641,,0
"Dixon, David",England,7311,,0
"Doak, Chris",Scotland,10458,,0
"Dobbelaar, Louis",Australia,21380,,0
"Dobson, Hugo",England,16058,,0
"Dobyns, Matt",United States,7466,,0
"Docherty, Alistair",United States,24962,,0
"Docking, Matthew",Australia,15290,,0
"Dodd, Stephen",Wales,4311,,0
"Dodd-Berry, Matthew",England,32595,,1
"Dodt, Andrew",Australia,8364,,0
"Doeden, Justin",United States,24963,,0
"Dominguez, Matias",Chile,19454,,0
"Donald, Luke",England,4163,,0
"Donaldson, Jamie",Wales,7084,,0
"Donnelly, Luke",Ireland,23404,,0
"Donoghue, Edward",Australia,29097,,0
"Dorn, Andrew",United States,18629,,0
"Dossey, Cooper",United States,29347,,0
"Dou, Zecheng",China,16757,,0
"Doucett, BJ",United States,25918,,0
"Dougherty, Kevin",United States,19738,,0
"Doull, Jordan",Australia,21085,,0
"Dowling, Billy",Australia,28112,,1
"Dowling, Matt",Australia,16731,,0
"Doyal, Connor",United States,33466,,1
"Doyle, Brendon",United States,26508,,0
"Doyle, Drew",United States,33101,,0
"Dredge, Bradley",Wales,6150,,0
"Drewitt, Brett",Australia,15162,,0
"Dreyer, Juran",South Africa,22910,,0
"Driessen, Bjorn",Netherlands,31545,,1
"Driscoll, James",United States,6228,,0
"Droemer, Jesse",United States,24584,,0
"Drysdale, David",Scotland,6867,,0
"Du Plessis, CJ",South Africa,17197,,0
"Du Plessis, Hennie",South Africa,19421,,0
"Du Plooy, Gerard",South Africa,22036,,0
"Du Plooy, Henning",South Africa,24617,,0
"Du Preez, James Hart",South Africa,21203,,0
"Du Toit, Jared",Canada,22086,,0
"Duangmanee, George",United States,27350,,0
"Dubois, Edouard",France,10624,,0
"Dubuisson, Victor",France,10198,,0
"Ducruet, Jean Paul",Panama,30655,,1
"Dufner, Jason",United States,7301,,0
"Dugas, Eric",United States,13338,,0
"Duke, Ken",United States,493,,0
"Duminy, Jordan",South Africa,26478,,0
"Dumont De Chassart, Adrien",Belgium,22002,,0
"Duncan, Austin",United States,30937,,0
"Duncan, Michael",United States,28914,,0
"Duncan, Tyler",United States,18187,,0
"Duncan, Tyler",Australia,24191,,0
"Dunkle, Kyler",United States,26577,,0
"Dunlap, Nick",United States,28270,,0
"Dunne, Paul",Ireland,18736,,0
"Dupin, Diego",France,12607,,0
"Duquaine, Hugo",Belgium,30200,,1
"Duran, Samuel",Panama,30656,,1
"Durham, Taylor",Canada,31160,,0
"Duval, David",United States,4761,,0
"Dyer, Blake",United States,29164,,0
"Dyer, Jack",England,26980,,0
"Dykes, Tim",England,8221,,0
"Easton, Bryce",South Africa,15181,,0
"Eaton, Chandler",United States,26652,,0
"Eaves, Samuel",Australia,15916,,0
"Eccles, Ben",Australia,17163,,0
"Eccleston, Cooper",Australia,24192,,0
"Echavarria, Andres",Colombia,15238,,0
"Echavarria, Nico",Colombia,22833,,0
"Echenique, Rafa",Argentina,7988,,0
"Eckroat, Austin",United States,26653,,0
"Edberg, Pelle",Sweden,8574,,0
"Eden, Tobias",Sweden,17472,,0
"Edmondson, Zachary",United States,19739,,0
"Edwards, Erik",United States,32265,,0
"Edwards, Greg",United States,29493,,0
"Edwards, Owen",Wales,24750,,0
"Ege, Mats",Norway,23791,,0
"Eggenberger, Mathias",Switzerland,14810,,0
"Eichhorn, Hunter",United States,30856,,0
"Ejlersen, Anders Emil",Denmark,22377,,0
"El Fakori, Mehdi",Morocco,23093,,0
"El Hali, Karim",Morocco,19311,,0
"Elliott, Blake",United States,27847,,0
"Ellis, Harry",England,23726,,0
"Elmes, Riley",United States,29435,,0
"Elmore, Ryan",United States,24964,,0
"Els, Ernie",South Africa,874,,0
"Elson, Jamie",England,7564,,0
"Elvira Mijares, Ignacio",Spain,12988,,0
"Elvira, Manuel",Spain,26008,,0
"Emory, Bryce",United States,25228,,0
"Endycott, Harrison",Australia,19208,,0
"Enefer, Will",England,23163,,0
"English, Harris",United States,14577,,0
"Ennsmann, David",Austria,26457,,1
"Enoch, Rhys",Wales,12287,,0
"Eom, Jaewoong",Korea - Republic of,13835,,0
"Epson, Hunter",United States,29675,,0
"Ereno Perez, Pablo",Spain,33839,,0
"Erickson, Dan",United States,29520,,0
"Erickson, Jake",United States,25181,,1
"Eriksson, Philip",Sweden,21938,,0
"Ernst, Derek",United States,16711,,0
"Eroshenko, Egor",Russian Federation,33068,,0
"Errazuriz, Agustin",Chile,25712,,0
"Esau, Cameron",South Africa,14429,,0
"Esmatges, Alex",Spain,23000,,0
"Espinoza, Christian",Chile,13600,,0
"Esposito, Hugo",Spain,26677,,0
"Estas, Arthur",Belgium,33651,,1
"Esteve, Jeronimo",Puerto Rico,8573,,1
"Etchenique, Andoni",France,26726,,0
"Ettlin, Loic",Switzerland,26616,,1
"Etulain, Julian",Argentina,11911,,0
"Euler, Lukas",Germany,25600,,0
"Evans, Andrew",Australia,15589,,0
"Evans, Ben",England,10151,,0
"Evans, Giles",England,28834,,0
"Evans, Ryan",England,19030,,0
"Everett, Broc",United States,24965,,0
"Every, Matt",United States,10185,,0
"Ewart, A.J.",Canada,21883,,0
"Faccini, Daniel",Colombia,18046,,1
"Fahrbring, Jens",Sweden,13445,,0
"Fair, Seth",United States,18377,,0
"Fairfax, Gavin",Australia,16018,,0
"Fallotico, Lucas Nicolas",Italy,27784,,0
"Fan, Jicheng",China,30150,,0
"Fan, Shiyu",China,19497,,0
"Fang, Ethan",United States,30032657,,1
"Fang, Xiang",China,29930,,0
"Fang, Zeqian",China,30522,,1
"Fanonnel, Guillaume",France,25149,,0
"Fantinelli, Riccardo",Italy,29361,,1
"Farnam, Ethan",United States,32648,,0
"Farr, Oliver",Wales,13318,,0
"Farrell, OJ",England,28292,,0
"Farrier-Twist, Michael",England,20325,,0
"Favela, Armando",Mexico,14568,,0
"Fdez-Castano, Gonzalo",Spain,8262,,0
"Feagler, Clay",United States,28539,,0
"Feagles, Michael",United States,26656,,0
"Featherstone, Colin",United States,18257,,0
"Feenstra, Tim",United States,29497,,0
"Feldborg Nielsen, Christopher",Sweden,20147,,0
"Felton, Jarryd",Australia,16835,,0
"Fenasse, Mathieu",France,17831,,0
"Fenwick, Neil",Scotland,15491,,0
"Ferguson, Ben",Australia,22819,,0
"Ferguson, Ewen",Scotland,21646,,0
"Fernandez De Oliveira, Mateo",Argentina,24294,,0
"Fernandez Valdes, Jorge",Argentina,16786,,0
"Fernandez, JD",Mexico,16237,,0
"Fernandez, Scott",Spain,15616,,0
"Ferreira, Stephen",Portugal,17409,,0
"Ferrer, Toni",Spain,20674,,0
"Feuerstein, Michael",United States,24502,,0
"Fichardt, Darren",South Africa,5754,,0
"Fidone, Sam",United States,19618,,0
"Figueiredo, Pedro",Portugal,10033,,0
"Figueroa, Edward",Puerto Rico,16044,,0
"Filbert, Andrew",United States,24424,,0
"Filippi, Luca",South Africa,22037,,0
"Finau, Tony",United States,11676,,0
"Finnell, Skyler",United States,23463,,0
"Fioroni, Caden",United States,33003,,0
"Fischer, Fabian",Austria,29479,,1
"Fischer, Zack",United States,17273,,0
"Fish, Mardy",Canada,18704,,0
"Fishburn, Patrick",United States,25094,,0
"Fisher Jr, Trevor",South Africa,7678,,0
"Fisher, Danny",United States,32649,,0
"Fisher, Oliver",England,10863,,0
"Fisher, Ross",England,9396,,0
"Fisk, Steven",United States,26657,,0
"Fitzgerald, Calum",England,33175,,1
"Fitzpatrick, Alex",England,25362,,0
"Fitzpatrick, Matt",England,17646,,0
"Flanagan, Angus",England,26982,,0
"Flanagan, Nick",Australia,8357,,0
"Flavin, Patrick",United States,26122,,0
"Fleetwood, Tommy",England,12294,,0
"Flenniken, Casey",United States,23925,,0
"Flores, Erik",United States,15788,,0
"Flores, Martin",United States,10535,,0
"Florioli, Marco",Italy,27840,,0
"Floydd, Jack",England,25973,,0
"Flynn, Charlie",United States,32985,,0
"Flynn, Lawry",Australia,21383,,0
"Foley, Robert",Switzerland,24950,,0
"Folk, Gerold",Austria,18583,,0
"Follet-Smith, Benjamin",Zimbabwe,15211,,0
"Foo, Gregory",Singapore,14992,,0
"Foos, Dominic",Germany,17022,,0
"Ford, David",United States,31343,,0
"Ford, Matt",England,10139,,0
"Ford, Maxwell",United States,31802,,0
"Forest, Beau",United States,32600,,0
"Forgan, Sam",England,17816,,0
"Forrest, Grant",Scotland,16475,,0
"Forsstrom, Simon",Sweden,19806,,0
"Forster, Thomas",England,27687,,0
"Forte, Brayden",United States,34013,,0
"Fortini, Giacomo",Italy,22177,,0
"Fortlage, Erich",Paraguay,30899,,1
"Fosaas, Carl",Norway,23792,,0
"Foster, Gerrit",South Africa,21304,,0
"Foster, Hayden",United States,28311,,0
"Fowler, Brenton",Australia,13642,,0
"Fowler, Peter",Australia,497,,0
"Fowler, Rickie",United States,12965,,0
"Fox, Austin",United States,29090,,0
"Fox, Daniel",Australia,10112,,0
"Fox, Graham",Scotland,7593,,0
"Fox, Ryan",New Zealand,11889,,0
"Frade, Nicholaus",South Africa,25887,,0
"Frances, Alexander George",Denmark,25183,,0
"Franco, Carlos",Paraguay,3436,,0
"Francoeur, Chris",United States,31214,,0
"Franken, Stephen",United States,26517,,0
"Franks, Nathan",United States,33545,,0
"Franssen, Rory",Scotland,30349,,0
"Fraser, Marcus",Australia,7070,,0
"Fraustro, Oscar",Mexico,9834,,0
"Frazar, Harrison",United States,6151,,0
"Freiburghaus, Jeremy",Switzerland,19811,,0
"French, Chris",United States,24489,,0
"Fribbs, Derek",United States,29300,,0
"Friedrichsen, Sebastian",Denmark,24657,,0
"Frimodt, Gustav",Denmark,22380,,0
"Fritsch, Brad",Canada,7207,,0
"Fritsch, Florian",Germany,9217,,0
"Frittelli, Dylan",South Africa,11955,,0
"From, Fredrik",Sweden,21621,,0
"Frost, David",South Africa,440,,0
"Fu, Yihao",China,31013,,0
"Fuentes, Ignacio Urriza",Spain,25303,,0
"Fujimoto, Yoshinori",Japan,11773,,0
"Fung, Nicholas",Malaysia,12889,,0
"Funk, Fred",United States,72,,0
"Funk, Taylor",United States,24718,,0
"Furr, Wilson",United States,25771,,0
"Furuse, Koichiro",Japan,29339,,1
"Furyk, Jim",United States,2881,,0
"Fyfe, Calum",Scotland,25096,,0
"Gabrelcik, Nick",United States,30767,,0
"Gagli, Lorenzo",Italy,10073,,0
"Gagne, Luis",Costa Rica,25079,,0
"Gainey, Tommy",United States,12169,,0
"Galant, Tristin",South Africa,29495,,0
"Galbraith, Jr",Northern Ireland,18905,,0
"Gale, Daniel",Australia,19212,,0
"Gallacher, Stephen",Scotland,5647,,0
"Gallegos, Abel",Argentina,27352,,0
"Gallegos, Andres",Argentina,19296,,0
"Galletti, Nicolo",United States,24490,,0
"Galliano, Luca",Switzerland,15566,,0
"Gamez, Robert",United States,2878,,0
"Gana, Toto",Chile,19253,,0
"Gandas, Manu",India,18058,,0
"Gandon, Jeremy",France,18933,,0
"Gandy, Tom",Isle of Man,20633,,0
"Gangjee, Rahil",India,7038,,0
"Gannon, Luke",United States,27778,,0
"Garber, Joey",United States,18658,,0
"Garcia Broto, Victor",Spain,28238,,0
"Garcia Del Moral, Jordi",Spain,11103,,0
"Garcia Grout, Sebastian",Spain,12702,,0
"Garcia Rodriguez, Sebastian",Spain,12258,,0
"Garcia, Andres",Mexico,13220,,0
"Garcia, Sergio",Spain,5689,,0
"Garcia, Zinyo",Australia,29098,,0
"Garcia-Heredia, Alfredo",Spain,7887,,0
"Garnett, Brice",United States,11451,,0
"Garrick, Jonathan",United States,21885,,0
"Garrigus, Robert",United States,6789,,0
"Garrison, Brayden",United States,29677,,0
"Garza, Luis Gerardo",Mexico,19619,,0
"Garza, Marcelo",Mexico,32706,,0
"Gaspar, Miguel",Portugal,14683,,0
"Gates, Bobby",United States,13433,,0
"Gauche, Teaghan",South Africa,21196,,0
"Gaugert, Alex",United States,19423,,0
"Gaunt, Connor",United States,32433,,0
"Gaunt, Daniel",Australia,6132,,0
"Gavins, Daniel",England,18241,,0
"Gay, Brian",United States,5951,,0
"Gazzolo, David",United States,23138,,0
"Geary, Josh",New Zealand,9903,,0
"Geddes, Mark",United States,21886,,0
"Geerebaert, Julian",Belgium,32388,,1
"Geerts, Philip",Italy,22178,,0
"Gellerman, Michael",United States,19909,,0
"Geminiani, Domenico",Italy,14596,,0
"Gerard, Ryan",United States,29767,,0
"Gerhardsen, Nicola",Switzerland,25572,,0
"Germishuys, Deon",South Africa,25888,,0
"Ghim, Doug",United States,24550,,0
"Ghosh, Raj",United States,31859,,0
"Giannetto, Jay",United States,31311,,0
"Giantsopoulos, Angelo",Canada,30203,,0
"Gibb, Judd",United States,14785,,0
"Gibellini, James",Australia,17788,,0
"Giboudot, Maxence",France,26730,,0
"Gibson, Rhein",Australia,13342,,0
"Gibson, Tommy",United States,28167,,0
"Gifford, Luke",United States,31881,,0
"Gilardi, Mauro",Switzerland,27006,,0
"Gilbert, Josiah",Australia,33106,,1
"Gilchrest, Matt",United States,22261,,0
"Gildenhuys, Brandon",South Africa,26606,,0
"Gill, Bailey",England,27463,,0
"Gill, Taylor",New Zealand,27456,,0
"Gillam, Parker",United States,24985,,0
"Gillberg, Oliver",Sweden,21652,,0
"Gillespie, Derek",Canada,6883,,0
"Gilligan, Ian",United States,26953,,0
"Gilman, Chris",United States,17260,,0
"Giroux, Thomas",Canada,29776,,0
"Girrbach, Joel",Switzerland,15592,,0
"Glawe, Wolfgang",Germany,28181,,1
"Glennemo, Jacob",Sweden,13447,,0
"Gligic, Michael",Canada,13404,,0
"Glinski, Mason",United States,31246,,0
"Glover, Lucas",United States,7399,,0
"Go, Shiso",Japan,25161,,0
"Godsey, Conner",United States,19742,,0
"Goetz, Mark",United States,31218,,0
"Goff, Alex",United States,32554,,0
"Gogel, Matt",United States,5466,,0
"Goggin, Mathew",Australia,3756,,0
"Goldenberg, Josh",United States,28022,,0
"Goldenring, Sam",United States,30810,,0
"Gomez Osuna, Ignacio",Spain,31240,,0
"Gomez, Fabian",Argentina,8571,,0
"Gomez, Gerardo",Mexico,33198,,1
"Gomez, Santiago",Colombia,22832,,0
"Gonda, Travis",United States,23712,,0
"Gonnet, Jean-Baptiste",France,7979,,0
"Gonzales, Andres",United States,11640,,0
"Gonzalez, Emilio",Mexico,28016,,0
"Gonzalez, Lucca",Panama,29165,,0
"Gooch, Talor",United States,18580,,0
"Goodman, Drew",United States,33914,,0
"Goodwin, Noah",United States,24837,,0
"Goosen, Retief",South Africa,4884,,0
"Gordon, Will",United States,26660,,0
"Gore, Jason",United States,6321,,0
"Gore, Tanner",United States,26866,,0
"Gorospe, Lemon",Bahamas,24347,,0
"Goth-Rasmussen, Jonathan",Denmark,23835,,0
"Gotterup, Chris",United States,27774,,0
"Gough, John",England,26491,,0
"Gounden, Aneurin",South Africa,25046,,0
"Gouveia, Ricardo",Portugal,18722,,0
"Gouveia, Tomas",Portugal,23267,,0
"Govender, Shalan",South Africa,24623,,0
"Goya, Estanislao",Argentina,10877,,0
"Goydos, Paul",United States,3702,,0
"Graboyes, Luke",United States,27843,,0
"Grace, Branden",South Africa,11952,,0
"Gradecki, Mateusz",Poland,14191,,0
"Graham, Connor",Canada,30034865,,1
"Grant, Brent",United States,22914,,0
"Greaser, Austin",United States,29327,,0
"Greco, John",United States,26518,,0
"Green, Gavin",Malaysia,12530,,0
"Green, Richard",Australia,3877,,0
"Greene, Daniel",South Africa,14395,,0
"Greene, Keith",United States,24967,,0
"Greer, Joshua",Australia,21087,,0
"Gregor, Graham",Scotland,30201,,0
"Gregory, Scott",England,22253,,0
"Grenville-Wood, Joshua",United Arab Emirates,23164,,0
"Grey, J.J.",England,24988,,0
"Greyserman, Max",United States,23465,,0
"Gribble, Cody",United States,17508,,0
"Grider, Ryan",United States,28541,,0
"Grierson, James",Australia,19214,,0
"Griffin, Ben",United States,24968,,0
"Griffin, J.P.",United States,29049,,0
"Griffin, J.T.",United States,15609,,0
"Griffin, Lanto",United States,15330,,0
"Griffin, Matthew",Australia,9780,,0
"Griffin, Ryan",England,20000097,,0
"Griffiths, Curtis",England,19991,,0
"Griffiths, Haydn",South Africa,24624,,0
"Grillo, Emiliano",Argentina,12808,,0
"Grimes, Patrick",United States,22689,,0
"Grimmer, Will",United States,18630,,0
"Grinberg, Lev",Ukraine,29461,,1
"Griz, Jonathan",United States,28145,,1
"Grobler, Clinton",South Africa,22963,,0
"Groenendijk, Ian",Netherlands,31505,,1
"Groenewald, Coert",South Africa,16895,,0
"Groenewald, Vaughn",South Africa,1331,,0
"Gros, Sebastien",France,16650,,0
"Gross, Larkin",United States,28321,,0
"Grove, Russell",United States,31029,,0
"Guan, Jeffrey",Australia,28093,,0
"Guedra, Adam",Sweden,23306,,0
"Guerra, Juan Jose",Dominican Republic,18421,,0
"Guerra, Patricio",Mexico,25690,,0
"Guerrier, Julien",France,10201,,0
"Gugler, Cedric",Switzerland,25573,,0
"Guichard, Clement",France,28183,,0
"Guillamoundeguy, Oihan",France,28239,,0
"Guise, Danny",United States,28472,,0
"Gumberg, Jordan",United States,23892,,0
"Gunn, Jimmy",Scotland,18163,,0
"Gupta, Aman",United States,28528,,0
"Gupta, Arjun",India,25975,,1
"Gurdenli, Can",Turkey,33518,,1
"Guthrie, Luke",United States,15610,,0
"Gutschewski, Luke",United States,32683,,1
"Gutschewski, Scott",United States,7305,,0
"Gutschewski, Trevor",United States,32684,,1
"Haas, Bill",United States,7900,,0
"Haas, Jay",United States,87,,0
"Haastrup, Mark Flindt",Denmark,7952,,0
"Habeler, Markus",Austria,18584,,1
"Hadley, Chesson",United States,14967,,0
"Hadwin, Adam",Canada,13965,,0
"Haefner, Grant",United States,33757,,0
"Hagestad, Stewart",United States,23113,,1
"Haghedooren, Arthur",Belgium,32240,,1
"Hague, David",England,27464,,0
"Hagy, Brandon",United States,18695,,0
"Hahn, James",United States,11374,,0
"Hahn, Jordan",United States,28261,,0
"Haig, Anton",South Africa,8429,,0
"Haindl, Alex",South Africa,10792,,0
"Hak, Shunyat",Hong Kong,13568,,0
"Hakula, Toni",Finland,13131,,0
"Hale Jr, Blaine",United States,29348,,0
"Haley II, Paul",United States,16039,,0
"Hall, Ashley",Australia,7708,,0
"Hall, Gavin",United States,14862,,0
"Hall, Harry",England,27194,,0
"Hall, Jake",United States,31120,,0
"Hall, Kevin",United States,8092,,0
"Hall, Ryan",United States,28630,,0
"Halvorsen, Andreas",Norway,17747,,0
"Ham, Jeong Woo",Korea - Republic of,17872,,0
"Hambright, Chad",United States,28216,,0
"Hamilton, Todd",United States,915,,0
"Hammer, Cole",United States,19864,,0
"Hammer, Marc",Germany,22973,,0
"Han, Seungsu",United States,8046,,0
"Hanko, Joseph",United States,30406,,0
"Hanna, Chase",United States,23781,,0
"Hansen, Joachim B",Denmark,14284,,0
"Hanson, Chris",England,12295,,0
"Hanson, Peter",Sweden,6850,,0
"Hardee, Jonathan",United States,28076,,0
"Harding, Justin",South Africa,10886,,0
"Hardy, Nick",United States,19865,,0
"Harish, Shashwat",Kenya,33200,,1
"Harkins, Brandon",United States,15427,,0
"Harman, Brian",United States,8825,,0
"Harmeling, Evan",United States,16909,,0
"Harned, Sam",United States,31208,,0
"Harper, Keller",United States,28570,,0
"Harries, Luke",Wales,30048,,0
"Harrington, Padraig",Ireland,5716,,0
"Harrington, Scott",United States,8479,,0
"Harris, Frankie",United States,33758,,1
"Harris, Matt",United States,28751,,0
"Harris, Rob",England,12407,,0
"Harrison, David",United States,33489,,0
"Harrison, Jack",England,18202,,0
"Hart, Dillon",Australia,21385,,0
"Hart, Jeff",United States,94,,0
"Hart, Josh",United States,13544,,0
"Hart, Tim",Australia,15920,,0
"Haskew, Luke",United States,29301,,1
"Hastings, Justin",Cayman Islands,31960,,1
"Hataji, Takahiro",Japan,13426,,0
"Hathcoat, Blake",United States,29681,,0
"Hatton, Tyrrell",England,14796,,0
"Havret, Gregory",France,6239,,0
"Hawkes, Simon",Australia,16959,,0
"Hawksby, Jack",England,28376,,0
"Hayashi, Takumi",Japan,32269,,0
"Hayes, Bo",United States,25023,,0
"Healey, Dylan",United States,22026,,0
"Hearn, David",Canada,7340,,0
"Hearn, Jack",Ireland,30085,,1
"Hebert, Benjamin",France,12213,,0
"Hebert, Michael",United States,18251,,0
"Heffernan, Wes",Canada,6884,,0
"Heffernan, Will",Australia,21247,,0
"Heisele, Sebastian",Germany,16499,,0
"Hejlek, Jakub",Czech Republic,29638,,1
"Hellgren, Bjorn",Sweden,16231,,0
"Helligkilde, Marcus",Denmark,20190,,0
"Hend, Scott",Australia,1888,,0
"Hendler, Ricky",South Africa,27942,,0
"Hendriksen, Paul",England,12214,,0
"Hendrix, Bryce",United States,29430,,0
"Hendrix, Jake",United States,29773,,0
"Hendry, Michael",New Zealand,11885,,0
"Henley, Russell",United States,14578,,0
"Henry, J.J.",United States,6222,,0
"Henry, Scott",Scotland,12468,,0
"Hensby, Mark",Australia,5859,,0
"Henson, Berry",United States,10316,,0
"Henson, Thomas",United States,32558,,0
"Herbert, Lucas",Australia,17064,,0
"Herman, Jim",United States,12846,,0
"Hernandez Cabezuela, Alvaro",Spain,19956,,0
"Hernandez, Kelvin",Puerto Rico,31957,,1
"Hernandez, Oscar",Colombia,29650,,0
"Herrera, Joey",United States,31518,,0
"Herrera, Michael",United States,30622,,0
"Herrmann, Maximilian",Germany,23771,,0
"Herron, Carson",United States,32819,,0
"Herron, Tim",United States,5621,,0
"Hervol, James",United States,28468,,0
"Hesbois, Kevin",Belgium,13373,,0
"Hess, Jacquin",South Africa,17784,,0
"Hickok, Kramer",United States,21237,,0
"Hicks, Caleb",United States,31956,,0
"Hicks, Justin",United States,9166,,0
"Hidalgo Portillo, Angel",Spain,24127,,0
"Higa, Kazuki",Japan,15756,,0
"Higginbottom, Jake",Australia,15849,,0
"Higgins, David",Ireland,4789,,0
"Higgins, Lucas",Australia,22850,,0
"Higgins, Robbie",United States,33442,,0
"Higgo, Garrick",South Africa,24342,,0
"Higgs, Harry",United States,14140,,0
"Highsmith, Joe",United States,28469,,0
"Hill, Calum",Scotland,25131,,0
"Hill, Josh",Northern Ireland,27001,,1
"Hill, Josh",England,24065,,1
"Hill, Matt",Canada,14029,,0
"Hillier, Charlie",New Zealand,28496,,0
"Hillier, Daniel",New Zealand,21362,,0
"Hillier, Harry",New Zealand,29800,,0
"Hirata, Kensei",Japan,20954,,0
"Hirmer, Michael",Germany,20713,,0
"Hirschman, Grant",United States,25027,,0
"Hisatsune, Ryo",Japan,22760,,0
"Hitchner, Derek",United States,31257,,0
"Hitt, Austin",United States,28542,,0
"Hoag, Bo",United States,14081,,0
"Hocknull, Craig",Australia,15428,,0
"Hodge, Jonathan",United States,13520,,0
"Hodge, Tyler",New Zealand,16931,,0
"Hodges, Lee",United States,25157,,0
"Hoelzer, Brandon",United States,26521,,0
"Hoey, Michael",Northern Ireland,7303,,0
"Hoey, Rico",Philippines,23504,,0
"Hoff, Brandon",United States,31254,,0
"Hoffman, Charley",United States,5768,,0
"Hoffman, Mark",Canada,16331,,0
"Hoffmann, Morgan",United States,14082,,0
"Hofman, Noah",United States,31420,,0
"Hogan, Kyle",United States,27971,,0
"Hogan, Robert",Australia,23085,,0
"Hoge, Tom",United States,15575,,0
"Hojgaard, Nicolai",Denmark,23602,,0
"Hojgaard, Rasmus",Denmark,23838,,0
"Holbrook, Jake",United States,32519,,0
"Holcomb, William",United States,30667,,0
"Holland, Charlie",United States,17392,,0
"Hollick, Michael",South Africa,15993,,0
"Holliday, Judson",United States,32263,,0
"Holmes, David",United States,13973,,0
"Holmes, Derek",United States,28322,,0
"Holmes, J.B.",United States,7959,,0
"Holmes, Steve",United States,7464,,0
"Holmgren, Van",United States,29682,,0
"Holt, Ian",United States,25036,,0
"Homa, Max",United States,17538,,0
"Homan, Wes",United States,14802,,0
"Hooks, Joe",United States,33913,,0
"Hopewell, Hayden",Australia,23317,,0
"Hopfinger, Brad",United States,18190,,0
"Hopper, Michael",United States,19359,,0
"Horder, Nicolas",Germany,28723,,0
"Horikawa, Mikumu",Japan,15056,,0
"Horne, Keith",South Africa,6165,,0
"Horschel, Billy",United States,11276,,0
"Horsey, David",England,11230,,0
"Horsfield, Sam",England,19866,,0
"Hortal, Antonio",Spain,14572,,0
"Hoshino, Rikuya",Japan,19190,,0
"Hosono, Yusaku",Japan,25797,,0
"Hossain, Jamal",Bangladesh,15206,,0
"Hossler, Beau",United States,15470,,0
"Host, August Thor",Denmark,22386,,0
"Houchin, John",United States,33468,,0
"Hougaard Sidal Svendsen, Victor",Denmark,23444,,0
"Houk, John",United States,33355,,0
"Hovland, Viktor",Norway,18841,,0
"Howe, Connor",United States,27625,,0
"Howe, Quinton",Australia,15925,,0
"Howell III, Charles",United States,6892,,0
"Howell, David",England,5718,,0
"Howell, Mason",United States,33759,,1
"Howie, Craig",Scotland,24352,,0
"Hrinda, Jakub",Slovakia,19356,,0
"Hruby, Petr",Czech Republic,26710,,0
"Hsu, Yu-Cheng",Chinese Taipei,25680,,0
"Huang, Franklin",United States,25080,,0
"Huang, Wenyi",China,13466,,0
"Huang, Yi-Tseng",Chinese Taipei,24105,,0
"Huang, Zijie",China,27117,,0
"Hubbard, Mark",United States,16333,,0
"Hudson, Bobby",United States,15449,,0
"Hudson, Daniel",United States,25037,,0
"Hudson, Randall",United States,33547,,0
"Hudson, Rob",United States,18534,,0
"Hueber, Justin",United States,18590,,0
"Huerta, Rodrigo",Dominican Republic,33467,,1
"Huff, Graysen",United States,19939,,0
"Huff, Kevin",United States,32676,,0
"Huge, Maclain",United States,22211,,0
"Hughes, Jake",Australia,25500,,0
"Hughes, Mackenzie",Canada,15556,,0
"Hughes, Reed",United States,1480,,0
"Hugo, Jean",South Africa,6304,,0
"Huh, John",United States,14606,,0
"Huizing, Daan",Netherlands,12650,,0
"Humphrey, Theo",United States,25081,,0
"Hundeboll, Oliver",Denmark,20206,,0
"Hunt, Toby",Wales,23069,,0
"Huntzinger, Charles",United States,27688,,0
"Hur, In-hoi",Korea - Republic of,9635,,0
"Hurley, Gary",Ireland,18657,,0
"Hurt, Austin",United States,29498,,0
"Huskey, Keenan",United States,26597,,0
"Huss, Cameron",United States,33281,,0
"Huston, John",United States,707,,0
"Hutcheon, Greig",Scotland,4882,,0
"Hutchins, Matt",United States,25835,,0
"Hutchinson, Ben",England,27465,,0
"Hutsby, Sam",England,11104,,0
"Hutson, Mark",New Zealand,24284,,0
"Hwang, Jaemin",Korea - Republic of,11995,,0
"Hwang, Junggon",Korea - Republic of,14936,,0
"Hydes, James",New Zealand,28679,,0
"Hyun Cho, Rak",Korea - Republic of,18340,,0
"Iceman, Daniel",United States,22255,,0
"Ichihara, Kodai",Japan,12140,,0
"Ieremia, Denzel",New Zealand,20918,,0
"Ihrig, Gage",United States,26367,,0
"Ikeda, Yuta",Japan,8236,,0
"Ikemura, Tomoyo",Japan,18809,,0
"Im, Sungjae",Korea - Republic of,17488,,0
"Imada, Ryuji",Japan,6414,,0
"Imahira, Shugo",Japan,13485,,0
"Imondi, Paul",United States,15956,,0
"Inamori, Yuki",Japan,16165,,0
"India, Vince",United States,15793,,0
"Indiza Anyonyi, Dismas",Kenya,7160,,0
"Infanti, Nicholas",United States,29684,,0
"Ingham, Jack",Netherlands,29546,,1
"Inglis, Colin",United States,29499,,0
"Inman, Manuel",Mexico,8569,,0
"Ireland, Jack",United States,29317,,0
"Ishee, Nic",United States,29500,,0
"Ishika, Koichiro",Japan,16458,,0
"Ishikawa, Ryo",Japan,12232,,0
"Islam, Habebul",England,28733,,0
"Islas, Jose Cristobal",Mexico,28142,,0
"Isserentant, Leopold",Belgium,32239,,1
"Iten, Marco",Switzerland,15593,,0
"Iwasaki, Aguri",Japan,28203,,0
"Iwata, Hiroshi",Japan,9099,,0
"Izumida, Daijiro",Japan,14729,,0
"Jacklin, Sean",Scotland,12006,,0
"Jackson, Grant",England,12902,,0
"Jackson, Isaiah",United States,26686,,1
"Jackson, Palmer",United States,30464,,0
"Jacobs, Carson",United States,23605,,0
"Jacobs, Wade",South Africa,28960,,0
"Jacobsen, Christian",Denmark,22671,,0
"Jacobsen, Peter",United States,109,,0
"Jacobson, Freddie",Sweden,3846,,0
"Jacquelin, Raphael",France,5784,,0
"Jaeger, Stephan",Germany,16394,,0
"Jager, Matt",Australia,11830,,0
"Jahn, Charles",United States,29914,,0
"Jaidee, Thongchai",Thailand,5973,,0
"Jakubcik, Filip",Czech Republic,26482,,1
"James, Ben",United States,29827,,1
"James, Zach",United States,32445,,0
"Jamieson, Scott",Scotland,11397,,0
"Janewattananond, Jazz",Thailand,14368,,0
"Jang, Dongkyu",Korea - Republic of,13919,,0
"Jang, Yubin",Korea - Republic of,28276,,0
"Jaramillo, Esteban",Colombia,21244,,0
"Jarvis, Aaron",United States,29328,,1
"Jarvis, Casey",South Africa,26947,,0
"Javier, Matthew",Canada,33732,,1
"Jeansonne, Nathan",United States,26662,,0
"Jefferson Go, Lloyd",Philippines,15978,,0
"Jeffress, Steven",Australia,7481,,0
"Jelinek, Maximilian",Czech Republic,28731,,1
"Jelley, Brendon",United States,25038,,0
"Jenkins, Carter",United States,15456,,0
"Jensen, Lasse",Denmark,10170,,0
"Jeon, Galam",Korea - Republic of,21513,,0
"Jeon, Seonghyeon",Korea - Republic of,21514,,0
"Jeong, Jin",Korea - Republic of,13573,,0
"Jerling, Luke",South Africa,22039,,0
"Jertson, Marty",United States,15116,,0
"Ji, Jerry",Netherlands,24053,,0
"Jian, Chuan-lin",China,17979,,0
"Jimenez, Miguel Angel",Spain,3596,,0
"Jin, Cheng",China,17351,,0
"Jin, Daxing",China,15869,,0
"Jin, Zihao",China,31187,,0
"Jing, Zeyu",China,27034,,0
"Johannessen, Kristian K.",Norway,16421,,0
"Johannson, Leo",Sweden,24023,,0
"Johansen, Eirik Tage",Norway,11317,,0
"John, Allen",Germany,10255,,0
"John, Cameron",Australia,19390,,0
"Johnson, Carson",United States,34008,,0
"Johnson, Chase",United States,25334,,0
"Johnson, Dustin",United States,12422,,0
"Johnson, Joey",United States,32582,,0
"Johnson, Kamaiu",United States,28038,,0
"Johnson, Michael",United States,15120,,0
"Johnson, Richard S.",Sweden,1805,,0
"Johnson, Tom",United States,3349,,0
"Johnson, Tyler",United States,31243,,0
"Johnson, Zach",United States,6986,,0
"Johnson, Zach J.",United States,17619,,0
"Johnston, Andrew",England,14666,,0
"Johnston, Liam",Scotland,22631,,0
"Johnston, Ryggs",United States,32449,,0
"Jones, Ben",England,27316,,0
"Jones, Brendan",Australia,6254,,0
"Jones, Connor",United States,33069,,0
"Jones, Cooper",United States,32431,,1
"Jones, Dawson",United States,32254,,0
"Jones, Frazer",England,30040444,,1
"Jones, Jared",United States,29501,,0
"Jones, Joe",Wales,30941,,1
"Jones, Kyle",United States,19867,,0
"Jones, Matt",Australia,8605,,0
"Jones, Nick",Bermuda,30462,,0
"Jones, Sam",New Zealand,27554,,0
"Jones, Steve",United States,112,,0
"Jones, Zac",United States,31438,,0
"Jonsson, Tobias",Sweden,28686,,0
"Jordaan, Ruan",South Africa,28108,,0
"Jordan, Matthew",England,25601,,0
"Joseph, Victor",Tanzania,24517,,1
"Joshi, Khalin H",India,15156,,0
"Joubert, Richard",South Africa,24626,,0
"Juma, Anthony",Kenya,28129,,0
"Jung, Chanmin",Korea - Republic of,23248,,0
"Jung, Hanmil",Korea - Republic of,23123,,0
"Jung, Peter",United States,25906,,1
"Jung, Richard",Canada,24113,,0
"Jung, Woojin",Korea - Republic of,22648,,0
"Jung, Yubin",South Africa,15187,,0
"Jurgensen, Steve",United States,1606,,0
"Kaewkanjana, Sadom",Thailand,19844,,0
"Kahlos, Juuso",Finland,17724,,0
"Kakazu, Terumuchi",Japan,17899,,0
"Kakko, Roope",Finland,9199,,0
"Kaminski, Rupert",South Africa,25576,,0
"Kamte, James",South Africa,8271,,0
"Kamulindwa, David",Uganda,31911,,0
"Kanaya, Takumi",Japan,19729,,0
"Kaneko, Kota",Japan,28268,,0
"Kang, Alex",United States,17531,,0
"Kang, Jeffrey",United States,21889,,0
"Kang, Kyungnam",Korea - Republic of,7578,,0
"Kang, Sung",Korea - Republic of,7881,,0
"Kang, Yunseok",Korea - Republic of,16272,,0
"Kapur, Shiv",India,9553,,0
"Karanga, Michael",Kenya,28138,,1
"Karatas, Ulas",Turkey,14589,,0
"Karlberg, Rikard",Sweden,9398,,0
"Karlsson, Anton",Sweden,20405,,0
"Karlsson, Robert",Sweden,4331,,0
"Karmis, Peter",Greece,8427,,0
"Kartrude, Michael",United States,23469,,0
"Kaske, Janne",Finland,14117,,0
"Kasozi, Phillip",Uganda,19511,,0
"Kataoka, Naoyuki",Japan,18994,,0
"Katayama, Shingo",Japan,3770,,0
"Katich, Philipp",Germany,27503,,0
"Katsuragawa, Yuto",Japan,20448,,0
"Katz, Evan",United States,29091,,0
"Kaufman, Smylie",United States,18631,,0
"Kaul, Kshitij Naveed",India,23825,,0
"Kawai, Evan",United States,28023,,0
"Kawamoto, Riki",Japan,22844,,0
"Kawamura, Masahiro",Japan,13530,,0
"Kaye, Jonathan",United States,3581,,0
"Kaymer, Martin",Germany,8117,,0
"Kearney, Niall",Ireland,14396,,0
"Kedochim, Benjamin",France,24412,,0
"Keefer, Johnny",United States,32457,,0
"Keeling, Sean",Ireland,30330,,1
"Keffer, Geoff",United States,29918,,0
"Keiser, Brian",United States,28503,,0
"Kelapile, Alphuis",South Africa,13727,,0
"Kellen, Jeffrey",United States,17546,,0
"Keller, Marc",Switzerland,28963,,1
"Kellett, Cam",Canada,32258,,0
"Kelly, Andrew",Australia,14818,,0
"Kelly, Jerry",United States,5151,,0
"Kelly, Sean",United States,21942,,0
"Kelly, Tee-K",United States,22979,,0
"Kelpin, Barrett",United States,18259,,0
"Kemaloglu, Ediz",Turkey,18052,,0
"Kemmer, Dodge",United States,14865,,0
"Kendall, Skip",United States,2794,,0
"Kennedy, Blake",United States,23209,,0
"Kennedy, Brad",Australia,6287,,0
"Kennedy, Frank",England,28693,,0
"Kennedy, Max",Ireland,31455,,0
"Kennedy, Troy",United States,7122,,0
"Kennegard, Jesper",Sweden,11531,,0
"Kennerly, Billy",United States,15658,,0
"Kent, Noah",United States,33354,,1
"Keogh, Adam",England,25575,,0
"Kern, Ben",United States,25439,,0
"Keun, Duane",South Africa,17198,,0
"Keunen, Lars",Netherlands,18953,,0
"Kevorkian, Jake",United States,23470,,0
"Keyser, Mathiam",South Africa,18218,,0
"Khan, Rashid",India,12668,,0
"Khan, Shamim",India,7849,,0
"Kho, Taichi",Hong Kong,24298,,0
"Khongwatmai, Phachara",Thailand,18149,,0
"Kibugu, Mutahi",Kenya,25344,,0
"Kibugu, Njoroge Njonge",Kenya,28139,,0
"Kieffer, Max",Germany,12317,,0
"Killeen, J.J.",United States,12847,,0
"Kim, Anthony",United States,11641,,0
"Kim, Baekjun",Korea - Republic of,27759,,0
"Kim, Bio",Korea - Republic of,12188,,0
"Kim, Bongsub",Korea - Republic of,15531,,0
"Kim, Bryan",United States,32334,,1
"Kim, Chan",United States,15004,,0
"Kim, Chanwoo",Korea - Republic of,19877,,0
"Kim, Charles",United States,28649,,0
"Kim, Daniel",Canada,21890,,0
"Kim, Dk",Korea - Republic of,19528,,0
"Kim, Dongeun",Korea - Republic of,23449,,0
"Kim, Hanbyeol",Korea - Republic of,18484,,0
"Kim, Hongtaek",Korea - Republic of,17973,,0
"Kim, Jaeho",Korea - Republic of,16197,,0
"Kim, Jinsung",Korea - Republic of,15278,,0
"Kim, Junsung",Korea - Republic of,15343,,0
"Kim, Justin",United States,30796,,0
"Kim, Kris",England,28734,,1
"Kim, Michael",United States,17543,,0
"Kim, Minjun",Korea - Republic of,15536,,0
"Kim, Minkyu",Korea - Republic of,20780,,0
"Kim, S.H.",Korea - Republic of,21688,,0
"Kim, Seunghyuk",Korea - Republic of,7716,,0
"Kim, Si Woo",Korea - Republic of,14609,,0
"Kim, Sihwan",United States,13307,,0
"Kim, T.K.",Korea - Republic of,18349,,0
"Kim, Tae Hoon",Korea - Republic of,7589,,0
"Kim, Taeho",Korea - Republic of,19666,,0
"Kim, Tom",Korea - Republic of,24766,,0
"Kim, Whee",Korea - Republic of,11702,,0
"Kim, Woohyun",Korea - Republic of,12190,,0
"Kim, Yeongsu",Korea - Republic of,13486,,0
"Kimsey, Nathan",England,18027,,0
"King, Gary",England,17835,,0
"King, TJ",Australia,25817,,0
"Kingsley, Harrison",United States,30649,,0
"Kingston, James",South Africa,2931,,0
"Kinhult, Marcus",Sweden,18514,,0
"Kinney, Tripp",United States,28586,,0
"Kinoshita, Ryosuke",Japan,14904,,0
"Kinoshita, Yuta",Japan,10189,,0
"Kiragu, Daniel",Kenya,30763,,1
"Kirk, Chris",United States,12423,,0
"Kisia, Mike",Kenya,26090,,0
"Kisner, Kevin",United States,11328,,0
"Kitayama, Kurt",United States,21891,,0
"Kivimets, Bradley",Australia,24368,,0
"Kizzire, Patton",United States,13470,,0
"Kjeldsen, Soren",Denmark,6149,,0
"Kjettrup, Frederik",Denmark,24660,,0
"Kleen, Algot",Sweden,27647,,0
"Klein, Douglas",Australia,22821,,0
"Klein, Louis",Czech Republic,29775,,1
"Kleu, Ronan",Switzerland,27066,,0
"Klitzke, Parker",United States,31450,,0
"Kloeth, Denny",Netherlands,31074,,1
"Kluver, Luke",United States,25320,,0
"Knade, Peter",United States,28146,,0
"Knapp, Jake",United States,19396,,0
"Knappe, Alexander",Germany,12318,,0
"Knauth, William",United States,30986,,1
"Kneen, Jake",United States,27652,,0
"Kneiser, George",United States,27658,,0
"Knight, Evan",United States,30542,,0
"Knipes, Curtis",England,25976,,0
"Knoll, Alex",United States,12349,,0
"Knost, Colt",United States,12149,,0
"Knous, Jim",United States,16382,,0
"Knowles, Philip",United States,24562,,0
"Knox, Russell",Scotland,13831,,0
"Ko, Jeong Weon",France,26213,,0
"Kobayashi, Shintaro",Japan,10560,,0
"Kobori, Kazuma",New Zealand,24369,,0
"Kobren, Jared C.",United States,27628,,0
"Koch, Greg",United States,28323,,0
"Kocher, David",United States,26139,,0
"Kochhar, Karandeep",India,23056,,0
"Kodaira, Satoshi",Japan,13531,,0
"Koepka, Brooks",United States,16243,,0
"Koepka, Chase",United States,21997,,0
"Kofod-Olsen, Viktor",United Arab Emirates,31878,,0
"Kofstad, Espen",Norway,13349,,0
"Koh, Guntaek",Korea - Republic of,22649,,0
"Kohles, Ben",United States,16395,,0
"Koivisto, Tyler",United States,27775,,0
"Koivu, Kim",Finland,20071,,0
"Koivun, Jackson",United States,32319,,1
"Kok, Dylan",South Africa,23613,,0
"Kok, Michael",South Africa,24628,,0
"Kokrak, Jason",United States,12337,,0
"Kolbing, Jonas",Germany,12360,,0
"Komrska, Lukas",Czech Republic,32730,,0
"Kong, Hyunsik",Australia,26019,,0
"Konig, Harry",England,23288,,0
"Kopp, Alexander",Austria,26935,,0
"Korb, Ruan",South Africa,24575,,0
"Korhonen, Mikko",Finland,9252,,0
"Korinek, Ales",Czech Republic,17865,,0
"Korte, Chris",United States,26124,,0
"Kosaihira, Yuwa",Japan,15314,,0
"Kouwenaar, Koen",Netherlands,25602,,0
"Kozan, Andrew",United States,19430,,0
"Kozuma, Jinichiro",Japan,14209,,0
"Kraai, Stan",Netherlands,24054,,0
"Kraft, Kelly",United States,15852,,0
"Kraivixien, Ray",Thailand,24946,,0
"Kristensen, Nicolai",Denmark,18857,,0
"Kristjansson, Gudmundur",Iceland,22996,,0
"Krog, Stuart",Zimbabwe,18289,,0
"Kropp, William",United States,18193,,0
"Kruger, Jbe'",South Africa,11978,,0
"Kruyswijk, Jacques",South Africa,16896,,0
"Kubin, Laurenz",Austria,26460,,1
"Kuchar, Matt",United States,6169,,0
"Kuest, Peter",United States,27600,,0
"Kuhl, Tommy",United States,31215,,0
"Kulacz, Rick",Australia,10839,,0
"Kunzenbacher, Julian",Germany,18842,,0
"Kwon, Luke",Korea - Republic of,25664,,0
"Kwon, Osang",Korea - Republic of,20782,,0
"La Sasso, Michael",United States,33755,,1
"LaCroix, Frederic",France,23733,,0
"LaRue, Bogle",United States,28319,,0
"Labritz, Rob",United States,7167,,0
"Lafeber, Guus",Netherlands,33706,,1
"Lafeber, Maarten",Netherlands,5843,,0
"Lagergren, Joakim",Sweden,14780,,0
"Lahiri, Anirban",India,12669,,0
"Lai, Eddy",United States,30000,,0
"Laird, Martin",Scotland,9586,,0
"Lam, Isaac",Hong Kong,31898,,0
"Lamb, Corey",Australia,27382,,0
"Lamb, Davis",United States,29324,,0
"Lamb, Matty",England,26838,,0
"Lamb, Rick",United States,18869,,0
"Lamely, Derek",United States,9195,,0
"Lampert, Moritz",Germany,13438,,0
"Lamprecht, Christo",South Africa,24343,,0
"Lando Casanova, Jerome",France,14040,,0
"Landry, Andrew",United States,14000,,0
"Lane, Jake",Canada,31202,,0
"Lane, Joey",United States,26105,,0
"Lang, Fabian",Austria,26461,,1
"Langasque, Romain",France,16652,,0
"Langer, Bernhard",Germany,290,,0
"Langfors, Per",Sweden,20414,,0
"Langley, David",England,27124,,0
"Langley, Scott",United States,14700,,0
"Lansburgh, Peter",United States,22922,,0
"Lanting, Ben",United States,27626,,0
"Lapa, Kolton",United States,27671,,0
"Laporta, Francesco",Italy,14987,,0
"Larrazabal, Pablo",Spain,9133,,0
"Larson, Anders",United States,31312,,0
"Larson, Hunter",United States,31846,,0
"Lashley, Nate",United States,10943,,0
"Lauer, Seath",United States,15121,,0
"Laussot, Aymeric",France,23408,,0
"Lautee, Andre",Australia,22956,,0
"Law, David",Scotland,14784,,0
"Lawlor, Brendan",Ireland,26988,,0
"Lawrence Jr, Mark",United States,29889,,0
"Lawrence, Thriston",South Africa,18105,,0
"Lawrie, Paul",Scotland,5105,,0
"Lawson, Deyen",Australia,15885,,0
"Le Court De Billot, Gabriel",Mauritius,33132,,0
"Le Falher, Yaseen",France,22709,,0
"Le Goff, Hugo",France,30383,,1
"Le Roux, Steven",South Africa,22040,,0
"LeBrun, Steve",United States,7099,,0
"Leal, Santiago",Colombia,31889,,1
"Lebioda, Hank",United States,21943,,0
"Lebrija, Roberto",Mexico,16706,,0
"Lechner, Maximillian",Austria,21667,,0
"Ledesma, Nelson",Argentina,15239,,0
"Lee, Alex",United States,29169,,0
"Lee, Brandon",United States,18296,,0
"Lee, Brayden",Singapore,29126,,1
"Lee, Bryan",United States,33756,,1
"Lee, Chang Gi",New Zealand,24334,,0
"Lee, Chieh-Po",Chinese Taipei,16563,,0
"Lee, Craig",Scotland,4398,,0
"Lee, D.H.",Korea - Republic of,8211,,0
"Lee, Daihan",Korea - Republic of,17493,,0
"Lee, Danny",New Zealand,11826,,0
"Lee, David",United States,21892,,0
"Lee, Dongmin",Korea - Republic of,14610,,0
"Lee, Gyu Min",Korea - Republic of,24147,,0
"Lee, Hyungjoon",Korea - Republic of,15796,,0
"Lee, Jaekyeong",Korea - Republic of,19047,,0
"Lee, Joshua",United States,24493,,0
"Lee, Junghwan",Korea - Republic of,13498,,0
"Lee, Junseo",Korea - Republic of,29639,,0
"Lee, Junseok",Australia,16006,,0
"Lee, K.H.",Korea - Republic of,13497,,0
"Lee, Kyeongjun",Korea - Republic of,21524,,0
"Lee, Min Woo",Australia,16841,,0
"Lee, Richard",New Zealand,5311,,0
"Lee, Richard",Canada,12413,,0
"Lee, Rodrigo",Brazil,17237,,0
"Lee, Sang-hee",Korea - Republic of,13923,,0
"Lee, Seung-taek",Korea - Republic of,16162,,0
"Lee, Soomin",Korea - Republic of,14614,,0
"Lee, Taehee",Korea - Republic of,11156,,0
"Lee, Tain",United States,16598,,0
"Lee, Walker",United States,23543,,0
"Lee, Wonjoon",Australia,10713,,0
"Legendre, Nathan",France,26732,,0
"Legros, Maxime",France,23700,,0
"Lehman, Thomas",United States,30174,,0
"Lehman, Tom",United States,757,,0
"Leijrma, John",Kenya,29228,,1
"Leishman, Marc",Australia,7649,,0
"Lemieux, Austin",United States,32063,,0
"Lemke, Niklas",Sweden,10418,,0
"Lenahan, Ryan",United States,18711,,0
"Lencart Silva, Pedro",Portugal,22813,,0
"Lengden, Oscar",Sweden,20410,,0
"Leon, Hugo",Chile,13619,,0
"Leonard, Brendan",Canada,23740,,0
"Leonard, Justin",United States,5603,,0
"Leskovar, Anze",Slovakia,21958,,0
"Lester, Rowan",Ireland,28354,,0
"Levermore, Jason",England,10137,,0
"Levet, Thomas",France,2141,,0
"Levin, Spencer",United States,8199,,0
"Levy, Alexander",France,14973,,0
"Lewis, Bryce",United States,31285,,0
"Lewis, Riley",United States,32521,,0
"Lewis, Tom",England,15164,,0
"Lewton, Steve",England,12838,,0
"Lguirati, Ayoub",Morocco,18246,,0
"Li, Haotong",China,15310,,0
"Li, Linqiang",China,24122,,0
"Li, Xuzhong",Hong Kong,32046,,0
"Li, Zhengda",China,33457,,1
"Li, Zhengqian",China,33458,,1
"Lickliter II, Frank",United States,5708,,0
"Lieser, Ondrej",Czech Republic,13390,,0
"Lilleboe, Eric",United States,27804,,0
"Lilliedahl, Linus",Sweden,25222,,0
"Lim, Mo",Thailand,24317,,0
"Lima, Jose-Filipe",Portugal,7868,,0
"Limbhasut, KK",Thailand,22904,,0
"Lin, K.P.",Chinese Taipei,15023,,0
"Lin, Yuxin",China,18983,,0
"Lind, Soren Broholt",Denmark,20742,,0
"Lindberg, Mikael",Sweden,20084,,0
"Lindell, Oliver",Finland,20085,,0
"Lindh, Charlie",Sweden,20413,,0
"Lindheim, Nicholas",United States,16713,,0
"Lingmerth, David",Sweden,14815,,0
"Linton, Ryan",United States,16309,,0
"Lipold, Lukas",Austria,18585,,0
"Lipparelli, Edoardo Raffaele",Italy,17894,,0
"Lipsky, David",United States,15980,,0
"List, Danny",Australia,24170,,0
"List, Luke",United States,7960,,0
"Liu, Enhua",China,24781,,0
"Liu, Kaiwen",China,29543,,0
"Liu, Yanwei",China,16156,,0
"Liu, Yung-Hua",Chinese Taipei,19492,,0
"Liu, Yuqi",China,32345,,1
"Lobel, Sasha",United States,27482,,0
"Locke, Griffen",United States,29996,,0
"Locke, Sam",Scotland,25315,,0
"Logan, Hunter",United States,31866,,0
"Logue, Isaiah",United States,26827,,0
"Lohan, Abhinav",India,15157,,0
"Lombard, Zander",South Africa,16897,,0
"Lonard, Peter",Australia,4122,,0
"Long, Adam",United States,15473,,0
"Long, Beni",United States,30890,,1
"Long, Christopher",South Africa,31326,,0
"Long, Hurly",Germany,25138,,0
"Long, Joe",England,27984,,0
"Long, Luke",United States,31193,,0
"Longbella, Thomas",United States,29689,,0
"Longmire, David",United States,24538,,0
"Lopes, Vitor",Portugal,20971,,0
"Loree, Tyler",United States,33135,,0
"Lorenz, Ben",United States,29768,,0
"Lorenzo-Vera, Michael",France,9675,,0
"Lotschak, Jakob",Austria,27732,,1
"Lotter, Reed",United States,28147,,1
"Loubser, Herman",South Africa,21197,,0
"Loupe, Andrew",United States,15318,,0
"Loureiro, Juan Martin",Argentina,29084,,1
"Love III, Davis",United States,3464,,0
"Love, Dru",United States,21135,,0
"Love, Sam",United States,18632,,0
"Lovelady, Tom",United States,22068,,0
"Lovemark, Jamie",United States,11382,,0
"Lowe, Taylor",United States,30339,,0
"Lower, Justin",United States,17723,,0
"Lowry, Shane",Ireland,13900,,0
"Loypur, Daniel J",Australia,17065,,0
"Lucas, Kevin",United States,18713,,0
"Luck, Curtis",Australia,16842,,0
"Luiten, Joost",Netherlands,10158,,0
"Lumsden, Ryan",Scotland,25082,,0
"Lundberg, Mikael",Sweden,4718,,0
"Lundell, Carson",United States,30049,,0
"Lundgren, David",Sweden,22342,,0
"Lundin, Jack",United States,32682,,0
"Luo, Xuewen",China,17349,,0
"Lupini, Roberto",South Africa,12857,,0
"Lyle, Sandy",Scotland,294,,0
"Lyons, Landon",United States,27854,,0
"Lyras, John",Australia,22852,,0
"Ma, Bingwen",China,25582,,1
"Ma, Chengyao",China,17937,,0
"Maara, Dennis",Kenya,29229,,1
"Maas, Christian",South Africa,27947,,1
"MacIntyre, Robert",Scotland,23323,,0
"MacKenzie, Will",United States,7470,,0
"Maccaglia, Anthony",United States,24992,,0
"Maccario, Federico",Italy,17655,,0
"Macdonald, Stuart",Canada,18571,,0
"Macdonald, Taylor",Australia,17144,,0
"Mach, Pavol",Slovakia,26483,,0
"Mack III, Willie",United States,21549,,0
"Mack, James",South Africa,26610,,0
"Mackenzie, Conner",South Africa,27314,,0
"Mackenzie, Jay",Australia,22823,,0
"Macpherson, Bryden",Australia,14378,,0
"Madappa, Viraj",India,20882,,0
"Madey, Cole",United States,28645,,0
"Madoya, Jastus",Kenya,17155,,0
"Madsen, Morten Orum",Denmark,13411,,0
"Maeda, Koshiro",Japan,25670,,0
"Maeng, Dong Seop",Korea - Republic of,14482,,0
"Magalhaes, Joao",Portugal,26804,,0
"Magnus, Haraldur",Iceland,22994,,0
"Maguire, Alex",Ireland,31366,,0
"Maguire, Jack",United States,19869,,0
"Maguire, MJ",United States,19453,,0
"Mahan, Hunter",United States,7636,,0
"Mahoney, Trevor",South Africa,14435,,0
"Maichon, Phichaksn",Thailand,23231,,0
"Main, Gregor",United States,13756,,0
"Makokha, Isaac Ogolla",Kenya,28130,,1
"Malec, Christopher",United States,20550,,0
"Malik, Taimur",Kenya,28131,,1
"Malik, Yannick",Germany,28750,,1
"Malnati, Peter",United States,14926,,0
"Manassero, Matteo",Italy,11460,,0
"Manchest, Franklin",South Africa,24593,,0
"Mane, Udayan",India,16818,,0
"Manica, Mafredi",Italy,23990,,0
"Manke, RJ",United States,29715,,0
"Manley, Stuart",Wales,8222,,0
"Mann, Jamie",Scotland,30455,,1
"Mansell, Richard",England,24185,,0
"Mansfield, Clayton",South Africa,26205,,0
"Manuel, Caleb",United States,28529,,0
"Manzoni, Giovanni",Italy,22065,,0
"Mapwanya, Visitor",Zimbabwe,19530,,0
"Maquet, Loris",Belgium,29758,,1
"Marchesani, Anthony",Australia,24337,,0
"Marchesani, James",Australia,19258,,0
"Marcotte, Jack",United States,33704,,0
"Marcus, Ethan",United States,27875,,0
"Marek, Brad",United States,28324,,0
"Marelli, Leandro",Argentina,15240,,0
"Marin Santander, Enrique",Spain,27862,,0
"Marino, Ignacio",Argentina,18334,,0
"Marino, Steve",United States,7741,,0
"Marjan, Ahmed",Morocco,15970,,0
"Markham, George",United States,27872,,0
"Markham, Jackson",United States,30534,,0
"Markovits, Mats",Netherlands,25203,,0
"Marques, Bruno",Spain,33490,,1
"Marriott, Jake",United States,22254,,0
"Marshall, Matt",United States,13995,,0
"Marsico, Max",United States,22204,,0
"Martin, Andrew",Australia,9774,,0
"Martin, Ben",United States,14007,,0
"Martin, Kyle",United States,31284,,0
"Martin, Patrick",United States,26664,,0
"Martin, Reid",United States,31313,,0
"Martinson, Mikel",United States,19829,,0
"Marzilio, Vicente",Argentina,24588,,0
"Masaveu, Luis",Spain,30428,,0
"Mashego, Jastice",South Africa,23595,,0
"Mason, George",England,31880,,0
"Mason, Nick",United States,14405,,0
"Mason, Nicklaus",United States,33576,,1
"Massa, Bobby",United States,17297,,1
"Massie, Jesse",United States,31344,,0
"Mathiesen, Mikkel",Denmark,26045,,0
"Matsumoto, Shota",Japan,20142,,0
"Matsuyama, Hideki",Japan,13562,,0
"Matsuyama, Mao",Japan,32857,,1
"Matthews, Brandon",United States,22981,,0
"Matthews, Justin",Canada,32259,,1
"Matthewson, Erik",United States,33002,,0
"Mattiace, Michael",United States,31249,,0
"Matus, Stanislav",Czech Republic,14086,,0
"Mauchaza, Nyasha",Zimbabwe,15660,,0
"Maum, Blake",United States,29431,,0
"Maurits, Sven",Netherlands,14182,,0
"Mauss, Bowen",United States,32986,,1
"Mavundla, Thanda",South Africa,19426,,0
"Mawhinney, Tyler",United States,33711,,1
"Maxwell, Kyle",United States,30795,,1
"Mayer, Jon",United States,31425,,0
"Mazibuko, Makgetha",South Africa,16823,,0
"Mazzoli, Stefano",Italy,20844,,0
"Mbetse, Massimo",South Africa,27997,,1
"Mburu, Simon Ngige",Kenya,12063,,0
"McAllister, Logan",United States,29318,,0
"McBride, Jake",United States,24494,,0
"McBride, Paul",Ireland,23782,,0
"McCain, Andrew",United States,23532,,0
"McCall, Cavin",United States,33141,,0
"McCardle, Maxwell",Australia,13674,,0
"McCarraher, Justin",United States,13547,,0
"McCarroll, Brendan",Ireland,13334,,0
"McCarron, Jace",United States,28530,,0
"McCarron, Scott",United States,3682,,0
"McCarthy, Brax",United States,23888,,0
"McCarthy, Dan",United States,11594,,0
"McCarthy, Denny",United States,19870,,0
"McCarthy, Josh",United States,22306,,0
"McCarthy, Nick",England,15172,,0
"McCarthy, Ryan",Australia,15165,,0
"McCarty, Matt",United States,28635,,0
"McCarty, Sean",United States,6060,,0
"McClatchie, Kyle",South Africa,22911,,0
"McCormick, Ryan",United States,18536,,0
"McCoy, Lee",United States,19871,,0
"McCracken, Logan",United States,19754,,0
"McCrory, Jake",United States,29302,,0
"McCulloch, Ashton",Canada,32260,,1
"McCumber, Tyler",United States,17584,,0
"McDade, Connor",Australia,30485,,0
"McDaniel, Chip",United States,25317,,0
"McDevitt, Jack",United States,31271,,0
"McDonald, Jack",Scotland,16372,,0
"McDowell, Graeme",Northern Ireland,7548,,0
"McEvoy, Richard",England,7389,,0
"McGinley, Paul",Ireland,5222,,0
"McGirt, William",United States,12477,,0
"McGlinchey, Dominic",Scotland,31886,,1
"McGowan, Michael",United States,19472,,0
"McGowan, Ross",England,11981,,0
"McGrane, Damian",Ireland,6039,,0
"McGreevy, Max",United States,23505,,0
"McGuigan, Doug",Scotland,4497,,0
"McIlroy, Rory",Northern Ireland,10091,,0
"McIntyre, David",South Africa,24577,,0
"McIver, Brandon",United States,18633,,0
"McKibbin, Tom",Northern Ireland,22322,,0
"McKinlay, Brady",Canada,31346,,0
"McKinney, Connor",Australia,24172,,0
"McLachlin, Parker",United States,9168,,0
"McLamb, Brett",United States,32264,,1
"McLean, Matt",New Zealand,23058,,0
"McLeod, Jake",Australia,17146,,0
"McLuen, Jay",United States,11793,,0
"McNealy, Maverick",United States,18634,,0
"McNeill, Callum",Scotland,26330,,0
"McNeill, George",United States,6419,,0
"McShea, Blake",United States,30076,,0
"Mcbride, Kade",Australia,17789,,0
"Mcclean, Matthew",Northern Ireland,26990,,1
"Mcelroy, Dermot",Northern Ireland,15600,,0
"Mcgee, Ruaidhri",Ireland,17818,,0
"Mckay, Gregory",South Africa,27948,,0
"Mclachlan, Keegan",South Africa,24897,,0
"Meads, Brandon",England,27306,,0
"Mediratta, Mohit",Kenya,23964,,0
"Mee, James",Australia,26020,,0
"Meissner, Mac",United States,28159,,0
"Meissner, Mitchell",United States,26126,,0
"Meister, Finn",United States,32557,,1
"Mejow, Philipp",Germany,19897,,0
"Memeo, Luca",Italy,29444,,0
"Menante, Dylan",United States,29970,,0
"Mendez, Gilbert",United States,29036,,0
"Mendoza, Kyle",United States,28039,,0
"Meronk, Adrian",Poland,14196,,0
"Merrick, John",United States,9584,,0
"Merritt, Troy",United States,13367,,0
"Meth, Byron",United States,15855,,0
"Metzger, Andre",United States,16289,,0
"Meyer De Beco, James",Belgium,28803,,0
"Meyer, Breyten",South Africa,19532,,0
"Meyer, Dylan",United States,23606,,0
"Meyer, Velten",Germany,23877,,0
"Michael, Anthony",South Africa,14397,,0
"Micheel, Shaun",United States,4377,,0
"Michel, Kyle",Australia,19391,,0
"Michel, Lukas",Australia,22957,,1
"Micheluzzi, David",Australia,19224,,0
"Michetti, Flavio",Italy,25656,,0
"Mickelson, Phil",United States,1547,,0
"Miernicki, Daniel",United States,14798,,0
"Migliozzi, Guido",Italy,17357,,0
"Mihaich, Leandro",Argentina,33197,,1
"Millar, Matthew",Australia,7449,,0
"Millard, Jason",United States,17567,,0
"Miller, Brad",United States,17568,,0
"Miller, Michael",United States,17902,,0
"Miller, Ralph",Netherlands,6953,,0
"Miller, Ross",United States,27672,,0
"Mills, Corbin",United States,16099,,0
"Minnie, Sentanio",South Africa,22008,,0
"Miranda, Jose Andres",Ecuador,19006,,0
"Miron, Viktor",Spain,29005,,1
"Mishra, Anshul",India,33189,,1
"Mitchell, Keith",United States,17365,,0
"Mitchell, Malcolm",South Africa,24344,,0
"Mitchell, T.J.",United States,17366,,0
"Mitchum, Kelly",United States,7865,,0
"Mivis, Christopher",Belgium,11198,,0
"Miyazato, Yusaku",Japan,7031,,0
"Mize, Larry",United States,139,,0
"Mizuno, Shinichi",Japan,15143,,0
"Modleski, Jacob",United States,33079,,1
"Moffitt, Jake",United States,33441,,0
"Mogapi, Terence",South Africa,24633,,0
"Mohamed, Khalifa",Bahrain,30481,,0
"Mokoena, Karabo",South Africa,21204,,0
"Moldovan, Maxwell",United States,29769,,0
"Molinari, Edoardo",Italy,7033,,0
"Molinari, Francesco",Italy,7655,,0
"Moll, William",United States,32313,,0
"Monagle, Colin",United States,21895,,0
"Moncayo, Juan",Ecuador,19007,,0
"Monsalve, Juan Salama",Spain,27211,,0
"Montenegro, Jesus",Argentina,19300,,0
"Montenegro, Marcos",Argentina,18122,,0
"Montgomerie, Colin",Scotland,741,,0
"Montgomery, Taylor",United States,25442,,0
"Montojo, Jaime",Spain,31737,,1
"Moolman, Pieter",South Africa,15995,,0
"Moon, Kyongjun",Korea - Republic of,13836,,0
"Moore, Bradley",England,21854,,0
"Moore, Dayne",Zambia,15824,,0
"Moore, Ryan",United States,7489,,0
"Moore, Taylor",United States,21944,,0
"Moore, Titch",South Africa,6312,,0
"Morales, Erick",Puerto Rico,14455,,1
"Morales, Omar",Mexico,30891,,0
"Moran, Robert",Ireland,28673,,0
"Morgan, Jediah",Australia,22738,,0
"Morgan, Zak",England,25977,,0
"Morgan-Birke, Gabriel",Chile,20921,,0
"Moriarty, Colm",Ireland,8163,,0
"Morikawa, Collin",United States,22085,,0
"Morin, Alan",United States,7836,,0
"Morris, Brian",Bermuda,29024,,0
"Morrison, James",England,11061,,0
"Morrison, Robbie",Scotland,21593,,0
"Morrison, Tommy",United States,32593,,1
"Mory, Felix",France,25089,,0
"Moscatel, Joel",Spain,27815,,0
"Moss, Sebastian",United States,33712,,0
"Mostert, Dylan",South Africa,24635,,0
"Moto, Taishi",Japan,26781,,1
"Mountcastle, Kerry",New Zealand,24285,,0
"Mouw, William",United States,29770,,0
"Mowat, Callum",South Africa,18153,,0
"Moynihan, Gavin",Ireland,17585,,0
"Mruzek, Filip",Czech Republic,14883,,0
"Mubarak, Fahad",Bahrain,31826,,0
"Mudanyi, Edwin",Kenya,24519,,0
"Mueller, Jesse",United States,10622,,0
"Mueller, Kyle",United States,22045,,0
"Mueller-Baumgart, Alvaro",Spain,27721,,1
"Muir, Kieran",New Zealand,15890,,0
"Mullane, Sam",England,30942,,1
"Mullaney, Jordan",Australia,16967,,0
"Mullarney, Ronan",Ireland,25476,,0
"Mullinax, Trey",United States,18761,,0
"Mulroy, Garth",South Africa,8065,,0
"Mun, Doyeob",Korea - Republic of,17386,,0
"Munch, Winton",United States,28589,,0
"Munoz, Sebastian",Colombia,20770,,0
"Munro, Jack",Australia,17601,,0
"Murdoch, Jack",Australia,22958,,0
"Murphy, John",Ireland,23413,,0
"Murphy, Mac",United States,33680,,0
"Murphy, Mark",Ireland,6906,,0
"Murphy, Sam",United States,30404,,0
"Murray, Grayson",United States,14655,,0
"Murray, Tom",England,17077,,0
"Murray, Zach",Australia,18155,,0
"Musselman, Cooper",United States,25318,,0
"Muthiya, Madalitso",Zambia,11035,,0
"Muttitt, David",United States,17744,,0
"Mwandla, Siyanda",South Africa,22162,,0
"Na, Kevin",United States,7452,,0
"Naas, Loic",Switzerland,31561,,1
"Nabetani, Taichi",Japan,16464,,0
"Nadimpalli, Siddharth",Australia,32734,,0
"Naegel, Chris",United States,17345,,0
"Nagai, Gen",Japan,17712,,0
"Nagano, Ryutaro",Japan,10523,,0
"Nagano, Taiga",Japan,27093,,0
"Nagy, Matt",United States,14008,,0
"Naidoo, Dylan",South Africa,19429,,0
"Nakai, Kento",Japan,15735,,0
"Nakajima, Keita",Japan,21074,,0
"Nakajima, Toru",Japan,12290,,0
"Nakanishi, Naoto",Japan,11089,,0
"Nakano, Rintaro",Japan,28937,,1
"Nan, Chenyou",China,24459,,0
"Nandwa, Alfred",Kenya,19513,,0
"Napier, Tanner",United States,33257,,0
"Naula, Renato",Ecuador,25024,,1
"Nduva, Daniel",Kenya,18243,,0
"Ndwandwe, Lindani",South Africa,7076,,0
"NeSmith, Matt",United States,16433,,0
"Neergaard-Petersen, Rasmus",Denmark,23841,,0
"Neil, Bradley",Scotland,18737,,0
"Nel, Andre",South Africa,21200,,0
"Nel, Colin",South Africa,9882,,0
"Nel, Therion",South Africa,23528,,0
"Nemecz, Lukas",Austria,13089,,0
"Nesbitt, Drew",Canada,16492,,0
"Nethunzwi, Musiwalo",South Africa,13730,,0
"Neuheisel, Joe",United States,29602,,1
"Neumayer, Bernard",Austria,14678,,0
"Newcomb, Patrick",United States,16311,,0
"Newman, Bryan",South Africa,33256,,1
"Newman, Dylan",United States,29502,,0
"Ngcobo, Thabiso",South Africa,24639,,0
"Nicholas, James",United States,27598,,0
"Nido, Chris",Puerto Rico,23094,,0
"Niebrugge, Jordan",United States,18284,,0
"Niemann, Joaquin",Chile,18079,,0
"Nienaber, Wilco",South Africa,25889,,0
"Nieves, Roberto",United States,28078,,1
"Nikitas, Charlie",United States,32562,,0
"Nilehn, Fredrik",Sweden,18515,,0
"Nimmer, Bryson",United States,26013,,0
"Nisbet, Daniel",Australia,11823,,0
"Nishiwaki, Mark",Japan,19058,,0
"Njogu, Simon",Kenya,26793,,0
"Njoroge, Samuel",Kenya,26794,,0
"Njuguna, Paul Musangi",Kenya,28132,,0
"Noh, S.Y.",Korea - Republic of,11117,,0
"Nolan, Liam",Ireland,31395,,0
"Noren, Alex",Sweden,10419,,0
"Norgaard, Niklas",Denmark,15676,,0
"Norlander, Henrik",Sweden,11657,,0
"Norris, Jason",Australia,5769,,0
"Norris, Shaun",South Africa,7677,,0
"Norrman, Vincent",Sweden,22535,,0
"Nortje, Riekus",South Africa,15179,,0
"Norton, Noah",United States,26648,,1
"Notteboom, Kai",Switzerland,33517,,1
"Nottingham, William",United States,31119,,0
"Novak, Andrew",United States,23475,,0
"Nunez, Augusto",Argentina,16796,,0
"Nyfjall, David",Sweden,23622,,0
"Nyholm, Pontus",Sweden,25475,,0
"O'Briain, Neil",Ireland,17820,,0
"O'Brien, Eoin",Ireland,28674,,0
"O'Donovan, Richard",Ireland,20690,,0
"O'Hair, Sean",United States,7626,,0
"O'Hara, Paul",Scotland,23707,,0
"O'Hern, Nick",Australia,6100,,0
"O'Kennedy, Hennie",South Africa,26477,,0
"O'Leary, Andrew",United States,31422,,0
"O'Leary, John",United States,12254,,0
"O'Loughlin, Daniel",England,25249,,0
"O'Malley, Peter",Australia,660,,0
"O'Neal, Timothy",United States,9890,,0
"O'Reilly, Callan",Australia,16968,,0
"O'Rourke, Conor",Ireland,22634,,0
"Oakley, Jacob",England,25978,,0
"Oakley, Zac",United States,29503,,0
"Obecny II, Thadd",United States,30078,,0
"Obura, Ooko Erick",Kenya,19514,,0
"Oda, John",United States,15953,,0
"Oda, Koumei",Japan,7940,,0
"Odek, William",Kenya,33199,,1
"Odoh, Andrew",Niger,9893,,0
"Odom, Jr., Gregory",United States,28590,,0
"Ogilvy, Geoff",Australia,5698,,0
"Ogiso, Takashi",Japan,18382,,0
"Ogletree, Andy",United States,27597,,0
"Oiwa, Ryuichi",Japan,20761,,0
"Ok, Taehoon",Korea - Republic of,21072,,0
"Okada, Kohei",Japan,27331,,0
"Okamura, Garrett",United States,19354,,0
"Okello, Jacob",Kenya,6572,,0
"Oland, Derek",United States,26339,,0
"Olazabal, Jose Maria",Spain,3485,,0
"Olesen, Jacob Skov",Denmark,25611,,0
"Olesen, Thorbjorn",Denmark,13412,,0
"Olivares, Marcel",Dominican Republic,16878,,1
"Oliveira, Francisco",Portugal,26611,,0
"Olivier, Willie",South Africa,29790,,0
"Olson, Eddie",United States,15117,,0
"Omondi, Mathew",Kenya,16096,,0
"Onishi, Kaito",Japan,25263,,0
"Ono, Taisuke",Japan,27868,,1
"Oosthuizen, Louis",South Africa,7672,,0
"Oppenheim, Rob",United States,8002,,0
"Ordonez, Miguel",Panama,7415,,1
"Organisak, Matt",United States,29829,,0
"Oriol, Pedro",Spain,10248,,0
"Ormand, Robby",United States,16137,,0
"Ormsby, Wade",Australia,7532,,0
"Orrin, Max",England,17903,,0
"Ortiz, Alvaro",Mexico,26190,,0
"Ortiz, Carlos",Mexico,14735,,0
"Ortolani, Michele",Italy,20845,,0
"Osborn, Garrett",United States,12848,,0
"Osborne, Ollie",United States,26912,,0
"Oshrine, Matt",United States,25032,,0
"Ota, Tyler",United States,24339,,1
"Otaegui, Adrian",United Arab Emirates,14975,,0
"Otaegui, Javier",Spain,23241,,0
"Otsuki, Tomoharu",Japan,12377,,0
"Ott, AJ",United States,32559,,0
"Ott, Harrison",United States,29922,,0
"Otto, Hennie",South Africa,5942,,0
"Overstreet, Mason",United States,25133,,0
"Overton, Jeff",United States,10498,,0
"Ovesen, Martin",Denmark,19847,,0
"Owens, Boyd",United States,29303,,1
"Paddison, Gareth",New Zealand,6397,,0
"Paez, Nicolas",United States,18787,,0
"Page, Carter",United States,23476,,0
"Page, Nathan",Australia,24370,,0
"Pagunsan, Juvic",Philippines,8615,,0
"Paisley, Chris",England,14844,,0
"Pak, John",United States,27820,,0
"Palanyandi, Damian",Bermuda,29025,,1
"Palmer, Andrew",England,27660,,0
"Palmer, Michael G",South Africa,21201,,0
"Palmer, Ryan",United States,7820,,0
"Palonis, Rick",United States,25863,,0
"Palson, Felix",Sweden,20871,,0
"Pampling, Rod",Australia,5668,,0
"Pan, C.T.",Chinese Taipei,15475,,0
"Pang, Ming",China,26108,,0
"Paolini, Brinson",United States,17638,,0
"Paolucci, Anthony",United States,15207,,0
"Papadatos, Dimitrios",Australia,15168,,0
"Papineau, Etienne",Canada,25567,,0
"Paratore, Renato",Italy,16549,,0
"Parikh, Varun",India,26137,,0
"Park, Eunshin",Korea - Republic of,13221,,0
"Park, Sangha",Korea - Republic of,24740,,1
"Park, Sanghyun",Korea - Republic of,10086,,0
"Park, Sungkug",Korea - Republic of,15550,,0
"Parker, Chase",United States,22046,,0
"Parry, John",England,13764,,0
"Pastor, Jacobo",Spain,15806,,0
"Pastor, Victor",Spain,24133,,0
"Pastore, David",United States,19593,,0
"Patel, Bhavik",United States,16107,,0
"Patton, Colby",United States,33679,,0
"Paul, Jeremy",Germany,22087,,0
"Paul, Yannik",Germany,19898,,0
"Pavan, Andrea",Italy,12177,,0
"Pavin, Corey",United States,159,,0
"Pavon, Matthieu",France,19960,,0
"Pavoucek, Dominik",Czech Republic,19716,,0
"Paxton, Sean",South Africa,32475,,1
"Peake, Ryan",Australia,15169,,0
"Peaper, Brant",United States,18540,,0
"Pearce, Michael",Australia,18095,,0
"Pearce, Shane",United States,28310,,0
"Pearce, Tim",United States,28325,,0
"Pedro, Lyle",South Africa,31321,,0
"Pellegrin, Pierre",Mauritius,25886,,0
"Pena, Evan",Puerto Rico,31959,,1
"Pena, Rhadames",Dominican Republic,16881,,1
"Pendaries, Adrien",France,25326,,1
"Pendrith, Taylor",Canada,17780,,0
"Peng, Bo",China,22156,,0
"Penge, Marco",England,22465,,0
"Pennington, James",Swaziland,24641,,0
"Pepler, Gerhard",South Africa,25530,,0
"Pepperell, Eddie",England,15113,,0
"Percy, Cameron",Australia,5874,,0
"Pereda, Raul",Mexico,19620,,0
"Pereira, Corey",United States,19955,,0
"Pereira, Mito",Chile,19455,,0
"Perera, Mithun",Sri Lanka,14261,,0
"Perez, Pat",United States,6762,,0
"Perez, Victor",France,20730,,0
"Perico, Julian",Peru,22812,,0
"Perkins, David",United States,28587,,0
"Perrier, Damien",France,12661,,0
"Perrino, Tommaso",Italy,27915,,0
"Perritt, David",United States,27483,,0
"Perry, Dylan",Australia,17066,,0
"Perry, Rod",United States,8263,,0
"Petefish, Christopher",United States,25391,,0
"Petersen, Derick",South Africa,10883,,0
"Peterson, Paul",United States,16341,,0
"Petersson, Robin",Sweden,23029,,0
"Petronzio, Nathan",United States,29915,,0
"Pettersson, Carl",Sweden,7048,,0
"Pettit, Turk",United States,28571,,0
"Petursson, Bjarki",Iceland,22347,,0
"Phillips, Chandler",United States,27164,,0
"Phillips, Tracy",United States,32184,,0
"Phillips, Trent",United States,26913,,0
"Phipps, Anthony",United States,27965,,0
"Piamkulvanich, Ashita",Thailand,29335,,0
"Picanso, Matthew",United States,23479,,0
"Pickin, Jye",Australia,25857,,0
"Pierce, Brandon",United States,28135,,0
"Piercy, Scott",United States,7899,,0
"Pieters, Thomas",Belgium,13944,,0
"Pigem, Carlos",Spain,13885,,0
"Pigman, Kenny",United States,22916,,0
"Pike, Aaron",Australia,10828,,0
"Pilkadaris, Terry",Australia,6334,,0
"Pilkington, Mark",Wales,6285,,0
"Piller, Martin",United States,13760,,0
"Pineau, Pierre",France,20900,,0
"Piot, James",United States,29230,,0
"Pistorius, Albert",South Africa,10791,,0
"Plant, Alfie",England,22499,,0
"Plasse, Marc-Olivier",Canada,30053,,0
"Plumb, Thomas",England,26984,,0
"Plunkett, Marcus",United States,29716,,0
"Pockels, Patrick",United States,32390,,0
"Points, D.A.",United States,6761,,0
"Poke, Benjamin",Denmark,20244,,0
"Polender, Connor",United States,31118,,0
"Polland, Ben",United States,20344,,0
"Pollo, Zachery",United States,33763,,1
"Ponder, Thomas",United States,32456,,0
"Ponich, Cole",United States,27601,,1
"Poonan, Adriel",South Africa,23529,,0
"Pope, Andy",United States,14127,,0
"Pope, Cayden",United States,29190,,1
"Poppleton, Nicholas",England,25587,,0
"Porsius, Davey",Netherlands,24417,,0
"Porteous, Garrick",England,16400,,0
"Porteous, Haydn",South Africa,15866,,0
"Porter, Charles",United States,30654,,0
"Pospisil, Michal",Czech Republic,14088,,0
"Poston, J.T.",United States,21554,,0
"Potgieter, Aldrich",South Africa,27900,,0
"Potter Jr, Ted",United States,8769,,0
"Poulter, Ian",England,1435,,0
"Power Horan, Thomas",Australia,18096,,0
"Power, Mark",Ireland,24050,,0
"Power, Seamus",Ireland,10104,,0
"Prakongvech, Settee",Thailand,18236,,0
"Pratap Singh, Karan",India,17222,,0
"Prateeptienchai, Suteepat",Thailand,21231,,0
"Prater, Colin",United States,32327,,1
"Premlall, Yurav",South Africa,25890,,0
"Price, Phillip",Wales,4739,,0
"Pride, Dicky",United States,5467,,0
"Prinsloo, Jaco",South Africa,18204,,0
"Proehl, Chad",United States,13274,,0
"Prone, Diego",Argentina,26286,,0
"Proveaux, Caleb",United States,28650,,0
"Proveaux, Cody",United States,16229,,0
"Proverbs, Blake",Australia,18157,,0
"Prugh, Alex",United States,12339,,0
"Puebla, Giuseppe",United States,33280,,1
"Puig, David",Spain,28984,,0
"Pulkkanen, Tapio",Finland,13139,,0
"Pumarol, Willy",Dominican Republic,15903,,0
"Purcea, Anthony",United States,30807,,0
"Purcell, Conor",Ireland,25963,,0
"Purdy, Ted",United States,5906,,0
"Purshouse, Benjamin",Switzerland,24381,,0
"Putnam, Andrew",United States,14704,,0
"Pyman, Iain",England,5609,,0
"Pyne, Casey",United States,26073,,0
"Qiu, Yongqi",China,31020,,0
"Quan, Gang",China,31019,,0
"Quayle, Anthony",Australia,18900,,0
"Quesne, Julien",France,9131,,0
"Quiban, Justin",Philippines,15981,,0
"Quinn, Fran",United States,3650,,0
"Quintero, Nicolas",Colombia,28482,,0
"Quiros, Alvaro",Spain,7886,,0
"Quiros, Manuel",Spain,9808,,0
"Rada, Patrick",United States,28326,,0
"Radcliff, Josh",United States,24496,,0
"Radcliffe, Lloyd",Australia,27457,,0
"Radoicic, Aleksandar",Switzerland,26298,,0
"Rafferty, Caolan",Ireland,28342,,1
"Rahm, Jon",Spain,19195,,0
"Rahman, Siddikur",Bangladesh,13766,,0
"Rai, Aaron",England,18554,,0
"Raj, Aman",India,19418,,0
"Ralston, Spencer",United States,27599,,0
"Rama, Nikhil",South Africa,27758,,0
"Ramey, Chad",United States,19840,,0
"Ramey, Kyle",United States,25772,,0
"Ramirez, Caleb",United States,29917,,0
"Ramirez, Ivan Camilo",Colombia,16997,,0
"Ramsay, Richie",Scotland,11396,,0
"Randhawa, Jyoti",India,5771,,0
"Randolph, Jonathan",United States,14837,,0
"Rangel, Gustavo",Puerto Rico,33279,,1
"Rank, Garrett",Canada,19946,,1
"Rankin, Brett",Australia,11820,,0
"Raouzi, Othman",Morocco,23080,,0
"Rasmussen, Rhett",United States,25083,,0
"Ravetto, David",France,23416,,0
"Rawson, Campbell",New Zealand,19412,,0
"Ray, Nolan",United States,28548,,0
"Reavie, Chez",United States,7961,,0
"Reband, Garett",United States,28433,,0
"Rebula, Jovan",South Africa,22912,,0
"Redman, Doc",United States,24481,,0
"Redman, Jake",South Africa,13705,,0
"Reed, Patrick",United States,14838,,0
"Reed, Spencer",United States,27693,,0
"Reeves, Seth",United States,19643,,0
"Regan Wong, Michael",Hong Kong,19065,,0
"Regner, Niklas",Austria,21674,,0
"Reid, Michael",Northern Ireland,28675,,1
"Reifers, Kyle",United States,11329,,0
"Reitan, Kristoffer",Norway,21407,,0
"Reiter, Charles",United States,24303,,0
"Relancio, Manuel",Argentina,12012,,0
"Renner, Jim",United States,12475,,0
"Renolds, Lindsay",Canada,14251,,0
"Restrepo, Pablo",Colombia,29170,,0
"Reuland, Zach",United States,33546,,0
"Reuter, Benjamin",Netherlands,27146,,1
"Reynolds, Gabe",United States,14264,,0
"Ricard, Eric",United States,23598,,0
"Rice, Tim",Ireland,7662,,0
"Richey, Brian",United States,16138,,0
"Ridings, Tag",United States,6840,,0
"Riedel, Matthew",United States,30892,,0
"Riley, Cameron",United States,30623,,0
"Riley, Davis",United States,19872,,0
"Riley, Quinn",United States,29637,,0
"Ritchie, JC",South Africa,18174,,0
"Ritthammer, Bernard",Germany,12521,,0
"Riu, Victor",France,12217,,0
"Rivarola, Jaime Lopez",Argentina,17029,,0
"Rivas, Santiago",Colombia,15256,,0
"Roach, Wes",United States,15720,,0
"Robb, Chris",Scotland,20297,,0
"Robbins, Charlie",Australia,30678,,0
"Robbins, Zach",United States,32518,,0
"Roberts, Matt",Wales,28639,,1
"Roberts, Oliver",Scotland,21562,,0
"Robertson, Graeme",Scotland,17792,,0
"Robinson Thompson, Brandon",England,24497,,0
"Robinson, Daniel",United States,27857,,0
"Robinson, Devaughn",Bahamas,27430,,0
"Robinson, Liam",England,20026,,0
"Rocha, Alexandre",Brazil,7441,,0
"Rock, Robert",England,7895,,0
"Rodgers, Patrick",United States,16283,,0
"Rodriguez, Jose De Jesus",Mexico,12855,,0
"Roeland, Charles",Belgium,29462,,1
"Roets, Jason",South Africa,13811,,0
"Rohit, Mr",India,32007,,0
"Rohwer, Martin",South Africa,22169,,0
"Rolland, Eric",United States,31393,,0
"Rollins, John",United States,6300,,0
"Romano, Andrea",Italy,22789,,0
"Romero, Andres",Argentina,7751,,0
"Romo, Tony",United States,24515,,1
"Ronneblad, Hannes",Sweden,21939,,0
"Rono, Josphat",Kenya,31910,,1
"Rooke, Lee",Wales,14064,,0
"Roos, Jake",South Africa,9879,,0
"Rose, Justin",England,6093,,0
"Rosenmueller, Thomas",Germany,22736,,0
"Rosin, Rasmus",Sweden,26977,,0
"Ross, Craig",Scotland,19906,,0
"Roth, Jeff",United States,2739,,0
"Rottluff, Max",Germany,19899,,0
"Rousaud, Eduard",Spain,27722,,0
"Roussel, Robin",France,21507,,0
"Rowe, Lyle",South Africa,11956,,0
"Roy, Kevin",United States,18424,,0
"Roy, Scott",Bermuda,31780,,0
"Rozner, Antoine",France,18770,,0
"Rozo, Marcelo",Colombia,16591,,0
"Rubio, Gonzalo",Mexico,22836,,0
"Ruebotham, James",England,13239,,0
"Rueck, Cole",United States,32555,,1
"Ruffels, Ryan",Australia,17169,,0
"Ruffino, Francesco",United States,33648,,0
"Rugumayo, Ronald",Uganda,24521,,0
"Ruiter, Nevill",Netherlands,33707,,1
"Ruiz, Gerardo",Mexico,19079,,0
"Rumford, Brett",Australia,6255,,0
"Rusch, Benjamin",Switzerland,13281,,0
"Russell, Cade",United States,31383,,0
"Russell, Miles",United States,32064,,1
"Russell, Robert",United States,32190,,0
"Ruth, James",England,12263,,0
"Rutherford, Jamie",England,18555,,0
"Ruuska, Lauri",Finland,16409,,0
"Ryan, Matt",United States,18261,,0
"Ryan, Tyrone",South Africa,15217,,0
"Ryder, Sam",United States,16715,,0
"Saavedra, Sebastian L.",Argentina,11922,,0
"Saavedra-Davila, Diego",Puerto Rico,30731,,1
"Sabbatini, Rory",Slovakia,6283,,0
"Saddier, Adrien",France,14792,,0
"Safa, Jose Antonio",Mexico,28144,,1
"Sagoo, Pavan",England,25331,,0
"Sahlstrom, Christopher",Sweden,21343,,0
"Saincic, Romano",South Africa,24645,,0
"Sainz Jr, Carlos",United States,14519,,0
"Sainz, Javier",Spain,24095,,0
"Saiz-Wenz, Benjamin",Chile,25720,,0
"Sakane, Michael",Japan,19059,,0
"Saksansin, Poom",Thailand,14951,,0
"Sale, Julien",France,28465,,0
"Salhab, Faisal",Saudi Arabia,18025,,0
"Salinda, Isaiah",United States,27183,,0
"Salva Montulet, Philip",Spain,30454,,0
"Salyers, Drew",United States,31122,,1
"Salzer, Christian",United States,29188,,0
"Samooja, Kalle",Finland,14120,,0
"Sanchez Molina, Carlos",Spain,20966,,0
"Sanchez, Matias",Australia,18180,,0
"Sanchez, Oscar",Spain,7232,,1
"Sand, John",United States,32455,,0
"Sandborg, Jesper",Sweden,20454,,0
"Sanders, David",United States,23743,,0
"Sandhu, Ajeetesh",India,13801,,0
"Sandhu, Jaydeep Singh",Kenya,28133,,0
"Sandhu, Yuvraj Singh",India,23060,,0
"Sandys, Omar",South Africa,2371,,0
"Sang, Hyunjun",Korea - Republic of,33108,,0
"Sanger, Chris",United States,31028,,0
"Santos Silva, Tomas",Portugal,14688,,0
"Santos, Julio",Dominican Republic,14456,,0
"Santos, Ricardo",Portugal,8816,,0
"Saracino, Andrea",Italy,21013,,0
"Sargent, Billy Tom",United States,27697,,0
"Sargent, Gordon",United States,30814,,0
"Sato, Taihei",Japan,14371,,0
"Saunders, Sam",United States,11048,,0
"Saunders, Samuel",United States,19765,,0
"Sawada, Jared",United States,18133,,0
"Saxon, Charlie",United States,21324,,0
"Scalise, Lorenzo",Italy,20846,,0
"Schaake, Alex",United States,25322,,0
"Schaake, Carson",United States,19936,,0
"Schaper, Jayden",South Africa,26991,,0
"Schauffele, Xander",United States,19895,,0
"Scheffler, Scottie",United States,18417,,0
"Schell, Brett",United States,33650,,0
"Schenk, Adam",United States,19477,,0
"Schietekat, Neil",South Africa,11980,,0
"Schliesing, Max",Switzerland,28761,,1
"Schmid, Matti",Germany,20722,,0
"Schmidt, Ben",England,27258,,0
"Schmidt, Connor",United States,30809,,0
"Schmitt, Max",Germany,23017,,0
"Schmitz, Ryan",United States,26749,,0
"Schneider, Brad",United States,3703,,0
"Schneider, Cory",United States,12305,,0
"Schneider, Jan",Germany,30900,,0
"Schneider, Marcel",Germany,12522,,0
"Schnell, Brady",United States,12414,,0
"Schniederjans, Luke",United States,27803,,0
"Schniederjans, Ollie",United States,18662,,0
"Schonewille, Andrew",Australia,18181,,0
"Schoolcraft, Michael",United States,19766,,0
"Schott, Freddy",Germany,27588,,0
"Schow, Mitchell",United States,28591,,0
"Schultes, Georg",Germany,13963,,0
"Schultz, Cooper",United States,31250,,1
"Schutte, Jesse",United States,9659,,0
"Schutz, Yannick",Germany,25129,,0
"Schwab, Matthias",Austria,15016,,0
"Schwartzel, Charl",South Africa,7398,,0
"Schwarz, Max",United States,32434,,0
"Schweighofer, Florian",Austria,27728,,0
"Sciot-Siegrist, Robin",France,20131,,0
"Sclater, Levi",Australia,28034,,0
"Scobie, Matthew",Canada,23890,,0
"Scott, Adam",Australia,6430,,0
"Scott, Alex",United States,26999,,0
"Scott, Calum",Scotland,30002,,0
"Scott, Jake",United States,18581,,0
"Scott, Sandy",Scotland,23708,,0
"Scowsill, Monty",England,28804,,0
"Scrivener, Jason",Australia,12734,,0
"Sear, Max",Canada,26872,,0
"Seeneevassen, Vishnoo",Mauritius,21374,,0
"Seiffert, Chase",United States,17509,,0
"Seiple, Joshua",United States,27208,,0
"Sekito, Naoki",Japan,19730,,0
"Sekne, Herman Wibe",Norway,23797,,0
"Sekulic, Max",Canada,25137,,0
"Selvaraj, Jonathan",England,30554,,1
"Semikawa, Taiga",Japan,19681,,0
"Senden, John",Australia,5207,,0
"Senekal, JJ",South Africa,15185,,0
"Senior, Jack",England,15115,,0
"Seo, Yoseop",Korea - Republic of,20841,,0
"Serrano, Juan Carlos",Mexico,17245,,0
"Sethie, Harshjeet Singh",India,26141,,0
"Settemsdal, Alexander",Norway,25494,,0
"Sewell, Chad",United States,31272,,0
"Shadbolt, Tom",England,15190,,0
"Shah, Manav",United States,21901,,0
"Shao, Minghao",China,31378,,1
"Sharma, Akshay",India,16085,,0
"Sharma, Kartik",India,24465,,0
"Sharma, Shubhankar",India,17081,,0
"Sharpstene, Matt",United States,28470,,0
"Sharvin, Cormac",Northern Ireland,18915,,0
"Shattuck, Braden",United States,31027,,0
"Shaun, Corey",United States,24599,,0
"She, Zihan",China,17983,,0
"Sheehan, Patrick",United States,33275,,0
"Shelley, Tyson",United States,31437,,1
"Shelton, Robby",United States,18635,,0
"Shen, Nan-Nan",China,17984,,0
"Shen, Wang Ngai",Hong Kong,31771,,1
"Sheoran, Dhruv",India,24466,,0
"Shepherd, Drew",United States,29544,,0
"Shepherd, Laird",England,28617,,0
"Sheridan - Mills, Henry",England,23174,,0
"Sherwood, Cole",United States,32312,,0
"Shieh, Hayden",United States,26529,,0
"Shimizu, Taisei",Japan,20984,,0
"Shin, Justin",Canada,17618,,0
"Shin, Micah Lauren",United States,18577,,0
"Shin, Sanghun",Korea - Republic of,23719,,0
"Shindler, Conrad",United States,17274,,0
"Shinkwin, Callum",England,18244,,0
"Shiomi, Koki",Japan,17337,,0
"Shipley, Neal",United States,32055,,0
"Shipp, Benjamin",United States,28549,,0
"Shirley, Trey",United States,23506,,0
"Shogenji, Tatsunori",Japan,21921,,0
"Shore, Davis",United States,28471,,0
"Short, Matthew",United States,26320,,0
"Shuman, Jake",United States,25041,,0
"Siegler, Ryan",United States,24462,,0
"Siem, Marcel",Germany,6950,,0
"Siemens, Carl",Germany,28836,,0
"Sienkiewicz, Chase",United States,31216,,0
"Sigel, Ben",United States,30789,,0
"Sigg, Greyson",United States,23482,,0
"Sikkenga, Colin",United States,33174,,0
"Silfa, Hiram",Dominican Republic,16888,,0
"Silva, Gustavo",Chile,15907,,0
"Silverman, Ben",Canada,17381,,0
"Sim, Michael",Australia,7681,,0
"Simmons, Isaac",United States,31189,,1
"Simon, Thabang",South Africa,7060,,0
"Simoni, Reinaldo",United States,33277,,1
"Simonsen, Martin",Denmark,16448,,0
"Simpson, Alex",Australia,11815,,0
"Simpson, Lance",United States,33760,,1
"Simpson, Samuel",South Africa,27415,,0
"Simpson, Webb",United States,11049,,0
"Sims, Michael",United States,7625,,0
"Simsby, Trevor",United States,19363,,0
"Singh Ahlawat, Anant",India,26138,,0
"Singh Brar, Jack",England,17696,,0
"Singh Sandhu, Jairaj",India,28071,,0
"Singh, Gaurav Pratap",India,12886,,0
"Singh, Kartik",United States,31786,,1
"Singh, Vijay",Fiji,653,,0
"Singh, Yuvraj",India,30701,,0
"Sinnott, Todd",Australia,16918,,0
"Sisk, Cameron",United States,29037,,0
"Sithebe, Slenda",South Africa,16257,,0
"Siwy, David",Czech Republic,22209,,1
"Sjoholm, Joel",Sweden,12485,,0
"Skae, Ryan",United States,31451,,0
"Skaik, Ahmed",United Arab Emirates,22711,,1
"Skeet, James",Belgium,29463,,1
"Skinner, Sonny",United States,4549,,0
"Skinns, David",England,10873,,0
"Skogen, Baard",Norway,22489,,0
"Slattery, Lee",England,6866,,0
"Sloan, Roger",Canada,14050,,0
"Slocum, Heath",United States,7170,,0
"Sloman, Tom",England,24055,,0
"Sluman, Trevor",United States,24463,,0
"Smail, David",New Zealand,4986,,0
"Smalley, Alex",United States,18474,,0
"Smit, Combrinck",South Africa,23148,,0
"Smith, Ben",United States,30808,,0
"Smith, Cameron",Australia,15856,,0
"Smith, Camiko",Bermuda,27966,,0
"Smith, Ethan",South Africa,28810,,0
"Smith, Harley",England,29434,,1
"Smith, Jason",South Africa,19350,,0
"Smith, Jordan",England,18586,,0
"Smith, Jr., Marcus",United States,33886,,0
"Smith, Mitchell",Australia,20555,,0
"Smith, Shane",United States,19451,,0
"Smith, Steffen",unknown,10058877,,0
"Smith, Stuart",United States,683,,0
"Smith, Ted",United States,12445,,0
"Smith, Zach",United States,27709,,0
"Smock, Brian",United States,7762,,0
"Smotherman, Austin",United States,22985,,0
"Smylie, Elvis",Australia,24200,,0
"Smyth, Travis",Australia,19232,,0
"Snedeker, Brandt",United States,8820,,0
"Snow, Greg",Kenya,12067,,0
"Snyder, Brent",United States,20461,,0
"Snyder, Matt",United States,27286,,0
"Snyders, Tyran",South Africa,33013,,0
"Snyman, Ian",South Africa,26000,,0
"Soderberg, Sebastian",Sweden,18517,,0
"Sokolov, Daniil",Russian Federation,31827,,1
"Sollon, Jake",United States,30528,,0
"Solomon, Jacob",United States,27710,,0
"Somers, John",United States,26134,,0
"Song, Younghan",Korea - Republic of,16160,,0
"Sonnier, Greg",United States,8764,,0
"Soosman, Spencer",United States,27855,,0
"Sordet, Clement",France,17718,,0
"Sorenson, Jeff",United States,12344,,0
"Southgate, Matthew",England,15191,,0
"Sowards, Bob",United States,8084,,0
"Spacey, Matthew",South Africa,19351,,0
"Spaun, J.J.",United States,17536,,0
"Speight, Josh",United States,8090,,0
"Spencer, Andy",United States,27761,,0
"Spieth, Jordan",United States,14636,,0
"Springer, Alex",United States,25007,,1
"Springer, Hayden",United States,21995,,0
"Squires, Austin",United States,27440,,0
"Srinivasan, Vijay",United States,31732,,0
"Srithong, Natipong",Thailand,8531,,0
"Staben, Benedict",Germany,19808,,0
"Stadler, Kevin",United States,7602,,0
"Staiano, Jake",United States,29171,,0
"Stal, Gary",France,13262,,0
"Stallings Jr., Stephen",United States,25335,,0
"Stallings, Scott",United States,12359,,0
"Stalter, Joel",France,17722,,0
"Stamey, Nathan",United States,13940,,0
"Stamper, Owen",United States,33136,,0
"Stanger, Jimmy",United States,23048,,0
"Stankowski, Paul",United States,4051,,0
"Stanley, Kyle",United States,12069,,0
"Stanley, Preston",United States,21903,,0
"Steele, Brendan",United States,11019,,0
"Steelman, Ross",United States,31192,,0
"Stefani, Shawn",United States,14012,,0
"Steffes, Pat",unknown,32596,,0
"Steger, Eric",United States,19479,,0
"Stegmaier, Brett",United States,11354,,0
"Steinlechner, Maximilian",Austria,21677,,0
"Stember, Nate",United States,33137,,0
"Stenson, Henrik",Sweden,5994,,0
"Stephens, Andrew",United States,28618,,0
"Sterbinsky, Kyle",United States,31050,,0
"Sterne, Richard",South Africa,7049,,0
"Stevens, Cole",South Africa,27299,,1
"Stevens, Sam",United States,25569,,0
"Stevens, Scott",United States,28254,,0
"Stewart, Michael",Scotland,15867,,0
"Steyn, Gareth",Australia,31958,,1
"Steyn, Regan",South Africa,27188,,0
"Stieger, Matthew",Australia,14377,,0
"Stinson, Kevin",Canada,14832,,0
"Stolz, Andre",Australia,5237,,0
"Stone, Brandon",South Africa,15229,,0
"Storm, Andrew",United States,33258,,0
"Storm, Graeme",England,3323,,0
"Stout, Preston",United States,32089,,1
"Stow, Ben",England,16401,,0
"Strachan, Darren",France,31648,,1
"Strafaci, Tyler",United States,24450,,0
"Straka, Sepp",Austria,17511,,0
"Strange, Scott",Australia,7478,,0
"Streb, Robert",United States,14852,,0
"Streelman, Kevin",United States,8480,,0
"Stricker, Steve",United States,4818,,0
"Stringfellow, Daniel",United States,23484,,0
"Stroud, Chris",United States,9604,,0
"Strycek, Krystof",Czech Republic,26714,,1
"Strydom, Jean-Paul",South Africa,17138,,0
"Strydom, Ockie",South Africa,13731,,0
"Strydom, Tristen",South Africa,19353,,0
"Stuard, Brian",United States,13022,,0
"Stubbs, Jasper",Australia,25964,,0
"Sturdza, Maximilien",Switzerland,30166,,0
"Sturehed, Henric",Sweden,20148,,0
"Su, Ching-Hung",Chinese Taipei,24106,,0
"Suber, Jackson",United States,29279,,0
"Sucher, Zack",United States,14036,,0
"Sugihara, Taiga",Japan,19061,,0
"Sugiura, Yuta",Japan,24223,,0
"Sugiyama, Tomoyasu",Japan,18016,,0
"Sugrue, James",Ireland,23418,,0
"Suh, Justin",United States,22050,,0
"Sullivan, Andy",England,15326,,0
"Sullivan, Joe",England,32009,,0
"Sullivan, Patrick",United States,29923,,0
"Sullivan, Ryan",United States,17276,,0
"Summerhays, Daniel",United States,12424,,0
"Summerhays, Joe",United States,8192,,0
"Summerhays, Preston",United States,26746,,0
"Sunday, Olapade",Niger,25347,,0
"Suneson, Carl",Spain,4591,,0
"Suri, Julian",United States,18059,,0
"Surratt, Caleb",United States,30463,,0
"Surry, Steve",England,9498,,0
"Sutton, Daniel",United States,27659,,0
"Suwannarut, Sarit",Thailand,23638,,0
"Suzuki, Kosuke",Japan,24090,,0
"Svensson, Adam",Canada,13997,,0
"Svensson, Jesper",Sweden,26850,,0
"Svoboda, Andrew",United States,11274,,0
"Swafford, Hudson",United States,14706,,0
"Swan, Kim",Bermuda,10011563,,0
"Swanepoel, Chris",South Africa,9810,,0
"Swanson, Andrew",United States,34012,,1
"Swanwick, Zack",New Zealand,31824,,1
"Swart, Stals",South Africa,27994,,0
"Swash, James",England,31196,,0
"Sweeney, Michael",United States,30936,,0
"Syed, Aadam",Pakistan,32894,,0
"Syme, Connor",Scotland,22089,,0
"Syr, Sebastian Eidsaether",Norway,22473,,0
"Szeto, Baron",United States,32599,,1
"Szirmak, Sebastian",Canada,15710,,0
"Tabuena, Miguel",Philippines,15274,,0
"Tai, Hiroshi",Singapore,25384,,1
"Takeyasu, Shunya",Japan,14663,,0
"Talwar, Saptak",India,28553,,0
"Tan, Irvyn",Singapore,32003,,1
"Tanaka, Shotaro",Japan,22152,,0
"Tang, Haizhao",China,28435,,0
"Tanigawa, Ken",United States,4857,,0
"Taniguchi, Toru",Japan,3750,,0
"Tanihara, Hideto",Japan,7046,,0
"Tankersley, Cameron",United States,28271,,1
"Tannin, Kwanchai",Thailand,8512,,0
"Tao, Deng",China,28255,,0
"Tarren, Callum",England,20519,,0
"Tarrio, Santiago",Spain,20704,,0
"Taylor II, Troy",United States,31121,,1
"Taylor, Ben",England,19948,,0
"Taylor, Nick",Canada,13126,,0
"Taylor, Rupe",United States,33575,,0
"Taylor, Vaughn",United States,6930,,0
"Teater, Josh",United States,8085,,0
"Teder, Richard",Estonia,32733,,1
"Teeter, Dylan",United States,33883,,1
"Tejeira, Omar",Panama,17174,,1
"Terrazas, Aaron",Mexico,17262,,0
"Tetak, Tadeáš",Slovakia,27808,,0
"Thangaraja, N",Sri Lanka,18234,,0
"Theegala, Sahith",United States,23014,,0
"Thelen, Joel",United States,19770,,0
"Theron, Johan",South Africa,31073,,0
"Theys, Louis",Belgium,29464,,1
"Thimba, Toto",South Africa,11864,,0
"Thippong, Nitithorn",Thailand,19399,,0
"Thomas, Brooks",United States,28272,,0
"Thomas, Justin",United States,14139,,0
"Thomas, Keagan",South Africa,26950,,0
"Thomas, Rayhan",India,21234,,0
"Thomas, Rhys",New Zealand,30757,,0
"Thompson, Chris",United States,11983,,0
"Thompson, Curtis",United States,19395,,0
"Thompson, Davis",United States,27364,,0
"Thompson, Jack",Australia,25502,,0
"Thompson, Kyle",United States,7617,,0
"Thompson, Lexi",United States,31724,,0
"Thompson, Michael",United States,12946,,0
"Thompson, Nicholas",United States,10889,,0
"Thomson, Hunter",Canada,33709,,0
"Thomson, Jon",England,22210,,0
"Thorbjornsen, Michael",United States,26649,,0
"Thorin, Phillip",Ecuador,28533,,1
"Thornberry, Braden",United States,23502,,0
"Thornton, Simon",Ireland,10107,,0
"Threlkeld, Hughes",United States,33421,,0
"Thurloway, Thomas",England,26891,,0
"Thysted, Jens Kristian",Denmark,27833,,0
"Tighe, Lincoln",Australia,16980,,0
"Tiley, Steven",England,9311,,0
"Tillmanns, Tim",Germany,26615,,0
"Tilton, Jacob",United States,31803,,0
"Timmins, David",United States,30079,,0
"Ting, Lawrence",Chinese Taipei,19582,,0
"Tinning, Nicolai",Denmark,20256,,0
"Tintera, Lukas",Czech Republic,14091,,0
"Tipping, Ryan",South Africa,8425,,0
"Todd, Brendon",United States,12425,,0
"Toft Hansen, Morten",Denmark,19639,,0
"Tokimatsu, Ryuko",Japan,16648,,0
"Toledo, Jose",Guatemala,8670,,0
"Tollenaire, Jarno",Belgium,27067,,1
"Tomi, David",Czech Republic,28823,,1
"Tomlinson, Blake",United States,29706,,0
"Tong, Yang",China,26910,,0
"Toomey, Luke",New Zealand,17889,,0
"Toorop, Mike",Netherlands,25273,,0
"Torres, Joseba",Spain,31232,,0
"Torres, Luis Felipe",Mexico,24037,,0
"Torres, Manuel",Venezuela,26135,,0
"Tosti, Alejandro",Argentina,17032,,0
"Touhami, Yassine",Morocco,21273,,0
"Towndrow, Sean",England,23956,,0
"Townsend, Aaron",Australia,8415,,0
"Townsend, Hugo",Sweden,31165,,0
"Trace, Travis",United States,26602,,0
"Tracy, Ethan",United States,19552,,0
"Trahan, D.J.",United States,7236,,0
"Trainer, Martin",France,15634,,0
"Trasamar, Jon",United States,19480,,0
"Travale, Johnny",Canada,29714,,0
"Tree, Toby",England,19357,,0
"Trimble, Blake D.",United States,14274,,0
"Tringale, Cameron",United States,14013,,0
"Triplett, Sam",United States,26750,,0
"Trolio, Cohen",United States,28971,,1
"Trommetter, Hugo Mazen",Morocco,25952,,1
"Trosper, Donnie",United States,27624,,0
"Truslow, Austen",United States,18239,,0
"Tsukada, Yosuke",Japan,14567,,0
"Turner, Ashton",England,22170,,0
"Tuten, Shad",United States,22986,,0
"Tway, Kevin",United States,13127,,0
"Uetake, Yuta",Japan,24058,,0
"Uihlein, Peter",United States,11357,,0
"Ulenaers, Kristof",Belgium,22004,,0
"Ullestad, Trevor",United States,31307,,0
"Uresti, Omar",United States,5183,,0
"Vacarisas, Lucas",Spain,21285,,0
"Vahlenkamp, Timo",Germany,22508,,0
"Vaillant, Tom",France,28157,,0
"Valdes, Brendan",United States,31188,,0
"Valentine, Trey",United States,21328,,0
"Valimaki, Sami",Finland,23816,,0
"Valverde, Enrique",Dominican Republic,19804,,1
"Van As, Merrick",South Africa,27416,,1
"Van Aswegen, Tyrone",South Africa,9913,,0
"Van Buynder, Otto",South Africa,24903,,0
"Van Den Berg, Ulrich",South Africa,6155,,0
"Van Den Bergh, Desne",South Africa,17203,,0
"Van Den Heever, Divan",South Africa,8464,,0
"Van Der Knaap, Andrew",South Africa,23150,,0
"Van Der Merwe, Altin",South Africa,31699,,0
"Van Der Merwe, Bennie",South Africa,11974,,0
"Van Der Merwe, Graham",South Africa,15911,,0
"Van Der Merwe, Janko",South Africa,30526,,1
"Van Der Merwe, Peetie",South Africa,24649,,0
"Van Der Spuy, Rourke",South Africa,18827,,0
"Van Der Vight, Lars",Netherlands,28912,,0
"Van Der Walt, Dawie",South Africa,9883,,0
"Van Der Weele, Kiet",Netherlands,25603,,0
"Van Deventer, Vaughn",South Africa,24905,,0
"Van Dijk, Felix",Netherlands,26883,,1
"Van Doren, Yente",Belgium,19852,,0
"Van Driel, Darius",Netherlands,13374,,0
"Van Horne, Ashton",United States,22207,,0
"Van Meijel, Lars",Netherlands,17858,,0
"Van Niekerk, Danie",South Africa,23151,,0
"Van Paris, Jackson",United States,31955,,0
"Van Pelt, Bo",United States,6457,,0
"Van Rooyen, Erik",South Africa,17550,,0
"Van Tilburg, Nordin",Netherlands,24056,,0
"Van Tonder, Daniel",South Africa,15193,,0
"Van Veen, Vince",Netherlands,18956,,0
"Van Velzen, Ryan",South Africa,27960,,0
"Van West, Robbie",Netherlands,16498,,0
"Van Wyk, Ben",South Africa,32560,,0
"Van Wyk, Keelan",South Africa,23596,,0
"Van Wyk, Kieron",South Africa,27300,,0
"Van Zyl, Jaco",South Africa,7105,,0
"VanArragon, Caleb",United States,31392,,0
"VanDerLaan, John",United States,25319,,0
"Vance, Craig",England,29172,,1
"Vance, Kyle",United States,29924,,0
"Vanegas, David",Colombia,13812,,0
"Varadan, Khavish",Malaysia,19468,,1
"Varner III, Harold",United States,16602,,0
"Vazquez, Sebastian",Mexico,15487,,0
"Vecchi Fossa, Jacopo",Italy,17362,,0
"Veerman, Johannes",United States,20522,,0
"Vegas, Jhonattan",Venezuela,13508,,0
"Velo, Kevin",United States,27762,,0
"Venezio, Daniel",United States,20462,,0
"Venter, Albert",South Africa,21202,,0
"Ventura, Kris",Norway,15651,,0
"Verdonk, Aydan",Netherlands,25130,,0
"Vermeer, Ryan",United States,7326,,0
"Vernon, Carr",United States,25005,,0
"Verster, Ivan",South Africa,28005,,1
"Vest, Tracy",United States,10023531,,0
"Vick, Matt",United States,28708,,0
"Vick, Travis",United States,29771,,0
"Vida, Sebastian",Slovakia,25216,,0
"Vidal, Quim",Spain,29712,,0
"Vilips, Karl",Australia,24304,,0
"Viljoen, M.J.",South Africa,19537,,0
"Villar, Jorge",Mexico,19106,,0
"Villegas, Camilo",Colombia,9171,,0
"Vincent, Jake",United States,29707,,0
"Vincent, Kieran",Zimbabwe,19538,,0
"Vincent, Scott",Zimbabwe,14559,,0
"Virto, Borja",Spain,17313,,0
"Visacki, Michael",United States,25408,,0
"Visser, Leon",South Africa,24654,,0
"Vogel, T.J.",United States,17280,,0
"Vogt, Matt",United States,33762,,1
"Voke, Nick",New Zealand,24091,,0
"Volk, Dustin",United States,16374,,0
"Von Dellingshausen, Nicolai",Germany,22231,,0
"Vongvanij, Arnond",Thailand,15967,,0
"Vontz, Nate",United States,25324,,0
"Vorster, Leon",South Africa,24835,,0
"Vorster, Martin",South Africa,25829,,0
"Vrzich, Joey",United States,29708,,0
"Vukeya, Evance",South Africa,22013,,0
"Wagner, Alan",Argentina,10871,,0
"Wagner, Johnson",United States,7927,,0
"Wagoner, Blake",United States,28555,,0
"Waite, Mitch",England,25891,,0
"Waite, Osten",United States,27869,,0
"Wakhu, David",South Africa,12893,,0
"Walker, Andrew",United States,28556,,0
"Walker, Brett",United States,28327,,0
"Walker, Danny",United States,25003,,0
"Walker, Euan",Scotland,27147,,0
"Walker, Jimmy",United States,7293,,0
"Walker, Toby",Australia,21130,,0
"Wall, Jack",United States,30690,,1
"Wallace, Matt",England,20706,,0
"Wallin, Adam",Sweden,26970,,0
"Walsh, Sean",United States,23485,,0
"Walsh, Thomas",United States,26531,,0
"Walters, Justin",South Africa,8045,,0
"Wang, Charles",China,21376,,0
"Wang, Jeunghun",Korea - Republic of,15366,,0
"Wang, Wei-Hsuan",Chinese Taipei,19697,,0
"Wangai, C.j",Kenya,17158,,0
"Wannasrichan, Rattanon",Thailand,14953,,0
"Ward, Dalton",United States,20547,,0
"Warian, Ben",United States,32616,,0
"Waring, Paul",England,12426,,0
"Warren, Justin",Australia,18101,,0
"Warren, Marc",Scotland,7567,,0
"Warren, Shawn",United States,14178,,0
"Watanabe Jr, Steve",United States,10340,,0
"Watkins, Matthew",United States,33196,,0
"Watney, Nick",United States,7955,,0
"Watremez, Guillaume",Belgium,12230,,0
"Watson, Bubba",United States,7334,,0
"Watt, Brady",Australia,16845,,0
"Wattel, Romain",France,13165,,0
"Waugh, Clancy",United States,25473,,0
"Wears-Taylor, Stefan",South Africa,24101,,0
"Weaver, Drew",United States,12416,,0
"Weaver, Tyler",England,33761,,1
"Weber, Jordan",United States,32261,,0
"Webster, Brett",Canada,33710,,0
"Webster, Steve",England,5667,,0
"Wedel, Fred",United States,22987,,0
"Weekley, Boo",United States,7403,,0
"Wei-Iun, Chang",Chinese Taipei,19494,,0
"Weiler, Joe",United States,30621,,0
"Weinhandl, Uli",Austria,6533,,0
"Weinhart, Tim",United States,7217,,0
"Weir, Mike",Canada,5513,,0
"Weiss, Alex",United States,26192,,0
"Welch, Alex",United States,32034,,0
"Welch, Patrick",United States,30429,,0
"Weldon, Kyle",United States,25409,,0
"Wells, Jeremy",United States,18772,,0
"Welsh, Kelly",United States,33133,,0
"Wennstam, Alexander",Sweden,19933,,0
"Werbylo, Trevor",United States,28558,,0
"Werenski, Richy",United States,19364,,0
"West, Eric",Bermuda,12106,,1
"West, Rhys",South Africa,10989,,0
"Westmoreland, Kyle",United States,23599,,0
"Westwood, Lee",England,4052,,0
"Wetterich, Daniel",United States,27557,,0
"Weworski, Tyler",United States,17517,,0
"Weyand, Ken",United States,31845,,0
"Whaley, Vince",United States,25908,,0
"Wharton, Ben",Australia,12737,,0
"Wheatcroft, Steve",United States,10292,,0
"Whitby-smith, Daniel",England,22149,,0
"White, Brett",United States,22461,,0
"White, Peyton",United States,24500,,0
"Whiten Jr, Everett",United States,29465,,0
"Whitnell, Dale",England,13821,,0
"Whitney, Tom",United States,20353,,0
"Wi, Charlie",Korea - Republic of,5905,,0
"Wiatr, Chris",United States,23962,,0
"Wicks, David",England,26533,,0
"Widing, Tim",Sweden,21875,,0
"Wiebe, Gunner",United States,14409,,0
"Wiedemeyer, Tim",Germany,29973,,1
"Wiegele, Martin",Austria,7869,,0
"Wiesberger, Bernd",Austria,9531,,0
"Wiis, Sebastian",Denmark,24668,,0
"Wikstrom, Joakim",Sweden,20428,,0
"Wilcox, Willy",United States,14696,,0
"Wilhoit, Peyton",United States,29362,,0
"Wilkes-Krier, Patrick",United States,14001,,0
"Wilkin, Aaron",Australia,17790,,0
"Wilkinson, Brice",United States,30405,,1
"Wilkinson, Tim",New Zealand,7097,,0
"Willett, Danny",England,12920,,0
"Willey, Andrew",England,9315,,0
"Williams, Charlie",Ireland,28676,,0
"Williams, Connor",United States,33278,,1
"Williams, Mark",Zimbabwe,4872,,0
"Williams, Mason",United States,27143,,0
"Williams, Robin",South Africa,24093,,0
"Williams, Wells",United States,32328,,1
"Williams, Zach",United States,31308,,0
"Williamson, Andrew",South Africa,25625,,0
"Williamson, Dale",Australia,19233,,0
"Willman, Ben",England,9313,,0
"Wilshire, Kyle",United States,19774,,0
"Wilsnach, Quintin",South Africa,23152,,0
"Wilson, Andrew",England,25588,,0
"Wilson, Jamie",United States,28353,,0
"Wilson, Mark",United States,4107,,0
"Wilson, Matt",United States,27873,,0
"Wilson, Oliver",England,8300,,0
"Wilson, Peter",Australia,7944,,0
"Windred, Blake",Australia,19234,,0
"Winslow, Joseph",United States,21642,,0
"Winstead, Trey",United States,31251,,0
"Winston, Zander",United States,27627,,0
"Winther, Jeff",Denmark,15680,,0
"Wisdom, Blake",United States,32517,,0
"Wise, Aaron",United States,22051,,0
"Wiseman, Timothy",United States,25085,,0
"Wittmann, Sebastian",Austria,18587,,0
"Wolcott, Hunter",United States,32446,,0
"Wolfe, Jared",United States,18164,,0
"Wolff, Matthew",United States,25919,,0
"Woltering, Scott",Netherlands,31506,,1
"Woltman, Daniel",United States,13288,,0
"Wong, Shuai Ming",Hong Kong,25881,,0
"Wood, Chris",England,12451,,0
"Wood, Christopher",Australia,16012,,0
"Wood, Griffin",United States,29710,,0
"Wood, Hayden",United States,26666,,0
"Wood, JJ",United States,23856,,0
"Wood, Tyler",New Zealand,30745,,0
"Woodland, Gary",United States,12577,,0
"Woods, Tiger",United States,5321,,0
"Woodward, Ryan",Australia,15947,,0
"Wools Cobb, Shae",Australia,18901,,0
"Woolsey, Noah",United States,29711,,0
"Woosnam, Ian",Wales,334,,0
"Worrall, George",Australia,22434,,0
"Worsdall, Connor",England,25174,,0
"Worthington II, Wyatt",United States,22303,,0
"Wright, Basil",South Africa,24583,,0
"Wright, Chase",United States,16807,,0
"Wright, Michael",Australia,6535,,0
"Wright, Zach",United States,21553,,0
"Wrigley, Alex",England,18747,,0
"Wrisdale, Jordan",England,21508,,0
"Wu, Ashun",China,11763,,0
"Wu, Brandon",United States,25213,,0
"Wu, Di",China,25666,,0
"Wu, Dylan",United States,25002,,0
"Wu, Ekpharit",Thailand,23341,,0
"Wu, Hongfu",China,13459,,0
"Wu, Tuxuan",China,14954,,0
"Wykes, Kayle",South Africa,31353,,0
"Wylie, Austin",United States,31909,,0
"Xiao, Bowen",China,18624,,0
"Xiong, Norman",United States,24354,,0
"Xu, Andi",China,33176,,0
"Xue, Han",China,22171,,0
"Yadav, Sandeep",India,27593,,1
"Yamac, Taner",Turkey,23577,,0
"Yang, Alexander",United States,27418,,1
"Yang, Jiho",Korea - Republic of,14419,,0
"Yang, Y.E.",Korea - Republic of,6629,,0
"Yang, Yinong",China,17940,,0
"Yap, Joshua",Singapore,31533,,0
"Yasumori, Kazuki",Japan,28251,,0
"Yates, Greg",United States,19830,,0
"Yates, Lance",United States,33422,,0
"Ye, Jianfeng",China,9765,,0
"Ye, Wo-Cheng",China,17350,,0
"Yellamaraju, Sudarshan",Canada,29925,,0
"Yenidjeian, Aram",Peru,27289,,0
"Yeo, Sung Jin",New Zealand,27495,,0
"Yeung, Motin",Hong Kong,24541,,0
"Yip, Linus",Australia,25867,,0
"Yonezawa, Ren",Japan,25739,,0
"Yongcharoenchai, Suradit",Thailand,18150,,0
"Yoon, Sangpil",Korea - Republic of,22950,,0
"Yoshida, Taiki",Japan,21076,,0
"Yoshihiro, Jonathan",United States,32428,,0
"Young, Cameron",United States,26651,,0
"Young, Carson",United States,23656,,0
"Young, Daniel",Scotland,19908,,0
"Young, Harvey",Australia,30552,,0
"Young, Michael",Ireland,27558,,0
"Younger, Josh",Australia,11828,,0
"Youprayong, Runchanapong",Thailand,23234,,0
"Yu, Fang",China,26245,,0
"Yu, Kevin",Chinese Taipei,17881,,0
"Yu, Sean",Chinese Taipei,19265,,0
"Yu-Jui, Liu",Chinese Taipei,17880,,0
"Yuan, Carl",China,17266,,0
"Yuan, Kevin",Australia,22668,,0
"Yue, Yin Ho",Hong Kong,22841,,0
"Yun, Andrew",United States,15614,,0
"Yun, Sungho",Korea - Republic of,17974,,0
"Zaback, Zach",United States,22988,,0
"Zach, Simon",Czech Republic,15671,,0
"Zachman, Derek",unknown,28692,,0
"Zalatoris, Will",United States,19428,,0
"Zalli, Ilirian",Albania,29290,,0
"Zanotti, Fabrizio",Paraguay,9842,,0
"Zapletal, Matyas",Czech Republic,21855,,0
"Zawaski, Joe",United States,26364,,0
"Zemmer, Aron",Italy,15952,,0
"Zhang, Andy",China,16249,,0
"Zhang, Changlei",China,14337,,0
"Zhang, Huilin",China,17990,,0
"Zhang, Jin",China,14505,,0
"Zhang, Jinshen",China,28299,,0
"Zhang, Lian-Wei",China,3654,,0
"Zhang, Xiaolang",China,30141,,0
"Zhang, Xinjun",China,13026,,0
"Zhang, Yuze",China,32042,,0
"Zhang, Zi-Hong",China,19110,,0
"Zhao, Xingyu",China,28350,,0
"Zheng, Jimmy",New Zealand,26067,,0
"Zheng, Sampson",China,26764,,0
"Zhou, Yanhan",China,29119,,0
"Zhou, Ziqin",China,16722,,1
"Zi, Wang",China,28225,,0
"Zubov, Egor",Israel,33840,,1
"Zuluaga, Daniel",Colombia,16597,,0
"Zunic, Jordan",Australia,15170,,0
"Zuska, Jiri",Czech Republic,21598,,0
